id,ActualTime,WatchTimeStamp,Ax watch,Ay watch,Az watch,Gx watch,Gy watch,Gz watch,Esense TimeStamp,Time in Epochs (ignore),Ax esense,Ay esense,Az esense,Gx esense,Gy esense,Gz esense
1,2025-07-01 17:22:29.719,2025-07-01 17:22:29.435808,-4.944026470184326,-7.943961143493652,-2.097320795059204,-0.09651670604944229,-0.07819075137376785,-0.08674286305904388,2025-07-01 17:22:29.454,1751370749454,-7721,-3693,445,-66,55,102
2,2025-07-01 17:22:29.919,2025-07-01 17:22:29.630796,-4.9799394607543945,-8.310274124145508,-2.741360902786255,-0.16249015927314758,-0.012217304669320583,0.02321287989616394,2025-07-01 17:22:29.617,1751370749617,-7719,-3665,441,-67,-124,43
3,2025-07-01 17:22:30.031,2025-07-01 17:22:29.732045,-5.214571475982666,-8.20732307434082,-2.341529369354248,0.2028072625398636,0.06108652427792549,0.0403171069920063,2025-07-01 17:22:29.716,1751370749716,-7741,-3467,477,111,-262,3
4,2025-07-01 17:22:30.132,2025-07-01 17:22:29.833198,-5.080495834350586,-8.288725852966309,-2.583343744277954,-0.0659734457731247,0.01466076634824276,0.03787364438176155,2025-07-01 17:22:29.812,1751370749812,-7689,-3460,786,-119,0,70
5,2025-07-01 17:22:30.220,2025-07-01 17:22:29.933551,-5.178658485412598,-7.872135162353516,-2.4444799423217773,0.11239920556545258,0.01710422709584236,-0.00366519158706069,2025-07-01 17:22:29.902,1751370749902,-7716,-3468,797,-60,114,37
6,2025-07-01 17:22:30.319,2025-07-01 17:22:30.032422,-5.066130638122559,-8.018181800842285,-2.5115175247192383,0.021991148591041565,0.00366519158706069,-0.03787364438176155,2025-07-01 17:22:30.003,1751370750003,-7693,-3711,819,-61,-120,32
7,2025-07-01 17:22:30.419,2025-07-01 17:22:30.132136,-5.039794445037842,-7.8314337730407715,-2.5929205417633057,0.02076941914856434,0.009773843921720982,-0.00366519158706069,2025-07-01 17:22:30.158,1751370750158,-7721,-3704,831,77,91,77
8,2025-07-01 17:22:30.521,2025-07-01 17:22:30.232227,-4.869806289672852,-8.245630264282227,-2.535459518432617,-0.05619960278272629,-0.028099801391363144,0.02076941914856434,2025-07-01 17:22:30.263,1751370750263,-7712,-3488,664,7,-181,28
9,2025-07-01 17:22:30.625,2025-07-01 17:22:30.332227,-5.135562419891357,-8.322244644165039,-2.5953147411346436,0.18814650177955627,0.0403171069920063,0.00366519158706069,2025-07-01 17:22:30.351,1751370750351,-7707,-3467,701,50,-531,-207
10,2025-07-01 17:22:30.827,2025-07-01 17:22:30.432265,-5.0900726318359375,-8.40843677520752,-2.513911724090576,0.2223549485206604,-0.039095375686883926,-0.0354301854968071,2025-07-01 17:22:30.428,1751370750428,-7416,-3530,753,89,-144,-531
11,2025-07-01 17:22:30.928,2025-07-01 17:22:30.631483,-5.020640850067139,-8.372523307800293,-2.2840683460235596,0.1111774742603302,-0.0024434609804302454,0.006108652334660292,2025-07-01 17:22:30.622,1751370750622,-7395,-3544,760,94,354,26
12,2025-07-01 17:22:31.034,2025-07-01 17:22:30.732546,-5.161899089813232,-8.11634349822998,-1.9823989868164062,0.01466076634824276,0.03298672288656235,0.028099801391363144,2025-07-01 17:22:30.706,1751370750706,-7414,-3539,729,-112,-59,-104
13,2025-07-01 17:22:31.124,2025-07-01 17:22:30.832817,-5.161899089813232,-8.11634349822998,-1.9823989868164062,0.01466076634824276,0.03298672288656235,0.028099801391363144,2025-07-01 17:22:30.796,1751370750796,-7684,-3524,716,80,321,78
14,2025-07-01 17:22:31.224,2025-07-01 17:22:30.933082,-5.097255229949951,-8.389283180236816,-2.0398597717285156,-0.11362093687057495,0.015882495790719986,0.030543262138962746,2025-07-01 17:22:30.894,1751370750894,-7681,-3505,695,0,309,119
15,2025-07-01 17:22:31.331,2025-07-01 17:22:31.032633,-4.888959884643555,-7.9415669441223145,-2.2170307636260986,-0.07452555745840073,0.05742133408784866,0.0024434609804302454,2025-07-01 17:22:31.004,1751370751004,-7410,-3550,662,38,318,-261
16,2025-07-01 17:22:31.420,2025-07-01 17:22:31.130984,-5.169081687927246,-8.051700592041016,-2.3319525718688965,-0.07452555745840073,0.05742133408784866,0.0024434609804302454,2025-07-01 17:22:31.156,1751370751156,-7394,-3544,873,20,76,-99
17,2025-07-01 17:22:31.538,2025-07-01 17:22:31.130984,-5.169081687927246,-8.051700592041016,-2.3319525718688965,-0.07452555745840073,0.05742133408784866,0.0024434609804302454,2025-07-01 17:22:31.156,1751370751156,-7394,-3544,873,20,76,-99
18,2025-07-01 17:22:31.723,2025-07-01 17:22:31.332003,-4.726154327392578,-7.881711959838867,-1.845929503440857,-0.07208210229873657,0.04642575979232788,-0.05253441259264946,2025-07-01 17:22:31.337,1751370751337,-7699,-3495,866,115,-12,-117
19,2025-07-01 17:22:32.320,2025-07-01 17:22:32.033725,-5.027823448181152,-8.324639320373535,-1.941697597503662,0.04886921867728233,0.009773843921720982,-0.00855211354792118,2025-07-01 17:22:32.047,1751370752047,-7721,-3632,885,125,107,29
20,2025-07-01 17:22:32.422,2025-07-01 17:22:32.133484,-5.027823448181152,-8.324639320373535,-1.941697597503662,0.04886921867728233,0.009773843921720982,-0.00855211354792118,2025-07-01 17:22:32.144,1751370752144,-7762,-3627,867,47,-123,112
21,2025-07-01 17:22:32.526,2025-07-01 17:22:32.232172,-5.04218864440918,-8.446743965148926,-1.922544002532959,-0.019547687843441963,-0.05864306539297104,0.01466076634824276,2025-07-01 17:22:32.241,1751370752241,-7759,-3647,892,-295,37,106
22,2025-07-01 17:22:32.719,2025-07-01 17:22:32.431972,-4.742913722991943,-8.300697326660156,-1.867477297782898,0.11362093687057495,0.00366519158706069,-0.042760565876960754,2025-07-01 17:22:32.422,1751370752422,-7762,-3603,648,51,-47,-4
23,2025-07-01 17:22:32.820,2025-07-01 17:22:32.536587,-5.25527286529541,-8.398859977722168,-2.118868589401245,0.1563815027475357,0.039095375686883926,0.009773843921720982,2025-07-01 17:22:32.505,1751370752505,-7790,-3255,861,27,-33,366
24,2025-07-01 17:22:32.926,2025-07-01 17:22:32.632224,-5.027823448181152,-8.793902397155762,-2.2146365642547607,-0.10384709388017654,0.028099801391363144,0.028099801391363144,2025-07-01 17:22:32.605,1751370752605,-7562,-3241,843,-288,-44,372
25,2025-07-01 17:22:33.021,2025-07-01 17:22:32.731582,-4.991910457611084,-8.418013572692871,-2.0183119773864746,-0.045204028487205505,-0.05619960278272629,0.013439035043120384,2025-07-01 17:22:32.702,1751370752702,-7563,-3226,810,49,-69,-114
26,2025-07-01 17:22:33.219,2025-07-01 17:22:32.930385,-5.116408824920654,-8.47547435760498,-2.142810583114624,0.03176499158143997,0.0,0.01710422709584236,2025-07-01 17:22:32.895,1751370752895,-7577,-3206,807,-279,80,21
27,2025-07-01 17:22:33.319,2025-07-01 17:22:33.031485,-4.999093055725098,-8.480262756347656,-2.2385785579681396,0.18325957655906677,-0.1014036312699318,-0.045204028487205505,2025-07-01 17:22:33.070,1751370753070,-7562,-3299,838,-77,89,-821
28,2025-07-01 17:22:33.519,2025-07-01 17:22:33.231875,-5.276820659637451,-8.13789176940918,-2.205059766769409,-0.0012217304902151227,0.14905111491680145,0.02687807008624077,2025-07-01 17:22:33.219,1751370753219,-7713,-3681,646,-77,29,-271
29,2025-07-01 17:22:33.620,2025-07-01 17:22:33.331735,-5.0014872550964355,-8.216899871826172,-2.1092917919158936,0.12461651116609573,-0.018325956538319588,0.009773843921720982,2025-07-01 17:22:33.316,1751370753316,-7701,-3618,656,115,19,-259
30,2025-07-01 17:22:33.919,2025-07-01 17:22:33.636621,-5.0014872550964355,-8.267178535461426,-2.0805611610412598,0.18325957655906677,0.10873401165008545,-0.0757472887635231,2025-07-01 17:22:33.614,1751370753614,-7725,-3681,710,50,28,73
31,2025-07-01 17:22:34.020,2025-07-01 17:22:33.729684,-5.2265424728393555,-8.525752067565918,-2.6024973392486572,-0.22357667982578278,-0.10506882518529892,0.10995574295520782,2025-07-01 17:22:33.764,1751370753764,-7397,-3336,965,-133,-679,628
32,2025-07-01 17:22:34.219,2025-07-01 17:22:33.931454,-4.786009311676025,-8.762778282165527,-2.0853497982025146,-0.14294247329235077,-0.2431243658065796,0.07696902006864548,2025-07-01 17:22:33.942,1751370753942,-7728,-3605,1571,-5427,83,3435
33,2025-07-01 17:22:34.419,2025-07-01 17:22:34.130689,-5.219359874725342,-7.924807548522949,-1.8626888990402222,0.16982053220272064,0.12828169763088226,-0.06963863968849182,2025-07-01 17:22:34.135,1751370754135,-8203,-2230,361,-1129,1361,2011
34,2025-07-01 17:22:34.619,2025-07-01 17:22:34.331599,-5.140350818634033,-8.391676902770996,-2.166752576828003,-0.12217304855585098,-0.028099801391363144,0.05009094998240471,2025-07-01 17:22:34.312,1751370754312,-8384,-1539,-293,-394,-31,609
35,2025-07-01 17:22:34.719,2025-07-01 17:22:34.430821,-4.819528102874756,-8.542511940002441,-1.922544002532959,0.0024434609804302454,-0.03787364438176155,0.0012217304902151227,2025-07-01 17:22:34.396,1751370754396,-8343,-1638,64,-77,-416,-113
36,2025-07-01 17:22:35.030,2025-07-01 17:22:34.731639,-5.078101634979248,-8.166622161865234,-1.9704279899597168,0.05742133408784866,0.03298672288656235,0.0708603709936142,2025-07-01 17:22:34.751,1751370754751,-8118,-1425,-121,786,-270,-828
37,2025-07-01 17:22:35.128,2025-07-01 17:22:34.831134,-5.032611846923828,-8.324639320373535,-1.6879122257232666,-0.03298672288656235,0.00366519158706069,0.0757472887635231,2025-07-01 17:22:34.871,1751370754871,-8282,-2160,125,1118,-560,-1401
38,2025-07-01 17:22:35.430,2025-07-01 17:22:35.130689,-5.461174011230469,-9.100360870361328,-2.123656988143921,-0.3591887652873993,0.09896016865968704,0.11972958594560623,2025-07-01 17:22:35.116,1751370755116,-8196,-2406,849,2605,-380,-1179
39,2025-07-01 17:22:35.526,2025-07-01 17:22:35.230753,-4.838681697845459,-8.561665534973145,-1.3551181554794312,0.16004669666290283,-0.15760323405265808,-0.013439035043120384,2025-07-01 17:22:35.210,1751370755210,-7974,-2916,1012,918,-377,-1231
40,2025-07-01 17:22:35.619,2025-07-01 17:22:35.331171,-5.0014872550964355,-8.135497093200684,-1.5083470344543457,0.1270599663257599,-0.03176499158143997,-0.1014036312699318,2025-07-01 17:22:35.294,1751370755294,-7967,-2750,1302,1116,-143,-1561
41,2025-07-01 17:22:35.727,2025-07-01 17:22:35.431768,-5.307945251464844,-8.592789649963379,-1.8722656965255737,-0.042760565876960754,0.0806342139840126,0.07452555745840073,2025-07-01 17:22:35.412,1751370755412,-7357,-3274,1286,-78,14,-981
42,2025-07-01 17:22:35.820,2025-07-01 17:22:35.539636,-5.197812080383301,-8.396465301513672,-1.6136919260025024,-0.1612684279680252,-0.009773843921720982,0.04764748737215996,2025-07-01 17:22:35.563,1751370755563,-7391,-3301,958,-4,252,-325
43,2025-07-01 17:22:36.031,2025-07-01 17:22:35.735726,-5.420472621917725,-8.501810073852539,-1.6065093278884888,-0.04886921867728233,0.08185594528913498,0.02321287989616394,2025-07-01 17:22:35.752,1751370755752,-7768,-3468,961,-262,63,-271
44,2025-07-01 17:22:36.223,2025-07-01 17:22:35.931664,-5.123591423034668,-8.760383605957031,-1.6950948238372803,0.0,-0.04886921867728233,-0.006108652334660292,2025-07-01 17:22:35.939,1751370755939,-7699,-3476,962,-284,-94,127
45,2025-07-01 17:22:36.322,2025-07-01 17:22:36.030794,-5.188235282897949,-8.305485725402832,-1.556231141090393,0.021991148591041565,-0.0012217304902151227,-0.04153883829712868,2025-07-01 17:22:36.008,1751370756008,-7766,-3613,1150,26,-56,304
46,2025-07-01 17:22:36.421,2025-07-01 17:22:36.131370,-4.843470096588135,-8.362946510314941,-1.436521053314209,0.021991148591041565,-0.009773843921720982,-0.07330382615327835,2025-07-01 17:22:36.110,1751370756110,-7744,-3614,994,586,-152,-134
47,2025-07-01 17:22:36.519,2025-07-01 17:22:36.233487,-5.262455463409424,-8.738836288452148,-1.3670891523361206,-0.21991148591041565,0.0757472887635231,0.00366519158706069,2025-07-01 17:22:36.194,1751370756194,-7381,-3279,1007,525,-351,-229
48,2025-07-01 17:22:36.619,2025-07-01 17:22:36.334142,-5.1331682205200195,-8.38688850402832,-1.558625340461731,-0.01466076634824276,-0.05375614017248154,0.03787364438176155,2025-07-01 17:22:36.296,1751370756296,-7424,-3642,1020,-343,298,-77
49,2025-07-01 17:22:36.819,2025-07-01 17:22:36.535059,-5.240907669067383,-8.08043098449707,-1.6687586307525635,0.02687807008624077,-0.01466076634824276,0.013439035043120384,2025-07-01 17:22:36.558,1751370756558,-7726,-3287,953,-340,452,170
50,2025-07-01 17:22:36.920,2025-07-01 17:22:36.630010,-5.240907669067383,-8.08043098449707,-1.6687586307525635,0.02687807008624077,-0.01466076634824276,0.013439035043120384,2025-07-01 17:22:36.661,1751370756661,-7596,-3210,1124,-362,389,363
51,2025-07-01 17:22:37.130,2025-07-01 17:22:36.834344,-5.1810526847839355,-8.283937454223633,-1.6663644313812256,-0.02321287989616394,0.0708603709936142,-0.02687807008624077,2025-07-01 17:22:36.819,1751370756819,-7630,-3375,662,-238,236,220
52,2025-07-01 17:22:37.223,2025-07-01 17:22:36.929745,-5.1810526847839355,-8.283937454223633,-1.6663644313812256,-0.02321287989616394,0.0708603709936142,-0.02687807008624077,2025-07-01 17:22:36.919,1751370756919,-7751,-3067,704,187,-231,-246
53,2025-07-01 17:22:37.421,2025-07-01 17:22:37.130260,-5.104437828063965,-8.611943244934082,-1.7836803197860718,0.06719517707824707,-0.0806342139840126,-0.02321287989616394,2025-07-01 17:22:37.107,1751370757107,-7590,-3448,674,-158,-82,117
54,2025-07-01 17:22:37.619,2025-07-01 17:22:37.330276,-5.0900726318359375,-8.451532363891602,-1.7357962131500244,-0.009773843921720982,0.024434609338641167,0.0659734457731247,2025-07-01 17:22:37.362,1751370757362,-7640,-2968,786,-607,243,441
55,2025-07-01 17:22:37.721,2025-07-01 17:22:37.439312,-5.214571475982666,-8.434772491455078,-1.6400281190872192,-0.0403171069920063,0.015882495790719986,-0.04886921867728233,2025-07-01 17:22:37.476,1751370757476,-7858,-2803,585,-597,506,470
56,2025-07-01 17:22:38.120,2025-07-01 17:22:37.830359,-5.128379821777344,-8.731653213500977,-1.2689268589019775,-0.19425514340400696,0.025656340643763542,0.00733038317412138,2025-07-01 17:22:37.818,1751370757818,-8020,-2716,218,-264,-67,98
57,2025-07-01 17:22:38.323,2025-07-01 17:22:38.030254,-5.094861030578613,-8.336610794067383,-1.5275006294250488,0.06841690838336945,-0.009773843921720982,-0.00733038317412138,2025-07-01 17:22:38.013,1751370758013,-8049,-2699,175,73,87,-554
58,2025-07-01 17:22:38.520,2025-07-01 17:22:38.230169,-5.061342239379883,-8.197746276855469,-1.5514427423477173,-0.09040805697441101,0.04886921867728233,0.02321287989616394,2025-07-01 17:22:38.201,1751370758201,-7976,-2956,570,-256,-983,-317
59,2025-07-01 17:22:38.719,2025-07-01 17:22:38.430015,-5.049371242523193,-8.47786808013916,-1.6328455209732056,0.04642575979232788,0.01466076634824276,-0.01710422709584236,2025-07-01 17:22:38.465,1751370758465,-7652,-3154,642,271,60,23
60,2025-07-01 17:22:38.923,2025-07-01 17:22:38.630240,-5.147533416748047,-8.291120529174805,-1.5897499322891235,0.06230825558304787,-0.00733038317412138,0.030543262138962746,2025-07-01 17:22:38.617,1751370758617,-7968,-3128,851,92,297,-92
61,2025-07-01 17:22:39.019,2025-07-01 17:22:38.730169,-5.015852451324463,-8.269572257995605,-1.5729905366897583,0.13805554807186127,-0.03298672288656235,-0.02076941914856434,2025-07-01 17:22:38.717,1751370758717,-7947,-2946,850,-98,106,-363
62,2025-07-01 17:22:39.219,2025-07-01 17:22:38.930504,-5.094861030578613,-8.020575523376465,-1.8100165128707886,0.10751228034496307,0.05253441259264946,0.06352998316287994,2025-07-01 17:22:38.922,1751370758922,-7658,-2987,854,78,-46,-263
63,2025-07-01 17:22:39.321,2025-07-01 17:22:39.029658,-5.099649429321289,-8.501810073852539,-1.644816517829895,0.00855211354792118,0.02687807008624077,-0.012217304669320583,2025-07-01 17:22:39.009,1751370759009,-7654,-2992,791,21,-57,-261
64,2025-07-01 17:22:39.419,2025-07-01 17:22:39.130198,-4.6734819412231445,-8.346187591552734,-1.7812861204147339,0.32131510972976685,-0.07696902006864548,-0.00855211354792118,2025-07-01 17:22:39.155,1751370759155,-7625,-3051,833,-287,85,8
65,2025-07-01 17:22:39.619,2025-07-01 17:22:39.330147,-5.22175407409668,-8.458714485168457,-1.7286136150360107,-0.08674286305904388,0.00733038317412138,0.03787364438176155,2025-07-01 17:22:39.355,1751370759355,-7663,-2986,810,61,-94,102
66,2025-07-01 17:22:39.819,2025-07-01 17:22:39.530300,-5.212177276611328,-8.04930591583252,-1.7836803197860718,-0.03176499158143997,0.02321287989616394,0.013439035043120384,2025-07-01 17:22:39.529,1751370759529,-7663,-2997,812,54,-107,79
67,2025-07-01 17:22:39.921,2025-07-01 17:22:39.630654,-5.22175407409668,-8.17380428314209,-1.9249382019042969,0.09285151958465576,0.0354301854968071,0.010995574295520782,2025-07-01 17:22:39.612,1751370759612,-7653,-3009,829,91,-117,40
68,2025-07-01 17:22:40.027,2025-07-01 17:22:39.729549,-5.17626428604126,-8.305485725402832,-1.965639591217041,0.11972958594560623,-0.0024434609804302454,0.013439035043120384,2025-07-01 17:22:39.714,1751370759714,-7610,-3047,831,20,105,-280
69,2025-07-01 17:22:40.120,2025-07-01 17:22:39.830235,-5.149928092956543,-8.180987358093262,-1.8818424940109253,0.04642575979232788,-0.018325956538319588,-0.04398229718208313,2025-07-01 17:22:39.797,1751370759797,-7628,-3028,794,60,-95,98
70,2025-07-01 17:22:40.525,2025-07-01 17:22:40.232263,-5.190629482269287,-8.26478385925293,-1.7932571172714233,-0.018325956538319588,0.0012217304902151227,0.01710422709584236,2025-07-01 17:22:40.264,1751370760264,-7670,-2956,783,101,-95,89
71,2025-07-01 17:22:40.731,2025-07-01 17:22:40.430447,-5.30076265335083,-8.525752067565918,-1.8818424940109253,0.024434609338641167,-0.036651913076639175,0.0403171069920063,2025-07-01 17:22:40.428,1751370760428,-7672,-3187,782,28,-34,-53
72,2025-07-01 17:22:40.923,2025-07-01 17:22:40.631139,-5.3582234382629395,-8.221688270568848,-1.5059528350830078,0.05742133408784866,-0.04153883829712868,0.042760565876960754,2025-07-01 17:22:40.609,1751370760609,-7966,-3099,489,50,82,110
73,2025-07-01 17:22:41.023,2025-07-01 17:22:40.730942,-5.262455463409424,-8.271966934204102,-1.3862427473068237,0.03298672288656235,-0.021991148591041565,-0.021991148591041565,2025-07-01 17:22:40.698,1751370760698,-7950,-3132,772,49,108,45
74,2025-07-01 17:22:41.125,2025-07-01 17:22:40.831140,-5.202600479125977,-8.166622161865234,-1.1109095811843872,0.0659734457731247,0.015882495790719986,-0.0403171069920063,2025-07-01 17:22:40.794,1751370760794,-7950,-3111,771,81,-102,70
75,2025-07-01 17:22:41.225,2025-07-01 17:22:40.930282,-5.556941986083984,-8.303091049194336,-1.1324573755264282,-0.028099801391363144,0.030543262138962746,0.04398229718208313,2025-07-01 17:22:40.899,1751370760899,-7954,-3125,771,-258,110,40
76,2025-07-01 17:22:41.719,2025-07-01 17:22:41.430194,-5.116408824920654,-8.415618896484375,-1.2856862545013428,0.004886921960860491,-0.004886921960860491,-0.012217304669320583,2025-07-01 17:22:41.414,1751370761414,-7982,-3076,504,30,-104,-32
77,2025-07-01 17:22:41.826,2025-07-01 17:22:41.530851,-5.1116204261779785,-8.324639320373535,-1.039083480834961,-0.04398229718208313,-0.012217304669320583,-0.019547687843441963,2025-07-01 17:22:41.511,1751370761511,-8006,-2789,501,123,-72,-100
78,2025-07-01 17:22:41.920,2025-07-01 17:22:41.630864,-5.152322292327881,-8.015787124633789,-1.3407529592514038,0.025656340643763542,-0.019547687843441963,0.03420845419168472,2025-07-01 17:22:41.619,1751370761619,-8030,-2716,494,-258,-71,-87
79,2025-07-01 17:22:42.020,2025-07-01 17:22:41.730309,-5.372588634490967,-8.362946510314941,-1.3646949529647827,-0.00855211354792118,-0.013439035043120384,-0.039095375686883926,2025-07-01 17:22:41.694,1751370761694,-8024,-2712,459,-282,-6,-101
80,2025-07-01 17:22:42.120,2025-07-01 17:22:41.830550,-5.307945251464844,-8.346187591552734,-1.2282254695892334,0.05742133408784866,-0.02932153269648552,-0.03787364438176155,2025-07-01 17:22:41.808,1751370761808,-8033,-2695,432,41,-53,57
81,2025-07-01 17:22:42.223,2025-07-01 17:22:41.930421,-5.097255229949951,-8.169015884399414,-1.2306196689605713,0.07208210229873657,0.012217304669320583,-0.04764748737215996,2025-07-01 17:22:41.951,1751370761951,-8027,-2756,409,49,-83,16
82,2025-07-01 17:22:42.323,2025-07-01 17:22:42.031451,-5.245696067810059,-8.537723541259766,-1.2330138683319092,-0.1661553531885147,0.02076941914856434,0.015882495790719986,2025-07-01 17:22:42.041,1751370762041,-8017,-2742,408,85,-94,45
83,2025-07-01 17:22:42.422,2025-07-01 17:22:42.131227,-5.197812080383301,-8.456320762634277,-1.3551181554794312,-0.028099801391363144,-0.015882495790719986,-0.018325956538319588,2025-07-01 17:22:42.143,1751370762143,-8001,-2743,395,20,-109,46
84,2025-07-01 17:22:42.821,2025-07-01 17:22:42.531105,-5.353435039520264,-8.547300338745117,-1.479616641998291,-0.00366519158706069,0.07696902006864548,0.059864792972803116,2025-07-01 17:22:42.509,1751370762509,-8027,-2936,610,93,-80,-98
85,2025-07-01 17:22:43.019,2025-07-01 17:22:42.731072,-5.363011837005615,-8.14028549194336,-1.5394717454910278,-0.07941248267889023,0.04764748737215996,-0.030543262138962746,2025-07-01 17:22:42.698,1751370762698,-8049,-2920,607,67,-56,-56
86,2025-07-01 17:22:43.134,2025-07-01 17:22:42.731072,-5.363011837005615,-8.14028549194336,-1.5394717454910278,-0.07941248267889023,0.04764748737215996,-0.030543262138962746,2025-07-01 17:22:42.760,1751370762760,-7810,-2882,593,-92,-19,-105
87,2025-07-01 17:22:43.219,2025-07-01 17:22:42.930348,-5.284003257751465,-8.058882713317871,-1.5466543436050415,0.08674286305904388,0.039095375686883926,0.04398229718208313,2025-07-01 17:22:42.938,1751370762938,-8039,-2895,617,13,86,84
88,2025-07-01 17:22:43.330,2025-07-01 17:22:43.031336,-5.410895824432373,-8.42040729522705,-1.534683346748352,-0.0757472887635231,-0.010995574295520782,-0.05009094998240471,2025-07-01 17:22:43.059,1751370763059,-8064,-2897,615,93,-77,25
89,2025-07-01 17:22:43.419,2025-07-01 17:22:43.130593,-5.054159641265869,-8.111555099487305,-1.381454348564148,0.0708603709936142,-0.06841690838336945,-0.12950342893600464,2025-07-01 17:22:43.137,1751370763137,-8034,-2896,606,67,114,-295
90,2025-07-01 17:22:43.632,2025-07-01 17:22:43.330270,-5.339069843292236,-8.279149055480957,-1.4053963422775269,-0.05009094998240471,-0.006108652334660292,0.013439035043120384,2025-07-01 17:22:43.303,1751370763303,-8045,-2925,618,39,-110,46
91,2025-07-01 17:22:43.725,2025-07-01 17:22:43.430166,-5.224148273468018,-8.300697326660156,-1.4173674583435059,-0.039095375686883926,-0.00366519158706069,0.009773843921720982,2025-07-01 17:22:43.403,1751370763403,-8033,-2691,622,70,-117,-305
92,2025-07-01 17:22:43.822,2025-07-01 17:22:43.530683,-5.236119270324707,-8.51138687133789,-1.3646949529647827,-0.08674286305904388,-0.00733038317412138,-0.04642575979232788,2025-07-01 17:22:43.519,1751370763519,-8032,-2930,597,75,-77,-307
93,2025-07-01 17:22:44.119,2025-07-01 17:22:43.830791,-5.4252610206604,-8.169015884399414,-1.7836803197860718,-0.2590068578720093,0.05864306539297104,0.1062905490398407,2025-07-01 17:22:43.852,1751370763852,-7997,-2778,592,15,115,3
94,2025-07-01 17:22:44.322,2025-07-01 17:22:44.030116,-5.4252610206604,-7.999027729034424,-1.987187385559082,-0.3078760802745819,0.03176499158143997,0.04642575979232788,2025-07-01 17:22:44.020,1751370764020,-7995,-2763,581,73,-127,35
95,2025-07-01 17:22:44.422,2025-07-01 17:22:44.130405,-5.20978307723999,-8.224082946777344,-2.5905263423919678,-0.05009094998240471,0.042760565876960754,-0.018325956538319588,2025-07-01 17:22:44.116,1751370764116,-7993,-2781,574,77,-124,20
96,2025-07-01 17:22:44.519,2025-07-01 17:22:44.230537,-5.389348030090332,-7.931990146636963,-3.00711727142334,-0.2724458873271942,0.02932153269648552,-0.039095375686883926,2025-07-01 17:22:44.211,1751370764211,-7971,-2813,595,-128,54,17
97,2025-07-01 17:22:44.619,2025-07-01 17:22:44.330072,-5.288791656494141,-8.334216117858887,-3.0334534645080566,0.16859880089759827,0.16004669666290283,-0.06475171446800232,2025-07-01 17:22:44.321,1751370764321,-7972,-2814,602,127,82,0
98,2025-07-01 17:22:44.730,2025-07-01 17:22:44.430789,-4.955997467041016,-8.020575523376465,-2.9735984802246094,-0.12950342893600464,0.01710422709584236,0.013439035043120384,2025-07-01 17:22:44.395,1751370764395,-7638,-3175,416,293,-108,-209
99,2025-07-01 17:22:44.820,2025-07-01 17:22:44.530278,-5.080495834350586,-7.826645374298096,-2.7126305103302,-0.09896016865968704,0.02932153269648552,-0.06475171446800232,2025-07-01 17:22:44.564,1751370764564,-8040,-2804,557,145,315,-343
100,2025-07-01 17:22:44.930,2025-07-01 17:22:44.630378,-4.8267107009887695,-8.446743965148926,-3.294421434402466,0.08552113175392151,0.0403171069920063,-0.028099801391363144,2025-07-01 17:22:44.650,1751370764650,-7971,-3124,601,92,42,-282
101,2025-07-01 17:22:45.031,2025-07-01 17:22:44.730334,-5.128379821777344,-8.374917984008789,-3.0789434909820557,0.3237585723400116,-0.13561208546161652,0.07819075137376785,2025-07-01 17:22:44.744,1751370764744,-7652,-2955,635,-258,61,-378
102,2025-07-01 17:22:45.128,2025-07-01 17:22:44.830084,-5.231330871582031,-8.255207061767578,-2.9448680877685547,0.5106833577156067,-0.17104226350784302,0.042760565876960754,2025-07-01 17:22:44.843,1751370764843,-7661,-2950,633,3,87,-369
103,2025-07-01 17:22:45.326,2025-07-01 17:22:45.030121,-5.224148273468018,-8.161833763122559,-2.300827741622925,0.14782938361167908,-0.11239920556545258,-0.02687807008624077,2025-07-01 17:22:45.010,1751370765010,-7652,-3019,633,17,50,-260
104,2025-07-01 17:22:45.429,2025-07-01 17:22:45.130072,-5.070919036865234,-8.157045364379883,-2.2002713680267334,0.3127630054950714,-0.07696902006864548,0.004886921960860491,2025-07-01 17:22:45.116,1751370765116,-7939,-3000,627,-307,-100,-71
105,2025-07-01 17:22:45.533,2025-07-01 17:22:45.231234,-5.197812080383301,-8.238448143005371,-2.1499931812286377,0.37629300355911255,0.004886921960860491,-0.03176499158143997,2025-07-01 17:22:45.196,1751370765196,-7646,-3006,390,36,-115,99
106,2025-07-01 17:22:45.619,2025-07-01 17:22:45.329810,-5.171475887298584,-8.291120529174805,-2.0805611610412598,-0.018325956538319588,-0.010995574295520782,-0.006108652334660292,2025-07-01 17:22:45.297,1751370765297,-7650,-2984,637,75,-44,-96
107,2025-07-01 17:22:45.822,2025-07-01 17:22:45.531517,-5.365406036376953,-8.26239013671875,-1.764526605606079,0.24678955972194672,-0.05864306539297104,-0.039095375686883926,2025-07-01 17:22:45.494,1751370765494,-8005,-2798,535,-355,139,639
108,2025-07-01 17:22:45.921,2025-07-01 17:22:45.531517,-5.365406036376953,-8.26239013671875,-1.764526605606079,0.24678955972194672,-0.05864306539297104,-0.039095375686883926,2025-07-01 17:22:45.551,1751370765551,-7976,-2741,253,-246,170,771
109,2025-07-01 17:22:46.322,2025-07-01 17:22:45.930401,-5.066130638122559,-8.518569946289062,-1.4413094520568848,-0.06230825558304787,-0.02321287989616394,0.00366519158706069,2025-07-01 17:22:45.913,1751370765913,-7822,-2521,383,0,-64,-98
110,2025-07-01 17:22:46.423,2025-07-01 17:22:46.030394,-5.193023681640625,-8.219294548034668,-1.6855180263519287,0.07941248267889023,-0.010995574295520782,-0.03176499158143997,2025-07-01 17:22:45.998,1751370765998,-7843,-2477,346,7,-62,95
111,2025-07-01 17:22:46.521,2025-07-01 17:22:46.230362,-5.035006046295166,-8.281543731689453,-1.1468225717544556,-0.028099801391363144,0.05742133408784866,-0.051312681287527084,2025-07-01 17:22:46.271,1751370766271,-8056,-2902,375,-89,-87,-285
112,2025-07-01 17:22:46.621,2025-07-01 17:22:46.330249,-5.123591423034668,-8.38688850402832,-1.5298948287963867,-0.08796459436416626,0.042760565876960754,-0.006108652334660292,2025-07-01 17:22:46.362,1751370766362,-7835,-2489,335,328,16,-327
113,2025-07-01 17:22:46.724,2025-07-01 17:22:46.430036,-5.03021764755249,-8.528146743774414,-1.482010841369629,-0.18081611394882202,0.018325956538319588,0.03176499158143997,2025-07-01 17:22:46.458,1751370766458,-7834,-2445,376,-113,-357,-300
114,2025-07-01 17:22:46.828,2025-07-01 17:22:46.530322,-4.697423934936523,-8.40843677520752,-1.659181833267212,-0.21624629199504852,0.036651913076639175,0.1466076523065567,2025-07-01 17:22:46.544,1751370766544,-7889,-2931,564,-56,-570,-222
115,2025-07-01 17:22:46.932,2025-07-01 17:22:46.630443,-5.080495834350586,-8.47547435760498,-1.680729627609253,-0.08307767659425735,0.07452555745840073,0.08429940044879913,2025-07-01 17:22:46.642,1751370766642,-8000,-3162,512,1568,-638,-644
116,2025-07-01 17:22:47.122,2025-07-01 17:22:46.830124,-5.343858242034912,-8.5903959274292,-1.946485996246338,0.30054569244384766,-0.03176499158143997,-0.07819075137376785,2025-07-01 17:22:46.812,1751370766812,-7949,-3092,752,1053,-479,-724
117,2025-07-01 17:22:47.219,2025-07-01 17:22:46.929949,-4.81473970413208,-8.111555099487305,-1.4101848602294922,0.22113321721553802,-0.02932153269648552,0.006108652334660292,2025-07-01 17:22:46.906,1751370766906,-7644,-3372,940,595,-730,-946
118,2025-07-01 17:22:47.323,2025-07-01 17:22:47.030496,-5.303156852722168,-8.085219383239746,-1.400607943534851,-0.07208210229873657,0.09896016865968704,0.05009094998240471,2025-07-01 17:22:47.009,1751370767009,-7564,-3239,1172,175,-735,-824
119,2025-07-01 17:22:47.520,2025-07-01 17:22:47.230356,-5.4659624099731445,-8.49941635131836,-1.2832920551300049,-0.22968533635139465,0.04642575979232788,0.2028072625398636,2025-07-01 17:22:47.190,1751370767190,-7711,-3326,1517,-53,-537,70
120,2025-07-01 17:22:47.619,2025-07-01 17:22:47.330692,-5.363011837005615,-8.08043098449707,-1.6328455209732056,-0.05009094998240471,-0.01466076634824276,0.006108652334660292,2025-07-01 17:22:47.361,1751370767361,-7717,-3295,1880,-166,-313,153
121,2025-07-01 17:22:47.922,2025-07-01 17:22:47.630366,-5.252878665924072,-7.687781810760498,-2.889801502227783,-0.8063421249389648,-0.08552113175392151,0.06475171446800232,2025-07-01 17:22:47.618,1751370767618,-7735,-3256,1882,-295,-90,514
122,2025-07-01 17:22:48.019,2025-07-01 17:22:47.730340,-5.382165431976318,-6.730101108551025,-3.337517261505127,-0.5375614166259766,0.09773843735456467,-0.10995574295520782,2025-07-01 17:22:47.719,1751370767719,-7770,-3442,1825,-350,-82,168
123,2025-07-01 17:22:48.120,2025-07-01 17:22:47.830547,-5.7987565994262695,-6.6846113204956055,-5.566518783569336,-0.8723155856132507,0.04642575979232788,-0.23090706765651703,2025-07-01 17:22:47.803,1751370767803,-7789,-3376,1836,-320,77,82
124,2025-07-01 17:22:48.219,2025-07-01 17:22:47.930118,-5.724536418914795,-6.512228488922119,-5.243301868438721,0.7941248416900635,0.11484266817569733,-0.028099801391363144,2025-07-01 17:22:47.907,1751370767907,-7801,-3356,1800,-320,-71,-280
125,2025-07-01 17:22:48.321,2025-07-01 17:22:48.030257,-5.628767967224121,-7.8960771560668945,-3.6583402156829834,1.0409144163131714,-0.0757472887635231,-0.030543262138962746,2025-07-01 17:22:48.011,1751370768011,-7792,-3216,1476,-366,-62,44
126,2025-07-01 17:22:48.420,2025-07-01 17:22:48.130441,-5.149928092956543,-7.594407558441162,-2.540247917175293,1.197295904159546,-0.05619960278272629,-0.11728613078594208,2025-07-01 17:22:48.091,1751370768091,-7806,-3411,1458,65,-125,66
127,2025-07-01 17:22:48.919,2025-07-01 17:22:48.630782,-5.339069843292236,-7.85537576675415,-0.7805097699165344,0.31031954288482666,-0.059864792972803116,0.030543262138962746,2025-07-01 17:22:48.607,1751370768607,-7765,-3227,1498,60,49,-317
128,2025-07-01 17:22:49.119,2025-07-01 17:22:48.830070,-5.341464042663574,-8.106766700744629,-1.0079588890075684,-0.07819075137376785,0.042760565876960754,-0.07208210229873657,2025-07-01 17:22:48.813,1751370768813,-7792,-3408,1499,29,-11,-47
129,2025-07-01 17:22:49.219,2025-07-01 17:22:48.930134,-5.355829238891602,-7.4316020011901855,-1.460463047027588,0.45814892649650574,-0.04398229718208313,-0.042760565876960754,2025-07-01 17:22:48.971,1751370768971,-7807,-3400,1483,-292,-16,-65
130,2025-07-01 17:22:49.320,2025-07-01 17:22:49.030084,-5.602431774139404,-7.924807548522949,-1.4748282432556152,-0.00366519158706069,0.05375614017248154,-0.06841690838336945,2025-07-01 17:22:49.071,1751370769071,-7568,-3070,1415,22,-40,329
131,2025-07-01 17:22:49.419,2025-07-01 17:22:49.130406,-5.418078422546387,-8.10437297821045,-0.7709329724311829,-0.06475171446800232,0.028099801391363144,0.01466076634824276,2025-07-01 17:22:49.154,1751370769154,-7600,-3029,1629,-194,365,129
132,2025-07-01 17:22:49.520,2025-07-01 17:22:49.230512,-5.363011837005615,-8.609549522399902,-1.0630255937576294,-0.0403171069920063,0.019547687843441963,-0.039095375686883926,2025-07-01 17:22:49.238,1751370769238,-7948,-2982,1562,-364,311,-43
133,2025-07-01 17:22:49.720,2025-07-01 17:22:49.430390,-5.293580055236816,-8.449137687683105,-1.1803414821624756,0.22846360504627228,0.039095375686883926,0.07941248267889023,2025-07-01 17:22:49.418,1751370769418,-7678,-2999,1259,26,-113,-132
134,2025-07-01 17:22:49.819,2025-07-01 17:22:49.529629,-5.485116004943848,-8.152256965637207,-0.7829039692878723,0.09529497474431992,0.030543262138962746,0.04153883829712868,2025-07-01 17:22:49.520,1751370769520,-7617,-3003,1249,7,103,-325
135,2025-07-01 17:22:50.019,2025-07-01 17:22:49.730344,-5.4659624099731445,-8.389283180236816,-0.7182605266571045,-0.00366519158706069,-0.02076941914856434,-0.0354301854968071,2025-07-01 17:22:49.713,1751370769713,-7634,-3055,1264,-270,125,41
136,2025-07-01 17:22:50.429,2025-07-01 17:22:50.130239,-5.57370138168335,-8.135497093200684,-0.9074024558067322,0.08429940044879913,0.02932153269648552,-0.03298672288656235,2025-07-01 17:22:50.098,1751370770098,-7595,-3038,1553,-108,97,-256
137,2025-07-01 17:22:50.619,2025-07-01 17:22:50.330464,-5.5329999923706055,-8.030152320861816,-0.5363011956214905,0.09651670604944229,-0.01710422709584236,0.08552113175392151,2025-07-01 17:22:50.316,1751370770316,-7603,-3043,1557,-124,-122,13
138,2025-07-01 17:22:50.725,2025-07-01 17:22:50.430995,-5.353435039520264,-8.097189903259277,-0.7326257228851318,0.06108652427792549,0.013439035043120384,0.004886921960860491,2025-07-01 17:22:50.412,1751370770412,-7633,-3052,1562,17,89,102
139,2025-07-01 17:22:50.924,2025-07-01 17:22:50.630005,-5.475539207458496,-8.169015884399414,-0.646434485912323,0.04398229718208313,0.00733038317412138,-0.00366519158706069,2025-07-01 17:22:50.592,1751370770592,-7604,-3058,1568,31,92,104
140,2025-07-01 17:22:51.124,2025-07-01 17:22:50.830365,-5.451597213745117,-8.10437297821045,-0.8690952062606812,-0.19547687470912933,-0.00855211354792118,-0.028099801391363144,2025-07-01 17:22:50.863,1751370770863,-7647,-2998,1245,-155,299,355
141,2025-07-01 17:22:51.223,2025-07-01 17:22:50.930047,-5.774814605712891,-8.149862289428711,-1.357512354850769,0.10018189996480942,-0.05742133408784866,-0.04398229718208313,2025-07-01 17:22:50.956,1751370770956,-7640,-2948,1160,83,278,22
142,2025-07-01 17:22:51.337,2025-07-01 17:22:51.030356,-5.202600479125977,-7.85537576675415,-0.9361328482627869,0.02076941914856434,-0.015882495790719986,0.019547687843441963,2025-07-01 17:22:51.069,1751370771069,-7942,-3179,1406,-315,-62,107
143,2025-07-01 17:22:51.426,2025-07-01 17:22:51.130490,-5.494692802429199,-8.446743965148926,-0.6631938815116882,-0.05864306539297104,-0.02076941914856434,-0.07208210229873657,2025-07-01 17:22:51.132,1751370771132,-7668,-2953,1165,-337,-90,116
144,2025-07-01 17:22:51.531,2025-07-01 17:22:51.230432,-5.56173038482666,-8.628703117370605,-0.507570743560791,-0.06841690838336945,-0.013439035043120384,0.039095375686883926,2025-07-01 17:22:51.230,1751370771230,-7645,-2971,1401,46,-81,54
145,2025-07-01 17:22:51.822,2025-07-01 17:22:51.529505,-5.4013190269470215,-8.04930591583252,-0.9528923034667969,0.0012217304902151227,0.004886921960860491,0.0403171069920063,2025-07-01 17:22:51.491,1751370771491,-7944,-3195,1341,-279,-88,56
146,2025-07-01 17:22:51.919,2025-07-01 17:22:51.630059,-5.348646640777588,-7.587224960327148,-1.4628572463989258,-0.7110471725463867,0.06719517707824707,-0.009773843921720982,2025-07-01 17:22:51.591,1751370771591,-7664,-3159,1317,-310,82,77
147,2025-07-01 17:22:52.319,2025-07-01 17:22:51.931078,-5.456385612487793,-7.762001991271973,-2.3127987384796143,0.14782938361167908,-0.05619960278272629,-0.02076941914856434,2025-07-01 17:22:51.950,1751370771950,-7663,-2991,1375,17,-111,33
148,2025-07-01 17:22:52.422,2025-07-01 17:22:52.130312,-5.506663799285889,-8.83939266204834,-1.2330138683319092,-0.2577851414680481,-0.01710422709584236,-0.03787364438176155,2025-07-01 17:22:52.126,1751370772126,-7631,-2980,1153,65,-107,78
149,2025-07-01 17:22:52.520,2025-07-01 17:22:52.329297,-5.353435039520264,-8.78432559967041,-1.745373010635376,-0.3445279896259308,0.05009094998240471,-0.010995574295520782,2025-07-01 17:22:52.316,1751370772316,-7664,-2946,1338,38,-127,92
150,2025-07-01 17:22:52.720,2025-07-01 17:22:52.430458,-5.6455278396606445,-7.8098859786987305,-1.742978811264038,-0.21013765037059784,0.09040805697441101,0.06108652427792549,2025-07-01 17:22:52.409,1751370772409,-7674,-3181,1315,-278,-71,37
151,2025-07-01 17:22:53.020,2025-07-01 17:22:52.729350,-5.413290023803711,-7.7428483963012695,-1.965639591217041,-0.2675589919090271,0.02321287989616394,-0.08796459436416626,2025-07-01 17:22:52.756,1751370772756,-7956,-2952,999,76,115,42
152,2025-07-01 17:22:53.119,2025-07-01 17:22:52.829856,-5.389348030090332,-8.178592681884766,-1.9991583824157715,0.019547687843441963,-0.006108652334660292,-0.012217304669320583,2025-07-01 17:22:52.846,1751370772846,-7655,-2979,1301,113,-258,-309
153,2025-07-01 17:22:53.321,2025-07-01 17:22:53.030609,-5.2696380615234375,-8.032546997070312,-1.9919757843017578,0.04153883829712868,-0.004886921960860491,-0.036651913076639175,2025-07-01 17:22:53.022,1751370773022,-7614,-3014,1365,94,-126,35
154,2025-07-01 17:22:53.419,2025-07-01 17:22:53.030609,-5.2696380615234375,-8.032546997070312,-1.9919757843017578,0.04153883829712868,-0.004886921960860491,-0.036651913076639175,2025-07-01 17:22:53.022,1751370773022,-7614,-3014,1365,94,-126,35
155,2025-07-01 17:22:53.519,2025-07-01 17:22:53.030609,-5.2696380615234375,-8.032546997070312,-1.9919757843017578,0.04153883829712868,-0.004886921960860491,-0.036651913076639175,2025-07-01 17:22:53.022,1751370773022,-7614,-3014,1365,94,-126,35
156,2025-07-01 17:22:53.719,2025-07-01 17:22:53.430534,-5.365406036376953,-8.13789176940918,-2.0398597717285156,0.0,-0.015882495790719986,-0.009773843921720982,2025-07-01 17:22:53.414,1751370773414,-7618,-3023,1152,-115,109,12
157,2025-07-01 17:22:53.819,2025-07-01 17:22:53.530146,-5.274426460266113,-8.123526573181152,-2.1140801906585693,0.04764748737215996,-0.02687807008624077,0.00733038317412138,2025-07-01 17:22:53.564,1751370773564,-7610,-3044,1362,-207,97,-263
158,2025-07-01 17:22:53.922,2025-07-01 17:22:53.629593,-5.396530628204346,-8.027758598327637,-1.9129672050476074,0.21135938167572021,-0.08674286305904388,-0.012217304669320583,2025-07-01 17:22:53.669,1751370773669,-7623,-3064,1321,14,111,89
159,2025-07-01 17:22:54.019,2025-07-01 17:22:53.729973,-5.305551052093506,-8.370129585266113,-1.6496049165725708,0.07819075137376785,-0.051312681287527084,-0.05009094998240471,2025-07-01 17:22:53.752,1751370773752,-7622,-3054,1331,76,-107,76
160,2025-07-01 17:22:54.130,2025-07-01 17:22:53.830347,-4.927267074584961,-8.35097599029541,-1.623268723487854,0.08918632566928864,-0.006108652334660292,0.08918632566928864,2025-07-01 17:22:53.856,1751370773856,-7615,-3006,1309,45,-102,-64
161,2025-07-01 17:22:54.319,2025-07-01 17:22:54.030552,-5.25527286529541,-8.33182144165039,-1.5490485429763794,-0.08796459436416626,-0.01710422709584236,0.00366519158706069,2025-07-01 17:22:54.004,1751370774004,-7627,-3043,1301,5,-48,-35
162,2025-07-01 17:22:54.419,2025-07-01 17:22:54.130560,-5.195417881011963,-8.157045364379883,-1.659181833267212,-0.013439035043120384,0.04886921867728233,0.02687807008624077,2025-07-01 17:22:54.129,1751370774129,-7633,-3011,1296,41,-85,-113
163,2025-07-01 17:22:54.519,2025-07-01 17:22:54.230420,-5.157110691070557,-8.26239013671875,-1.7046716213226318,0.06963863968849182,-0.045204028487205505,-0.02932153269648552,2025-07-01 17:22:54.199,1751370774199,-7640,-3007,1316,52,-100,-104
164,2025-07-01 17:22:54.629,2025-07-01 17:22:54.330492,-5.3797712326049805,-8.101978302001953,-1.7549498081207275,0.03176499158143997,0.030543262138962746,-0.01710422709584236,2025-07-01 17:22:54.368,1751370774368,-7636,-3000,1318,61,-108,-102
165,2025-07-01 17:22:54.819,2025-07-01 17:22:54.530815,-5.272032260894775,-8.135497093200684,-1.778891921043396,0.18325957655906677,0.01466076634824276,0.04764748737215996,2025-07-01 17:22:54.563,1751370774563,-7945,-3178,998,40,116,67
166,2025-07-01 17:22:54.919,2025-07-01 17:22:54.630330,-5.389348030090332,-8.219294548034668,-1.6879122257232666,0.036651913076639175,-0.018325956538319588,0.021991148591041565,2025-07-01 17:22:54.654,1751370774654,-7656,-2953,1017,52,-114,87
167,2025-07-01 17:22:55.119,2025-07-01 17:22:54.830585,-5.34625244140625,-8.10437297821045,-1.6184803247451782,0.11239920556545258,-0.015882495790719986,0.01466076634824276,2025-07-01 17:22:54.819,1751370774819,-7941,-3167,1003,16,-123,76
168,2025-07-01 17:22:55.222,2025-07-01 17:22:54.930340,-5.542576789855957,-8.178592681884766,-1.5514427423477173,0.00366519158706069,0.013439035043120384,-0.0012217304902151227,2025-07-01 17:22:54.918,1751370774918,-7940,-3170,991,-298,-97,-121
169,2025-07-01 17:22:55.319,2025-07-01 17:22:55.030392,-5.370194435119629,-8.233659744262695,-1.6041151285171509,-0.0024434609804302454,-0.012217304669320583,0.00855211354792118,2025-07-01 17:22:55.014,1751370775014,-7660,-3175,979,-297,-107,53
170,2025-07-01 17:22:55.419,2025-07-01 17:22:55.130470,-5.365406036376953,-8.180987358093262,-1.6304513216018677,-0.010995574295520782,-0.00366519158706069,0.00733038317412138,2025-07-01 17:22:55.107,1751370775107,-7956,-3163,965,-259,-103,112
171,2025-07-01 17:22:55.519,2025-07-01 17:22:55.230508,-5.231330871582031,-8.157045364379883,-1.6136919260025024,-0.04642575979232788,-0.036651913076639175,0.00855211354792118,2025-07-01 17:22:55.193,1751370775193,-7670,-3141,950,-264,-64,276
172,2025-07-01 17:22:55.721,2025-07-01 17:22:55.430494,-5.377377033233643,-8.044517517089844,-1.5442601442337036,0.07696902006864548,-0.02932153269648552,-0.05497787147760391,2025-07-01 17:22:55.391,1751370775391,-7992,-2808,917,-118,357,-107
173,2025-07-01 17:22:55.831,2025-07-01 17:22:55.530328,-4.98472785949707,-8.008605003356934,-1.8195933103561401,-0.059864792972803116,0.009773843921720982,0.045204028487205505,2025-07-01 17:22:55.548,1751370775548,-7971,-2788,1151,-260,270,-59
174,2025-07-01 17:22:55.927,2025-07-01 17:22:55.630325,-5.228936672210693,-8.487444877624512,-1.6041151285171509,-0.19058994948863983,0.06841690838336945,0.05375614017248154,2025-07-01 17:22:55.661,1751370775661,-7993,-2730,1090,14,141,316
175,2025-07-01 17:22:56.126,2025-07-01 17:22:55.830035,-5.410895824432373,-8.257601737976074,-1.6711528301239014,-0.0012217304902151227,-0.013439035043120384,0.00366519158706069,2025-07-01 17:22:55.814,1751370775814,-7836,-2917,694,-259,192,-41
176,2025-07-01 17:22:56.223,2025-07-01 17:22:55.930385,-5.473145008087158,-8.291120529174805,-1.5873557329177856,-0.045204028487205505,-0.025656340643763542,0.009773843921720982,2025-07-01 17:22:55.910,1751370775910,-8022,-2916,700,5,-46,-25
177,2025-07-01 17:22:56.322,2025-07-01 17:22:56.030506,-5.415684223175049,-8.283937454223633,-1.4867992401123047,0.004886921960860491,-0.0024434609804302454,0.009773843921720982,2025-07-01 17:22:56.005,1751370776005,-7814,-2892,677,106,-68,-62
178,2025-07-01 17:22:56.423,2025-07-01 17:22:56.129756,-5.48272180557251,-8.13789176940918,-1.6543933153152466,0.02932153269648552,0.01466076634824276,-0.0024434609804302454,2025-07-01 17:22:56.111,1751370776111,-7821,-2853,697,-93,-117,95
179,2025-07-01 17:22:56.520,2025-07-01 17:22:56.230278,-5.420472621917725,-8.14028549194336,-1.4987702369689941,0.08307767659425735,-0.06352998316287994,-0.04764748737215996,2025-07-01 17:22:56.193,1751370776193,-7812,-2860,737,-101,113,76
180,2025-07-01 17:22:56.625,2025-07-01 17:22:56.330487,-5.231330871582031,-7.996633529663086,-1.656787633895874,-0.03176499158143997,0.009773843921720982,-0.04153883829712868,2025-07-01 17:22:56.363,1751370776363,-7827,-2862,729,-111,92,-38
181,2025-07-01 17:22:56.724,2025-07-01 17:22:56.430467,-5.30076265335083,-8.097189903259277,-1.6184803247451782,-0.10018189996480942,0.06475171446800232,0.025656340643763542,2025-07-01 17:22:56.448,1751370776448,-8063,-2520,696,366,-60,-64
182,2025-07-01 17:22:56.821,2025-07-01 17:22:56.530566,-5.612008571624756,-8.073247909545898,-1.647210717201233,0.021991148591041565,0.006108652334660292,0.0012217304902151227,2025-07-01 17:22:56.543,1751370776543,-7842,-2488,721,321,-57,104
183,2025-07-01 17:22:56.928,2025-07-01 17:22:56.630470,-5.3582234382629395,-8.180987358093262,-1.525106430053711,-0.01466076634824276,-0.06475171446800232,-0.010995574295520782,2025-07-01 17:22:56.630,1751370776630,-7856,-2467,706,-119,95,26
184,2025-07-01 17:22:57.021,2025-07-01 17:22:56.730527,-5.3342814445495605,-8.401253700256348,-1.37906014919281,-0.07696902006864548,0.019547687843441963,-0.00366519158706069,2025-07-01 17:22:56.752,1751370776752,-7841,-2549,728,-275,90,-291
185,2025-07-01 17:22:57.622,2025-07-01 17:22:57.329355,-5.418078422546387,-8.154650688171387,-1.3335703611373901,0.05497787147760391,0.04153883829712868,0.03787364438176155,2025-07-01 17:22:57.344,1751370777344,-7837,-2870,744,31,115,7
186,2025-07-01 17:22:57.719,2025-07-01 17:22:57.430392,-5.408501625061035,-7.934384346008301,-1.5131354331970215,-0.12461651116609573,0.024434609338641167,0.025656340643763542,2025-07-01 17:22:57.445,1751370777445,-8055,-2867,758,94,89,-295
187,2025-07-01 17:22:57.919,2025-07-01 17:22:57.630385,-5.47075080871582,-7.733271598815918,-1.7286136150360107,-0.2724458873271942,0.09162978827953339,0.013439035043120384,2025-07-01 17:22:57.609,1751370777609,-8046,-2699,1052,90,104,-291
188,2025-07-01 17:22:58.019,2025-07-01 17:22:57.730251,-5.262455463409424,-7.876923561096191,-2.248155355453491,-0.1612684279680252,0.11972958594560623,-0.00366519158706069,2025-07-01 17:22:57.717,1751370777717,-8010,-2706,1091,110,94,-272
189,2025-07-01 17:22:58.119,2025-07-01 17:22:57.830535,-5.568912982940674,-8.202534675598145,-2.367865562438965,-0.01466076634824276,0.0757472887635231,-0.028099801391363144,2025-07-01 17:22:57.817,1751370777817,-8016,-2703,1083,60,-128,10
190,2025-07-01 17:22:58.220,2025-07-01 17:22:57.929733,-5.585672378540039,-7.903259754180908,-1.9105730056762695,0.32131510972976685,-0.1258382350206375,0.06230825558304787,2025-07-01 17:22:57.892,1751370777892,-7973,-2741,1070,-274,92,-311
191,2025-07-01 17:22:58.419,2025-07-01 17:22:58.130202,-5.51624059677124,-8.039729118347168,-1.7046716213226318,0.20525072515010834,-0.045204028487205505,-0.01466076634824276,2025-07-01 17:22:58.151,1751370778151,-7993,-2737,1068,9,99,33
192,2025-07-01 17:22:58.720,2025-07-01 17:22:58.430474,-5.389348030090332,-8.10437297821045,-1.50355863571167,-0.01466076634824276,-0.013439035043120384,0.004886921960860491,2025-07-01 17:22:58.417,1751370778417,-8018,-2703,746,-298,310,303
193,2025-07-01 17:22:58.819,2025-07-01 17:22:58.530324,-5.556941986083984,-8.243236541748047,-1.5298948287963867,0.04398229718208313,0.0,-0.018325956538319588,2025-07-01 17:22:58.516,1751370778516,-8037,-2922,717,-282,379,338
194,2025-07-01 17:22:58.921,2025-07-01 17:22:58.630352,-5.5545477867126465,-7.817068576812744,-1.6663644313812256,0.11362093687057495,-0.12461651116609573,-0.04153883829712868,2025-07-01 17:22:58.616,1751370778616,-7998,-2913,679,-280,-122,-98
195,2025-07-01 17:22:59.021,2025-07-01 17:22:58.730539,-5.497087001800537,-8.161833763122559,-1.3718775510787964,-0.07941248267889023,0.004886921960860491,-0.1014036312699318,2025-07-01 17:22:58.710,1751370778710,-8046,-2902,671,21,106,-265
196,2025-07-01 17:22:59.219,2025-07-01 17:22:58.930102,-5.434837818145752,-7.800309181213379,-1.678335428237915,0.09407325088977814,-0.021991148591041565,-0.03787364438176155,2025-07-01 17:22:58.966,1751370778966,-8020,-2866,675,37,-38,-71
197,2025-07-01 17:22:59.319,2025-07-01 17:22:59.029999,-5.583278179168701,-8.015787124633789,-1.6711528301239014,-0.010995574295520782,-0.028099801391363144,-0.02932153269648552,2025-07-01 17:22:59.060,1751370779060,-7876,-2546,849,30,-46,74
198,2025-07-01 17:22:59.442,2025-07-01 17:22:59.130085,-5.547365188598633,-8.14028549194336,-1.4053963422775269,-0.05742133408784866,-0.08429940044879913,-0.06230825558304787,2025-07-01 17:22:59.136,1751370779136,-7840,-2531,824,85,-128,29
199,2025-07-01 17:22:59.619,2025-07-01 17:22:59.330071,-5.537788391113281,-8.44195556640625,-1.9704279899597168,0.13805554807186127,0.010995574295520782,0.004886921960860491,2025-07-01 17:22:59.319,1751370779319,-7821,-2535,856,-115,104,81
200,2025-07-01 17:22:59.819,2025-07-01 17:22:59.529295,-5.3797712326049805,-7.924807548522949,-1.5155296325683594,0.08429940044879913,0.025656340643763542,-0.051312681287527084,2025-07-01 17:22:59.495,1751370779495,-7845,-2504,881,33,-105,27
201,2025-07-01 17:22:59.931,2025-07-01 17:22:59.630050,-5.331887245178223,-8.252813339233398,-1.2449848651885986,-0.013439035043120384,-0.02932153269648552,-0.07696902006864548,2025-07-01 17:22:59.604,1751370779604,-7832,-2528,876,-260,83,40
202,2025-07-01 17:23:00.019,2025-07-01 17:22:59.730263,-5.566518783569336,-8.042123794555664,-1.50355863571167,0.05375614017248154,0.00366519158706069,0.06475171446800232,2025-07-01 17:22:59.704,1751370779704,-8061,-2553,885,42,57,-295
203,2025-07-01 17:23:00.125,2025-07-01 17:22:59.830417,-5.3797712326049805,-8.269572257995605,-1.4484920501708984,0.0403171069920063,0.010995574295520782,0.0354301854968071,2025-07-01 17:22:59.868,1751370779868,-7840,-2534,885,45,-87,88
204,2025-07-01 17:23:00.232,2025-07-01 17:22:59.930382,-5.351040840148926,-8.044517517089844,-1.5634137392044067,0.0024434609804302454,-0.0024434609804302454,-0.0012217304902151227,2025-07-01 17:22:59.951,1751370779951,-7838,-2543,888,45,-87,99
205,2025-07-01 17:23:00.333,2025-07-01 17:23:00.029572,-5.374982833862305,-8.487444877624512,-1.3335703611373901,-0.08185594528913498,-0.03176499158143997,-0.0354301854968071,2025-07-01 17:23:00.051,1751370780051,-7830,-2530,876,11,-118,34
206,2025-07-01 17:23:00.623,2025-07-01 17:23:00.329346,-5.791574001312256,-8.470685958862305,-1.623268723487854,0.030543262138962746,0.04764748737215996,0.06719517707824707,2025-07-01 17:23:00.314,1751370780314,-7817,-2546,882,3,-98,60
207,2025-07-01 17:23:00.732,2025-07-01 17:23:00.429234,-5.250484466552734,-8.214506149291992,-1.522712230682373,-0.02076941914856434,-0.019547687843441963,-0.028099801391363144,2025-07-01 17:23:00.400,1751370780400,-7823,-2557,774,-289,263,-370
208,2025-07-01 17:23:00.924,2025-07-01 17:23:00.629232,-5.396530628204346,-8.250418663024902,-1.4987702369689941,0.1661553531885147,-0.0806342139840126,-0.06230825558304787,2025-07-01 17:23:00.592,1751370780592,-7812,-2868,510,-267,-111,-347
209,2025-07-01 17:23:01.024,2025-07-01 17:23:00.729299,-5.085284233093262,-8.329427719116211,-1.280897855758667,0.04886921867728233,-0.03420845419168472,-0.0708603709936142,2025-07-01 17:23:00.704,1751370780704,-8045,-2886,498,2,-112,-279
210,2025-07-01 17:23:01.126,2025-07-01 17:23:00.829303,-5.183446884155273,-8.2312650680542,-1.3000515699386597,-0.00366519158706069,0.02076941914856434,-0.021991148591041565,2025-07-01 17:23:00.855,1751370780855,-8043,-2913,473,-270,104,59
211,2025-07-01 17:23:01.231,2025-07-01 17:23:00.929755,-5.214571475982666,-8.846575736999512,-1.5490485429763794,-0.4202753007411957,0.09407325088977814,0.15271630883216858,2025-07-01 17:23:00.949,1751370780949,-8050,-2881,482,112,-110,-123
212,2025-07-01 17:23:01.436,2025-07-01 17:23:01.129229,-5.372588634490967,-8.08043098449707,-1.5490485429763794,0.028099801391363144,0.028099801391363144,0.021991148591041565,2025-07-01 17:23:01.115,1751370781115,-7814,-2868,502,104,107,75
213,2025-07-01 17:23:01.523,2025-07-01 17:23:01.230052,-5.348646640777588,-8.075642585754395,-1.5634137392044067,-0.00366519158706069,0.021991148591041565,0.0,2025-07-01 17:23:01.219,1751370781219,-8048,-2847,498,120,125,88
214,2025-07-01 17:23:01.619,2025-07-01 17:23:01.330338,-5.336675643920898,-8.20732307434082,-1.5275006294250488,0.028099801391363144,0.004886921960860491,-0.013439035043120384,2025-07-01 17:23:01.315,1751370781315,-8044,-2892,799,71,68,4
215,2025-07-01 17:23:01.726,2025-07-01 17:23:01.430166,-5.102043628692627,-8.259995460510254,-1.5083470344543457,0.14294247329235077,-0.08552113175392151,-0.13316862285137177,2025-07-01 17:23:01.404,1751370781404,-8063,-2895,811,99,86,26
216,2025-07-01 17:23:01.827,2025-07-01 17:23:01.530367,-5.4013190269470215,-8.291120529174805,-1.1851298809051514,0.00366519158706069,-0.019547687843441963,0.06963863968849182,2025-07-01 17:23:01.496,1751370781496,-7816,-2915,832,104,58,-293
217,2025-07-01 17:23:02.020,2025-07-01 17:23:01.730394,-5.386953830718994,-8.032546997070312,-1.4269442558288574,-0.00855211354792118,-0.006108652334660292,0.01710422709584236,2025-07-01 17:23:01.759,1751370781759,-8027,-2926,881,48,102,2
218,2025-07-01 17:23:02.126,2025-07-01 17:23:01.830242,-5.396530628204346,-8.29590892791748,-1.6352397203445435,-0.02932153269648552,-0.009773843921720982,0.025656340643763542,2025-07-01 17:23:01.842,1751370781842,-8048,-2923,864,57,-124,1
219,2025-07-01 17:23:02.228,2025-07-01 17:23:01.930456,-5.420472621917725,-7.931990146636963,-1.5634137392044067,-0.03420845419168472,-0.009773843921720982,-0.04764748737215996,2025-07-01 17:23:01.957,1751370781957,-8017,-2703,868,64,-111,13
220,2025-07-01 17:23:02.321,2025-07-01 17:23:02.030555,-5.403713226318359,-7.9415669441223145,-1.5729905366897583,-0.02321287989616394,-0.039095375686883926,-0.09651670604944229,2025-07-01 17:23:02.027,1751370782027,-8028,-2704,868,75,-96,48
221,2025-07-01 17:23:02.519,2025-07-01 17:23:02.230645,-5.322310447692871,-8.099584579467773,-1.558625340461731,0.04398229718208313,0.021991148591041565,0.06841690838336945,2025-07-01 17:23:02.211,1751370782211,-8017,-2701,872,69,114,45
222,2025-07-01 17:23:02.621,2025-07-01 17:23:02.330450,-5.4013190269470215,-8.1139497756958,-1.5945383310317993,-0.02687807008624077,0.04398229718208313,0.039095375686883926,2025-07-01 17:23:02.291,1751370782291,-8011,-2725,652,67,-113,99
223,2025-07-01 17:23:02.719,2025-07-01 17:23:02.430643,-5.612008571624756,-8.248024940490723,-1.7932571172714233,-0.05375614017248154,0.11728613078594208,-0.009773843921720982,2025-07-01 17:23:02.392,1751370782392,-8047,-2938,876,93,-75,81
224,2025-07-01 17:23:02.819,2025-07-01 17:23:02.530538,-5.420472621917725,-8.08043098449707,-1.941697597503662,-0.22968533635139465,0.1368338167667389,0.00366519158706069,2025-07-01 17:23:02.570,1751370782570,-8047,-2693,871,76,-109,80
225,2025-07-01 17:23:03.019,2025-07-01 17:23:02.730193,-5.377377033233643,-8.202534675598145,-1.8315643072128296,-0.08429940044879913,0.05375614017248154,-0.01710422709584236,2025-07-01 17:23:02.742,1751370782742,-8012,-2695,644,-88,-60,-127
226,2025-07-01 17:23:03.134,2025-07-01 17:23:02.830184,-5.1810526847839355,-8.161833763122559,-1.8818424940109253,-0.1062905490398407,0.013439035043120384,0.012217304669320583,2025-07-01 17:23:02.859,1751370782859,-8059,-2890,857,75,-123,75
227,2025-07-01 17:23:03.620,2025-07-01 17:23:03.330341,-5.34625244140625,-8.164227485656738,-1.7262194156646729,0.17837265133857727,-0.0757472887635231,0.01710422709584236,2025-07-01 17:23:03.313,1751370783313,-8024,-2760,644,19,121,6
228,2025-07-01 17:23:03.719,2025-07-01 17:23:03.430375,-5.633556365966797,-8.159439086914062,-1.9919757843017578,-0.08796459436416626,-0.024434609338641167,-0.039095375686883926,2025-07-01 17:23:03.390,1751370783390,-8003,-2771,657,73,117,43
229,2025-07-01 17:23:03.821,2025-07-01 17:23:03.530485,-5.702988624572754,-8.161833763122559,-1.9249382019042969,-0.10995574295520782,-0.04764748737215996,-0.06841690838336945,2025-07-01 17:23:03.547,1751370783547,-8001,-2735,893,102,-84,64
230,2025-07-01 17:23:03.919,2025-07-01 17:23:03.630533,-5.324704647064209,-7.879317760467529,-1.889025092124939,0.028099801391363144,-0.012217304669320583,-0.030543262138962746,2025-07-01 17:23:03.660,1751370783660,-8028,-2771,892,-299,-89,94
231,2025-07-01 17:23:04.128,2025-07-01 17:23:03.830373,-5.523423194885254,-7.927201747894287,-2.0829553604125977,0.0757472887635231,-0.0024434609804302454,-0.02687807008624077,2025-07-01 17:23:03.819,1751370783819,-8042,-2760,875,12,-116,124
232,2025-07-01 17:23:04.319,2025-07-01 17:23:04.030352,-5.374982833862305,-7.924807548522949,-1.9345149993896484,0.009773843921720982,-0.0024434609804302454,0.025656340643763542,2025-07-01 17:23:04.016,1751370784016,-8008,-2768,640,2,-115,94
233,2025-07-01 17:23:04.420,2025-07-01 17:23:04.130475,-5.5545477867126465,-7.975085735321045,-2.03507137298584,-0.13805554807186127,0.04398229718208313,0.02687807008624077,2025-07-01 17:23:04.104,1751370784104,-8015,-2741,863,43,-117,-261
234,2025-07-01 17:23:04.519,2025-07-01 17:23:04.229564,-5.583278179168701,-8.121131896972656,-1.9273324012756348,-0.018325956538319588,0.01466076634824276,0.05742133408784866,2025-07-01 17:23:04.219,1751370784219,-7981,-3098,895,-313,-338,-490
235,2025-07-01 17:23:04.619,2025-07-01 17:23:04.330630,-5.580883979797363,-8.003816604614258,-2.205059766769409,0.06719517707824707,-0.00733038317412138,0.02076941914856434,2025-07-01 17:23:04.369,1751370784369,-7673,-2969,697,26,30,93
236,2025-07-01 17:23:04.922,2025-07-01 17:23:04.630128,-5.525817394256592,-8.44434928894043,-1.6112977266311646,-0.1062905490398407,-0.03787364438176155,-0.05864306539297104,2025-07-01 17:23:04.630,1751370784630,-7672,-3197,688,39,120,40
237,2025-07-01 17:23:05.027,2025-07-01 17:23:04.730170,-5.152322292327881,-7.99184513092041,-1.6831238269805908,0.12339477986097336,-0.03176499158143997,-0.05742133408784866,2025-07-01 17:23:04.734,1751370784734,-7947,-3189,683,35,-113,-125
238,2025-07-01 17:23:05.228,2025-07-01 17:23:04.930498,-5.453991413116455,-8.061277389526367,-1.8698714971542358,0.08185594528913498,0.018325956538319588,0.03176499158143997,2025-07-01 17:23:04.922,1751370784922,-7677,-3180,695,68,-94,-91
239,2025-07-01 17:23:05.328,2025-07-01 17:23:05.030553,-5.372588634490967,-8.078036308288574,-1.845929503440857,0.019547687843441963,-0.02076941914856434,0.00733038317412138,2025-07-01 17:23:04.997,1751370784997,-7955,-3131,665,33,-98,-117
240,2025-07-01 17:23:05.426,2025-07-01 17:23:05.130263,-5.4228668212890625,-8.22887134552002,-1.843535304069519,0.04398229718208313,-0.05742133408784866,-0.006108652334660292,2025-07-01 17:23:05.094,1751370785094,-7969,-3097,660,59,-82,-6
241,2025-07-01 17:23:05.628,2025-07-01 17:23:05.330111,-5.161899089813232,-8.17380428314209,-2.0614075660705566,-0.004886921960860491,0.0024434609804302454,0.013439035043120384,2025-07-01 17:23:05.356,1751370785356,-7994,-2798,650,49,104,69
242,2025-07-01 17:23:05.729,2025-07-01 17:23:05.430116,-5.365406036376953,-8.954314231872559,-1.8171991109848022,-0.28588494658470154,0.05497787147760391,0.13316862285137177,2025-07-01 17:23:05.445,1751370785445,-7997,-2807,651,46,111,54
243,2025-07-01 17:23:06.026,2025-07-01 17:23:05.730143,-5.750872611999512,-8.061277389526367,-1.843535304069519,-0.009773843921720982,-0.009773843921720982,-0.010995574295520782,2025-07-01 17:23:05.715,1751370785715,-7955,-3099,663,34,-105,54
244,2025-07-01 17:23:06.128,2025-07-01 17:23:05.830885,-5.25527286529541,-8.283937454223633,-1.5179238319396973,-0.019547687843441963,-0.042760565876960754,0.02076941914856434,2025-07-01 17:23:05.834,1751370785834,-7989,-3100,660,68,-128,79
245,2025-07-01 17:23:06.321,2025-07-01 17:23:06.030238,-5.039794445037842,-7.800309181213379,-1.3934253454208374,-0.05619960278272629,-0.0024434609804302454,-0.09040805697441101,2025-07-01 17:23:05.993,1751370785993,-7959,-3106,681,15,49,4
246,2025-07-01 17:23:06.522,2025-07-01 17:23:06.230247,-5.547365188598633,-8.216899871826172,-1.6304513216018677,0.03787364438176155,0.00855211354792118,0.06108652427792549,2025-07-01 17:23:06.254,1751370786254,-7988,-3073,676,6,-115,15
247,2025-07-01 17:23:06.623,2025-07-01 17:23:06.329662,-5.3342814445495605,-8.271966934204102,-1.7764976024627686,0.08185594528913498,-0.00733038317412138,-0.02932153269648552,2025-07-01 17:23:06.351,1751370786351,-7951,-3152,686,-281,-73,126
248,2025-07-01 17:23:06.724,2025-07-01 17:23:06.430321,-5.52821159362793,-8.212111473083496,-1.479616641998291,0.09651670604944229,-0.05619960278272629,-0.02932153269648552,2025-07-01 17:23:06.425,1751370786425,-7947,-3153,681,10,-56,115
249,2025-07-01 17:23:06.922,2025-07-01 17:23:06.630092,-5.279214859008789,-8.121131896972656,-1.6831238269805908,-0.18814650177955627,0.03787364438176155,0.045204028487205505,2025-07-01 17:23:06.610,1751370786610,-7988,-3089,641,109,107,82
250,2025-07-01 17:23:07.020,2025-07-01 17:23:06.730528,-5.475539207458496,-7.965508937835693,-1.4772224426269531,-0.06841690838336945,0.0403171069920063,0.07452555745840073,2025-07-01 17:23:06.708,1751370786708,-7951,-3127,698,87,90,15
251,2025-07-01 17:23:07.122,2025-07-01 17:23:06.829971,-5.360617637634277,-8.130708694458008,-1.601720929145813,0.051312681287527084,-0.00855211354792118,-0.01710422709584236,2025-07-01 17:23:06.791,1751370786791,-7943,-3110,697,113,96,14
252,2025-07-01 17:23:07.322,2025-07-01 17:23:07.029779,-5.413290023803711,-8.238448143005371,-1.6089035272598267,0.0403171069920063,-0.03787364438176155,-0.018325956538319588,2025-07-01 17:23:06.989,1751370786989,-7940,-3142,699,27,123,37
253,2025-07-01 17:23:07.419,2025-07-01 17:23:07.129909,-4.98472785949707,-8.054094314575195,-1.9800047874450684,-0.03176499158143997,0.00733038317412138,-0.009773843921720982,2025-07-01 17:23:07.158,1751370787158,-7952,-3113,691,17,93,55
254,2025-07-01 17:23:07.719,2025-07-01 17:23:07.430061,-5.480327606201172,-8.1139497756958,-1.7070658206939697,0.02076941914856434,-0.04886921867728233,-0.01710422709584236,2025-07-01 17:23:07.418,1751370787418,-7956,-3118,665,-260,-123,45
255,2025-07-01 17:23:07.824,2025-07-01 17:23:07.530091,-5.48272180557251,-8.166622161865234,-1.5729905366897583,0.051312681287527084,-0.05375614017248154,-0.012217304669320583,2025-07-01 17:23:07.508,1751370787508,-7963,-3143,660,18,-86,44
256,2025-07-01 17:23:08.119,2025-07-01 17:23:07.830542,-5.39174222946167,-8.08282470703125,-1.920149803161621,0.009773843921720982,0.00366519158706069,0.0024434609804302454,2025-07-01 17:23:07.795,1751370787795,-7944,-3127,713,77,-305,60
257,2025-07-01 17:23:08.228,2025-07-01 17:23:07.930100,-5.473145008087158,-8.149862289428711,-1.8171991109848022,0.036651913076639175,-0.03298672288656235,-0.01710422709584236,2025-07-01 17:23:07.898,1751370787898,-7953,-3136,743,54,14,-268
258,2025-07-01 17:23:08.520,2025-07-01 17:23:08.230096,-5.394136428833008,-8.063671112060547,-1.50355863571167,0.15515977144241333,-0.07208210229873657,-0.05864306539297104,2025-07-01 17:23:08.228,1751370788228,-7941,-3114,918,74,116,48
259,2025-07-01 17:23:08.619,2025-07-01 17:23:08.330039,-5.418078422546387,-8.324639320373535,-1.680729627609253,0.036651913076639175,-0.030543262138962746,-0.09040805697441101,2025-07-01 17:23:08.314,1751370788314,-7971,-3104,905,-107,-4,-303
260,2025-07-01 17:23:09.319,2025-07-01 17:23:09.037336,-5.578489780426025,-8.04691219329834,-1.4293384552001953,0.06108652427792549,0.06841690838336945,0.07330382615327835,2025-07-01 17:23:09.051,1751370789051,-7667,-2965,645,50,-33,-125
261,2025-07-01 17:23:09.519,2025-07-01 17:23:09.230115,-5.51624059677124,-8.078036308288574,-1.7405846118927002,0.028099801391363144,-0.05253441259264946,-0.02932153269648552,2025-07-01 17:23:09.215,1751370789215,-7657,-2979,871,99,357,46
262,2025-07-01 17:23:09.629,2025-07-01 17:23:09.329940,-5.398924827575684,-8.10437297821045,-1.5921441316604614,0.06841690838336945,-0.0354301854968071,-0.025656340643763542,2025-07-01 17:23:09.318,1751370789318,-7991,-2960,858,110,301,7
263,2025-07-01 17:23:09.819,2025-07-01 17:23:09.530079,-5.525817394256592,-8.058882713317871,-1.316810965538025,-0.06719517707824707,0.07208210229873657,-0.08918632566928864,2025-07-01 17:23:09.490,1751370789490,-7671,-2972,866,28,99,72
264,2025-07-01 17:23:09.919,2025-07-01 17:23:09.630729,-5.590460777282715,-8.585607528686523,-1.4532804489135742,-0.10384709388017654,0.04886921867728233,0.08552113175392151,2025-07-01 17:23:09.603,1751370789603,-7940,-2978,645,11,4,43
265,2025-07-01 17:23:10.029,2025-07-01 17:23:09.730376,-5.461174011230469,-8.149862289428711,-1.4891934394836426,-0.015882495790719986,-0.01710422709584236,-0.01710422709584236,2025-07-01 17:23:09.694,1751370789694,-7653,-2966,685,57,-330,35
266,2025-07-01 17:23:10.128,2025-07-01 17:23:09.830727,-5.521028995513916,-8.128314971923828,-1.4053963422775269,0.012217304669320583,-0.012217304669320583,-0.013439035043120384,2025-07-01 17:23:09.846,1751370789846,-7641,-2991,734,29,-330,49
267,2025-07-01 17:23:10.232,2025-07-01 17:23:09.930173,-5.250484466552734,-8.169015884399414,-1.4676456451416016,0.10384709388017654,-0.042760565876960754,-0.012217304669320583,2025-07-01 17:23:09.950,1751370789950,-7675,-3002,1028,-272,2,77
268,2025-07-01 17:23:10.425,2025-07-01 17:23:10.030247,-5.3127336502075195,-8.178592681884766,-1.534683346748352,0.06841690838336945,-0.004886921960860491,-0.04642575979232788,2025-07-01 17:23:10.034,1751370790034,-7950,-2990,1031,18,-260,97
269,2025-07-01 17:23:10.525,2025-07-01 17:23:10.230623,-5.322310447692871,-8.070854187011719,-1.7597382068634033,0.04642575979232788,0.02932153269648552,0.012217304669320583,2025-07-01 17:23:10.216,1751370790216,-7675,-2958,1037,67,63,88
270,2025-07-01 17:23:10.624,2025-07-01 17:23:10.330194,-5.4875102043151855,-8.092401504516602,-1.6328455209732056,0.04764748737215996,-0.02076941914856434,-0.03420845419168472,2025-07-01 17:23:10.317,1751370790317,-7939,-3183,1062,55,-97,-122
271,2025-07-01 17:23:10.719,2025-07-01 17:23:10.431127,-5.413290023803711,-8.2312650680542,-1.4317326545715332,0.03787364438176155,-0.028099801391363144,-0.018325956538319588,2025-07-01 17:23:10.417,1751370790417,-7675,-3182,1034,-95,338,-37
272,2025-07-01 17:23:11.121,2025-07-01 17:23:10.830522,-5.355829238891602,-8.169015884399414,-1.292868971824646,0.11850785464048386,-0.0024434609804302454,-0.02932153269648552,2025-07-01 17:23:10.851,1751370790851,-7985,-2801,670,-283,111,49
273,2025-07-01 17:23:11.223,2025-07-01 17:23:10.930645,-5.360617637634277,-8.219294548034668,-1.338358759880066,-0.021991148591041565,-0.004886921960860491,-0.0024434609804302454,2025-07-01 17:23:10.929,1751370790929,-7968,-2808,674,-273,-89,37
274,2025-07-01 17:23:11.427,2025-07-01 17:23:11.130208,-5.327098846435547,-8.128314971923828,-1.4844050407409668,0.059864792972803116,0.015882495790719986,0.030543262138962746,2025-07-01 17:23:11.113,1751370791113,-7962,-3090,649,65,-88,55
275,2025-07-01 17:23:11.825,2025-07-01 17:23:11.530191,-5.214571475982666,-8.336610794067383,-1.644816517829895,0.0,0.02687807008624077,0.09285151958465576,2025-07-01 17:23:11.569,1751370791569,-7996,-2797,880,60,-127,102
276,2025-07-01 17:23:12.120,2025-07-01 17:23:11.830551,-5.506663799285889,-8.26478385925293,-1.4077905416488647,0.059864792972803116,-0.0403171069920063,-0.02321287989616394,2025-07-01 17:23:11.857,1751370791857,-8022,-2929,660,23,-127,42
277,2025-07-01 17:23:12.322,2025-07-01 17:23:12.030832,-5.1595048904418945,-8.11634349822998,-1.0773907899856567,0.012217304669320583,-0.0012217304902151227,-0.045204028487205505,2025-07-01 17:23:12.007,1751370792007,-8050,-2930,647,-278,-110,121
278,2025-07-01 17:23:12.519,2025-07-01 17:23:12.230575,-5.374982833862305,-8.197746276855469,-1.3646949529647827,0.012217304669320583,-0.021991148591041565,0.00366519158706069,2025-07-01 17:23:12.212,1751370792212,-7810,-2850,657,60,92,-109
279,2025-07-01 17:23:12.829,2025-07-01 17:23:12.530968,-5.171475887298584,-8.233659744262695,-1.2832920551300049,0.04642575979232788,-0.01710422709584236,0.0,2025-07-01 17:23:12.555,1751370792555,-8044,-2862,659,-283,47,18
280,2025-07-01 17:23:13.030,2025-07-01 17:23:12.730272,-5.370194435119629,-8.4108304977417,-1.4437036514282227,-0.02076941914856434,0.0403171069920063,0.03787364438176155,2025-07-01 17:23:12.726,1751370792726,-7820,-2859,651,43,-100,35
281,2025-07-01 17:23:13.219,2025-07-01 17:23:12.931033,-5.2672438621521,-8.212111473083496,-1.2473790645599365,0.042760565876960754,-0.0403171069920063,0.0012217304902151227,2025-07-01 17:23:12.918,1751370792918,-8023,-2944,824,-272,-66,28
282,2025-07-01 17:23:13.319,2025-07-01 17:23:13.030084,-5.324704647064209,-8.403648376464844,-1.1635819673538208,-0.009773843921720982,-0.030543262138962746,-0.059864792972803116,2025-07-01 17:23:13.030,1751370793030,-8019,-2717,830,-340,120,-274
283,2025-07-01 17:23:13.420,2025-07-01 17:23:13.030084,-5.324704647064209,-8.403648376464844,-1.1635819673538208,-0.009773843921720982,-0.030543262138962746,-0.059864792972803116,2025-07-01 17:23:13.033,1751370793033,-8016,-2727,829,-292,102,-290
284,2025-07-01 17:23:13.624,2025-07-01 17:23:13.330106,-5.372588634490967,-8.329427719116211,-1.2545616626739502,0.010995574295520782,0.015882495790719986,0.006108652334660292,2025-07-01 17:23:13.291,1751370793291,-8000,-2746,824,11,-298,113
285,2025-07-01 17:23:13.919,2025-07-01 17:23:13.630259,-5.250484466552734,-8.300697326660156,-1.3503297567367554,0.004886921960860491,0.00733038317412138,0.039095375686883926,2025-07-01 17:23:13.641,1751370793641,-8008,-2722,868,58,83,58
286,2025-07-01 17:23:14.119,2025-07-01 17:23:13.831682,-5.212177276611328,-8.427590370178223,-1.2689268589019775,-0.06108652427792549,-0.019547687843441963,0.00733038317412138,2025-07-01 17:23:13.819,1751370793819,-8016,-2751,652,121,-40,-333
287,2025-07-01 17:23:14.219,2025-07-01 17:23:13.931361,-5.461174011230469,-8.226476669311523,-1.400607943534851,0.05742133408784866,-0.03787364438176155,-0.028099801391363144,2025-07-01 17:23:13.903,1751370793903,-7963,-2767,672,32,-539,5
288,2025-07-01 17:23:14.419,2025-07-01 17:23:14.131225,-5.2911858558654785,-8.252813339233398,-1.2042834758758545,0.009773843921720982,-0.004886921960860491,-0.03787364438176155,2025-07-01 17:23:14.109,1751370794109,-7968,-3124,665,20,148,-194
289,2025-07-01 17:23:14.520,2025-07-01 17:23:14.231239,-5.286397457122803,-8.121131896972656,-1.2880805730819702,0.0012217304902151227,0.015882495790719986,0.030543262138962746,2025-07-01 17:23:14.271,1751370794271,-7956,-3124,659,114,-78,-267
290,2025-07-01 17:23:14.719,2025-07-01 17:23:14.430166,-5.279214859008789,-8.195352554321289,-1.2976573705673218,0.0024434609804302454,0.0024434609804302454,-0.00366519158706069,2025-07-01 17:23:14.452,1751370794452,-7954,-3147,651,108,96,10
291,2025-07-01 17:23:14.944,2025-07-01 17:23:14.630351,-5.351040840148926,-8.22887134552002,-1.3670891523361206,0.06963863968849182,-0.05253441259264946,0.015882495790719986,2025-07-01 17:23:14.618,1751370794618,-7942,-3190,691,73,89,81
292,2025-07-01 17:23:15.027,2025-07-01 17:23:14.729381,-5.272032260894775,-8.233659744262695,-1.237802267074585,0.09407325088977814,-0.036651913076639175,-0.0659734457731247,2025-07-01 17:23:14.714,1751370794714,-7677,-3170,687,100,110,115
293,2025-07-01 17:23:15.140,2025-07-01 17:23:14.830665,-5.188235282897949,-8.24084186553955,-1.1563993692398071,0.025656340643763542,-0.00733038317412138,-0.08307767659425735,2025-07-01 17:23:14.802,1751370794802,-7978,-3157,696,41,123,68
294,2025-07-01 17:23:15.226,2025-07-01 17:23:14.930023,-5.161899089813232,-8.434772491455078,-1.3982137441635132,-0.29565876722335815,0.05497787147760391,0.07941248267889023,2025-07-01 17:23:14.893,1751370794893,-7974,-3119,678,28,95,84
295,2025-07-01 17:23:15.427,2025-07-01 17:23:15.130048,-5.458779811859131,-8.090007781982422,-1.4748282432556152,0.0659734457731247,-0.02076941914856434,-0.030543262138962746,2025-07-01 17:23:15.165,1751370795165,-7967,-3135,712,116,-86,125
296,2025-07-01 17:23:15.529,2025-07-01 17:23:15.229975,-5.394136428833008,-8.157045364379883,-1.3718775510787964,0.10506882518529892,-0.02321287989616394,-0.030543262138962746,2025-07-01 17:23:15.267,1751370795267,-7969,-3120,721,94,-117,100
297,2025-07-01 17:23:15.824,2025-07-01 17:23:15.530178,-5.188235282897949,-8.020575523376465,-1.6687586307525635,0.16982053220272064,-0.03298672288656235,-0.009773843921720982,2025-07-01 17:23:15.515,1751370795515,-8016,-3149,731,111,-77,-343
298,2025-07-01 17:23:15.924,2025-07-01 17:23:15.630194,-5.492298603057861,-8.192957878112793,-1.482010841369629,-0.021991148591041565,-0.02321287989616394,-0.02321287989616394,2025-07-01 17:23:15.616,1751370795616,-7675,-3164,730,47,-127,62
299,2025-07-01 17:23:16.022,2025-07-01 17:23:15.730022,-5.329493045806885,-8.224082946777344,-1.2473790645599365,-0.0012217304902151227,-0.019547687843441963,-0.021991148591041565,2025-07-01 17:23:15.703,1751370795703,-7940,-3166,708,31,-62,83
300,2025-07-01 17:23:16.124,2025-07-01 17:23:15.829990,-5.4659624099731445,-8.413225173950195,-1.1994950771331787,0.018325956538319588,-0.004886921960860491,-0.059864792972803116,2025-07-01 17:23:15.814,1751370795814,-7969,-3152,681,-273,-116,125
301,2025-07-01 17:23:16.223,2025-07-01 17:23:15.829990,-5.4659624099731445,-8.413225173950195,-1.1994950771331787,0.018325956538319588,-0.004886921960860491,-0.059864792972803116,2025-07-01 17:23:15.814,1751370795814,-7969,-3152,681,-273,-116,125
302,2025-07-01 17:23:16.622,2025-07-01 17:23:16.329826,-5.106832027435303,-7.850587368011475,-1.3862427473068237,0.07819075137376785,-0.02321287989616394,0.08552113175392151,2025-07-01 17:23:16.344,1751370796344,-7982,-3077,763,70,49,120
303,2025-07-01 17:23:16.819,2025-07-01 17:23:16.529856,-5.078101634979248,-8.518569946289062,-1.5275006294250488,-0.02076941914856434,0.013439035043120384,0.1014036312699318,2025-07-01 17:23:16.509,1751370796509,-7949,-3076,756,76,81,107
304,2025-07-01 17:23:16.919,2025-07-01 17:23:16.629928,-5.348646640777588,-8.183381080627441,-1.3431471586227417,0.08552113175392151,0.00855211354792118,-0.010995574295520782,2025-07-01 17:23:16.598,1751370796598,-7972,-2816,751,79,113,99
305,2025-07-01 17:23:17.019,2025-07-01 17:23:16.729978,-5.114014625549316,-7.999027729034424,-1.4173674583435059,-0.1160643994808197,0.04398229718208313,0.0024434609804302454,2025-07-01 17:23:16.694,1751370796694,-8011,-2783,709,87,-28,126
306,2025-07-01 17:23:17.219,2025-07-01 17:23:16.930112,-5.305551052093506,-8.032546997070312,-1.7621324062347412,0.09040805697441101,-0.06719517707824707,0.010995574295520782,2025-07-01 17:23:16.970,1751370796970,-7975,-2783,702,123,-48,-66
307,2025-07-01 17:23:17.319,2025-07-01 17:23:17.035198,-5.365406036376953,-8.020575523376465,-1.4532804489135742,0.11362093687057495,-0.06475171446800232,-0.05619960278272629,2025-07-01 17:23:17.060,1751370797060,-8009,-2731,683,35,-50,82
308,2025-07-01 17:23:17.428,2025-07-01 17:23:17.133324,-5.339069843292236,-8.607154846191406,-1.2114660739898682,-0.08185594528913498,-0.018325956538319588,-0.0806342139840126,2025-07-01 17:23:17.140,1751370797140,-8006,-2738,684,27,-52,64
309,2025-07-01 17:23:17.519,2025-07-01 17:23:17.233254,-5.319916248321533,-8.185775756835938,-1.3335703611373901,-0.009773843921720982,0.05009094998240471,0.036651913076639175,2025-07-01 17:23:17.254,1751370797254,-8025,-2743,653,-259,-103,91
310,2025-07-01 17:23:17.719,2025-07-01 17:23:17.433431,-5.3127336502075195,-8.238448143005371,-1.4245500564575195,0.019547687843441963,-0.00733038317412138,-0.02932153269648552,2025-07-01 17:23:17.419,1751370797419,-8015,-2745,652,-258,-118,92
311,2025-07-01 17:23:17.919,2025-07-01 17:23:17.633482,-5.363011837005615,-8.322244644165039,-1.2856862545013428,0.06108652427792549,-0.00366519158706069,-0.03176499158143997,2025-07-01 17:23:17.606,1751370797606,-8011,-2718,884,8,-115,73
312,2025-07-01 17:23:18.121,2025-07-01 17:23:17.831902,-5.3582234382629395,-8.195352554321289,-1.3455413579940796,0.06719517707824707,0.009773843921720982,0.006108652334660292,2025-07-01 17:23:17.797,1751370797797,-8005,-2749,890,102,-124,3
313,2025-07-01 17:23:18.220,2025-07-01 17:23:17.930224,-5.458779811859131,-8.183381080627441,-1.4460978507995605,0.02932153269648552,-0.0012217304902151227,-0.01466076634824276,2025-07-01 17:23:17.957,1751370797957,-7994,-2774,880,44,120,26
314,2025-07-01 17:23:18.321,2025-07-01 17:23:18.030669,-5.142745018005371,-8.303091049194336,-1.3263877630233765,0.02076941914856434,-0.00733038317412138,0.05253441259264946,2025-07-01 17:23:18.040,1751370798040,-7987,-2781,893,48,123,28
315,2025-07-01 17:23:18.420,2025-07-01 17:23:18.130471,-5.406107425689697,-8.14028549194336,-1.359906554222107,-0.02321287989616394,-0.0012217304902151227,0.01466076634824276,2025-07-01 17:23:18.136,1751370798136,-7982,-2784,646,65,-124,42
316,2025-07-01 17:23:18.619,2025-07-01 17:23:18.330053,-5.279214859008789,-8.2312650680542,-1.2713210582733154,-0.04642575979232788,-0.004886921960860491,-0.039095375686883926,2025-07-01 17:23:18.308,1751370798308,-7989,-2782,891,95,-85,-98
317,2025-07-01 17:23:18.722,2025-07-01 17:23:18.430679,-5.288791656494141,-8.152256965637207,-1.4772224426269531,-0.0757472887635231,0.042760565876960754,0.030543262138962746,2025-07-01 17:23:18.402,1751370798402,-7984,-2775,652,61,107,15
318,2025-07-01 17:23:19.020,2025-07-01 17:23:18.730767,-5.458779811859131,-8.24084186553955,-1.3646949529647827,0.006108652334660292,-0.024434609338641167,-0.036651913076639175,2025-07-01 17:23:18.690,1751370798690,-8001,-2787,651,54,-100,38
319,2025-07-01 17:23:19.131,2025-07-01 17:23:18.829988,-5.30076265335083,-8.22887134552002,-1.4413094520568848,0.02321287989616394,0.00733038317412138,-0.03787364438176155,2025-07-01 17:23:18.854,1751370798854,-8016,-2773,875,19,-111,13
320,2025-07-01 17:23:19.219,2025-07-01 17:23:18.929554,-5.099649429321289,-8.01339340209961,-1.482010841369629,-0.19058994948863983,0.045204028487205505,0.051312681287527084,2025-07-01 17:23:18.959,1751370798959,-7970,-2802,892,69,99,38
321,2025-07-01 17:23:19.319,2025-07-01 17:23:19.030070,-5.288791656494141,-7.953537940979004,-1.4077905416488647,0.015882495790719986,-0.036651913076639175,-0.0024434609804302454,2025-07-01 17:23:19.042,1751370799042,-7971,-2799,876,119,-53,49
322,2025-07-01 17:23:19.519,2025-07-01 17:23:19.230265,-5.4013190269470215,-8.216899871826172,-1.4748282432556152,0.08796459436416626,-0.05009094998240471,-0.03298672288656235,2025-07-01 17:23:19.215,1751370799215,-7981,-3097,884,-283,96,1
323,2025-07-01 17:23:19.619,2025-07-01 17:23:19.330015,-5.279214859008789,-8.180987358093262,-1.3455413579940796,0.06108652427792549,-0.0024434609804302454,-0.03787364438176155,2025-07-01 17:23:19.317,1751370799317,-7979,-3091,888,92,-106,44
324,2025-07-01 17:23:19.721,2025-07-01 17:23:19.431233,-5.080495834350586,-7.726089000701904,-1.4460978507995605,0.1014036312699318,0.024434609338641167,-0.02076941914856434,2025-07-01 17:23:19.416,1751370799416,-7970,-3073,895,70,-120,74
325,2025-07-01 17:23:20.025,2025-07-01 17:23:19.730184,-5.3127336502075195,-8.224082946777344,-1.3048399686813354,0.02932153269648552,-0.042760565876960754,-0.010995574295520782,2025-07-01 17:23:19.768,1751370799768,-8004,-2802,774,-55,-70,29
326,2025-07-01 17:23:20.122,2025-07-01 17:23:19.830115,-5.272032260894775,-8.216899871826172,-1.4532804489135742,0.14049901068210602,-0.06230825558304787,-0.09651670604944229,2025-07-01 17:23:19.848,1751370799848,-7951,-2961,835,291,-264,25
327,2025-07-01 17:23:20.319,2025-07-01 17:23:20.030135,-5.2480902671813965,-8.315062522888184,-1.2425906658172607,0.03787364438176155,0.009773843921720982,0.030543262138962746,2025-07-01 17:23:20.019,1751370800019,-7961,-3091,889,-113,10,21
328,2025-07-01 17:23:20.526,2025-07-01 17:23:20.230239,-5.370194435119629,-8.4108304977417,-1.3407529592514038,-0.06475171446800232,0.07330382615327835,0.010995574295520782,2025-07-01 17:23:20.219,1751370800219,-7941,-3157,685,121,-122,40
329,2025-07-01 17:23:20.726,2025-07-01 17:23:20.430220,-5.286397457122803,-8.365341186523438,-1.3479355573654175,0.0024434609804302454,-0.039095375686883926,-0.04642575979232788,2025-07-01 17:23:20.398,1751370800398,-7958,-3109,687,3,-104,-94
330,2025-07-01 17:23:20.825,2025-07-01 17:23:20.530425,-5.238513469696045,-8.279149055480957,-1.2449848651885986,0.04153883829712868,-0.00366519158706069,-0.036651913076639175,2025-07-01 17:23:20.561,1751370800561,-7996,-3088,670,8,-107,116
331,2025-07-01 17:23:20.928,2025-07-01 17:23:20.630048,-5.353435039520264,-8.063671112060547,-1.237802267074585,-0.06719517707824707,0.051312681287527084,0.045204028487205505,2025-07-01 17:23:20.650,1751370800650,-7972,-3083,662,-262,126,98
332,2025-07-01 17:23:21.032,2025-07-01 17:23:20.730132,-5.621585369110107,-8.710105895996094,-1.158793568611145,-0.09162978827953339,0.07819075137376785,0.06352998316287994,2025-07-01 17:23:20.747,1751370800747,-7982,-3084,673,-264,-118,82
333,2025-07-01 17:23:21.233,2025-07-01 17:23:20.930118,-5.272032260894775,-8.24084186553955,-1.290474772453308,0.05742133408784866,-0.04642575979232788,-0.03298672288656235,2025-07-01 17:23:20.917,1751370800917,-7977,-3109,871,4,-98,17
334,2025-07-01 17:23:21.320,2025-07-01 17:23:21.029558,-5.17626428604126,-8.396465301513672,-1.1468225717544556,-0.019547687843441963,-0.042760565876960754,-0.02076941914856434,2025-07-01 17:23:21.005,1751370801005,-7997,-3124,854,44,-94,26
335,2025-07-01 17:23:21.423,2025-07-01 17:23:21.130415,-5.173870086669922,-8.183381080627441,-1.2832920551300049,-0.11239920556545258,0.07452555745840073,0.018325956538319588,2025-07-01 17:23:21.108,1751370801108,-7955,-3126,856,31,119,55
336,2025-07-01 17:23:21.523,2025-07-01 17:23:21.230219,-5.324704647064209,-8.22887134552002,-1.3742717504501343,-0.07208210229873657,0.04642575979232788,0.0403171069920063,2025-07-01 17:23:21.199,1751370801199,-7958,-3138,862,14,-118,72
337,2025-07-01 17:23:21.623,2025-07-01 17:23:21.330117,-5.408501625061035,-8.432378768920898,-1.3479355573654175,-0.045204028487205505,-0.028099801391363144,-0.018325956538319588,2025-07-01 17:23:21.294,1751370801294,-7990,-3112,844,-288,-59,104
338,2025-07-01 17:23:21.719,2025-07-01 17:23:21.430091,-5.288791656494141,-8.310274124145508,-1.455674648284912,0.08552113175392151,-0.028099801391363144,-0.00855211354792118,2025-07-01 17:23:21.471,1751370801471,-7996,-3086,823,57,119,68
339,2025-07-01 17:23:21.826,2025-07-01 17:23:21.529984,-5.16429328918457,-8.276755332946777,-1.3335703611373901,0.05375614017248154,-0.02687807008624077,0.0012217304902151227,2025-07-01 17:23:21.559,1751370801559,-7955,-3089,845,44,119,67
340,2025-07-01 17:23:22.022,2025-07-01 17:23:21.630275,-5.336675643920898,-8.221688270568848,-1.4269442558288574,0.00366519158706069,0.03298672288656235,-0.05619960278272629,2025-07-01 17:23:21.644,1751370801644,-7947,-3113,853,93,-101,89
341,2025-07-01 17:23:22.219,2025-07-01 17:23:21.930044,-5.303156852722168,-8.274360656738281,-1.2665326595306396,0.0024434609804302454,-0.04642575979232788,-0.013439035043120384,2025-07-01 17:23:21.911,1751370801911,-7991,-3081,790,17,-97,71
342,2025-07-01 17:23:22.419,2025-07-01 17:23:22.130101,-5.185841083526611,-8.26478385925293,-1.314416766166687,0.06841690838336945,0.0024434609804302454,-0.01466076634824276,2025-07-01 17:23:22.094,1751370802094,-7979,-3085,805,77,-122,76
343,2025-07-01 17:23:22.619,2025-07-01 17:23:22.330131,-5.264849662780762,-8.066065788269043,-1.479616641998291,0.04764748737215996,-0.021991148591041565,-0.004886921960860491,2025-07-01 17:23:22.299,1751370802299,-7965,-3107,807,-262,127,55
344,2025-07-01 17:23:22.721,2025-07-01 17:23:22.430510,-5.420472621917725,-8.339004516601562,-1.2880805730819702,-0.0024434609804302454,0.021991148591041565,0.02076941914856434,2025-07-01 17:23:22.451,1751370802451,-7981,-2790,808,81,-104,104
345,2025-07-01 17:23:22.842,2025-07-01 17:23:22.530077,-5.374982833862305,-8.283937454223633,-1.256955862045288,0.13805554807186127,-0.07696902006864548,-0.07941248267889023,2025-07-01 17:23:22.540,1751370802540,-8007,-2788,799,71,-107,78
346,2025-07-01 17:23:23.019,2025-07-01 17:23:22.730139,-4.989516258239746,-8.04930591583252,-1.1109095811843872,-0.10751228034496307,0.09896016865968704,0.03176499158143997,2025-07-01 17:23:22.721,1751370802721,-7980,-3073,817,67,-122,33
347,2025-07-01 17:23:23.121,2025-07-01 17:23:22.830127,-5.257667064666748,-8.068459510803223,-1.599326729774475,0.16371189057826996,-0.04398229718208313,-0.03787364438176155,2025-07-01 17:23:22.808,1751370802808,-7981,-3114,809,51,-295,-224
348,2025-07-01 17:23:23.221,2025-07-01 17:23:22.930104,-5.389348030090332,-8.135497093200684,-1.2832920551300049,0.05009094998240471,-0.04398229718208313,-0.018325956538319588,2025-07-01 17:23:22.924,1751370802924,-7954,-3132,839,27,-373,-217
349,2025-07-01 17:23:23.620,2025-07-01 17:23:23.330003,-5.190629482269287,-8.427590370178223,-1.070208191871643,-0.042760565876960754,0.00366519158706069,-0.01710422709584236,2025-07-01 17:23:23.359,1751370803359,-7982,-3149,858,81,-93,102
350,2025-07-01 17:23:23.925,2025-07-01 17:23:23.630442,-5.293580055236816,-8.741230010986328,-1.3479355573654175,-0.09773843735456467,0.03787364438176155,0.06963863968849182,2025-07-01 17:23:23.619,1751370803619,-7965,-3149,852,0,124,105
351,2025-07-01 17:23:24.021,2025-07-01 17:23:23.730114,-5.305551052093506,-8.269572257995605,-1.256955862045288,-0.004886921960860491,-0.019547687843441963,-0.030543262138962746,2025-07-01 17:23:23.715,1751370803715,-7943,-3157,845,50,-89,107
352,2025-07-01 17:23:24.121,2025-07-01 17:23:23.830102,-5.161899089813232,-8.183381080627441,-1.213860273361206,0.05742133408784866,-0.006108652334660292,0.0012217304902151227,2025-07-01 17:23:23.802,1751370803802,-7961,-3147,855,67,-111,-109
353,2025-07-01 17:23:24.323,2025-07-01 17:23:24.030125,-5.2672438621521,-8.322244644165039,-1.1875240802764893,0.02932153269648552,-0.0024434609804302454,0.0024434609804302454,2025-07-01 17:23:24.002,1751370804002,-7965,-3132,850,45,102,95
354,2025-07-01 17:23:24.529,2025-07-01 17:23:24.230838,-5.118803024291992,-8.243236541748047,-1.0654197931289673,0.006108652334660292,-0.01466076634824276,-0.015882495790719986,2025-07-01 17:23:24.252,1751370804252,-7986,-3109,831,71,-88,61
355,2025-07-01 17:23:24.620,2025-07-01 17:23:24.330353,-5.2265424728393555,-8.580819129943848,-1.2856862545013428,-0.22846360504627228,0.021991148591041565,0.024434609338641167,2025-07-01 17:23:24.347,1751370804347,-7972,-3142,850,63,62,13
356,2025-07-01 17:23:24.819,2025-07-01 17:23:24.530131,-5.2672438621521,-8.288725852966309,-1.4508862495422363,-0.036651913076639175,0.02076941914856434,0.06230825558304787,2025-07-01 17:23:24.521,1751370804521,-7953,-3137,848,66,54,26
357,2025-07-01 17:23:24.919,2025-07-01 17:23:24.630139,-5.3127336502075195,-8.250418663024902,-1.3623007535934448,0.059864792972803116,-0.006108652334660292,0.00366519158706069,2025-07-01 17:23:24.618,1751370804618,-7959,-3137,875,51,-112,72
358,2025-07-01 17:23:25.024,2025-07-01 17:23:24.730224,-5.2672438621521,-8.17141056060791,-1.3024457693099976,0.04642575979232788,-0.03420845419168472,-0.012217304669320583,2025-07-01 17:23:24.700,1751370804700,-7968,-3121,864,88,-66,-109
359,2025-07-01 17:23:25.227,2025-07-01 17:23:24.929798,-5.183446884155273,-8.327033042907715,-1.1875240802764893,-0.11484266817569733,0.05375614017248154,0.045204028487205505,2025-07-01 17:23:24.968,1751370804968,-7967,-2808,864,21,-121,114
360,2025-07-01 17:23:25.325,2025-07-01 17:23:25.030020,-5.339069843292236,-8.29830265045166,-1.357512354850769,0.02076941914856434,0.04642575979232788,0.012217304669320583,2025-07-01 17:23:25.065,1751370805065,-7985,-3116,861,5,-103,55
361,2025-07-01 17:23:25.527,2025-07-01 17:23:25.229408,-5.22175407409668,-8.195352554321289,-1.4652514457702637,0.05375614017248154,-0.036651913076639175,0.0012217304902151227,2025-07-01 17:23:25.249,1751370805249,-8055,-2816,812,-18,-271,-798
362,2025-07-01 17:23:25.723,2025-07-01 17:23:25.430126,-5.197812080383301,-8.176198959350586,-1.359906554222107,0.1368338167667389,-0.028099801391363144,-0.00366519158706069,2025-07-01 17:23:25.416,1751370805416,-7941,-3156,867,11,-192,-597
363,2025-07-01 17:23:26.619,2025-07-01 17:23:26.330060,-5.389348030090332,-8.018181800842285,-1.4173674583435059,0.09773843735456467,0.02321287989616394,-0.00733038317412138,2025-07-01 17:23:26.318,1751370806318,-7658,-2998,1079,53,57,55
364,2025-07-01 17:23:26.819,2025-07-01 17:23:26.529494,-5.228936672210693,-8.362946510314941,-1.2473790645599365,0.021991148591041565,-0.06230825558304787,-0.045204028487205505,2025-07-01 17:23:26.509,1751370806509,-7650,-2949,1060,20,-60,-87
365,2025-07-01 17:23:26.921,2025-07-01 17:23:26.630448,-5.0469770431518555,-8.087613105773926,-1.1516109704971313,-0.042760565876960754,0.024434609338641167,0.04398229718208313,2025-07-01 17:23:26.598,1751370806598,-7940,-3194,1046,27,-87,-98
366,2025-07-01 17:23:27.023,2025-07-01 17:23:26.729298,-5.183446884155273,-8.058882713317871,-1.5897499322891235,0.13439035415649414,-0.0403171069920063,-0.00733038317412138,2025-07-01 17:23:26.694,1751370806694,-7954,-3159,1028,8,-82,-18
367,2025-07-01 17:23:27.220,2025-07-01 17:23:26.930307,-5.25527286529541,-8.283937454223633,-1.2066776752471924,0.018325956538319588,0.02076941914856434,0.012217304669320583,2025-07-01 17:23:26.958,1751370806958,-7975,-3112,702,-289,-128,56
368,2025-07-01 17:23:27.337,2025-07-01 17:23:27.030143,-5.47075080871582,-8.293514251708984,-1.194706678390503,-0.04153883829712868,-0.0012217304902151227,0.09040805697441101,2025-07-01 17:23:27.051,1751370807051,-7964,-3132,722,63,-127,21
369,2025-07-01 17:23:27.429,2025-07-01 17:23:27.129940,-5.327098846435547,-8.312667846679688,-1.335964560508728,0.0024434609804302454,0.04642575979232788,0.025656340643763542,2025-07-01 17:23:27.144,1751370807144,-7984,-3105,711,67,124,47
370,2025-07-01 17:23:27.619,2025-07-01 17:23:27.329874,-5.351040840148926,-8.291120529174805,-1.4317326545715332,0.0024434609804302454,0.02321287989616394,0.018325956538319588,2025-07-01 17:23:27.306,1751370807306,-8010,-2763,664,-101,-65,371
371,2025-07-01 17:23:27.720,2025-07-01 17:23:27.430439,-5.310339450836182,-8.224082946777344,-1.4053963422775269,0.02687807008624077,0.00366519158706069,0.004886921960860491,2025-07-01 17:23:27.410,1751370807410,-8015,-2736,656,-125,-47,197
372,2025-07-01 17:23:27.824,2025-07-01 17:23:27.530048,-5.477933406829834,-8.161833763122559,-1.5322890281677246,0.01466076634824276,0.0024434609804302454,0.01710422709584236,2025-07-01 17:23:27.506,1751370807506,-8020,-2723,706,48,63,24
373,2025-07-01 17:23:27.922,2025-07-01 17:23:27.630462,-5.374982833862305,-8.329427719116211,-1.3551181554794312,0.00366519158706069,-0.019547687843441963,0.004886921960860491,2025-07-01 17:23:27.592,1751370807592,-8021,-2936,696,-87,-101,-263
374,2025-07-01 17:23:28.020,2025-07-01 17:23:27.730002,-5.389348030090332,-8.226476669311523,-1.434126853942871,0.0012217304902151227,0.0,-0.004886921960860491,2025-07-01 17:23:27.755,1751370807755,-8031,-2918,697,27,-108,121
375,2025-07-01 17:23:28.226,2025-07-01 17:23:27.930151,-5.394136428833008,-8.271966934204102,-1.522712230682373,-0.0012217304902151227,0.00733038317412138,-0.006108652334660292,2025-07-01 17:23:27.942,1751370807942,-8050,-2915,671,49,89,24
376,2025-07-01 17:23:28.420,2025-07-01 17:23:28.130168,-5.365406036376953,-8.2312650680542,-1.434126853942871,-0.01710422709584236,0.010995574295520782,0.00366519158706069,2025-07-01 17:23:28.119,1751370808119,-8042,-2893,680,77,-85,111
377,2025-07-01 17:23:28.619,2025-07-01 17:23:28.330202,-5.374982833862305,-8.248024940490723,-1.525106430053711,-0.00733038317412138,-0.01466076634824276,0.004886921960860491,2025-07-01 17:23:28.323,1751370808323,-8051,-2855,667,30,-48,352
378,2025-07-01 17:23:28.921,2025-07-01 17:23:28.629458,-5.372588634490967,-8.312667846679688,-1.4891934394836426,-0.02687807008624077,0.00733038317412138,-0.015882495790719986,2025-07-01 17:23:28.603,1751370808603,-7920,-2576,773,80,167,539
379,2025-07-01 17:23:30.227,2025-07-01 17:23:29.229991,-5.374982833862305,-7.975085735321045,-1.6328455209732056,-0.504574716091156,-0.03787364438176155,0.03298672288656235,2025-07-01 17:23:29.215,1751370809215,-7895,-2597,781,60,52,-184
380,2025-07-01 17:23:30.326,2025-07-01 17:23:30.029739,-5.2049946784973145,-8.17141056060791,-1.3335703611373901,0.009773843921720982,0.08552113175392151,-0.0012217304902151227,2025-07-01 17:23:30.013,1751370810013,-7998,-2773,703,74,-128,-358
381,2025-07-01 17:23:30.531,2025-07-01 17:23:30.230589,-5.39174222946167,-8.35336971282959,-1.5466543436050415,-0.00366519158706069,-0.02076941914856434,-0.03298672288656235,2025-07-01 17:23:30.205,1751370810205,-7985,-3080,670,25,-76,117
382,2025-07-01 17:23:30.937,2025-07-01 17:23:30.631920,-5.317522048950195,-8.068459510803223,-1.3024457693099976,0.05009094998240471,0.030543262138962746,0.0659734457731247,2025-07-01 17:23:30.644,1751370810644,-7994,-2792,698,41,-68,-47
383,2025-07-01 17:23:31.224,2025-07-01 17:23:30.930824,-5.243301868438721,-8.224082946777344,-1.0893617868423462,0.013439035043120384,-0.01466076634824276,-0.024434609338641167,2025-07-01 17:23:30.909,1751370810909,-8028,-2749,669,61,95,125
384,2025-07-01 17:23:31.332,2025-07-01 17:23:31.029746,-5.200206279754639,-8.037335395812988,-1.2641384601593018,-0.17348572611808777,0.09529497474431992,0.07819075137376785,2025-07-01 17:23:30.995,1751370810995,-7986,-2770,681,89,-94,31
385,2025-07-01 17:23:31.425,2025-07-01 17:23:31.130083,-5.360617637634277,-8.267178535461426,-1.455674648284912,-0.015882495790719986,0.0403171069920063,0.01466076634824276,2025-07-01 17:23:31.094,1751370811094,-8008,-2787,664,23,-101,20
386,2025-07-01 17:23:31.628,2025-07-01 17:23:31.330829,-5.307945251464844,-8.183381080627441,-1.280897855758667,0.11362093687057495,-0.05253441259264946,-0.05864306539297104,2025-07-01 17:23:31.367,1751370811367,-8048,-2886,734,-94,-91,-99
387,2025-07-01 17:23:31.820,2025-07-01 17:23:31.529441,-5.303156852722168,-8.44434928894043,-1.290474772453308,-0.22479841113090515,0.04642575979232788,0.1319468915462494,2025-07-01 17:23:31.540,1751370811540,-8044,-2889,740,-116,-95,-106
388,2025-07-01 17:23:32.020,2025-07-01 17:23:31.629996,-5.343858242034912,-8.221688270568848,-1.41257905960083,0.02076941914856434,-0.025656340643763542,0.006108652334660292,2025-07-01 17:23:31.662,1751370811662,-7835,-2899,719,8,24,10
389,2025-07-01 17:23:32.219,2025-07-01 17:23:31.932499,-5.274426460266113,-8.061277389526367,-1.314416766166687,-0.08307767659425735,0.02687807008624077,0.030543262138962746,2025-07-01 17:23:31.904,1751370811904,-8030,-2757,723,1,259,-292
390,2025-07-01 17:23:32.320,2025-07-01 17:23:32.030014,-5.501875400543213,-8.315062522888184,-1.0127472877502441,0.012217304669320583,0.04153883829712868,0.0708603709936142,2025-07-01 17:23:32.016,1751370812016,-7997,-2764,697,38,-80,-284
391,2025-07-01 17:23:32.619,2025-07-01 17:23:32.329932,-5.262455463409424,-8.355764389038086,-1.0797849893569946,0.02932153269648552,-0.02687807008624077,-0.05375614017248154,2025-07-01 17:23:32.367,1751370812367,-7986,-3078,857,26,281,63
392,2025-07-01 17:23:32.834,2025-07-01 17:23:32.531475,-5.310339450836182,-8.118738174438477,-1.5753847360610962,0.015882495790719986,0.01710422709584236,0.02076941914856434,2025-07-01 17:23:32.540,1751370812540,-7679,-3159,643,-114,78,-360
393,2025-07-01 17:23:33.030,2025-07-01 17:23:32.730773,-5.224148273468018,-8.118738174438477,-1.359906554222107,0.11362093687057495,-0.04642575979232788,-0.07452555745840073,2025-07-01 17:23:32.719,1751370812719,-7970,-3129,890,-276,14,11
394,2025-07-01 17:23:33.120,2025-07-01 17:23:32.730773,-5.224148273468018,-8.118738174438477,-1.359906554222107,0.11362093687057495,-0.04642575979232788,-0.07452555745840073,2025-07-01 17:23:32.721,1751370812721,-7962,-3138,668,-311,-302,-275
395,2025-07-01 17:23:33.224,2025-07-01 17:23:32.930256,-5.47075080871582,-7.979874134063721,-1.3646949529647827,0.24068090319633484,0.06475171446800232,0.06352998316287994,2025-07-01 17:23:32.897,1751370812897,-7938,-3183,702,-339,-311,-305
396,2025-07-01 17:23:33.419,2025-07-01 17:23:33.030337,-5.427655220031738,-8.197746276855469,-1.5897499322891235,0.1368338167667389,-0.03420845419168472,-0.04886921867728233,2025-07-01 17:23:32.998,1751370812998,-7939,-2986,735,56,18,-146
397,2025-07-01 17:23:33.619,2025-07-01 17:23:33.332821,-5.262455463409424,-8.597578048706055,-1.3024457693099976,-0.14782938361167908,0.05009094998240471,0.013439035043120384,2025-07-01 17:23:33.359,1751370813359,-7641,-3018,1124,82,114,79
398,2025-07-01 17:23:33.723,2025-07-01 17:23:33.430842,-5.341464042663574,-8.257601737976074,-1.357512354850769,-0.024434609338641167,-0.004886921960860491,-0.009773843921720982,2025-07-01 17:23:33.438,1751370813438,-7638,-2979,1111,-264,-63,27
399,2025-07-01 17:23:33.933,2025-07-01 17:23:33.629524,-5.339069843292236,-8.451532363891602,-1.3407529592514038,-0.02932153269648552,-0.01466076634824276,-0.024434609338641167,2025-07-01 17:23:33.619,1751370813619,-7608,-3067,1123,-299,92,71
400,2025-07-01 17:23:34.021,2025-07-01 17:23:33.731255,-5.193023681640625,-8.020575523376465,-1.3192051649093628,0.27488934993743896,-0.09529497474431992,-0.08185594528913498,2025-07-01 17:23:33.722,1751370813722,-7676,-3002,1078,35,-86,86
401,2025-07-01 17:23:34.119,2025-07-01 17:23:33.829953,-4.932055473327637,-7.9176249504089355,-1.4676456451416016,0.012217304669320583,-0.02076941914856434,-0.0659734457731247,2025-07-01 17:23:33.806,1751370813806,-7642,-3016,1089,70,-94,94
402,2025-07-01 17:23:34.319,2025-07-01 17:23:34.030288,-5.377377033233643,-8.458714485168457,-1.3718775510787964,-0.13439035415649414,0.019547687843441963,0.021991148591041565,2025-07-01 17:23:34.013,1751370814013,-7645,-3002,1110,65,-102,105
403,2025-07-01 17:23:34.529,2025-07-01 17:23:34.233139,-5.250484466552734,-8.547300338745117,-1.2234370708465576,0.08796459436416626,-0.05253441259264946,-0.08552113175392151,2025-07-01 17:23:34.268,1751370814268,-7676,-3021,1088,0,110,113
404,2025-07-01 17:23:34.619,2025-07-01 17:23:34.331170,-5.049371242523193,-7.872135162353516,-1.235408067703247,0.0806342139840126,0.09651670604944229,0.039095375686883926,2025-07-01 17:23:34.338,1751370814338,-7675,-3181,1113,3,-127,-8
405,2025-07-01 17:23:34.919,2025-07-01 17:23:34.630061,-5.353435039520264,-8.185775756835938,-1.3766659498214722,0.10873401165008545,-0.04886921867728233,-0.04398229718208313,2025-07-01 17:23:34.609,1751370814609,-7954,-3180,1103,-273,121,-44
406,2025-07-01 17:23:35.019,2025-07-01 17:23:34.730187,-5.169081687927246,-8.133103370666504,-1.1085153818130493,0.09040805697441101,-0.006108652334660292,-0.0708603709936142,2025-07-01 17:23:34.703,1751370814703,-7947,-2946,1124,21,72,-117
407,2025-07-01 17:23:35.530,2025-07-01 17:23:35.129893,-5.25527286529541,-8.20492935180664,-1.41257905960083,0.1111774742603302,-0.09162978827953339,-0.08552113175392151,2025-07-01 17:23:35.135,1751370815135,-7859,-2549,853,-95,-22,-66
408,2025-07-01 17:23:35.719,2025-07-01 17:23:35.429948,-5.427655220031738,-8.355764389038086,-1.4915876388549805,-0.0024434609804302454,0.025656340643763542,0.042760565876960754,2025-07-01 17:23:35.417,1751370815417,-7838,-2832,847,114,-120,-290
409,2025-07-01 17:23:35.929,2025-07-01 17:23:35.630125,-5.303156852722168,-8.348581314086914,-1.381454348564148,0.09162978827953339,-0.05742133408784866,-0.06841690838336945,2025-07-01 17:23:35.614,1751370815614,-7821,-2867,843,9,-125,-262
410,2025-07-01 17:23:36.119,2025-07-01 17:23:35.830449,-5.276820659637451,-8.090007781982422,-1.1348515748977661,-0.05375614017248154,0.08918632566928864,0.06230825558304787,2025-07-01 17:23:35.860,1751370815860,-7811,-2884,852,19,83,-274
411,2025-07-01 17:23:36.221,2025-07-01 17:23:35.929823,-5.430049419403076,-8.020575523376465,-1.3551181554794312,0.18081611394882202,0.01466076634824276,0.03787364438176155,2025-07-01 17:23:35.959,1751370815959,-8032,-2903,650,-69,100,24
412,2025-07-01 17:23:36.336,2025-07-01 17:23:36.029706,-5.264849662780762,-8.166622161865234,-1.6160861253738403,0.010995574295520782,-0.04886921867728233,-0.05619960278272629,2025-07-01 17:23:36.051,1751370816051,-8044,-2699,892,37,-100,31
413,2025-07-01 17:23:36.519,2025-07-01 17:23:36.229969,-5.073313236236572,-8.343792915344238,-1.194706678390503,0.05009094998240471,-0.02932153269648552,-0.0403171069920063,2025-07-01 17:23:36.221,1751370816221,-8022,-2701,882,56,-118,15
414,2025-07-01 17:23:36.627,2025-07-01 17:23:36.329374,-5.173870086669922,-8.614337921142578,-1.3335703611373901,-0.4239404797554016,0.10018189996480942,0.19058994948863983,2025-07-01 17:23:36.316,1751370816316,-8023,-2707,891,56,-117,-264
415,2025-07-01 17:23:36.922,2025-07-01 17:23:36.630473,-5.384559631347656,-7.95832633972168,-1.2330138683319092,-0.31520646810531616,0.06475171446800232,0.02687807008624077,2025-07-01 17:23:36.593,1751370816593,-8048,-2906,834,56,-84,92
416,2025-07-01 17:23:37.228,2025-07-01 17:23:36.931858,-5.5976433753967285,-7.745242595672607,-2.7054479122161865,-0.5009095072746277,-0.03176499158143997,0.036651913076639175,2025-07-01 17:23:36.959,1751370816959,-8042,-2917,805,69,-76,12
417,2025-07-01 17:23:39.019,2025-07-01 17:23:37.231955,-5.415684223175049,-7.644686222076416,-3.4620156288146973,0.1918116807937622,-0.025656340643763542,-0.07208210229873657,2025-07-01 17:23:37.227,1751370817227,-8049,-2923,501,74,-62,73
418,2025-07-01 17:23:39.524,2025-07-01 17:23:37.630132,-5.724536418914795,-7.718906402587891,-3.315969467163086,0.21380282938480377,-0.06108652427792549,-0.1062905490398407,2025-07-01 17:23:37.667,1751370817667,-7981,-2755,779,83,96,-318
419,2025-07-01 17:23:39.919,2025-07-01 17:23:39.630398,-5.135562419891357,-8.365341186523438,-0.9552865028381348,-0.25045475363731384,-0.009773843921720982,-0.0354301854968071,2025-07-01 17:23:39.650,1751370819650,-7599,-3381,744,43,-87,-121
420,2025-07-01 17:23:40.125,2025-07-01 17:23:39.830340,-5.30076265335083,-8.169015884399414,-1.0462661981582642,0.02687807008624077,-0.01466076634824276,0.04153883829712868,2025-07-01 17:23:39.820,1751370819820,-7606,-3366,736,-298,-127,32
421,2025-07-01 17:23:40.219,2025-07-01 17:23:39.929556,-5.324704647064209,-8.030152320861816,-1.1037269830703735,-0.042760565876960754,0.0024434609804302454,-0.00733038317412138,2025-07-01 17:23:39.915,1751370819915,-7616,-3388,716,4,-48,-127
422,2025-07-01 17:23:40.331,2025-07-01 17:23:40.030111,-5.315127849578857,-8.315062522888184,-1.3646949529647827,-0.09896016865968704,-0.03298672288656235,-0.04642575979232788,2025-07-01 17:23:40.017,1751370820017,-7612,-3386,714,51,-56,98
423,2025-07-01 17:23:40.625,2025-07-01 17:23:40.330064,-5.384559631347656,-8.214506149291992,-1.4987702369689941,0.0757472887635231,-0.06841690838336945,-0.05375614017248154,2025-07-01 17:23:40.303,1751370820303,-7618,-3361,692,-260,123,100
424,2025-07-01 17:23:40.828,2025-07-01 17:23:40.530221,-5.34625244140625,-8.40843677520752,-1.2258312702178955,0.1319468915462494,-0.09040805697441101,-0.025656340643763542,2025-07-01 17:23:40.546,1751370820546,-7613,-3027,692,111,-112,-54
425,2025-07-01 17:23:41.023,2025-07-01 17:23:40.730080,-5.015852451324463,-8.506598472595215,-1.3335703611373901,-0.02932153269648552,0.10018189996480942,0.07941248267889023,2025-07-01 17:23:40.735,1751370820735,-7665,-3013,689,63,81,79
426,2025-07-01 17:23:41.221,2025-07-01 17:23:40.930204,-5.389348030090332,-8.513781547546387,-0.727837324142456,-0.0403171069920063,-0.02687807008624077,-0.019547687843441963,2025-07-01 17:23:40.915,1751370820915,-7631,-3010,705,105,100,-290
427,2025-07-01 17:23:41.329,2025-07-01 17:23:41.030038,-5.317522048950195,-8.53532886505127,-0.8212111592292786,0.07452555745840073,-0.02932153269648552,-0.045204028487205505,2025-07-01 17:23:40.995,1751370820995,-7629,-3037,723,85,-123,44
428,2025-07-01 17:23:41.423,2025-07-01 17:23:41.130091,-5.284003257751465,-8.291120529174805,-0.8379706144332886,0.1417207419872284,-0.06108652427792549,-0.04153883829712868,2025-07-01 17:23:41.104,1751370821104,-7647,-3040,730,56,106,49
429,2025-07-01 17:23:41.622,2025-07-01 17:23:41.330376,-4.946420669555664,-8.47547435760498,-0.790086567401886,-0.0659734457731247,0.08185594528913498,0.10506882518529892,2025-07-01 17:23:41.364,1751370821364,-7659,-3061,728,-118,-72,76
430,2025-07-01 17:23:41.728,2025-07-01 17:23:41.430,-5.264849662780762,-8.403648376464844,-0.8858546018600464,-0.0012217304902151227,-0.02932153269648552,-0.0012217304902151227,2025-07-01 17:23:41.445,1751370821445,-7659,-3011,704,113,-112,76
431,2025-07-01 17:23:41.830,2025-07-01 17:23:41.530194,-5.293580055236816,-8.236053466796875,-0.8307880163192749,-0.10995574295520782,-0.0659734457731247,0.021991148591041565,2025-07-01 17:23:41.564,1751370821564,-7943,-3031,703,56,123,70
432,2025-07-01 17:23:42.119,2025-07-01 17:23:41.830747,-5.4875102043151855,-8.259995460510254,-1.0295066833496094,0.00733038317412138,-0.02076941914856434,0.03298672288656235,2025-07-01 17:23:41.808,1751370821808,-7608,-3388,1094,-71,-309,-187
433,2025-07-01 17:23:42.421,2025-07-01 17:23:42.130205,-5.60722017288208,-8.255207061767578,-0.7254431247711182,-0.00855211354792118,0.07696902006864548,-0.0354301854968071,2025-07-01 17:23:42.160,1751370822160,-7110,-3979,1570,180,-224,-802
434,2025-07-01 17:23:42.523,2025-07-01 17:23:42.229872,-5.169081687927246,-8.087613105773926,-0.8978256583213806,0.18570303916931152,-0.1258382350206375,-0.1160643994808197,2025-07-01 17:23:42.258,1751370822258,-7235,-4119,1471,556,51,-346
435,2025-07-01 17:23:42.627,2025-07-01 17:23:42.330173,-5.106832027435303,-8.396465301513672,-0.8307880163192749,-0.17837265133857727,0.02687807008624077,0.006108652334660292,2025-07-01 17:23:42.361,1751370822361,-7542,-4105,1618,-266,169,314
436,2025-07-01 17:23:42.724,2025-07-01 17:23:42.429961,-5.473145008087158,-9.009381294250488,-0.9792284965515137,-0.4605923891067505,0.05619960278272629,0.13316862285137177,2025-07-01 17:23:42.440,1751370822440,-7342,-4103,1590,-371,376,311
437,2025-07-01 17:23:42.919,2025-07-01 17:23:42.631842,-5.056553840637207,-8.501810073852539,-0.7469909191131592,-0.02687807008624077,-0.018325956538319588,-0.025656340643763542,2025-07-01 17:23:42.627,1751370822627,-7527,-3758,1174,-183,281,264
438,2025-07-01 17:23:43.022,2025-07-01 17:23:42.730010,-5.149928092956543,-8.38688850402832,-0.7948749661445618,0.1661553531885147,0.051312681287527084,-0.02687807008624077,2025-07-01 17:23:42.703,1751370822703,-7552,-3938,1381,-166,309,520
439,2025-07-01 17:23:43.226,2025-07-01 17:23:42.933942,-5.279214859008789,-8.257601737976074,-0.8643068075180054,-0.051312681287527084,0.05619960278272629,0.08307767659425735,2025-07-01 17:23:42.971,1751370822971,-7364,-3583,990,-335,215,233
440,2025-07-01 17:23:43.419,2025-07-01 17:23:43.130250,-5.262455463409424,-8.176198959350586,-1.01753568649292,-0.0012217304902151227,0.0659734457731247,0.02321287989616394,2025-07-01 17:23:43.156,1751370823156,-7689,-3898,1300,-38,-99,2
441,2025-07-01 17:23:43.519,2025-07-01 17:23:43.232221,-5.758055210113525,-8.918401718139648,-1.2976573705673218,-0.1368338167667389,0.05497787147760391,0.10751228034496307,2025-07-01 17:23:43.252,1751370823252,-7321,-3916,1340,-101,-20,100
442,2025-07-01 17:23:43.819,2025-07-01 17:23:43.529989,-5.477933406829834,-7.9415669441223145,-0.7206547260284424,-0.17592918872833252,-0.01466076634824276,0.08796459436416626,2025-07-01 17:23:43.516,1751370823516,-7420,-3948,1350,109,358,96
443,2025-07-01 17:23:43.929,2025-07-01 17:23:43.629767,-5.408501625061035,-8.101978302001953,-0.9433154463768005,-0.04764748737215996,-0.04886921867728233,0.08429940044879913,2025-07-01 17:23:43.607,1751370823607,-7806,-3828,1186,80,97,-70
444,2025-07-01 17:23:44.019,2025-07-01 17:23:43.729932,-5.152322292327881,-8.219294548034668,-0.8690952062606812,-0.09407325088977814,-0.05375614017248154,-0.06108652427792549,2025-07-01 17:23:43.702,1751370823702,-7322,-3552,1202,-268,-101,17
445,2025-07-01 17:23:44.220,2025-07-01 17:23:43.929838,-5.442020416259766,-8.406042098999023,-0.8595184087753296,0.14294247329235077,-0.0659734457731247,-0.051312681287527084,2025-07-01 17:23:43.894,1751370823894,-7399,-3693,1349,22,133,180
446,2025-07-01 17:23:44.319,2025-07-01 17:23:44.030201,-5.125985622406006,-8.26239013671875,-1.2521674633026123,-0.05497787147760391,-0.01710422709584236,0.09773843735456467,2025-07-01 17:23:44.049,1751370824049,-7801,-3655,1093,-514,605,-97
447,2025-07-01 17:23:44.524,2025-07-01 17:23:44.230004,-5.396530628204346,-8.257601737976074,-0.9433154463768005,0.10384709388017654,-0.024434609338641167,-0.015882495790719986,2025-07-01 17:23:44.246,1751370824246,-7747,-3647,699,45,579,160
448,2025-07-01 17:23:44.822,2025-07-01 17:23:44.530399,-5.142745018005371,-8.62630844116211,-0.5315127968788147,-0.28955012559890747,-0.05864306539297104,0.05375614017248154,2025-07-01 17:23:44.501,1751370824501,-7756,-3610,689,127,487,389
449,2025-07-01 17:23:44.919,2025-07-01 17:23:44.629704,-5.521028995513916,-8.14028549194336,-0.9361328482627869,0.07819075137376785,0.03420845419168472,-0.02687807008624077,2025-07-01 17:23:44.621,1751370824621,-7778,-3266,814,106,884,405
450,2025-07-01 17:23:45.119,2025-07-01 17:23:44.831337,-5.590460777282715,-8.164227485656738,-0.8834604024887085,0.028099801391363144,-0.03176499158143997,0.02321287989616394,2025-07-01 17:23:44.799,1751370824799,-7598,-3370,482,85,67,-261
451,2025-07-01 17:23:45.227,2025-07-01 17:23:44.929741,-5.556941986083984,-8.183381080627441,-0.8188169598579407,0.13316862285137177,-0.028099801391363144,-0.06719517707824707,2025-07-01 17:23:44.957,1751370824957,-7563,-3408,813,-84,87,-275
452,2025-07-01 17:23:45.324,2025-07-01 17:23:45.030878,-5.566518783569336,-8.238448143005371,-0.40222588181495667,0.045204028487205505,-0.02932153269648552,-0.051312681287527084,2025-07-01 17:23:45.052,1751370825052,-7601,-3406,794,110,-100,-298
453,2025-07-01 17:23:45.538,2025-07-01 17:23:45.229990,-6.124367713928223,-7.9176249504089355,-0.3447650372982025,-0.012217304669320583,0.15027284622192383,0.08185594528913498,2025-07-01 17:23:45.227,1751370825227,-7583,-3437,796,23,85,59
454,2025-07-01 17:23:45.627,2025-07-01 17:23:45.335263,-5.408501625061035,-7.802703380584717,-0.9313444495201111,0.11972958594560623,-0.05864306539297104,0.03787364438176155,2025-07-01 17:23:45.314,1751370825314,-7644,-3414,780,106,-40,-333
455,2025-07-01 17:23:45.723,2025-07-01 17:23:45.434575,-5.386953830718994,-8.164227485656738,-0.9265560507774353,0.11972958594560623,-0.07208210229873657,-0.012217304669320583,2025-07-01 17:23:45.407,1751370825407,-7596,-3446,769,15,85,-311
456,2025-07-01 17:23:45.819,2025-07-01 17:23:45.530056,-5.415684223175049,-8.188169479370117,-0.8786720037460327,0.17592918872833252,-0.04153883829712868,-0.07819075137376785,2025-07-01 17:23:45.511,1751370825511,-7764,-3284,817,66,112,-185
457,2025-07-01 17:23:46.124,2025-07-01 17:23:45.832029,-5.394136428833008,-8.14028549194336,-0.8451532125473022,0.0659734457731247,-0.00733038317412138,-0.03420845419168472,2025-07-01 17:23:45.855,1751370825855,-7738,-3605,863,108,112,-119
458,2025-07-01 17:23:46.219,2025-07-01 17:23:45.930919,-5.6191911697387695,-8.180987358093262,-0.8020575642585754,0.0012217304902151227,-0.013439035043120384,-0.05009094998240471,2025-07-01 17:23:45.953,1751370825953,-7758,-3586,874,81,-91,-3
459,2025-07-01 17:23:46.323,2025-07-01 17:23:46.029807,-5.535394191741943,-8.26239013671875,-0.7350199222564697,0.17592918872833252,-0.09529497474431992,-0.10873401165008545,2025-07-01 17:23:46.031,1751370826031,-7808,-3250,848,24,-76,256
460,2025-07-01 17:23:46.529,2025-07-01 17:23:46.229533,-5.901707172393799,-8.221688270568848,-0.7350199222564697,0.05253441259264946,0.04764748737215996,0.07819075137376785,2025-07-01 17:23:46.219,1751370826219,-7555,-3241,847,23,-84,259
461,2025-07-01 17:23:46.625,2025-07-01 17:23:46.229533,-5.901707172393799,-8.221688270568848,-0.7350199222564697,0.05253441259264946,0.04764748737215996,0.07819075137376785,2025-07-01 17:23:46.226,1751370826226,-7571,-3447,822,30,-41,335
462,2025-07-01 17:23:46.826,2025-07-01 17:23:46.529786,-5.492298603057861,-8.17141056060791,-0.7038952708244324,0.09162978827953339,-0.045204028487205505,-0.08918632566928864,2025-07-01 17:23:46.499,1751370826499,-7619,-3329,795,49,-65,-58
463,2025-07-01 17:23:46.922,2025-07-01 17:23:46.630740,-5.056553840637207,-7.979874134063721,-1.2713210582733154,-0.1368338167667389,0.03420845419168472,0.04398229718208313,2025-07-01 17:23:46.671,1751370826671,-7642,-3050,493,-319,261,288
464,2025-07-01 17:23:47.021,2025-07-01 17:23:46.730038,-5.676652431488037,-9.215282440185547,-0.849941611289978,-0.4043927788734436,0.11239920556545258,0.16737708449363708,2025-07-01 17:23:46.762,1751370826762,-7640,-3031,780,45,-59,-19
465,2025-07-01 17:23:47.119,2025-07-01 17:23:46.829803,-5.509057998657227,-8.22887134552002,-0.7924807667732239,-0.02932153269648552,-0.015882495790719986,-0.01466076634824276,2025-07-01 17:23:46.844,1751370826844,-7939,-2967,484,100,-102,77
466,2025-07-01 17:23:47.419,2025-07-01 17:23:47.131817,-5.214571475982666,-8.04691219329834,-0.8738836050033569,0.030543262138962746,-0.036651913076639175,-0.06841690838336945,2025-07-01 17:23:47.118,1751370827118,-7644,-2981,509,32,-116,116
467,2025-07-01 17:23:47.525,2025-07-01 17:23:47.229766,-5.509057998657227,-8.868123054504395,-0.5722141861915588,-0.10873401165008545,0.08674286305904388,0.09896016865968704,2025-07-01 17:23:47.205,1751370827205,-7664,-2970,501,66,-126,57
468,2025-07-01 17:23:47.633,2025-07-01 17:23:47.330499,-5.52821159362793,-8.08282470703125,-0.8236053586006165,-0.039095375686883926,-0.009773843921720982,0.00366519158706069,2025-07-01 17:23:47.309,1751370827309,-7943,-2964,480,77,-49,63
469,2025-07-01 17:23:47.719,2025-07-01 17:23:47.432162,-5.592854976654053,-8.305485725402832,-0.9050082564353943,-0.06108652427792549,-0.013439035043120384,0.006108652334660292,2025-07-01 17:23:47.411,1751370827411,-7973,-2949,469,42,-98,-41
470,2025-07-01 17:23:47.925,2025-07-01 17:23:47.630389,-5.4875102043151855,-8.154650688171387,-0.6727706789970398,0.1111774742603302,-0.0757472887635231,-0.08796459436416626,2025-07-01 17:23:47.597,1751370827597,-7955,-3134,474,32,-89,-120
471,2025-07-01 17:23:48.019,2025-07-01 17:23:47.730938,-5.355829238891602,-7.99184513092041,-0.9002198576927185,-0.10995574295520782,0.14538592100143433,-0.030543262138962746,2025-07-01 17:23:47.739,1751370827739,-7970,-3119,503,55,48,110
472,2025-07-01 17:23:48.121,2025-07-01 17:23:47.831889,-5.760449409484863,-7.879317760467529,-1.2066776752471924,0.22113321721553802,0.006108652334660292,0.042760565876960754,2025-07-01 17:23:47.843,1751370827843,-7947,-3150,805,62,74,81
473,2025-07-01 17:23:48.423,2025-07-01 17:23:48.130336,-5.257667064666748,-8.236053466796875,-0.6320692300796509,0.13927727937698364,-0.0024434609804302454,-0.08796459436416626,2025-07-01 17:23:48.121,1751370828121,-7939,-3116,504,8,-111,26
474,2025-07-01 17:23:48.523,2025-07-01 17:23:48.229890,-5.7341132164001465,-7.706935405731201,-0.7757213711738586,-0.17104226350784302,0.1514945775270462,0.05742133408784866,2025-07-01 17:23:48.203,1751370828203,-7968,-3155,504,17,-116,-267
475,2025-07-01 17:23:48.620,2025-07-01 17:23:48.329542,-5.295974254608154,-7.778761386871338,-1.2545616626739502,0.1820378452539444,-0.00855211354792118,-0.02076941914856434,2025-07-01 17:23:48.299,1751370828299,-7937,-3157,497,24,-120,-295
476,2025-07-01 17:23:48.720,2025-07-01 17:23:48.430070,-5.497087001800537,-8.279149055480957,-1.2449848651885986,0.00366519158706069,-0.024434609338641167,-0.028099801391363144,2025-07-01 17:23:48.395,1751370828395,-7678,-3159,490,6,-30,62
477,2025-07-01 17:23:48.920,2025-07-01 17:23:48.630955,-5.453991413116455,-8.018181800842285,-0.7948749661445618,0.16737708449363708,-0.09162978827953339,-0.045204028487205505,2025-07-01 17:23:48.648,1751370828648,-7951,-3141,397,-264,91,74
478,2025-07-01 17:23:49.021,2025-07-01 17:23:48.729930,-4.932055473327637,-7.898471355438232,-0.9840168952941895,-0.030543262138962746,0.02076941914856434,-0.0659734457731247,2025-07-01 17:23:48.743,1751370828743,-7980,-3127,410,-345,57,-99
479,2025-07-01 17:23:49.328,2025-07-01 17:23:49.030678,-5.57370138168335,-8.681375503540039,-0.7110779285430908,-0.1771509200334549,0.07696902006864548,0.09529497474431992,2025-07-01 17:23:49.000,1751370829000,-7984,-2799,407,-103,71,-305
480,2025-07-01 17:23:49.434,2025-07-01 17:23:49.131574,-5.453991413116455,-8.44195556640625,-0.768538773059845,0.0,-0.04886921867728233,-0.0012217304902151227,2025-07-01 17:23:49.113,1751370829113,-7955,-3112,448,67,9,-352
481,2025-07-01 17:23:49.819,2025-07-01 17:23:49.532409,-5.2696380615234375,-7.819462776184082,-1.4939818382263184,0.36651915311813354,-0.04764748737215996,-0.015882495790719986,2025-07-01 17:23:49.563,1751370829563,-7674,-3190,819,-128,89,61
482,2025-07-01 17:23:50.026,2025-07-01 17:23:49.732086,-5.521028995513916,-8.188169479370117,-1.0678139925003052,0.1722639948129654,-0.08307767659425735,-0.059864792972803116,2025-07-01 17:23:49.715,1751370829715,-7668,-3167,847,-73,108,69
483,2025-07-01 17:23:50.122,2025-07-01 17:23:49.834625,-5.34625244140625,-8.33182144165039,-0.8403648138046265,0.0757472887635231,-0.013439035043120384,-0.04398229718208313,2025-07-01 17:23:49.815,1751370829815,-7677,-3148,840,-73,-106,65
484,2025-07-01 17:23:50.231,2025-07-01 17:23:49.934238,-5.4252610206604,-8.53293514251709,-0.9720458984375,-0.35552358627319336,0.10018189996480942,0.12339477986097336,2025-07-01 17:23:49.937,1751370829937,-7961,-3142,821,83,111,51
485,2025-07-01 17:23:50.319,2025-07-01 17:23:50.032202,-5.343858242034912,-8.26478385925293,-1.0869675874710083,0.0,-0.01466076634824276,-0.03787364438176155,2025-07-01 17:23:49.999,1751370829999,-7680,-3181,868,121,-127,-259
486,2025-07-01 17:23:50.427,2025-07-01 17:23:50.129320,-5.621585369110107,-8.185775756835938,-1.0271124839782715,0.11850785464048386,-0.08429940044879913,-0.03298672288656235,2025-07-01 17:23:50.093,1751370830093,-7979,-3172,838,125,-100,-312
487,2025-07-01 17:23:50.538,2025-07-01 17:23:50.230146,-5.25527286529541,-8.281543731689453,-0.8355764150619507,0.11728613078594208,-0.10384709388017654,-0.05009094998240471,2025-07-01 17:23:50.265,1751370830265,-7650,-2962,861,71,-92,103
488,2025-07-01 17:23:50.628,2025-07-01 17:23:50.331787,-5.614402770996094,-8.710105895996094,-0.5195417404174805,-0.11972958594560623,0.04153883829712868,0.03176499158143997,2025-07-01 17:23:50.359,1751370830359,-7954,-3193,853,45,-100,-124
489,2025-07-01 17:23:50.729,2025-07-01 17:23:50.429259,-5.521028995513916,-8.329427719116211,-0.9002198576927185,-0.0403171069920063,-0.00733038317412138,0.01466076634824276,2025-07-01 17:23:50.441,1751370830441,-7937,-2957,861,24,-93,98
490,2025-07-01 17:23:50.932,2025-07-01 17:23:50.631009,-5.70777702331543,-8.315062522888184,-1.0749965906143188,-0.042760565876960754,0.042760565876960754,0.06475171446800232,2025-07-01 17:23:50.616,1751370830616,-7676,-2945,839,101,-91,52
491,2025-07-01 17:23:51.025,2025-07-01 17:23:50.731966,-5.7125654220581055,-8.192957878112793,-0.768538773059845,-0.019547687843441963,0.09651670604944229,0.07330382615327835,2025-07-01 17:23:50.733,1751370830733,-7678,-3196,856,38,123,78
492,2025-07-01 17:23:51.233,2025-07-01 17:23:50.933161,-5.523423194885254,-8.11634349822998,-0.6177040338516235,0.030543262138962746,-0.036651913076639175,-0.08918632566928864,2025-07-01 17:23:50.932,1751370830932,-7679,-3190,844,34,-120,105
493,2025-07-01 17:23:51.325,2025-07-01 17:23:51.029934,-5.626373767852783,-8.609549522399902,-0.608127236366272,-0.1869247704744339,-0.02321287989616394,-0.02932153269648552,2025-07-01 17:23:51.000,1751370831000,-7950,-3151,814,78,-49,126
494,2025-07-01 17:23:51.420,2025-07-01 17:23:51.130928,-5.367800235748291,-8.233659744262695,-0.646434485912323,-0.006108652334660292,0.00733038317412138,0.025656340643763542,2025-07-01 17:23:51.159,1751370831159,-7964,-3138,812,38,-126,67
495,2025-07-01 17:23:51.519,2025-07-01 17:23:51.230546,-5.537788391113281,-8.300697326660156,-0.8355764150619507,0.0024434609804302454,-0.00733038317412138,0.025656340643763542,2025-07-01 17:23:51.263,1751370831263,-7975,-3150,824,19,108,84
496,2025-07-01 17:23:51.626,2025-07-01 17:23:51.330997,-5.377377033233643,-8.08282470703125,-1.0342950820922852,-0.004886921960860491,-0.009773843921720982,-0.0403171069920063,2025-07-01 17:23:51.344,1751370831344,-7942,-3156,824,44,105,54
497,2025-07-01 17:23:51.837,2025-07-01 17:23:51.530809,-5.647922039031982,-8.027758598327637,-1.039083480834961,0.012217304669320583,0.05619960278272629,0.0,2025-07-01 17:23:51.515,1751370831515,-7668,-3137,821,27,118,53
498,2025-07-01 17:23:51.920,2025-07-01 17:23:51.633275,-5.499481201171875,-8.4108304977417,-0.8307880163192749,0.07819075137376785,-0.05742133408784866,-0.05619960278272629,2025-07-01 17:23:51.626,1751370831626,-7675,-3147,814,-260,-127,37
499,2025-07-01 17:23:52.021,2025-07-01 17:23:51.732293,-5.106832027435303,-7.891288757324219,-0.8259995579719543,0.14049901068210602,-0.08796459436416626,-0.06475171446800232,2025-07-01 17:23:51.728,1751370831728,-7959,-3119,787,36,-33,-115
500,2025-07-01 17:23:52.119,2025-07-01 17:23:51.834171,-5.477933406829834,-8.276755332946777,-0.8954314589500427,-0.0012217304902151227,0.021991148591041565,0.00733038317412138,2025-07-01 17:23:51.806,1751370831806,-7960,-3116,770,62,-89,-259
501,2025-07-01 17:23:52.229,2025-07-01 17:23:51.934761,-5.485116004943848,-7.893682956695557,-0.871489405632019,-0.33719760179519653,0.021991148591041565,0.10262536257505417,2025-07-01 17:23:51.975,1751370831975,-7942,-3151,790,56,111,13
502,2025-07-01 17:23:52.525,2025-07-01 17:23:52.229832,-5.521028995513916,-8.224082946777344,-1.4484920501708984,0.019547687843441963,-0.05864306539297104,-0.010995574295520782,2025-07-01 17:23:52.263,1751370832263,-7996,-3139,815,28,-178,-119
503,2025-07-01 17:23:52.638,2025-07-01 17:23:52.330640,-5.473145008087158,-8.188169479370117,-1.4628572463989258,0.10506882518529892,-0.019547687843441963,-0.05619960278272629,2025-07-01 17:23:52.340,1751370832340,-7665,-3118,873,69,-149,-90
504,2025-07-01 17:23:52.721,2025-07-01 17:23:52.434369,-5.4875102043151855,-8.22887134552002,-1.1468225717544556,-0.1563815027475357,0.05375614017248154,0.012217304669320583,2025-07-01 17:23:52.457,1751370832457,-7945,-3113,660,27,57,86
505,2025-07-01 17:23:52.922,2025-07-01 17:23:52.630230,-5.525817394256592,-7.879317760467529,-1.2880805730819702,-0.02321287989616394,0.030543262138962746,-0.039095375686883926,2025-07-01 17:23:52.609,1751370832609,-7983,-3106,653,79,-96,105
506,2025-07-01 17:23:53.223,2025-07-01 17:23:52.929418,-5.449203014373779,-8.085219383239746,-1.280897855758667,0.042760565876960754,-0.04886921867728233,-0.03420845419168472,2025-07-01 17:23:52.891,1751370832891,-7981,-3130,839,70,-71,39
507,2025-07-01 17:23:53.319,2025-07-01 17:23:53.031233,-5.549759387969971,-8.291120529174805,-1.1324573755264282,0.025656340643763542,-0.03420845419168472,-0.009773843921720982,2025-07-01 17:23:53.067,1751370833067,-7983,-3117,815,86,113,-258
508,2025-07-01 17:23:53.419,2025-07-01 17:23:53.130877,-5.523423194885254,-8.161833763122559,-1.1971008777618408,0.03176499158143997,-0.024434609338641167,-0.02321287989616394,2025-07-01 17:23:53.154,1751370833154,-7974,-3143,832,44,31,2
509,2025-07-01 17:23:53.519,2025-07-01 17:23:53.230948,-5.580883979797363,-8.504204750061035,-0.9409212470054626,-0.05375614017248154,0.03298672288656235,0.03420845419168472,2025-07-01 17:23:53.247,1751370833247,-7942,-3167,880,47,-319,10
510,2025-07-01 17:23:53.719,2025-07-01 17:23:53.431470,-5.250484466552734,-8.315062522888184,-0.9145850539207458,0.23090706765651703,-0.13927727937698364,-0.039095375686883926,2025-07-01 17:23:53.417,1751370833417,-7654,-3191,682,122,-98,-270
511,2025-07-01 17:23:53.819,2025-07-01 17:23:53.531153,-5.614402770996094,-8.497021675109863,-0.9385270476341248,-0.3225368559360504,0.028099801391363144,0.06352998316287994,2025-07-01 17:23:53.502,1751370833502,-7648,-3197,673,24,-114,40
512,2025-07-01 17:23:54.019,2025-07-01 17:23:53.731972,-5.602431774139404,-8.465897560119629,-1.2617442607879639,-0.16249015927314758,0.09040805697441101,-0.004886921960860491,2025-07-01 17:23:53.768,1751370833768,-7949,-3181,847,-280,-42,72
513,2025-07-01 17:23:54.221,2025-07-01 17:23:53.931487,-5.456385612487793,-8.152256965637207,-1.4173674583435059,0.0012217304902151227,0.03420845419168472,-0.024434609338641167,2025-07-01 17:23:53.963,1751370833963,-7677,-2960,802,52,-66,77
514,2025-07-01 17:23:54.319,2025-07-01 17:23:54.033799,-5.303156852722168,-7.955932140350342,-1.2689268589019775,0.00366519158706069,-0.028099801391363144,0.012217304669320583,2025-07-01 17:23:54.052,1751370834052,-7947,-3176,788,117,-62,64
515,2025-07-01 17:23:54.621,2025-07-01 17:23:54.329970,-5.583278179168701,-8.2312650680542,-1.2545616626739502,-0.030543262138962746,0.00855211354792118,-0.0012217304902151227,2025-07-01 17:23:54.319,1751370834319,-7673,-3196,798,85,-120,56
516,2025-07-01 17:23:55.035,2025-07-01 17:23:54.731353,-5.456385612487793,-8.389283180236816,-1.1755530834197998,0.10384709388017654,0.028099801391363144,0.0,2025-07-01 17:23:54.765,1751370834765,-7679,-3178,790,61,122,72
517,2025-07-01 17:23:55.127,2025-07-01 17:23:54.831235,-5.671864032745361,-7.924807548522949,-1.5897499322891235,0.19914206862449646,0.05009094998240471,-0.12461651116609573,2025-07-01 17:23:54.847,1751370834847,-7959,-3185,793,76,98,15
518,2025-07-01 17:23:55.228,2025-07-01 17:23:54.935688,-5.578489780426025,-8.090007781982422,-1.5442601442337036,-0.37629300355911255,0.05009094998240471,-0.03298672288656235,2025-07-01 17:23:54.946,1751370834946,-7631,-3018,818,122,91,-320
519,2025-07-01 17:23:55.426,2025-07-01 17:23:55.134582,-5.193023681640625,-8.341399192810059,-1.2713210582733154,0.06352998316287994,-0.024434609338641167,0.04398229718208313,2025-07-01 17:23:55.117,1751370835117,-8044,-3085,794,-1148,-535,147
520,2025-07-01 17:23:55.530,2025-07-01 17:23:55.230500,-5.389348030090332,-8.034940719604492,-1.3742717504501343,0.08674286305904388,0.06963863968849182,-0.045204028487205505,2025-07-01 17:23:55.216,1751370835216,-7750,-2717,831,-337,771,-352
521,2025-07-01 17:23:55.741,2025-07-01 17:23:55.430098,-5.4228668212890625,-8.010998725891113,-1.3694833517074585,0.05497787147760391,-0.05253441259264946,0.01466076634824276,2025-07-01 17:23:55.416,1751370835416,-7942,-3223,-320,-937,471,-1402
522,2025-07-01 17:23:55.932,2025-07-01 17:23:55.629452,-5.329493045806885,-8.449137687683105,-1.2425906658172607,-0.02932153269648552,-0.013439035043120384,0.010995574295520782,2025-07-01 17:23:55.606,1751370835606,-7722,-3319,-185,-50,1342,-4
523,2025-07-01 17:23:56.228,2025-07-01 17:23:55.931425,-5.305551052093506,-8.374917984008789,-1.3862427473068237,-0.01466076634824276,-0.019547687843441963,0.00733038317412138,2025-07-01 17:23:55.939,1751370835939,-7737,-2873,-1077,1127,340,1268
524,2025-07-01 17:23:56.420,2025-07-01 17:23:56.136176,-5.394136428833008,-8.267178535461426,-1.3527239561080933,0.01710422709584236,0.018325956538319588,0.015882495790719986,2025-07-01 17:23:56.113,1751370836113,-7752,-3100,-940,-532,-683,-256
525,2025-07-01 17:23:56.620,2025-07-01 17:23:56.330280,-5.353435039520264,-8.372523307800293,-1.3311761617660522,0.009773843921720982,-0.012217304669320583,-0.013439035043120384,2025-07-01 17:23:56.298,1751370836298,-7365,-3199,-968,-1603,-641,-1360
526,2025-07-01 17:23:56.925,2025-07-01 17:23:56.633340,-5.34625244140625,-8.243236541748047,-1.2521674633026123,-0.039095375686883926,-0.004886921960860491,-0.03298672288656235,2025-07-01 17:23:56.655,1751370836655,-7471,-3189,-1756,1230,206,3625
527,2025-07-01 17:23:57.021,2025-07-01 17:23:56.729343,-5.406107425689697,-8.216899871826172,-1.3239935636520386,-0.012217304669320583,-0.0012217304902151227,-0.00733038317412138,2025-07-01 17:23:56.741,1751370836741,-7487,-3424,-2058,5108,-2511,959
528,2025-07-01 17:23:57.219,2025-07-01 17:23:56.932648,-5.513846397399902,-8.08282470703125,-1.2114660739898682,0.14049901068210602,-0.04764748737215996,-0.10751228034496307,2025-07-01 17:23:56.925,1751370836925,-7505,-3482,-1599,5527,-2087,492
529,2025-07-01 17:23:57.319,2025-07-01 17:23:57.030685,-5.262455463409424,-8.31985092163086,-1.280897855758667,0.024434609338641167,0.10506882518529892,0.07330382615327835,2025-07-01 17:23:57.006,1751370837006,-7779,-3601,-833,868,-1026,-184
530,2025-07-01 17:23:57.419,2025-07-01 17:23:57.134220,-5.7125654220581055,-8.492233276367188,-1.280897855758667,0.08429940044879913,0.11362093687057495,0.07452555745840073,2025-07-01 17:23:57.108,1751370837108,-7697,-3678,-371,1799,-1240,-250
531,2025-07-01 17:23:57.521,2025-07-01 17:23:57.232319,-5.257667064666748,-8.216899871826172,-1.3982137441635132,0.039095375686883926,-0.028099801391363144,0.009773843921720982,2025-07-01 17:23:57.205,1751370837205,-7728,-3712,-47,1420,-1580,-530
532,2025-07-01 17:23:57.619,2025-07-01 17:23:57.334558,-5.501875400543213,-8.097189903259277,-1.2473790645599365,-0.006108652334660292,-0.0024434609804302454,0.025656340643763542,2025-07-01 17:23:57.308,1751370837308,-7490,-3638,1138,1215,-1388,-539
533,2025-07-01 17:23:57.843,2025-07-01 17:23:57.532108,-5.4252610206604,-8.556877136230469,-1.1061211824417114,0.09285151958465576,-0.08185594528913498,-0.11728613078594208,2025-07-01 17:23:57.556,1751370837556,-7465,-3929,1228,-370,-523,74
534,2025-07-01 17:23:58.020,2025-07-01 17:23:57.633093,-4.884171485900879,-8.432378768920898,-1.015141487121582,0.1612684279680252,-0.08796459436416626,-0.1319468915462494,2025-07-01 17:23:57.644,1751370837644,-7154,-3773,1246,-355,-370,56
535,2025-07-01 17:23:58.230,2025-07-01 17:23:57.930347,-5.485116004943848,-8.128314971923828,-1.3072341680526733,0.06108652427792549,-0.08674286305904388,-0.03787364438176155,2025-07-01 17:23:57.919,1751370837919,-6890,-3851,1017,195,1650,-371
536,2025-07-01 17:23:58.620,2025-07-01 17:23:58.334386,-5.25527286529541,-8.303091049194336,-1.460463047027588,0.08307767659425735,-0.09285151958465576,-0.00366519158706069,2025-07-01 17:23:58.364,1751370838364,-7421,-3931,1031,-1124,-293,-329
537,2025-07-01 17:23:58.719,2025-07-01 17:23:58.431824,-5.418078422546387,-8.085219383239746,-1.161187767982483,0.10018189996480942,-0.030543262138962746,-0.01710422709584236,2025-07-01 17:23:58.453,1751370838453,-7352,-3721,704,-329,-109,15
538,2025-07-01 17:23:58.819,2025-07-01 17:23:58.529874,-5.434837818145752,-7.95832633972168,-1.1994950771331787,0.2321287989616394,-0.07941248267889023,-0.045204028487205505,2025-07-01 17:23:58.554,1751370838554,-7313,-3866,1033,3,293,60
539,2025-07-01 17:23:58.919,2025-07-01 17:23:58.629785,-5.3342814445495605,-7.99184513092041,-1.0797849893569946,0.0659734457731247,-0.05375614017248154,-0.04642575979232788,2025-07-01 17:23:58.628,1751370838628,-7348,-3907,661,-202,268,55
540,2025-07-01 17:23:59.019,2025-07-01 17:23:58.729316,-5.073313236236572,-8.08282470703125,-0.6727706789970398,-0.30054569244384766,0.08918632566928864,0.08674286305904388,2025-07-01 17:23:58.719,1751370838719,-7333,-3926,658,-228,265,61
541,2025-07-01 17:23:59.431,2025-07-01 17:23:59.131716,-5.257667064666748,-8.02536392211914,-1.0319008827209473,0.01466076634824276,0.00733038317412138,0.00855211354792118,2025-07-01 17:23:59.102,1751370839102,-7334,-3926,395,-328,170,100
542,2025-07-01 17:23:59.922,2025-07-01 17:23:59.629390,-5.434837818145752,-8.183381080627441,-0.9744400978088379,0.13316862285137177,-0.07208210229873657,-0.045204028487205505,2025-07-01 17:23:59.617,1751370839617,-7326,-3910,577,4,-67,54
543,2025-07-01 17:24:00.019,2025-07-01 17:23:59.729796,-5.341464042663574,-8.027758598327637,-0.9481038451194763,0.1270599663257599,0.012217304669320583,-0.05253441259264946,2025-07-01 17:23:59.715,1751370839715,-7334,-3912,577,-263,-31,61
544,2025-07-01 17:24:00.219,2025-07-01 17:23:59.930039,-5.7772088050842285,-8.121131896972656,-0.7924807667732239,0.05742133408784866,0.05742133408784866,0.08674286305904388,2025-07-01 17:23:59.921,1751370839921,-7320,-3915,550,-275,-57,105
545,2025-07-01 17:24:00.319,2025-07-01 17:24:00.030287,-5.257667064666748,-8.197746276855469,-1.0630255937576294,0.04642575979232788,-0.051312681287527084,0.00366519158706069,2025-07-01 17:24:00.001,1751370840001,-7363,-3914,541,76,-59,84
546,2025-07-01 17:24:00.924,2025-07-01 17:24:00.632585,-5.3582234382629395,-8.257601737976074,-0.8212111592292786,0.11239920556545258,-0.0708603709936142,-0.06108652427792549,2025-07-01 17:24:00.610,1751370840610,-7345,-3890,234,26,-106,95
547,2025-07-01 17:24:01.422,2025-07-01 17:24:01.132690,-5.509057998657227,-8.185775756835938,-0.8810662031173706,0.0757472887635231,-0.05864306539297104,-0.05742133408784866,2025-07-01 17:24:01.160,1751370841160,-7358,-3855,204,25,-101,66
548,2025-07-01 17:24:01.621,2025-07-01 17:24:01.329694,-5.446808815002441,-8.159439086914062,-1.0534487962722778,-0.1270599663257599,0.08552113175392151,0.02932153269648552,2025-07-01 17:24:01.349,1751370841349,-7386,-3559,215,72,-94,-275
549,2025-07-01 17:24:01.823,2025-07-01 17:24:01.534747,-5.386953830718994,-8.334216117858887,-0.871489405632019,0.06963863968849182,-0.05742133408784866,-0.02076941914856434,2025-07-01 17:24:01.512,1751370841512,-7337,-3933,240,53,116,-348
550,2025-07-01 17:24:01.919,2025-07-01 17:24:01.631308,-5.372588634490967,-8.157045364379883,-0.8212111592292786,0.09651670604944229,-0.07208210229873657,-0.06963863968849182,2025-07-01 17:24:01.609,1751370841609,-7304,-3729,513,-126,119,-211
551,2025-07-01 17:24:02.019,2025-07-01 17:24:01.730417,-5.293580055236816,-8.35336971282959,-0.6200982332229614,0.05864306539297104,-0.0354301854968071,-0.05009094998240471,2025-07-01 17:24:01.690,1751370841690,-7512,-3766,522,73,110,-183
552,2025-07-01 17:24:02.120,2025-07-01 17:24:01.831311,-5.279214859008789,-7.893682956695557,-0.6799532771110535,-0.20891591906547546,0.09285151958465576,0.036651913076639175,2025-07-01 17:24:01.803,1751370841803,-7505,-3802,254,5,121,-331
553,2025-07-01 17:24:02.238,2025-07-01 17:24:01.931142,-5.3582234382629395,-8.08282470703125,-1.1444283723831177,0.1661553531885147,-0.019547687843441963,0.006108652334660292,2025-07-01 17:24:01.972,1751370841972,-7513,-3797,233,67,-103,52
554,2025-07-01 17:24:02.319,2025-07-01 17:24:02.029703,-5.580883979797363,-8.29830265045166,-1.0414776802062988,0.04398229718208313,-0.03298672288656235,-0.04886921867728233,2025-07-01 17:24:02.054,1751370842054,-7500,-3819,244,61,97,6
555,2025-07-01 17:24:02.619,2025-07-01 17:24:02.331534,-5.39174222946167,-8.980650901794434,-0.9026140570640564,-0.2626720666885376,0.10262536257505417,0.1417207419872284,2025-07-01 17:24:02.318,1751370842318,-7513,-3820,512,52,118,124
556,2025-07-01 17:24:02.719,2025-07-01 17:24:02.434891,-5.509057998657227,-8.317456245422363,-0.9648633003234863,-0.019547687843441963,-0.010995574295520782,0.021991148591041565,2025-07-01 17:24:02.408,1751370842408,-7506,-3830,542,79,-103,-120
557,2025-07-01 17:24:02.819,2025-07-01 17:24:02.531358,-5.497087001800537,-8.099584579467773,-0.9074024558067322,0.13439035415649414,-0.04398229718208313,0.00733038317412138,2025-07-01 17:24:02.507,1751370842507,-7520,-3791,253,114,-44,-62
558,2025-07-01 17:24:02.922,2025-07-01 17:24:02.629357,-5.324704647064209,-7.989450931549072,-0.5674257874488831,0.3396410644054413,-0.030543262138962746,-0.006108652334660292,2025-07-01 17:24:02.591,1751370842591,-7299,-3760,212,111,-70,342
559,2025-07-01 17:24:03.319,2025-07-01 17:24:03.029510,-5.331887245178223,-8.037335395812988,-0.4141969084739685,-0.11362093687057495,0.07452555745840073,-0.0012217304902151227,2025-07-01 17:24:02.994,1751370842994,-7703,-3467,162,111,359,215
560,2025-07-01 17:24:03.521,2025-07-01 17:24:03.236332,-5.4659624099731445,-8.31985092163086,-0.40222588181495667,-0.06352998316287994,-0.024434609338641167,-0.006108652334660292,2025-07-01 17:24:03.244,1751370843244,-7727,-3617,183,-103,-42,120
561,2025-07-01 17:24:03.919,2025-07-01 17:24:03.633552,-5.0254292488098145,-8.04691219329834,-0.7493851184844971,-0.10384709388017654,-0.051312681287527084,-0.06963863968849182,2025-07-01 17:24:03.602,1751370843602,-7731,-3606,161,39,-79,114
562,2025-07-01 17:24:04.130,2025-07-01 17:24:03.832676,-5.463568210601807,-8.494627952575684,-0.5027823448181152,-0.16737708449363708,0.00366519158706069,-0.02076941914856434,2025-07-01 17:24:03.863,1751370843863,-7735,-3630,159,-285,101,-290
563,2025-07-01 17:24:04.219,2025-07-01 17:24:03.932684,-5.477933406829834,-8.348581314086914,-0.6224924325942993,0.045204028487205505,-0.051312681287527084,-0.025656340643763542,2025-07-01 17:24:03.950,1751370843950,-7709,-3643,151,108,-64,-276
564,2025-07-01 17:24:04.323,2025-07-01 17:24:04.034544,-5.461174011230469,-8.31985092163086,-0.43335050344467163,0.09896016865968704,-0.09651670604944229,-0.04642575979232788,2025-07-01 17:24:04.050,1751370844050,-7712,-3644,149,60,69,22
565,2025-07-01 17:24:04.520,2025-07-01 17:24:04.233040,-5.353435039520264,-8.372523307800293,-0.44532153010368347,-0.0659734457731247,0.015882495790719986,0.010995574295520782,2025-07-01 17:24:04.219,1751370844219,-7715,-3636,173,51,122,30
566,2025-07-01 17:24:04.626,2025-07-01 17:24:04.330484,-5.4228668212890625,-8.255207061767578,-0.47644615173339844,-0.1258382350206375,0.025656340643763542,0.010995574295520782,2025-07-01 17:24:04.302,1751370844302,-7701,-3701,162,2,-122,-258
567,2025-07-01 17:24:04.722,2025-07-01 17:24:04.440264,-5.614402770996094,-8.688557624816895,-0.6129156351089478,-0.12461651116609573,0.12095131725072861,0.11239920556545258,2025-07-01 17:24:04.416,1751370844416,-7699,-3674,150,54,-91,4
568,2025-07-01 17:24:05.032,2025-07-01 17:24:04.732366,-5.2696380615234375,-8.29590892791748,-0.5267243981361389,-0.04398229718208313,-0.06475171446800232,-0.06475171446800232,2025-07-01 17:24:04.750,1751370844750,-7399,-3489,152,-277,95,-310
569,2025-07-01 17:24:05.421,2025-07-01 17:24:05.129649,-5.499481201171875,-8.248024940490723,-0.7374141216278076,0.09162978827953339,-0.06719517707824707,-0.036651913076639175,2025-07-01 17:24:05.115,1751370845115,-7382,-3846,333,-282,-125,-340
570,2025-07-01 17:24:05.519,2025-07-01 17:24:05.232512,-5.434837818145752,-8.063671112060547,-0.7134721279144287,0.11728613078594208,-0.045204028487205505,-0.06963863968849182,2025-07-01 17:24:05.198,1751370845198,-7331,-3867,332,-289,-100,-266
571,2025-07-01 17:24:05.620,2025-07-01 17:24:05.334585,-4.929661273956299,-8.185775756835938,-0.8092401623725891,-0.0012217304902151227,0.09773843735456467,0.0012217304902151227,2025-07-01 17:24:05.296,1751370845296,-7360,-3904,295,-305,-114,29
572,2025-07-01 17:24:05.922,2025-07-01 17:24:05.635428,-5.509057998657227,-8.118738174438477,-0.8738836050033569,0.08552113175392151,0.08674286305904388,-0.012217304669320583,2025-07-01 17:24:05.653,1751370845653,-7339,-3892,333,-65,112,39
573,2025-07-01 17:24:06.025,2025-07-01 17:24:05.731042,-5.509057998657227,-8.374917984008789,-0.8355764150619507,0.018325956538319588,0.01710422709584236,0.02076941914856434,2025-07-01 17:24:05.745,1751370845745,-7384,-3558,337,-126,-50,92
574,2025-07-01 17:24:06.620,2025-07-01 17:24:06.332164,-5.494692802429199,-8.20492935180664,-1.0295066833496094,-0.012217304669320583,0.01466076634824276,0.009773843921720982,2025-07-01 17:24:06.307,1751370846307,-7378,-3574,375,5,-101,116
575,2025-07-01 17:24:06.821,2025-07-01 17:24:06.531257,-5.384559631347656,-8.147468566894531,-0.8475474119186401,0.1612684279680252,-0.1062905490398407,-0.06352998316287994,2025-07-01 17:24:06.568,1751370846568,-7381,-3851,336,12,-84,1
576,2025-07-01 17:24:06.919,2025-07-01 17:24:06.629506,-5.073313236236572,-8.10437297821045,-1.4915876388549805,0.006108652334660292,0.013439035043120384,0.025656340643763542,2025-07-01 17:24:06.642,1751370846642,-7326,-3904,351,70,103,83
577,2025-07-01 17:24:07.020,2025-07-01 17:24:06.729323,-5.480327606201172,-8.537723541259766,-1.1109095811843872,-0.10384709388017654,0.09651670604944229,-0.012217304669320583,2025-07-01 17:24:06.746,1751370846746,-7344,-3885,376,88,-191,300
578,2025-07-01 17:24:07.221,2025-07-01 17:24:06.939125,-4.9583916664123535,-7.864952564239502,-1.0845733880996704,0.08674286305904388,-0.05864306539297104,-0.06230825558304787,2025-07-01 17:24:06.919,1751370846919,-7327,-3855,157,-128,125,-10
579,2025-07-01 17:24:07.320,2025-07-01 17:24:07.033531,-5.377377033233643,-8.001421928405762,-1.0055646896362305,0.1466076523065567,-0.03176499158143997,-0.03787364438176155,2025-07-01 17:24:07.000,1751370847000,-7397,-3543,182,92,84,114
580,2025-07-01 17:24:07.419,2025-07-01 17:24:07.132218,-5.449203014373779,-8.271966934204102,-0.8020575642585754,-0.07208210229873657,0.05253441259264946,0.05375614017248154,2025-07-01 17:24:07.104,1751370847104,-7415,-3513,173,105,124,-102
581,2025-07-01 17:24:07.520,2025-07-01 17:24:07.132218,-5.449203014373779,-8.271966934204102,-0.8020575642585754,-0.07208210229873657,0.05253441259264946,0.05375614017248154,2025-07-01 17:24:07.104,1751370847104,-7415,-3513,173,105,124,-102
582,2025-07-01 17:24:07.620,2025-07-01 17:24:07.331381,-5.468356609344482,-8.446743965148926,-1.048660397529602,0.06475171446800232,-0.059864792972803116,-0.13316862285137177,2025-07-01 17:24:07.370,1751370847370,-7399,-3507,184,-281,106,70
583,2025-07-01 17:24:07.820,2025-07-01 17:24:07.535136,-5.154716491699219,-8.26239013671875,-0.912190854549408,0.0708603709936142,-0.03787364438176155,0.045204028487205505,2025-07-01 17:24:07.539,1751370847539,-7686,-3527,148,29,111,53
584,2025-07-01 17:24:08.019,2025-07-01 17:24:07.735562,-5.420472621917725,-8.252813339233398,-0.912190854549408,0.0806342139840126,-0.04642575979232788,-0.06108652427792549,2025-07-01 17:24:07.719,1751370847719,-7420,-3513,176,38,90,29
585,2025-07-01 17:24:08.219,2025-07-01 17:24:07.939111,-5.193023681640625,-8.801085472106934,-1.1037269830703735,-0.38117989897727966,0.06108652427792549,0.09896016865968704,2025-07-01 17:24:07.921,1751370847921,-7400,-3537,202,35,83,6
586,2025-07-01 17:24:08.419,2025-07-01 17:24:08.034549,-5.494692802429199,-8.403648376464844,-0.9840168952941895,-0.05375614017248154,-0.05253441259264946,-0.012217304669320583,2025-07-01 17:24:08.018,1751370848018,-7383,-3519,179,30,-38,52
587,2025-07-01 17:24:08.519,2025-07-01 17:24:08.237942,-5.420472621917725,-8.149862289428711,-1.0247182846069336,-0.05253441259264946,-0.004886921960860491,-0.025656340643763542,2025-07-01 17:24:08.261,1751370848261,-7373,-3582,156,-271,-19,39
588,2025-07-01 17:24:09.119,2025-07-01 17:24:08.831052,-5.686229228973389,-8.243236541748047,-0.9696516990661621,0.021991148591041565,0.00733038317412138,-0.036651913076639175,2025-07-01 17:24:08.811,1751370848811,-7366,-3557,315,31,-109,106
589,2025-07-01 17:24:09.227,2025-07-01 17:24:08.929613,-5.4252610206604,-8.257601737976074,-0.9600749015808105,0.1918116807937622,-0.06963863968849182,-0.019547687843441963,2025-07-01 17:24:08.900,1751370848900,-7377,-3568,320,46,-96,111
590,2025-07-01 17:24:09.927,2025-07-01 17:24:09.632180,-5.408501625061035,-8.487444877624512,-1.1204863786697388,-0.045204028487205505,-0.04398229718208313,0.03787364438176155,2025-07-01 17:24:09.615,1751370849615,-7370,-3842,274,19,92,56
591,2025-07-01 17:24:10.329,2025-07-01 17:24:10.035244,-5.489904403686523,-8.078036308288574,-1.115697979927063,-0.02321287989616394,-0.0012217304902151227,0.025656340643763542,2025-07-01 17:24:10.057,1751370850057,-7355,-3563,281,121,-104,73
592,2025-07-01 17:24:10.428,2025-07-01 17:24:10.129885,-5.535394191741943,-8.322244644165039,-1.2425906658172607,0.00733038317412138,0.00733038317412138,0.00733038317412138,2025-07-01 17:24:10.145,1751370850145,-7358,-3565,285,111,-92,26
593,2025-07-01 17:24:10.529,2025-07-01 17:24:10.235946,-5.489904403686523,-8.389283180236816,-1.359906554222107,0.0659734457731247,-0.00366519158706069,-0.04764748737215996,2025-07-01 17:24:10.244,1751370850244,-7377,-3555,285,108,-82,-273
594,2025-07-01 17:24:10.630,2025-07-01 17:24:10.334868,-5.456385612487793,-8.271966934204102,-0.7972691655158997,0.04153883829712868,-0.00733038317412138,-0.059864792972803116,2025-07-01 17:24:10.336,1751370850336,-7348,-3864,270,-269,56,4
595,2025-07-01 17:24:10.820,2025-07-01 17:24:10.533225,-5.48272180557251,-8.130708694458008,-1.436521053314209,0.2223549485206604,-0.05253441259264946,-0.02687807008624077,2025-07-01 17:24:10.512,1751370850512,-7346,-3883,285,-273,54,55
596,2025-07-01 17:24:10.932,2025-07-01 17:24:10.629698,-5.501875400543213,-8.185775756835938,-0.9648633003234863,0.051312681287527084,-0.012217304669320583,-0.012217304669320583,2025-07-01 17:24:10.612,1751370850612,-7364,-3577,298,122,-59,-41
597,2025-07-01 17:24:11.023,2025-07-01 17:24:10.731374,-5.418078422546387,-7.987056732177734,-0.9792284965515137,0.12217304855585098,-0.04153883829712868,0.010995574295520782,2025-07-01 17:24:10.691,1751370850691,-7400,-3544,309,62,-76,118
598,2025-07-01 17:24:11.220,2025-07-01 17:24:10.936809,-5.2480902671813965,-8.17380428314209,-0.8619126081466675,0.06475171446800232,-0.00733038317412138,-0.039095375686883926,2025-07-01 17:24:10.966,1751370850966,-7363,-3541,284,18,-124,29
599,2025-07-01 17:24:11.322,2025-07-01 17:24:11.033053,-5.2696380615234375,-8.259995460510254,-0.8403648138046265,-0.21502456068992615,0.0806342139840126,0.07208210229873657,2025-07-01 17:24:11.060,1751370851060,-7344,-3534,295,68,-95,44
600,2025-07-01 17:24:11.424,2025-07-01 17:24:11.135351,-5.442020416259766,-8.2312650680542,-1.0821791887283325,0.06841690838336945,-0.019547687843441963,-0.01466076634824276,2025-07-01 17:24:11.143,1751370851143,-7347,-3574,270,77,-93,2
601,2025-07-01 17:24:11.526,2025-07-01 17:24:11.237710,-5.492298603057861,-8.281543731689453,-1.0797849893569946,0.05497787147760391,-0.05864306539297104,-0.03176499158143997,2025-07-01 17:24:11.245,1751370851245,-7379,-3583,258,22,-95,16
602,2025-07-01 17:24:11.720,2025-07-01 17:24:11.429974,-5.319916248321533,-8.027758598327637,-0.8212111592292786,0.14416420459747314,-0.06963863968849182,-0.07696902006864548,2025-07-01 17:24:11.408,1751370851408,-7353,-3583,-2,51,125,28
603,2025-07-01 17:24:11.819,2025-07-01 17:24:11.542053,-5.473145008087158,-8.001421928405762,-0.730231523513794,-0.12217304855585098,0.004886921960860491,0.03420845419168472,2025-07-01 17:24:11.511,1751370851511,-7353,-3584,270,41,-128,36
604,2025-07-01 17:24:11.926,2025-07-01 17:24:11.630777,-5.458779811859131,-8.161833763122559,-0.9313444495201111,-0.0012217304902151227,0.05009094998240471,0.06352998316287994,2025-07-01 17:24:11.592,1751370851592,-7361,-3846,273,38,-124,32
605,2025-07-01 17:24:12.219,2025-07-01 17:24:11.930711,-5.43723201751709,-8.111555099487305,-0.9552865028381348,0.11362093687057495,-0.07696902006864548,-0.09040805697441101,2025-07-01 17:24:11.898,1751370851898,-7377,-3526,-29,47,124,70
606,2025-07-01 17:24:12.320,2025-07-01 17:24:12.040645,-5.322310447692871,-8.257601737976074,-0.7086837291717529,0.13561208546161652,-0.04886921867728233,-0.02321287989616394,2025-07-01 17:24:12.042,1751370852042,-7369,-3563,-6,40,-124,108
607,2025-07-01 17:24:12.423,2025-07-01 17:24:12.145461,-5.250484466552734,-8.121131896972656,-0.9002198576927185,-0.04398229718208313,-0.006108652334660292,0.07819075137376785,2025-07-01 17:24:12.146,1751370852146,-7418,-3517,-10,27,89,-3
608,2025-07-01 17:24:12.720,2025-07-01 17:24:12.439968,-5.319916248321533,-8.379706382751465,-0.9313444495201111,0.0757472887635231,-0.015882495790719986,0.02076941914856434,2025-07-01 17:24:12.423,1751370852423,-7681,-3515,-5,12,14,277
609,2025-07-01 17:24:12.920,2025-07-01 17:24:12.637714,-5.355829238891602,-8.288725852966309,-0.6847416758537292,-0.006108652334660292,-0.024434609338641167,-0.01710422709584236,2025-07-01 17:24:12.611,1751370852611,-7688,-3457,270,82,-18,80
610,2025-07-01 17:24:13.221,2025-07-01 17:24:12.936816,-5.463568210601807,-8.341399192810059,-0.8571242094039917,-0.09285151958465576,0.00855211354792118,-0.021991148591041565,2025-07-01 17:24:12.944,1751370852944,-7409,-3704,293,31,79,87
611,2025-07-01 17:24:13.420,2025-07-01 17:24:13.138677,-5.461174011230469,-8.305485725402832,-0.730231523513794,0.07452555745840073,0.0,0.02932153269648552,2025-07-01 17:24:13.126,1751370853126,-7422,-3704,292,21,-101,43
612,2025-07-01 17:24:13.719,2025-07-01 17:24:13.436034,-5.331887245178223,-8.322244644165039,-0.7206547260284424,-0.05497787147760391,-0.02076941914856434,0.018325956538319588,2025-07-01 17:24:13.398,1751370853398,-7401,-3503,326,-322,-384,33
613,2025-07-01 17:24:13.819,2025-07-01 17:24:13.532074,-5.310339450836182,-8.190564155578613,-0.706289529800415,-0.009773843921720982,0.010995574295520782,0.00855211354792118,2025-07-01 17:24:13.511,1751370853511,-7386,-3545,129,63,70,14
614,2025-07-01 17:24:14.043,2025-07-01 17:24:13.735023,-5.410895824432373,-8.35097599029541,-0.8212111592292786,-0.03787364438176155,0.012217304669320583,0.0012217304902151227,2025-07-01 17:24:13.753,1751370853753,-7317,-3517,209,-115,-337,-26
615,2025-07-01 17:24:14.129,2025-07-01 17:24:13.844033,-5.384559631347656,-8.341399192810059,-0.9840168952941895,-0.039095375686883926,0.00733038317412138,0.00366519158706069,2025-07-01 17:24:13.859,1751370853859,-7685,-3501,219,1,-38,24
616,2025-07-01 17:24:14.328,2025-07-01 17:24:14.038121,-5.413290023803711,-8.465897560119629,-0.629675030708313,0.08429940044879913,-0.06475171446800232,-0.018325956538319588,2025-07-01 17:24:14.019,1751370854019,-7394,-3534,233,-289,-2,-280
617,2025-07-01 17:24:14.524,2025-07-01 17:24:14.234986,-5.396530628204346,-8.147468566894531,-0.8331822156906128,-0.1417207419872284,0.08552113175392151,0.05253441259264946,2025-07-01 17:24:14.199,1751370854199,-7386,-3548,194,41,-259,91
618,2025-07-01 17:24:14.625,2025-07-01 17:24:14.336436,-5.719748020172119,-8.643068313598633,-0.7110779285430908,-0.19547687470912933,0.09529497474431992,0.07330382615327835,2025-07-01 17:24:14.313,1751370854313,-7408,-3565,185,23,-114,-331
619,2025-07-01 17:24:14.843,2025-07-01 17:24:14.529488,-5.434837818145752,-8.315062522888184,-1.0127472877502441,0.08307767659425735,-0.08185594528913498,-0.025656340643763542,2025-07-01 17:24:14.554,1751370854554,-7362,-3893,184,-125,100,-262
620,2025-07-01 17:24:15.024,2025-07-01 17:24:14.742798,-5.2265424728393555,-8.327033042907715,-0.8212111592292786,0.2076941877603531,-0.015882495790719986,0.02321287989616394,2025-07-01 17:24:14.749,1751370854749,-7334,-3956,513,75,26,28
621,2025-07-01 17:24:15.124,2025-07-01 17:24:14.835179,-5.363011837005615,-7.960720539093018,-0.7876923680305481,-0.36651915311813354,-0.010995574295520782,0.1270599663257599,2025-07-01 17:24:14.847,1751370854847,-7333,-3938,254,108,81,-279
622,2025-07-01 17:24:15.335,2025-07-01 17:24:15.039454,-5.384559631347656,-8.403648376464844,-0.993593692779541,-0.1258382350206375,0.009773843921720982,-0.028099801391363144,2025-07-01 17:24:15.024,1751370855024,-7317,-3940,554,-297,-283,64
623,2025-07-01 17:24:15.426,2025-07-01 17:24:15.133816,-5.442020416259766,-8.42040729522705,-1.039083480834961,0.08918632566928864,0.0024434609804302454,-0.05009094998240471,2025-07-01 17:24:15.099,1751370855099,-7352,-3940,562,-295,-290,67
624,2025-07-01 17:24:16.119,2025-07-01 17:24:15.233067,-5.4228668212890625,-8.243236541748047,-1.1085153818130493,0.2015855312347412,-0.09162978827953339,-0.07452555745840073,2025-07-01 17:24:15.213,1751370855213,-7301,-3860,547,-142,64,-65
625,2025-07-01 17:24:16.720,2025-07-01 17:24:16.431178,-5.473145008087158,-8.197746276855469,-1.0534487962722778,-0.02076941914856434,0.00366519158706069,0.013439035043120384,2025-07-01 17:24:16.451,1751370856451,-7369,-3874,196,29,127,52
626,2025-07-01 17:24:16.820,2025-07-01 17:24:16.538913,-5.468356609344482,-8.188169479370117,-0.9911994934082031,-0.1062905490398407,0.010995574295520782,0.0012217304902151227,2025-07-01 17:24:16.540,1751370856540,-7333,-3906,194,64,-78,35
627,2025-07-01 17:24:16.927,2025-07-01 17:24:16.630584,-5.504269599914551,-8.233659744262695,-1.036689281463623,0.024434609338641167,-0.010995574295520782,-0.0024434609804302454,2025-07-01 17:24:16.643,1751370856643,-7357,-3889,178,48,-84,57
628,2025-07-01 17:24:17.232,2025-07-01 17:24:16.937910,-5.197812080383301,-8.487444877624512,-0.9457096457481384,-0.07819075137376785,0.042760565876960754,0.05497787147760391,2025-07-01 17:24:16.927,1751370856927,-7345,-3902,176,46,-103,34
629,2025-07-01 17:24:17.319,2025-07-01 17:24:17.039557,-5.293580055236816,-8.1139497756958,-0.9169792532920837,0.015882495790719986,-0.0012217304902151227,0.009773843921720982,2025-07-01 17:24:17.014,1751370857014,-7355,-3932,150,43,119,43
630,2025-07-01 17:24:17.526,2025-07-01 17:24:17.244523,-5.65031623840332,-7.91283655166626,-1.05105459690094,0.030543262138962746,0.05864306539297104,-0.02932153269648552,2025-07-01 17:24:17.265,1751370857265,-7327,-3942,363,11,-102,-303
631,2025-07-01 17:24:17.629,2025-07-01 17:24:17.340122,-5.65031623840332,-7.931990146636963,-1.6735470294952393,0.05497787147760391,0.05375614017248154,-0.0403171069920063,2025-07-01 17:24:17.368,1751370857368,-7337,-3941,355,59,127,44
632,2025-07-01 17:24:18.019,2025-07-01 17:24:17.729570,-5.535394191741943,-8.334216117858887,-0.9169792532920837,-0.21624629199504852,-0.05009094998240471,0.08918632566928864,2025-07-01 17:24:17.706,1751370857706,-7307,-3725,331,-123,-107,-261
633,2025-07-01 17:24:18.419,2025-07-01 17:24:18.140080,-5.884947776794434,-8.20492935180664,-2.5905263423919678,-0.01710422709584236,0.0012217304902151227,-0.08918632566928864,2025-07-01 17:24:18.172,1751370858172,-7481,-4097,199,18,40,-268
634,2025-07-01 17:24:18.619,2025-07-01 17:24:18.346122,-5.872976779937744,-8.092401504516602,-3.885789394378662,-0.43615779280662537,-0.01710422709584236,-0.039095375686883926,2025-07-01 17:24:18.368,1751370858368,-7490,-4115,251,31,87,-275
635,2025-07-01 17:24:18.819,2025-07-01 17:24:18.529642,-5.803544998168945,-8.11634349822998,-3.2417490482330322,0.9712757468223572,-0.09162978827953339,0.0354301854968071,2025-07-01 17:24:18.519,1751370858519,-7536,-3814,210,76,-86,-313
636,2025-07-01 17:24:18.919,2025-07-01 17:24:18.639690,-5.65031623840332,-8.147468566894531,-2.274491548538208,0.46792277693748474,-0.00855211354792118,-0.07819075137376785,2025-07-01 17:24:18.619,1751370858619,-7471,-3838,251,89,-66,23
637,2025-07-01 17:24:19.027,2025-07-01 17:24:18.734759,-5.736507415771484,-7.242460250854492,-1.7764976024627686,0.37262779474258423,-0.12217304855585098,-0.1062905490398407,2025-07-01 17:24:18.742,1751370858742,-7471,-4139,241,-119,-114,46
638,2025-07-01 17:24:19.234,2025-07-01 17:24:18.939310,-5.765237808227539,-8.652645111083984,-1.678335428237915,0.251676470041275,0.1160643994808197,0.08185594528913498,2025-07-01 17:24:18.901,1751370858901,-7435,-4177,518,49,57,45
639,2025-07-01 17:24:19.328,2025-07-01 17:24:19.036272,-5.456385612487793,-7.967903137207031,-1.314416766166687,0.06841690838336945,-0.012217304669320583,0.0024434609804302454,2025-07-01 17:24:19.064,1751370859064,-7439,-4160,516,84,-120,49
640,2025-07-01 17:24:19.625,2025-07-01 17:24:19.337086,-5.238513469696045,-7.86734676361084,-1.0678139925003052,-0.08307767659425735,0.03420845419168472,0.018325956538319588,2025-07-01 17:24:19.364,1751370859364,-7471,-4123,230,19,-94,116
641,2025-07-01 17:24:19.840,2025-07-01 17:24:19.534438,-5.6455278396606445,-7.812280178070068,-1.338358759880066,0.12339477986097336,-0.025656340643763542,-0.0012217304902151227,2025-07-01 17:24:19.514,1751370859514,-7493,-4119,219,46,113,70
642,2025-07-01 17:24:19.928,2025-07-01 17:24:19.633417,-5.5976433753967285,-8.1139497756958,-1.1875240802764893,0.05619960278272629,-0.05619960278272629,0.01466076634824276,2025-07-01 17:24:19.615,1751370859615,-7443,-4181,237,-29,119,-293
643,2025-07-01 17:24:20.025,2025-07-01 17:24:19.730989,-5.4659624099731445,-8.020575523376465,-1.1516109704971313,-0.021991148591041565,-0.028099801391363144,-0.02321287989616394,2025-07-01 17:24:19.697,1751370859697,-7484,-4144,563,-302,51,-35
644,2025-07-01 17:24:20.428,2025-07-01 17:24:20.132864,-5.468356609344482,-8.190564155578613,-0.9983820915222168,-0.013439035043120384,-0.018325956538319588,-0.01466076634824276,2025-07-01 17:24:20.146,1751370860146,-7497,-3815,239,-313,-68,7
645,2025-07-01 17:24:20.523,2025-07-01 17:24:20.240467,-5.355829238891602,-8.453926086425781,-1.400607943534851,-0.15882496535778046,0.015882495790719986,0.05253441259264946,2025-07-01 17:24:20.238,1751370860238,-7506,-4134,255,-334,51,76
646,2025-07-01 17:24:20.625,2025-07-01 17:24:20.341137,-5.552153587341309,-8.216899871826172,-1.0749965906143188,0.006108652334660292,-0.039095375686883926,-0.025656340643763542,2025-07-01 17:24:20.330,1751370860330,-7482,-4121,518,100,77,-142
647,2025-07-01 17:24:20.928,2025-07-01 17:24:20.634677,-5.106832027435303,-8.08043098449707,-1.5275006294250488,0.009773843921720982,-0.015882495790719986,-0.0659734457731247,2025-07-01 17:24:20.610,1751370860610,-7503,-4206,517,-261,84,-229
648,2025-07-01 17:24:21.132,2025-07-01 17:24:20.832637,-5.4875102043151855,-8.655038833618164,-0.8164227604866028,-0.0403171069920063,-0.0806342139840126,-0.013439035043120384,2025-07-01 17:24:20.802,1751370860802,-7091,-4010,391,-312,103,45
649,2025-07-01 17:24:21.236,2025-07-01 17:24:20.933687,-5.406107425689697,-8.051700592041016,-1.0534487962722778,0.14294247329235077,-0.05864306539297104,-0.07452555745840073,2025-07-01 17:24:20.965,1751370860965,-7134,-4053,579,30,-32,-349
650,2025-07-01 17:24:21.423,2025-07-01 17:24:21.137370,-5.480327606201172,-8.281543731689453,-0.8619126081466675,0.10995574295520782,-0.019547687843441963,-0.05253441259264946,2025-07-01 17:24:21.132,1751370861132,-7125,-4087,564,3,-72,-350
651,2025-07-01 17:24:21.619,2025-07-01 17:24:21.338424,-5.20978307723999,-8.327033042907715,-1.1013327836990356,0.1417207419872284,-0.05497787147760391,-0.07452555745840073,2025-07-01 17:24:21.309,1751370861309,-7075,-4410,533,39,-72,-369
652,2025-07-01 17:24:21.719,2025-07-01 17:24:21.432202,-5.252878665924072,-8.236053466796875,-0.7852981686592102,0.0012217304902151227,-0.05375614017248154,-0.05619960278272629,2025-07-01 17:24:21.407,1751370861407,-7245,-4424,520,-266,101,-340
653,2025-07-01 17:24:22.019,2025-07-01 17:24:21.735755,-5.03021764755249,-8.291120529174805,-0.5961562395095825,-0.042760565876960754,0.05619960278272629,0.021991148591041565,2025-07-01 17:24:21.774,1751370861774,-7287,-4455,195,50,-27,63
654,2025-07-01 17:24:22.125,2025-07-01 17:24:21.833536,-5.367800235748291,-8.42040729522705,-0.5913678407669067,0.030543262138962746,0.04153883829712868,0.12095131725072861,2025-07-01 17:24:21.856,1751370861856,-7276,-4472,158,28,-69,27
655,2025-07-01 17:24:22.224,2025-07-01 17:24:21.929601,-4.982333660125732,-8.413225173950195,-0.6536170840263367,-0.04764748737215996,-0.019547687843441963,0.042760565876960754,2025-07-01 17:24:21.956,1751370861956,-7194,-4473,140,22,-90,-348
656,2025-07-01 17:24:22.323,2025-07-01 17:24:22.047217,-5.2265424728393555,-8.487444877624512,-0.30885201692581177,-0.006108652334660292,-0.0024434609804302454,0.019547687843441963,2025-07-01 17:24:22.046,1751370862046,-7255,-4456,378,44,-56,-120
657,2025-07-01 17:24:22.522,2025-07-01 17:24:22.230214,-5.272032260894775,-8.22887134552002,-0.8307880163192749,0.13316862285137177,0.01710422709584236,-0.018325956538319588,2025-07-01 17:24:22.208,1751370862208,-7219,-4349,144,113,80,-124
658,2025-07-01 17:24:22.620,2025-07-01 17:24:22.348857,-5.2480902671813965,-7.936778545379639,-0.993593692779541,-0.028099801391363144,0.1514945775270462,0.07452555745840073,2025-07-01 17:24:22.323,1751370862323,-7290,-4431,355,327,-47,-65
659,2025-07-01 17:24:22.819,2025-07-01 17:24:22.531541,-5.2696380615234375,-8.355764389038086,-1.0678139925003052,-0.045204028487205505,-0.06230825558304787,-0.02687807008624077,2025-07-01 17:24:22.492,1751370862492,-7073,-4476,171,13,-363,-110
660,2025-07-01 17:24:22.920,2025-07-01 17:24:22.636263,-5.123591423034668,-7.771578788757324,-1.0630255937576294,0.31031954288482666,-0.16493362188339233,-0.06841690838336945,2025-07-01 17:24:22.670,1751370862670,-7085,-4074,571,-257,74,298
661,2025-07-01 17:24:23.022,2025-07-01 17:24:22.747136,-5.367800235748291,-8.513781547546387,-1.170764684677124,-0.28955012559890747,-0.004886921960860491,0.0354301854968071,2025-07-01 17:24:22.751,1751370862751,-7108,-4050,585,-302,102,357
662,2025-07-01 17:24:23.219,2025-07-01 17:24:22.853877,-5.521028995513916,-8.38688850402832,-1.278503656387329,0.11484266817569733,0.08307767659425735,0.04642575979232788,2025-07-01 17:24:22.854,1751370862854,-7454,-3971,549,52,-67,300
663,2025-07-01 17:24:23.819,2025-07-01 17:24:23.343887,-5.281609058380127,-8.1139497756958,-1.1180921792984009,-0.1160643994808197,0.03298672288656235,0.024434609338641167,2025-07-01 17:24:23.316,1751370863316,-7476,-4146,136,15,-50,-57
664,2025-07-01 17:24:23.926,2025-07-01 17:24:23.635515,-5.207388877868652,-8.233659744262695,-1.2449848651885986,0.0708603709936142,-0.1111774742603302,-0.09651670604944229,2025-07-01 17:24:23.651,1751370863651,-7377,-3777,209,-63,591,417
665,2025-07-01 17:24:24.026,2025-07-01 17:24:23.740450,-5.585672378540039,-8.286332130432129,-1.235408067703247,-0.2993239760398865,0.1417207419872284,0.13439035415649414,2025-07-01 17:24:23.742,1751370863742,-7722,-3590,332,360,326,285
666,2025-07-01 17:24:24.221,2025-07-01 17:24:23.941458,-5.583278179168701,-8.305485725402832,-1.1300631761550903,0.08429940044879913,0.01710422709584236,-0.06230825558304787,2025-07-01 17:24:23.918,1751370863918,-7397,-3476,147,62,40,-560
667,2025-07-01 17:24:24.526,2025-07-01 17:24:24.238769,-5.353435039520264,-8.341399192810059,-1.0534487962722778,-0.06719517707824707,-0.00855211354792118,-0.00733038317412138,2025-07-01 17:24:24.200,1751370864200,-7332,-3903,146,20,106,60
668,2025-07-01 17:24:24.619,2025-07-01 17:24:24.344051,-5.427655220031738,-8.38449478149414,-0.9074024558067322,-0.015882495790719986,0.0012217304902151227,0.00733038317412138,2025-07-01 17:24:24.381,1751370864381,-7418,-3527,372,-361,-90,126
669,2025-07-01 17:24:24.719,2025-07-01 17:24:24.439577,-5.3797712326049805,-8.303091049194336,-1.091755986213684,-0.00733038317412138,-0.01466076634824276,-0.012217304669320583,2025-07-01 17:24:24.464,1751370864464,-7388,-3543,147,-267,20,99
670,2025-07-01 17:24:24.823,2025-07-01 17:24:24.537459,-5.398924827575684,-8.281543731689453,-0.9959878921508789,-0.015882495790719986,-0.019547687843441963,-0.006108652334660292,2025-07-01 17:24:24.549,1751370864549,-7416,-3542,147,123,109,91
671,2025-07-01 17:24:24.921,2025-07-01 17:24:24.640879,-5.351040840148926,-8.185775756835938,-1.0606313943862915,0.024434609338641167,-0.0012217304902151227,0.030543262138962746,2025-07-01 17:24:24.672,1751370864672,-7412,-3526,145,69,76,42
672,2025-07-01 17:24:25.122,2025-07-01 17:24:24.838841,-5.264849662780762,-8.26239013671875,-1.0223240852355957,0.051312681287527084,0.0,-0.00366519158706069,2025-07-01 17:24:24.820,1751370864820,-7368,-3843,209,39,42,30
673,2025-07-01 17:24:25.222,2025-07-01 17:24:24.939624,-5.456385612487793,-8.329427719116211,-1.039083480834961,-0.03420845419168472,0.00733038317412138,0.004886921960860491,2025-07-01 17:24:24.911,1751370864911,-7381,-3543,202,126,-120,68
674,2025-07-01 17:24:25.326,2025-07-01 17:24:25.032524,-5.410895824432373,-8.29590892791748,-1.015141487121582,-0.12339477986097336,0.039095375686883926,0.042760565876960754,2025-07-01 17:24:25.011,1751370865011,-7399,-3542,160,40,79,-262
675,2025-07-01 17:24:25.423,2025-07-01 17:24:25.130399,-5.439626216888428,-8.370129585266113,-1.0606313943862915,-0.06841690838336945,0.024434609338641167,0.0012217304902151227,2025-07-01 17:24:25.097,1751370865097,-7363,-3561,215,60,96,36
676,2025-07-01 17:24:25.524,2025-07-01 17:24:25.244304,-5.439626216888428,-8.252813339233398,-1.1324573755264282,-0.03420845419168472,-0.009773843921720982,-0.00855211354792118,2025-07-01 17:24:25.276,1751370865276,-7388,-3523,213,28,44,-111
677,2025-07-01 17:24:25.827,2025-07-01 17:24:25.537204,-5.4013190269470215,-8.24084186553955,-1.3503297567367554,-0.03298672288656235,0.042760565876960754,0.030543262138962746,2025-07-01 17:24:25.544,1751370865544,-7416,-3548,247,28,55,86
678,2025-07-01 17:24:25.922,2025-07-01 17:24:25.643013,-5.331887245178223,-8.161833763122559,-1.4077905416488647,-0.1111774742603302,-0.013439035043120384,-0.010995574295520782,2025-07-01 17:24:25.643,1751370865643,-7411,-3530,540,91,-90,86
679,2025-07-01 17:24:26.019,2025-07-01 17:24:25.829376,-5.451597213745117,-8.192957878112793,-1.381454348564148,0.09651670604944229,-0.1111774742603302,-0.05253441259264946,2025-07-01 17:24:25.811,1751370865811,-7393,-3529,513,18,99,73
680,2025-07-01 17:24:26.219,2025-07-01 17:24:25.932008,-5.233725070953369,-8.17380428314209,-1.290474772453308,-0.02687807008624077,0.05864306539297104,0.00366519158706069,2025-07-01 17:24:25.912,1751370865912,-7408,-3524,249,48,-116,-257
681,2025-07-01 17:24:26.419,2025-07-01 17:24:26.131126,-5.406107425689697,-8.185775756835938,-1.4484920501708984,-0.04764748737215996,0.00733038317412138,-0.05497787147760391,2025-07-01 17:24:26.092,1751370866092,-7372,-3543,255,2,-68,46
682,2025-07-01 17:24:26.520,2025-07-01 17:24:26.241651,-5.4013190269470215,-8.051700592041016,-1.400607943534851,0.1160643994808197,-0.05009094998240471,-0.09285151958465576,2025-07-01 17:24:26.260,1751370866260,-7382,-3554,204,-264,-95,18
683,2025-07-01 17:24:26.621,2025-07-01 17:24:26.339322,-5.25527286529541,-8.087613105773926,-1.3120225667953491,0.0659734457731247,-0.0354301854968071,0.04642575979232788,2025-07-01 17:24:26.355,1751370866355,-7376,-3578,207,47,-120,113
684,2025-07-01 17:24:26.720,2025-07-01 17:24:26.339322,-5.25527286529541,-8.087613105773926,-1.3120225667953491,0.0659734457731247,-0.0354301854968071,0.04642575979232788,2025-07-01 17:24:26.355,1751370866355,-7376,-3578,207,47,-120,113
685,2025-07-01 17:24:26.822,2025-07-01 17:24:26.538906,-5.355829238891602,-8.135497093200684,-1.2186486721038818,-0.0403171069920063,0.02321287989616394,0.02687807008624077,2025-07-01 17:24:26.541,1751370866541,-7384,-3516,207,67,-126,78
686,2025-07-01 17:24:26.919,2025-07-01 17:24:26.638543,-5.446808815002441,-8.391676902770996,-1.2737152576446533,0.00733038317412138,-0.02076941914856434,0.03787364438176155,2025-07-01 17:24:26.644,1751370866644,-7396,-3534,210,35,-105,115
687,2025-07-01 17:24:27.119,2025-07-01 17:24:26.841462,-5.240907669067383,-8.169015884399414,-1.314416766166687,-0.004886921960860491,0.009773843921720982,-0.04398229718208313,2025-07-01 17:24:26.821,1751370866821,-7419,-3533,191,90,-98,66
688,2025-07-01 17:24:27.419,2025-07-01 17:24:27.134860,-5.365406036376953,-8.655038833618164,-1.3838485479354858,-0.18814650177955627,0.07208210229873657,0.030543262138962746,2025-07-01 17:24:27.174,1751370867174,-7356,-3552,207,26,-82,-109
689,2025-07-01 17:24:27.520,2025-07-01 17:24:27.238645,-5.355829238891602,-8.307879447937012,-1.4532804489135742,0.05253441259264946,0.012217304669320583,0.021991148591041565,2025-07-01 17:24:27.255,1751370867255,-7688,-3510,206,90,62,45
690,2025-07-01 17:24:27.620,2025-07-01 17:24:27.341510,-5.327098846435547,-8.324639320373535,-1.455674648284912,0.0024434609804302454,-0.010995574295520782,-0.01466076634824276,2025-07-01 17:24:27.347,1751370867347,-7380,-3532,520,110,100,12
691,2025-07-01 17:24:27.720,2025-07-01 17:24:27.442015,-5.39174222946167,-8.154650688171387,-1.4173674583435059,0.015882495790719986,-0.02076941914856434,-0.028099801391363144,2025-07-01 17:24:27.449,1751370867449,-7688,-3496,245,95,-119,70
692,2025-07-01 17:24:28.024,2025-07-01 17:24:27.741095,-5.4013190269470215,-8.2312650680542,-1.2186486721038818,0.07330382615327835,-0.012217304669320583,-0.042760565876960754,2025-07-01 17:24:27.720,1751370867720,-7379,-3559,246,62,-81,7
693,2025-07-01 17:24:28.321,2025-07-01 17:24:28.048621,-5.262455463409424,-8.62391471862793,-1.3072341680526733,-0.17592918872833252,0.04764748737215996,0.06475171446800232,2025-07-01 17:24:28.089,1751370868089,-7392,-3552,246,28,-71,115
694,2025-07-01 17:24:28.419,2025-07-01 17:24:28.132987,-5.4252610206604,-8.389283180236816,-1.558625340461731,0.1270599663257599,0.059864792972803116,-0.00733038317412138,2025-07-01 17:24:28.158,1751370868158,-7385,-3567,251,-262,-26,95
695,2025-07-01 17:24:28.519,2025-07-01 17:24:28.233195,-5.351040840148926,-8.17380428314209,-1.4317326545715332,-0.05009094998240471,-0.00366519158706069,-0.03420845419168472,2025-07-01 17:24:28.250,1751370868250,-7400,-3545,227,7,-66,105
696,2025-07-01 17:24:28.727,2025-07-01 17:24:28.445140,-5.183446884155273,-8.456320762634277,-1.482010841369629,-0.06841690838336945,-0.01466076634824276,0.00733038317412138,2025-07-01 17:24:28.417,1751370868417,-7424,-3516,183,-270,-65,83
697,2025-07-01 17:24:28.826,2025-07-01 17:24:28.541689,-5.157110691070557,-8.449137687683105,-1.5538369417190552,-0.010995574295520782,-0.025656340643763542,-0.02076941914856434,2025-07-01 17:24:28.511,1751370868511,-7684,-3516,172,-270,-63,90
698,2025-07-01 17:24:28.923,2025-07-01 17:24:28.641465,-5.473145008087158,-8.281543731689453,-1.403002142906189,0.0024434609804302454,0.00855211354792118,0.0012217304902151227,2025-07-01 17:24:28.614,1751370868614,-7359,-3578,208,38,82,-312
699,2025-07-01 17:24:29.127,2025-07-01 17:24:28.842054,-5.286397457122803,-8.329427719116211,-1.094150185585022,0.01466076634824276,-0.03787364438176155,-0.028099801391363144,2025-07-01 17:24:28.865,1751370868865,-7373,-3575,189,105,-100,-306
700,2025-07-01 17:24:29.426,2025-07-01 17:24:29.137496,-5.178658485412598,-8.310274124145508,-1.278503656387329,0.05497787147760391,-0.03420845419168472,-0.03298672288656235,2025-07-01 17:24:29.148,1751370869148,-7354,-3869,184,64,115,-274
701,2025-07-01 17:24:29.623,2025-07-01 17:24:29.335986,-5.183446884155273,-8.111555099487305,-1.699883222579956,0.19303341209888458,-0.05253441259264946,-0.013439035043120384,2025-07-01 17:24:29.355,1751370869355,-7374,-3916,174,37,-124,69
702,2025-07-01 17:24:29.832,2025-07-01 17:24:29.530422,-5.25527286529541,-8.44434928894043,-1.3670891523361206,0.015882495790719986,-0.06475171446800232,0.009773843921720982,2025-07-01 17:24:29.525,1751370869525,-7341,-3903,178,117,117,34
703,2025-07-01 17:24:29.929,2025-07-01 17:24:29.630520,-5.2911858558654785,-8.396465301513672,-1.0295066833496094,-0.036651913076639175,0.01466076634824276,-0.028099801391363144,2025-07-01 17:24:29.598,1751370869598,-7336,-3917,183,-261,72,75
704,2025-07-01 17:24:30.023,2025-07-01 17:24:29.729381,-5.48272180557251,-8.348581314086914,-1.2617442607879639,0.09040805697441101,0.019547687843441963,-0.02687807008624077,2025-07-01 17:24:29.689,1751370869689,-7310,-3959,230,101,-37,107
705,2025-07-01 17:24:30.125,2025-07-01 17:24:29.835139,-5.224148273468018,-8.327033042907715,-1.2856862545013428,0.030543262138962746,-0.02932153269648552,-0.028099801391363144,2025-07-01 17:24:29.875,1751370869875,-7351,-3855,163,112,-28,1
706,2025-07-01 17:24:30.323,2025-07-01 17:24:30.039876,-5.2049946784973145,-8.451532363891602,-1.1971008777618408,0.036651913076639175,0.0757472887635231,0.006108652334660292,2025-07-01 17:24:30.045,1751370870045,-7366,-3911,153,11,-65,43
707,2025-07-01 17:24:30.525,2025-07-01 17:24:30.233749,-5.240907669067383,-8.238448143005371,-1.1563993692398071,0.0,-0.0403171069920063,0.004886921960860491,2025-07-01 17:24:30.219,1751370870219,-7339,-3914,175,70,126,102
708,2025-07-01 17:24:30.725,2025-07-01 17:24:30.445808,-5.293580055236816,-8.257601737976074,-1.173158884048462,0.028099801391363144,-0.04764748737215996,-0.013439035043120384,2025-07-01 17:24:30.407,1751370870407,-7349,-3892,179,-335,-367,126
709,2025-07-01 17:24:30.926,2025-07-01 17:24:30.540851,-5.2265424728393555,-8.362946510314941,-1.1037269830703735,0.1062905490398407,-0.028099801391363144,-0.05497787147760391,2025-07-01 17:24:30.511,1751370870511,-7307,-3731,558,256,-310,-460
710,2025-07-01 17:24:31.019,2025-07-01 17:24:30.739409,-5.5976433753967285,-8.473079681396484,-1.1300631761550903,-0.07452555745840073,0.04153883829712868,0.04642575979232788,2025-07-01 17:24:30.776,1751370870776,-7508,-4134,572,54,96,-557
711,2025-07-01 17:24:31.222,2025-07-01 17:24:30.839967,-5.272032260894775,-8.365341186523438,-1.2282254695892334,-0.004886921960860491,-0.04153883829712868,0.0,2025-07-01 17:24:30.860,1751370870860,-7121,-4018,409,21,-364,-585
712,2025-07-01 17:24:31.520,2025-07-01 17:24:31.143109,-5.250484466552734,-8.269572257995605,-1.1755530834197998,-0.07696902006864548,0.0806342139840126,0.08185594528913498,2025-07-01 17:24:31.119,1751370871119,-7112,-4074,436,8,97,-273
713,2025-07-01 17:24:31.619,2025-07-01 17:24:31.338448,-5.288791656494141,-8.343792915344238,-1.0893617868423462,-0.036651913076639175,-0.04642575979232788,-0.01710422709584236,2025-07-01 17:24:31.310,1751370871310,-7096,-4061,402,38,-73,-124
714,2025-07-01 17:24:31.819,2025-07-01 17:24:31.540065,-5.2911858558654785,-8.305485725402832,-1.1252747774124146,0.1417207419872284,-0.06352998316287994,-0.05253441259264946,2025-07-01 17:24:31.504,1751370871504,-7062,-4074,400,-257,-96,93
715,2025-07-01 17:24:31.919,2025-07-01 17:24:31.647961,-4.963180065155029,-8.018181800842285,-1.2066776752471924,0.021991148591041565,0.01466076634824276,-0.009773843921720982,2025-07-01 17:24:31.669,1751370871669,-7141,-3997,576,-13,-117,31
716,2025-07-01 17:24:32.022,2025-07-01 17:24:31.736156,-5.039794445037842,-9.44752025604248,-1.1540051698684692,-0.6255260109901428,0.09651670604944229,0.15760323405265808,2025-07-01 17:24:31.773,1751370871773,-7109,-4020,401,-283,90,-127
717,2025-07-01 17:24:32.120,2025-07-01 17:24:31.839849,-5.4013190269470215,-8.145073890686035,-1.316810965538025,0.05864306539297104,0.00366519158706069,-0.013439035043120384,2025-07-01 17:24:31.842,1751370871842,-7135,-4022,634,53,-74,67
718,2025-07-01 17:24:32.220,2025-07-01 17:24:31.940245,-5.348646640777588,-8.197746276855469,-1.2665326595306396,0.0708603709936142,-0.04764748737215996,-0.036651913076639175,2025-07-01 17:24:31.938,1751370871938,-7124,-4051,619,39,-24,69
719,2025-07-01 17:24:32.320,2025-07-01 17:24:32.045258,-5.377377033233643,-8.391676902770996,-1.2832920551300049,0.06108652427792549,-0.051312681287527084,-0.01710422709584236,2025-07-01 17:24:32.052,1751370872052,-7148,-4008,581,78,281,-86
720,2025-07-01 17:24:32.520,2025-07-01 17:24:32.247997,-5.22175407409668,-7.223306655883789,-2.0254945755004883,0.06230825558304787,0.05009094998240471,-0.05009094998240471,2025-07-01 17:24:32.220,1751370872220,-7167,-3973,605,-131,-52,491
721,2025-07-01 17:24:32.922,2025-07-01 17:24:32.641276,-5.389348030090332,-8.29590892791748,-1.0654197931289673,0.15515977144241333,-0.05864306539297104,-0.021991148591041565,2025-07-01 17:24:32.659,1751370872659,-7394,-3899,232,-279,78,-52
722,2025-07-01 17:24:33.019,2025-07-01 17:24:32.745686,-5.451597213745117,-8.293514251708984,-1.3503297567367554,0.18814650177955627,-0.08674286305904388,-0.05864306539297104,2025-07-01 17:24:32.742,1751370872742,-7691,-3886,521,-277,-517,311
723,2025-07-01 17:24:33.119,2025-07-01 17:24:32.841555,-5.0014872550964355,-8.573636054992676,-1.2976573705673218,-0.06963863968849182,0.09162978827953339,0.09529497474431992,2025-07-01 17:24:32.833,1751370872833,-7371,-3862,585,106,59,60
724,2025-07-01 17:24:33.330,2025-07-01 17:24:33.030119,-5.446808815002441,-8.882488250732422,-0.8236053586006165,-0.26633724570274353,0.010995574295520782,-0.00366519158706069,2025-07-01 17:24:33.014,1751370873014,-7349,-3567,581,110,-60,93
725,2025-07-01 17:24:33.529,2025-07-01 17:24:33.142536,-5.34625244140625,-8.274360656738281,-1.0654197931289673,0.01710422709584236,-0.028099801391363144,0.0024434609804302454,2025-07-01 17:24:33.113,1751370873113,-7407,-3872,546,-123,298,-291
726,2025-07-01 17:24:33.619,2025-07-01 17:24:33.352348,-5.20978307723999,-8.003816604614258,-0.9026140570640564,0.251676470041275,-0.07330382615327835,-0.10995574295520782,2025-07-01 17:24:33.370,1751370873370,-7372,-3881,518,80,-26,-306
727,2025-07-01 17:24:33.830,2025-07-01 17:24:33.541803,-5.784391403198242,-7.975085735321045,-1.1540051698684692,0.3225368559360504,0.045204028487205505,0.05497787147760391,2025-07-01 17:24:33.555,1751370873555,-7333,-3916,540,78,-92,14
728,2025-07-01 17:24:34.132,2025-07-01 17:24:33.841549,-5.147533416748047,-8.729259490966797,-1.039083480834961,-0.0806342139840126,-0.036651913076639175,-0.04886921867728233,2025-07-01 17:24:33.818,1751370873818,-7334,-3902,227,-275,113,-293
729,2025-07-01 17:24:34.229,2025-07-01 17:24:33.943511,-5.406107425689697,-8.686163902282715,-1.0223240852355957,-0.2834414839744568,0.028099801391363144,0.0806342139840126,2025-07-01 17:24:33.910,1751370873910,-7338,-3713,226,80,28,-384
730,2025-07-01 17:24:34.324,2025-07-01 17:24:34.041069,-5.130774021148682,-8.56884765625,-1.0654197931289673,-0.2785545587539673,0.015882495790719986,0.04398229718208313,2025-07-01 17:24:34.014,1751370874014,-7311,-3733,242,-77,-309,-639
731,2025-07-01 17:24:34.426,2025-07-01 17:24:34.138449,-5.207388877868652,-7.836222171783447,-1.2952631711959839,0.15027284622192383,0.08429940044879913,-0.019547687843441963,2025-07-01 17:24:34.111,1751370874111,-7548,-3758,525,-94,-307,-619
732,2025-07-01 17:24:34.528,2025-07-01 17:24:34.243033,-5.106832027435303,-8.276755332946777,-1.5394717454910278,-0.13805554807186127,0.0354301854968071,-0.09529497474431992,2025-07-01 17:24:34.207,1751370874207,-7719,-3980,243,-69,-1303,-1725
733,2025-07-01 17:24:34.729,2025-07-01 17:24:34.430790,-5.360617637634277,-8.396465301513672,-3.0142998695373535,-1.8411478996276855,0.35185837745666504,0.009773843921720982,2025-07-01 17:24:34.461,1751370874461,-5755,-5572,1785,-868,-2853,-3123
734,2025-07-01 17:24:34.830,2025-07-01 17:24:34.534906,-5.442020416259766,-7.55131196975708,-3.821146011352539,-0.9297369122505188,0.02932153269648552,0.17348572611808777,2025-07-01 17:24:34.548,1751370874548,-5421,-6018,1954,-1140,-1139,-1817
735,2025-07-01 17:24:34.923,2025-07-01 17:24:34.645791,-5.123591423034668,-5.082890033721924,-5.094861030578613,-1.5418238639831543,-0.039095375686883926,-0.02076941914856434,2025-07-01 17:24:34.632,1751370874632,-5393,-6102,1955,-956,-763,-1435
736,2025-07-01 17:24:35.426,2025-07-01 17:24:35.138659,-3.9695863723754883,-6.402095317840576,-6.801927089691162,0.6157521605491638,0.2626720666885376,-0.1514945775270462,2025-07-01 17:24:35.099,1751370875099,-4546,-7235,1054,-1848,583,-1151
737,2025-07-01 17:24:35.719,2025-07-01 17:24:35.444801,-4.831499099731445,-10.295066833496094,-3.19865345954895,3.10197377204895,0.656069278717041,0.2834414839744568,2025-07-01 17:24:35.453,1751370875453,-4277,-7030,1357,102,-1078,-117
738,2025-07-01 17:24:35.824,2025-07-01 17:24:35.532784,-3.823540210723877,-8.439560890197754,-2.31758713722229,3.1276299953460693,0.38606682419776917,0.4056145250797272,2025-07-01 17:24:35.528,1751370875528,-4652,-6815,1376,-1041,-263,-42
739,2025-07-01 17:24:36.025,2025-07-01 17:24:35.742223,-4.541800498962402,-8.607154846191406,1.237802267074585,1.947438359260559,1.0555751323699951,-0.2015855312347412,2025-07-01 17:24:35.716,1751370875716,-4709,-6632,1063,-1114,-34,-24
740,2025-07-01 17:24:36.420,2025-07-01 17:24:36.142859,-2.5282769203186035,-7.939172744750977,3.3470940589904785,0.33597588539123535,0.25534167885780334,-0.4092797040939331,2025-07-01 17:24:36.176,1751370876176,-5190,-6590,-155,-371,366,-77
741,2025-07-01 17:24:36.519,2025-07-01 17:24:36.241960,-2.473210334777832,-9.387664794921875,3.73016619682312,-0.05742133408784866,-0.010995574295520782,-0.3677408695220947,2025-07-01 17:24:36.250,1751370876250,-5045,-6736,-298,97,-540,607
742,2025-07-01 17:24:36.620,2025-07-01 17:24:36.340258,-1.7190368175506592,-9.720458984375,3.292027235031128,0.21624629199504852,0.09407325088977814,-0.29077184200286865,2025-07-01 17:24:36.354,1751370876354,-5180,-6718,-324,23,-737,424
743,2025-07-01 17:24:36.722,2025-07-01 17:24:36.429481,-1.8602946996688843,-8.494627952575684,3.711012601852417,0.19547687470912933,0.02076941914856434,-0.18814650177955627,2025-07-01 17:24:36.442,1751370876442,-5162,-6738,80,-106,-664,336