id,ActualTime,WatchTimeStamp,Ax watch,Ay watch,Az watch,Gx watch,Gy watch,Gz watch,Esense TimeStamp,Time in Epochs (ignore),Ax esense,Ay esense,Az esense,Gx esense,Gy esense,Gz esense
1,2025-07-01 17:28:00.623,2025-07-01 17:28:00.350501,-0.9217676520347595,-8.96389102935791,4.211400985717773,0.07452555745840073,0.02076941914856434,0.03176499158143997,2025-07-01 17:28:00.311,1751371080311,-7767,-3306,1702,6,-308,23
2,2025-07-01 17:28:00.828,2025-07-01 17:28:00.547016,-0.9768342971801758,-8.798690795898438,4.443638324737549,-0.06108652427792549,-0.01710422709584236,-0.03787364438176155,2025-07-01 17:28:00.561,1751371080561,-7754,-3291,1778,321,-102,17
3,2025-07-01 17:28:00.920,2025-07-01 17:28:00.655995,-0.9552865028381348,-8.841787338256836,4.299986362457275,0.02321287989616394,0.0024434609804302454,0.009773843921720982,2025-07-01 17:28:00.638,1751371080638,-7745,-3286,2058,328,-120,-258
4,2025-07-01 17:28:01.147,2025-07-01 17:28:00.858150,-0.912190854549408,-8.78193187713623,4.381389141082764,0.012217304669320583,-0.00733038317412138,-0.0012217304902151227,2025-07-01 17:28:00.825,1751371080825,-7684,-3295,2169,-106,79,-301
5,2025-07-01 17:28:01.223,2025-07-01 17:28:00.935272,-0.9169792532920837,-8.83939266204834,4.393360137939453,-0.004886921960860491,-0.0024434609804302454,-0.00733038317412138,2025-07-01 17:28:00.920,1751371080920,-7736,-3258,2127,-105,38,70
6,2025-07-01 17:28:01.321,2025-07-01 17:28:01.055754,-0.9696516990661621,-8.920795440673828,4.304774761199951,0.013439035043120384,-0.010995574295520782,0.010995574295520782,2025-07-01 17:28:01.091,1751371081091,-7721,-3303,2158,-265,-113,12
7,2025-07-01 17:28:01.420,2025-07-01 17:28:01.162340,-1.0199298858642578,-8.844181060791016,4.424484729766846,0.04886921867728233,0.009773843921720982,0.019547687843441963,2025-07-01 17:28:01.189,1751371081189,-7712,-3632,2175,-306,88,-318
8,2025-07-01 17:28:01.633,2025-07-01 17:28:01.352153,-1.0199298858642578,-8.75080680847168,4.390965938568115,0.06719517707824707,0.01466076634824276,0.02321287989616394,2025-07-01 17:28:01.377,1751371081377,-7403,-3610,1959,-295,83,-300
9,2025-07-01 17:28:01.731,2025-07-01 17:28:01.455118,-1.05105459690094,-8.59997272491455,4.517858505249023,0.00855211354792118,0.006108652334660292,-0.00366519158706069,2025-07-01 17:28:01.456,1751371081456,-7424,-3601,1967,84,79,11
10,2025-07-01 17:28:01.839,2025-07-01 17:28:01.557327,-0.9648633003234863,-8.698134422302246,4.441244125366211,-0.02321287989616394,-0.00733038317412138,-0.01710422709584236,2025-07-01 17:28:01.553,1751371081553,-7339,-3592,1961,-359,-316,16
11,2025-07-01 17:28:01.920,2025-07-01 17:28:01.658705,-0.8954314589500427,-8.956708908081055,4.443638324737549,-0.0708603709936142,-0.00733038317412138,-0.028099801391363144,2025-07-01 17:28:01.638,1751371081638,-7304,-3323,1951,-476,-216,-135
12,2025-07-01 17:28:02.021,2025-07-01 17:28:01.757754,-1.0271124839782715,-8.671798706054688,4.3406877517700195,0.05864306539297104,0.018325956538319588,0.004886921960860491,2025-07-01 17:28:01.739,1751371081739,-7445,-3630,1886,-1241,-246,-139
13,2025-07-01 17:28:02.247,2025-07-01 17:28:01.955275,-0.9409212470054626,-8.724471092224121,4.520252704620361,0.006108652334660292,0.0,0.0012217304902151227,2025-07-01 17:28:01.915,1751371081915,-7491,-3861,2317,-697,-230,258
14,2025-07-01 17:28:02.320,2025-07-01 17:28:02.057516,-0.950498104095459,-8.688557624816895,4.321534156799316,0.010995574295520782,-0.00855211354792118,-0.009773843921720982,2025-07-01 17:28:02.091,1751371082091,-7505,-3560,2023,-429,-285,110
15,2025-07-01 17:28:02.527,2025-07-01 17:28:02.256833,-0.8451532125473022,-8.913613319396973,4.331110954284668,-0.02687807008624077,-0.00855211354792118,-0.006108652334660292,2025-07-01 17:28:02.246,1751371082246,-7389,-3860,1761,-421,158,-91
16,2025-07-01 17:28:02.621,2025-07-01 17:28:02.355270,-0.9145850539207458,-8.880094528198242,4.311957359313965,0.00366519158706069,0.0,0.004886921960860491,2025-07-01 17:28:02.348,1751371082348,-7353,-3526,1679,303,132,-55
17,2025-07-01 17:28:02.720,2025-07-01 17:28:02.453170,-0.8834604024887085,-8.825027465820312,4.321534156799316,-0.013439035043120384,0.0,-0.006108652334660292,2025-07-01 17:28:02.446,1751371082446,-7392,-3698,1877,-42,-80,-8
18,2025-07-01 17:28:02.820,2025-07-01 17:28:02.453170,-0.8834604024887085,-8.825027465820312,4.321534156799316,-0.013439035043120384,0.0,-0.006108652334660292,2025-07-01 17:28:02.446,1751371082446,-7392,-3698,1877,-42,-80,-8
19,2025-07-01 17:28:02.920,2025-07-01 17:28:02.648705,-0.9145850539207458,-8.803479194641113,4.326322555541992,0.00855211354792118,-0.0012217304902151227,0.0024434609804302454,2025-07-01 17:28:02.650,1751371082650,-7408,-3686,1853,286,296,112
20,2025-07-01 17:28:03.020,2025-07-01 17:28:02.765596,-0.8906430602073669,-8.87051773071289,4.299986362457275,-0.00366519158706069,-0.00733038317412138,-0.0024434609804302454,2025-07-01 17:28:02.804,1751371082804,-7684,-3682,1873,-49,-260,-278
21,2025-07-01 17:28:03.220,2025-07-01 17:28:02.930476,-0.9026140570640564,-8.81784439086914,4.326322555541992,-0.004886921960860491,0.0,-0.00366519158706069,2025-07-01 17:28:02.900,1751371082900,-7407,-3690,1688,281,36,-303
22,2025-07-01 17:28:03.321,2025-07-01 17:28:03.058981,-0.993593692779541,-8.78432559967041,4.2951979637146,-0.0024434609804302454,-0.006108652334660292,-0.006108652334660292,2025-07-01 17:28:03.069,1751371083069,-7360,-3526,1756,266,-68,-132
23,2025-07-01 17:28:03.638,2025-07-01 17:28:03.335251,-0.8810662031173706,-8.887276649475098,4.338293552398682,-0.01466076634824276,-0.012217304669320583,-0.0024434609804302454,2025-07-01 17:28:03.302,1751371083302,-7389,-3489,1782,207,-125,65
24,2025-07-01 17:28:03.834,2025-07-01 17:28:03.554272,-0.9528923034667969,-8.841787338256836,4.285621166229248,-0.01710422709584236,0.0012217304902151227,-0.009773843921720982,2025-07-01 17:28:03.532,1751371083532,-7689,-3700,2068,602,143,68
25,2025-07-01 17:28:03.928,2025-07-01 17:28:03.657165,-0.8978256583213806,-8.858546257019043,4.261679172515869,-0.019547687843441963,0.0012217304902151227,-0.010995574295520782,2025-07-01 17:28:03.617,1751371083617,-7397,-3605,2120,291,32,-95
26,2025-07-01 17:28:04.026,2025-07-01 17:28:03.763219,-0.8690952062606812,-8.765172004699707,4.235342979431152,0.00855211354792118,0.0,-0.004886921960860491,2025-07-01 17:28:03.801,1751371083801,-7328,-3698,2165,-261,-109,45
27,2025-07-01 17:28:04.126,2025-07-01 17:28:03.860096,-0.9145850539207458,-8.877699851989746,4.278438568115234,0.012217304669320583,0.0,-0.006108652334660292,2025-07-01 17:28:03.899,1751371083899,-7689,-3671,2162,80,119,71
28,2025-07-01 17:28:04.327,2025-07-01 17:28:04.055878,-0.7948749661445618,-8.904036521911621,4.1874589920043945,0.00855211354792118,0.0,-0.0024434609804302454,2025-07-01 17:28:04.082,1751371084082,-7312,-3473,2136,-168,111,15
29,2025-07-01 17:28:04.527,2025-07-01 17:28:04.250313,-0.8164227604866028,-8.951920509338379,4.1874589920043945,-0.06963863968849182,0.0,-0.00733038317412138,2025-07-01 17:28:04.262,1751371084262,-7374,-3468,2070,15,-63,-113
30,2025-07-01 17:28:04.625,2025-07-01 17:28:04.330307,-0.9816226959228516,-8.868123054504395,4.163516521453857,-0.030543262138962746,-0.006108652334660292,-0.00366519158706069,2025-07-01 17:28:04.331,1751371084331,-7388,-3457,2077,22,-93,-114
31,2025-07-01 17:28:04.924,2025-07-01 17:28:04.630237,-0.7852981686592102,-8.880094528198242,4.156333923339844,0.015882495790719986,0.0,0.0024434609804302454,2025-07-01 17:28:04.625,1751371084625,-7363,-3665,2112,84,-95,-93
32,2025-07-01 17:28:05.020,2025-07-01 17:28:04.729758,-0.7924807667732239,-8.951920509338379,4.163516521453857,-0.01466076634824276,-0.00366519158706069,0.0024434609804302454,2025-07-01 17:28:04.712,1751371084712,-7361,-3673,2074,17,-106,-127
33,2025-07-01 17:28:05.120,2025-07-01 17:28:04.830094,-0.8762778043746948,-8.810662269592285,4.144362926483154,0.00366519158706069,0.0,-0.02076941914856434,2025-07-01 17:28:04.868,1751371084868,-7378,-3675,2075,60,-86,106
34,2025-07-01 17:28:05.320,2025-07-01 17:28:05.030126,-0.9074024558067322,-8.899248123168945,4.1156325340271,0.010995574295520782,0.0012217304902151227,0.018325956538319588,2025-07-01 17:28:05.058,1751371085058,-7419,-3613,2116,64,112,52
35,2025-07-01 17:28:05.432,2025-07-01 17:28:05.130206,-0.8092401623725891,-8.990227699279785,4.10366153717041,0.0024434609804302454,0.0,0.0012217304902151227,2025-07-01 17:28:05.149,1751371085149,-7422,-3627,2108,87,40,84
36,2025-07-01 17:28:05.526,2025-07-01 17:28:05.242076,-0.8068459630012512,-8.9064302444458,4.094084739685059,0.006108652334660292,0.0024434609804302454,-0.0012217304902151227,2025-07-01 17:28:05.226,1751371085226,-7418,-3623,2109,79,45,113
37,2025-07-01 17:28:05.721,2025-07-01 17:28:05.465679,-0.8523358106613159,-8.913613319396973,4.120420932769775,0.012217304669320583,0.0,0.0012217304902151227,2025-07-01 17:28:05.432,1751371085432,-7388,-3613,2112,29,121,111
38,2025-07-01 17:28:05.821,2025-07-01 17:28:05.530105,-0.9097966551780701,-8.995016098022461,4.1156325340271,-0.0024434609804302454,0.004886921960860491,-0.00366519158706069,2025-07-01 17:28:05.507,1751371085507,-7682,-3605,2124,60,117,119
39,2025-07-01 17:28:05.922,2025-07-01 17:28:05.630309,-0.8092401623725891,-8.995016098022461,4.211400985717773,-0.00366519158706069,-0.0024434609804302454,-0.006108652334660292,2025-07-01 17:28:05.591,1751371085591,-7406,-3591,2140,60,121,99
40,2025-07-01 17:28:06.121,2025-07-01 17:28:05.830045,-0.7805097699165344,-8.803479194641113,4.127603530883789,0.0012217304902151227,-0.0024434609804302454,0.004886921960860491,2025-07-01 17:28:05.794,1751371085794,-7688,-3640,2115,56,-67,4
41,2025-07-01 17:28:06.424,2025-07-01 17:28:06.030362,-0.8690952062606812,-8.942343711853027,4.158728122711182,0.0012217304902151227,-0.0012217304902151227,0.0,2025-07-01 17:28:06.068,1751371086068,-7417,-3619,2123,105,-108,56
42,2025-07-01 17:28:06.520,2025-07-01 17:28:06.230339,-0.8882488012313843,-8.89445972442627,4.1180267333984375,0.0024434609804302454,-0.0012217304902151227,0.0,2025-07-01 17:28:06.218,1751371086218,-7416,-3611,2121,100,-105,68
43,2025-07-01 17:28:06.623,2025-07-01 17:28:06.330337,-0.8643068075180054,-8.925583839416504,4.127603530883789,-0.004886921960860491,-0.0024434609804302454,0.0012217304902151227,2025-07-01 17:28:06.313,1751371086313,-7409,-3611,2121,95,-115,69
44,2025-07-01 17:28:06.733,2025-07-01 17:28:06.430063,-0.8523358106613159,-8.939949035644531,4.20421838760376,0.004886921960860491,-0.0024434609804302454,0.00366519158706069,2025-07-01 17:28:06.423,1751371086423,-7693,-3639,2142,124,-103,24
45,2025-07-01 17:28:06.927,2025-07-01 17:28:06.630081,-0.8379706144332886,-8.932766914367676,4.034229755401611,0.0,-0.004886921960860491,-0.0024434609804302454,2025-07-01 17:28:06.605,1751371086605,-7422,-3315,2143,115,126,23
46,2025-07-01 17:28:07.722,2025-07-01 17:28:07.430558,-0.751779317855835,-9.0859956741333,4.177882194519043,0.03176499158143997,0.0012217304902151227,0.02321287989616394,2025-07-01 17:28:07.406,1751371087406,-7365,-3607,1994,114,45,11
47,2025-07-01 17:28:07.925,2025-07-01 17:28:07.630072,-0.7493851184844971,-8.935160636901855,4.0533833503723145,0.030543262138962746,-0.013439035043120384,0.021991148591041565,2025-07-01 17:28:07.670,1751371087670,-7372,-3478,2358,71,-83,24
48,2025-07-01 17:28:08.020,2025-07-01 17:28:07.730696,-0.8212111592292786,-8.995016098022461,4.098873138427734,-0.0012217304902151227,-0.0024434609804302454,-0.0024434609804302454,2025-07-01 17:28:07.751,1751371087751,-7334,-3461,2357,-293,-124,-280
49,2025-07-01 17:28:08.130,2025-07-01 17:28:07.830410,-0.8571242094039917,-8.920795440673828,4.094084739685059,-0.0012217304902151227,-0.0012217304902151227,0.0012217304902151227,2025-07-01 17:28:07.853,1751371087853,-7329,-3682,2323,-284,-71,60
50,2025-07-01 17:28:08.329,2025-07-01 17:28:08.029882,-0.8667010068893433,-8.89445972442627,4.05817174911499,0.00855211354792118,0.010995574295520782,-0.01466076634824276,2025-07-01 17:28:08.015,1751371088015,-7349,-3476,2330,-330,-64,53
51,2025-07-01 17:28:08.520,2025-07-01 17:28:08.230264,-0.7948749661445618,-8.887276649475098,4.10366153717041,0.019547687843441963,-0.0012217304902151227,0.010995574295520782,2025-07-01 17:28:08.219,1751371088219,-7307,-3457,2032,58,103,39
52,2025-07-01 17:28:08.744,2025-07-01 17:28:08.430300,-0.871489405632019,-8.858546257019043,4.1874589920043945,0.015882495790719986,0.0012217304902151227,0.006108652334660292,2025-07-01 17:28:08.390,1751371088390,-7313,-3465,2353,63,36,66
53,2025-07-01 17:28:09.026,2025-07-01 17:28:08.730277,-0.8403648138046265,-8.89685344696045,4.2329487800598145,-0.006108652334660292,-0.010995574295520782,-0.0012217304902151227,2025-07-01 17:28:08.751,1751371088751,-7534,-3557,2351,-112,-102,-273
54,2025-07-01 17:28:09.221,2025-07-01 17:28:08.929496,-0.8978256583213806,-8.825027465820312,4.23773717880249,-0.004886921960860491,-0.004886921960860491,0.0,2025-07-01 17:28:08.932,1751371088932,-7536,-3536,2362,-56,-111,64
55,2025-07-01 17:28:09.420,2025-07-01 17:28:09.130273,-0.790086567401886,-8.913613319396973,4.163516521453857,0.00855211354792118,-0.0012217304902151227,0.0,2025-07-01 17:28:09.106,1751371089106,-7517,-3557,2356,65,-90,87
56,2025-07-01 17:28:09.523,2025-07-01 17:28:09.230028,-0.9241618514060974,-8.887276649475098,4.1395745277404785,0.0024434609804302454,0.0024434609804302454,-0.00855211354792118,2025-07-01 17:28:09.196,1751371089196,-7542,-3558,2375,98,-72,86
57,2025-07-01 17:28:09.621,2025-07-01 17:28:09.330158,-0.7924807667732239,-8.954314231872559,4.180276393890381,-0.010995574295520782,-0.0024434609804302454,-0.00855211354792118,2025-07-01 17:28:09.366,1751371089366,-7305,-3525,2352,96,119,75
58,2025-07-01 17:28:09.937,2025-07-01 17:28:09.629803,-0.8331822156906128,-8.889671325683594,4.089296340942383,0.00733038317412138,0.010995574295520782,0.0024434609804302454,2025-07-01 17:28:09.650,1751371089650,-7549,-3696,2387,-145,85,-103
59,2025-07-01 17:28:10.124,2025-07-01 17:28:09.830607,-0.7613561153411865,-9.009381294250488,4.156333923339844,-0.0024434609804302454,0.00366519158706069,0.0024434609804302454,2025-07-01 17:28:09.814,1751371089814,-7298,-3695,2369,-201,88,-94
60,2025-07-01 17:28:10.257,2025-07-01 17:28:09.930155,-1.0295066833496094,-8.937555313110352,4.101267337799072,-0.06963863968849182,0.028099801391363144,-0.013439035043120384,2025-07-01 17:28:09.915,1751371089915,-7541,-3492,2040,-851,-355,-11
61,2025-07-01 17:28:10.326,2025-07-01 17:28:10.030096,-0.9911994934082031,-8.968679428100586,4.2090067863464355,-0.26633724570274353,0.04764748737215996,0.00855211354792118,2025-07-01 17:28:09.998,1751371089998,-7303,-3711,2026,-802,69,-21
62,2025-07-01 17:28:10.720,2025-07-01 17:28:10.430281,-0.9026140570640564,-8.93037223815918,4.02465295791626,0.025656340643763542,-0.04153883829712868,-0.025656340643763542,2025-07-01 17:28:10.458,1751371090458,-7740,-3253,1875,-424,178,142
63,2025-07-01 17:28:10.824,2025-07-01 17:28:10.530243,-0.8619126081466675,-8.944737434387207,4.000710964202881,-0.05009094998240471,-0.03298672288656235,-0.02687807008624077,2025-07-01 17:28:10.545,1751371090545,-7780,-3216,1802,-624,176,353
64,2025-07-01 17:28:10.920,2025-07-01 17:28:10.530243,-0.8619126081466675,-8.944737434387207,4.000710964202881,-0.05009094998240471,-0.03298672288656235,-0.02687807008624077,2025-07-01 17:28:10.545,1751371090545,-7780,-3216,1802,-624,176,353
65,2025-07-01 17:28:11.120,2025-07-01 17:28:10.830373,-0.8092401623725891,-8.978256225585938,3.9217023849487305,0.004886921960860491,-0.00855211354792118,0.0024434609804302454,2025-07-01 17:28:10.824,1751371090824,-7569,-3427,1455,-174,347,259
66,2025-07-01 17:28:11.233,2025-07-01 17:28:10.929814,-0.811634361743927,-9.083600997924805,3.950432777404785,0.00855211354792118,0.0012217304902151227,-0.004886921960860491,2025-07-01 17:28:10.894,1751371090894,-7657,-3072,1588,53,321,-16
67,2025-07-01 17:28:11.520,2025-07-01 17:28:11.230933,-0.8738836050033569,-9.050082206726074,3.7900211811065674,-0.019547687843441963,-0.006108652334660292,-0.0024434609804302454,2025-07-01 17:28:11.202,1751371091202,-7639,-3009,1559,5,-98,-57
68,2025-07-01 17:28:11.621,2025-07-01 17:28:11.330304,-0.8451532125473022,-9.045293807983398,3.7684733867645264,-0.004886921960860491,0.004886921960860491,-0.0024434609804302454,2025-07-01 17:28:11.365,1751371091365,-7631,-2967,1544,26,-120,95
69,2025-07-01 17:28:11.822,2025-07-01 17:28:11.530462,-0.8738836050033569,-9.07641887664795,3.8139634132385254,-0.0024434609804302454,-0.0024434609804302454,0.0012217304902151227,2025-07-01 17:28:11.561,1751371091561,-7648,-2965,1552,-259,13,-260
70,2025-07-01 17:28:12.020,2025-07-01 17:28:11.730141,-0.8690952062606812,-9.057265281677246,3.8738183975219727,0.0012217304902151227,-0.0012217304902151227,0.0,2025-07-01 17:28:11.755,1751371091755,-7630,-2981,1563,-341,18,-302
71,2025-07-01 17:28:12.220,2025-07-01 17:28:11.930524,-0.8259995579719543,-9.090784072875977,3.864241600036621,-0.01710422709584236,-0.006108652334660292,-0.00366519158706069,2025-07-01 17:28:11.917,1751371091917,-7584,-3364,1412,-138,-187,-182
72,2025-07-01 17:28:12.320,2025-07-01 17:28:11.930524,-0.8259995579719543,-9.090784072875977,3.864241600036621,-0.01710422709584236,-0.006108652334660292,-0.00366519158706069,2025-07-01 17:28:11.917,1751371091917,-7584,-3364,1412,-138,-187,-182
73,2025-07-01 17:28:12.732,2025-07-01 17:28:12.429943,-0.7541735172271729,-9.193734169006348,3.751713991165161,-0.01710422709584236,0.0012217304902151227,0.006108652334660292,2025-07-01 17:28:12.436,1751371092436,-7402,-3533,2089,-661,-961,-510
74,2025-07-01 17:28:12.920,2025-07-01 17:28:12.629943,-0.7709329724311829,-9.255983352661133,3.6990416049957275,-0.04886921867728233,-0.004886921960860491,-0.02932153269648552,2025-07-01 17:28:12.616,1751371092616,-7393,-3497,1920,-255,-299,188
75,2025-07-01 17:28:13.120,2025-07-01 17:28:12.829934,-0.8978256583213806,-9.136273384094238,3.8355112075805664,-0.02076941914856434,0.05253441259264946,-0.0659734457731247,2025-07-01 17:28:12.804,1751371092804,-7721,-3430,1962,-309,-8,596
76,2025-07-01 17:28:13.320,2025-07-01 17:28:13.129315,-0.6272808313369751,-9.074024200439453,3.6750996112823486,0.06352998316287994,-0.03787364438176155,-0.019547687843441963,2025-07-01 17:28:13.151,1751371093151,-7797,-3067,1938,-127,265,591
77,2025-07-01 17:28:13.447,2025-07-01 17:28:13.129315,-0.6272808313369751,-9.074024200439453,3.6750996112823486,0.06352998316287994,-0.03787364438176155,-0.019547687843441963,2025-07-01 17:28:13.151,1751371093151,-7797,-3067,1938,-127,265,591
78,2025-07-01 17:28:13.831,2025-07-01 17:28:13.530085,-0.7852981686592102,-8.925583839416504,3.8594532012939453,0.12095131725072861,0.021991148591041565,0.042760565876960754,2025-07-01 17:28:13.516,1751371093516,-7817,-2275,1823,114,146,713
79,2025-07-01 17:28:14.127,2025-07-01 17:28:13.730275,-0.7613561153411865,-9.093177795410156,3.8714241981506348,-0.05619960278272629,-0.030543262138962746,-0.012217304669320583,2025-07-01 17:28:13.699,1751371093699,-7992,-2515,1802,129,154,-559
80,2025-07-01 17:28:14.233,2025-07-01 17:28:13.930435,-0.849941611289978,-9.165003776550293,3.77565598487854,0.024434609338641167,0.015882495790719986,0.018325956538319588,2025-07-01 17:28:13.960,1751371093960,-8032,-2523,1510,150,140,-575
81,2025-07-01 17:28:14.321,2025-07-01 17:28:14.029751,-0.8571242094039917,-9.172186851501465,3.864241600036621,0.04642575979232788,0.012217304669320583,0.02932153269648552,2025-07-01 17:28:14.046,1751371094046,-8060,-2535,1460,331,128,-545
82,2025-07-01 17:28:14.420,2025-07-01 17:28:14.130765,-0.8595184087753296,-8.96389102935791,3.8714241981506348,-0.015882495790719986,-0.009773843921720982,-0.02076941914856434,2025-07-01 17:28:14.134,1751371094134,-7859,-2560,1459,-22,163,-539
83,2025-07-01 17:28:14.533,2025-07-01 17:28:14.229836,-0.9624691009521484,-9.172186851501465,3.8570590019226074,-0.07819075137376785,-0.00855211354792118,-0.05009094998240471,2025-07-01 17:28:14.250,1751371094250,-7602,-3094,1875,166,142,-935
84,2025-07-01 17:28:14.731,2025-07-01 17:28:14.430125,-0.706289529800415,-9.064447402954102,3.825934410095215,0.021991148591041565,0.0024434609804302454,0.009773843921720982,2025-07-01 17:28:14.420,1751371094420,-7709,-3241,1206,3017,3369,-1530
85,2025-07-01 17:28:14.823,2025-07-01 17:28:14.529706,-0.8403648138046265,-8.999804496765137,3.8786067962646484,0.00366519158706069,0.00855211354792118,-0.01466076634824276,2025-07-01 17:28:14.508,1751371094508,-7866,-3220,1040,267,12,-177
86,2025-07-01 17:28:14.925,2025-07-01 17:28:14.630150,-0.8188169598579407,-9.035717010498047,3.8139634132385254,-0.00733038317412138,-0.00733038317412138,-0.0024434609804302454,2025-07-01 17:28:14.605,1751371094605,-7693,-3459,1564,-561,-1950,20
87,2025-07-01 17:28:15.126,2025-07-01 17:28:14.830110,-0.7805097699165344,-9.14585018157959,3.8594532012939453,-0.004886921960860491,0.00366519158706069,-0.009773843921720982,2025-07-01 17:28:14.863,1751371094863,-7494,-3245,1862,-511,-2279,187
88,2025-07-01 17:28:15.220,2025-07-01 17:28:14.935916,-0.7613561153411865,-9.119514465332031,3.8115692138671875,0.00366519158706069,-0.009773843921720982,0.00855211354792118,2025-07-01 17:28:14.963,1751371094963,-7734,-3230,1925,422,857,-55
89,2025-07-01 17:28:15.323,2025-07-01 17:28:15.029942,-0.7565677165985107,-9.129091262817383,3.754108190536499,0.10506882518529892,0.010995574295520782,0.0403171069920063,2025-07-01 17:28:15.042,1751371095042,-7594,-3391,2131,-36,-100,44
90,2025-07-01 17:28:15.426,2025-07-01 17:28:15.129924,-1.015141487121582,-8.813055992126465,4.062960147857666,0.12095131725072861,0.00733038317412138,0.05009094998240471,2025-07-01 17:28:15.149,1751371095149,-8021,-3417,2060,-230,-555,207
91,2025-07-01 17:28:15.535,2025-07-01 17:28:15.229519,-0.811634361743927,-9.150638580322266,4.039018154144287,-0.08307767659425735,-0.01466076634824276,-0.05864306539297104,2025-07-01 17:28:15.226,1751371095226,-7840,-2957,1745,-816,-823,552
92,2025-07-01 17:28:15.625,2025-07-01 17:28:15.330331,-0.8523358106613159,-8.980650901794434,4.034229755401611,0.09407325088977814,-0.00733038317412138,0.03298672288656235,2025-07-01 17:28:15.328,1751371095328,-7005,-4721,2631,147,804,1814
93,2025-07-01 17:28:15.820,2025-07-01 17:28:15.531166,-0.8068459630012512,-9.165003776550293,3.952826976776123,0.04642575979232788,0.012217304669320583,0.0012217304902151227,2025-07-01 17:28:15.502,1751371095502,-8087,-2822,1969,-434,15,-826
94,2025-07-01 17:28:16.321,2025-07-01 17:28:16.034372,-0.9720458984375,-8.683769226074219,4.376600742340088,0.17104226350784302,0.08429940044879913,0.15271630883216858,2025-07-01 17:28:16.051,1751371096051,-7654,-2532,1643,224,364,252
95,2025-07-01 17:28:16.524,2025-07-01 17:28:16.229574,-0.9840168952941895,-8.62630844116211,4.424484729766846,-0.021991148591041565,0.12828169763088226,-0.03787364438176155,2025-07-01 17:28:16.213,1751371096213,-7823,-2514,1859,-522,-244,282
96,2025-07-01 17:28:16.620,2025-07-01 17:28:16.330155,-1.3479355573654175,-9.217676162719727,3.8594532012939453,-0.042760565876960754,0.18081611394882202,-0.028099801391363144,2025-07-01 17:28:16.312,1751371096312,-8062,-2823,1688,-216,-181,-103
97,2025-07-01 17:28:16.722,2025-07-01 17:28:16.330155,-1.3479355573654175,-9.217676162719727,3.8594532012939453,-0.042760565876960754,0.18081611394882202,-0.028099801391363144,2025-07-01 17:28:16.312,1751371096312,-8062,-2823,1688,-216,-181,-103
98,2025-07-01 17:28:16.921,2025-07-01 17:28:16.630056,-1.3192051649093628,-8.556877136230469,4.141968727111816,0.009773843921720982,0.08796459436416626,-0.024434609338641167,2025-07-01 17:28:16.612,1751371096612,-8061,-2568,1816,-374,10,204
99,2025-07-01 17:28:17.021,2025-07-01 17:28:16.729566,-1.2952631711959839,-8.875306129455566,4.110844135284424,-0.24923302233219147,0.059864792972803116,0.042760565876960754,2025-07-01 17:28:16.761,1751371096761,-7904,-2355,2048,-53,-338,122
100,2025-07-01 17:28:17.320,2025-07-01 17:28:17.033507,-1.3742717504501343,-8.87291145324707,3.6798880100250244,-0.15271630883216858,0.04764748737215996,0.08674286305904388,2025-07-01 17:28:17.020,1751371097020,-7829,-2268,2131,92,21,-369
101,2025-07-01 17:28:17.420,2025-07-01 17:28:17.033507,-1.3742717504501343,-8.87291145324707,3.6798880100250244,-0.15271630883216858,0.04764748737215996,0.08674286305904388,2025-07-01 17:28:17.021,1751371097021,-7831,-2281,2131,86,23,-370
102,2025-07-01 17:28:17.525,2025-07-01 17:28:17.231257,-1.2042834758758545,-9.023746490478516,4.039018154144287,-0.14416420459747314,0.14538592100143433,-0.1062905490398407,2025-07-01 17:28:17.206,1751371097206,-8124,-2171,2008,272,-242,-1197
103,2025-07-01 17:28:17.721,2025-07-01 17:28:17.431277,-2.6647465229034424,-9.50737476348877,1.1061211824417114,0.1820378452539444,0.4337143301963806,-0.04886921867728233,2025-07-01 17:28:17.466,1751371097466,-8052,-2831,2342,111,-184,-711
104,2025-07-01 17:28:18.220,2025-07-01 17:28:17.931988,-1.0462661981582642,-3.5410242080688477,6.710947513580322,9.04447078704834,-2.317622661590576,-0.08674286305904388,2025-07-01 17:28:17.921,1751371097921,-7895,-2611,2245,-815,-665,-888
105,2025-07-01 17:28:18.320,2025-07-01 17:28:18.035430,-1.0462661981582642,-3.5410242080688477,6.710947513580322,9.04447078704834,-2.317622661590576,-0.08674286305904388,2025-07-01 17:28:18.007,1751371098007,-7334,-2959,2601,-527,114,-848
106,2025-07-01 17:28:18.738,2025-07-01 17:28:18.429721,-1.8339585065841675,-0.27054479718208313,9.744400978088379,-0.16493362188339233,-0.17959438264369965,0.0659734457731247,2025-07-01 17:28:18.454,1751371098454,-8051,-2199,2343,-761,-390,-99
107,2025-07-01 17:28:18.820,2025-07-01 17:28:18.529397,-1.577778935432434,-0.43095630407333374,9.715670585632324,0.35552358627319336,0.03176499158143997,0.021991148591041565,2025-07-01 17:28:18.553,1751371098553,-8486,-2385,2325,-165,128,-1032
108,2025-07-01 17:28:18.920,2025-07-01 17:28:18.629359,-2.006340980529785,0.3734954595565796,9.744400978088379,0.24068090319633484,0.05253441259264946,0.015882495790719986,2025-07-01 17:28:18.636,1751371098636,-8055,-2704,2327,109,173,293
109,2025-07-01 17:28:19.122,2025-07-01 17:28:18.829517,-2.078166961669922,0.038307227194309235,9.9000244140625,-0.30054569244384766,-0.025656340643763542,-0.09529497474431992,2025-07-01 17:28:18.815,1751371098815,-7992,-2335,2170,-126,-559,-155
110,2025-07-01 17:28:19.420,2025-07-01 17:28:18.937948,-1.6424223184585571,0.16519992053508759,9.289502143859863,-0.20402899384498596,-0.015882495790719986,0.09407325088977814,2025-07-01 17:28:18.905,1751371098905,-7926,-1951,2140,20,-450,-786
111,2025-07-01 17:28:19.748,2025-07-01 17:28:19.335854,-1.7286136150360107,-0.8667010068893433,9.684545516967773,-0.14538592100143433,0.00855211354792118,0.01466076634824276,2025-07-01 17:28:19.368,1751371099368,-7848,-2358,1963,-343,-9,-366
112,2025-07-01 17:28:20.024,2025-07-01 17:28:19.730636,-1.6160861253738403,-1.2832920551300049,9.885659217834473,-0.0708603709936142,0.06108652427792549,0.00855211354792118,2025-07-01 17:28:19.714,1751371099714,-8041,-2576,1949,45,162,7
113,2025-07-01 17:28:20.727,2025-07-01 17:28:20.430453,-1.6639702320098877,-0.5985504388809204,9.346963882446289,0.08552113175392151,0.04153883829712868,-0.0012217304902151227,2025-07-01 17:28:20.430,1751371100430,-7826,-2233,1759,55,-272,-60
114,2025-07-01 17:28:21.029,2025-07-01 17:28:20.730861,-1.6424223184585571,-1.4173674583435059,9.66299819946289,-0.0354301854968071,0.04153883829712868,0.02321287989616394,2025-07-01 17:28:20.724,1751371100724,-7890,-2219,2117,112,85,-59
115,2025-07-01 17:28:21.423,2025-07-01 17:28:21.130410,-1.4915876388549805,-1.625662922859192,9.670180320739746,0.06475171446800232,-0.025656340643763542,-0.02687807008624077,2025-07-01 17:28:21.169,1751371101169,-8006,-2253,2308,-120,-41,-303
116,2025-07-01 17:28:21.720,2025-07-01 17:28:21.430247,-1.8291701078414917,-1.3623007535934448,9.05247688293457,0.06108652427792549,0.04153883829712868,-0.0708603709936142,2025-07-01 17:28:21.458,1751371101458,-8000,-2635,1943,-299,-325,-338
117,2025-07-01 17:28:22.120,2025-07-01 17:28:21.729809,-1.3072341680526733,-1.721431016921997,9.476250648498535,-0.24556782841682434,-0.09651670604944229,0.05619960278272629,2025-07-01 17:28:21.696,1751371101696,-7842,-2562,1696,-200,235,-168
118,2025-07-01 17:28:22.321,2025-07-01 17:28:22.029897,-1.2713210582733154,-1.0271124839782715,9.531316757202148,0.45204028487205505,-0.025656340643763542,-0.3481931984424591,2025-07-01 17:28:22.010,1751371102010,-7959,-3012,2049,-105,-566,-401
119,2025-07-01 17:28:22.420,2025-07-01 17:28:22.130351,-0.7733271718025208,-2.248155355453491,10.156203269958496,-0.7623597979545593,-0.19058994948863983,0.024434609338641167,2025-07-01 17:28:22.160,1751371102160,-7352,-3025,2055,2913,826,-1247
120,2025-07-01 17:28:22.620,2025-07-01 17:28:22.329943,-1.316810965538025,-5.475539207458496,7.934384346008301,-2.8600711822509766,0.3640756905078888,-0.08429940044879913,2025-07-01 17:28:22.340,1751371102340,-7699,-3410,2308,-258,-180,-307
121,2025-07-01 17:28:22.820,2025-07-01 17:28:22.529927,-1.6089035272598267,-7.51779317855835,-1.7717092037200928,1.1997393369674683,-0.7452555894851685,0.4691445231437683,2025-07-01 17:28:22.505,1751371102505,-7672,-3337,2000,-154,-193,51
122,2025-07-01 17:28:23.030,2025-07-01 17:28:22.730938,-2.1092917919158936,-4.850652694702148,6.847416877746582,2.6975808143615723,-0.021991148591041565,-0.24434609711170197,2025-07-01 17:28:22.693,1751371102693,-7725,-3432,1994,-802,12,635
123,2025-07-01 17:28:23.720,2025-07-01 17:28:23.429319,-1.8315643072128296,-3.40216064453125,8.877699851989746,0.10262536257505417,-0.06108652427792549,-0.015882495790719986,2025-07-01 17:28:23.407,1751371103407,-7702,-3131,1966,-578,240,266
124,2025-07-01 17:28:23.820,2025-07-01 17:28:23.530190,-1.9153614044189453,-3.7493197917938232,9.167398452758789,0.19547687470912933,-0.08918632566928864,-0.08185594528913498,2025-07-01 17:28:23.500,1751371103500,-8034,-2738,2048,-112,-109,-875
125,2025-07-01 17:28:23.921,2025-07-01 17:28:23.629868,-1.766920804977417,-3.5410242080688477,9.148244857788086,-0.27611109614372253,-0.009773843921720982,-0.27611109614372253,2025-07-01 17:28:23.589,1751371103589,-7868,-2965,1928,-246,-407,-260
126,2025-07-01 17:28:24.351,2025-07-01 17:28:24.030391,-2.2385785579681396,-9.141061782836914,4.299986362457275,1.7739527225494385,-0.024434609338641167,-0.04153883829712868,2025-07-01 17:28:24.053,1751371104053,-8024,-3441,1789,233,641,-11
127,2025-07-01 17:28:24.920,2025-07-01 17:28:24.530061,-1.86508309841156,0.31124621629714966,9.315838813781738,0.36163222789764404,0.23579397797584534,0.15393804013729095,2025-07-01 17:28:24.506,1751371104506,-7640,-2832,1418,-271,-75,605
128,2025-07-01 17:28:25.020,2025-07-01 17:28:24.729430,-2.2673089504241943,0.6009446382522583,9.32302188873291,-0.16371189057826996,-0.04153883829712868,-0.03787364438176155,2025-07-01 17:28:24.714,1751371104714,-8046,-2489,1421,-259,-206,153
129,2025-07-01 17:28:25.123,2025-07-01 17:28:24.829376,-1.9297266006469727,0.2561795711517334,9.871294021606445,-0.2968805134296417,0.02687807008624077,-0.05742133408784866,2025-07-01 17:28:24.861,1751371104861,-7865,-2523,1804,113,65,-1199
130,2025-07-01 17:28:25.321,2025-07-01 17:28:25.030262,-3.485957622528076,-0.06703764945268631,9.478644371032715,-4.608367443084717,-0.02076941914856434,-0.9834930300712585,2025-07-01 17:28:25.038,1751371105038,-8210,-2797,1878,-368,-414,-1689
131,2025-07-01 17:28:25.820,2025-07-01 17:28:25.530303,-2.75812029838562,1.3958195447921753,9.397241592407227,0.2919935882091522,-0.1014036312699318,-0.16493362188339233,2025-07-01 17:28:25.569,1751371105569,-8022,-2912,1681,350,458,-231
132,2025-07-01 17:28:25.921,2025-07-01 17:28:25.630506,-2.1380221843719482,0.05027823522686958,9.727641105651855,0.0806342139840126,-0.03298672288656235,0.039095375686883926,2025-07-01 17:28:25.668,1751371105668,-7610,-2751,1802,578,864,-34
133,2025-07-01 17:28:26.135,2025-07-01 17:28:25.829874,-2.365471363067627,1.5945383310317993,9.282320022583008,0.5155702829360962,-0.04886921867728233,-0.11484266817569733,2025-07-01 17:28:25.846,1751371105846,-7632,-2928,1461,562,831,49
134,2025-07-01 17:28:26.420,2025-07-01 17:28:26.130271,-2.032677173614502,1.6304513216018677,9.497797966003418,-0.0757472887635231,-0.03298672288656235,0.03176499158143997,2025-07-01 17:28:26.113,1751371106113,-7824,-2032,1963,-28,-446,269
135,2025-07-01 17:28:26.627,2025-07-01 17:28:26.330366,-1.9273324012756348,1.6112977266311646,9.536105155944824,0.0,0.024434609338641167,-0.03420845419168472,2025-07-01 17:28:26.300,1751371106300,-7834,-2036,2028,-557,-525,21
136,2025-07-01 17:28:26.735,2025-07-01 17:28:26.430379,-2.0877439975738525,1.6639702320098877,9.339780807495117,-0.0012217304902151227,0.02321287989616394,-0.04398229718208313,2025-07-01 17:28:26.394,1751371106394,-8233,-2335,2131,99,-6,-290
137,2025-07-01 17:28:27.121,2025-07-01 17:28:26.830449,-2.0877439975738525,1.45806884765625,9.3828763961792,0.17470745742321014,0.02076941914856434,-0.3591887652873993,2025-07-01 17:28:26.861,1751371106861,-7873,-2283,2354,271,-138,-806
138,2025-07-01 17:28:27.323,2025-07-01 17:28:27.030057,-1.2761094570159912,-4.903325080871582,7.481880187988281,-6.557027339935303,0.22846360504627228,-0.5803219676017761,2025-07-01 17:28:27.004,1751371107004,-7834,-2577,2365,-71,-388,-457
139,2025-07-01 17:28:27.520,2025-07-01 17:28:27.230047,-3.332728862762451,-7.857769966125488,3.754108190536499,-1.0983357429504395,-0.9126327037811279,0.6902777552604675,2025-07-01 17:28:27.211,1751371107211,-7305,-3442,2699,-102,-1051,137
140,2025-07-01 17:28:27.725,2025-07-01 17:28:27.430327,-2.9712042808532715,-9.478644371032715,3.8810009956359863,-1.6811012029647827,0.31520646810531616,-0.3384193480014801,2025-07-01 17:28:27.465,1751371107465,-7672,-2957,2890,-358,-1245,415
141,2025-07-01 17:28:27.820,2025-07-01 17:28:27.530559,-2.056619167327881,-9.57201862335205,3.002328872680664,-0.17470745742321014,-0.33719760179519653,-0.10384709388017654,2025-07-01 17:28:27.561,1751371107561,-7386,-3452,2752,-353,-1807,1134
142,2025-07-01 17:28:27.928,2025-07-01 17:28:27.630578,-1.9273324012756348,-9.481039047241211,4.132391929626465,-0.04764748737215996,-0.1722639948129654,0.07941248267889023,2025-07-01 17:28:27.646,1751371107646,-7343,-3446,2730,-264,-1480,1172
143,2025-07-01 17:28:28.221,2025-07-01 17:28:27.930347,-1.8698714971542358,-8.633491516113281,4.134786128997803,0.3628539443016052,-0.06352998316287994,0.09407325088977814,2025-07-01 17:28:27.908,1751371107908,-8098,-1757,3040,-473,821,-1044
144,2025-07-01 17:28:28.320,2025-07-01 17:28:28.029886,-1.944091796875,-8.65743350982666,4.235342979431152,0.1722639948129654,-0.00366519158706069,0.015882495790719986,2025-07-01 17:28:28.005,1751371108005,-8109,-2904,2714,-545,-48,-212
145,2025-07-01 17:28:28.620,2025-07-01 17:28:28.330328,-2.0853497982025146,-8.463502883911133,4.862623691558838,0.14049901068210602,0.013439035043120384,-0.03176499158143997,2025-07-01 17:28:28.357,1751371108357,-8026,-2178,2497,-275,181,-618
146,2025-07-01 17:28:28.721,2025-07-01 17:28:28.429343,-2.032677173614502,-8.578424453735352,4.649539470672607,0.00855211354792118,0.018325956538319588,-0.004886921960860491,2025-07-01 17:28:28.459,1751371108459,-7946,-2462,2497,-206,121,-229
147,2025-07-01 17:28:28.835,2025-07-01 17:28:28.530415,-2.0638017654418945,-8.508993148803711,4.821922302246094,0.15027284622192383,0.013439035043120384,0.04153883829712868,2025-07-01 17:28:28.539,1751371108539,-7586,-2440,2494,-584,-147,25
148,2025-07-01 17:28:28.923,2025-07-01 17:28:28.630895,-2.1380221843719482,-8.29590892791748,4.78122091293335,0.09162978827953339,0.0,0.0,2025-07-01 17:28:28.642,1751371108642,-7624,-2621,2440,108,-278,85
149,2025-07-01 17:28:29.121,2025-07-01 17:28:28.830308,-1.86508309841156,-8.063671112060547,5.051765441894531,0.05497787147760391,-0.015882495790719986,-0.05742133408784866,2025-07-01 17:28:28.864,1751371108864,-7632,-2666,2816,64,-114,-536
150,2025-07-01 17:28:29.324,2025-07-01 17:28:29.030263,-1.9967641830444336,-8.362946510314941,5.063736438751221,0.039095375686883926,0.025656340643763542,-0.03176499158143997,2025-07-01 17:28:29.025,1751371109025,-7952,-2485,2631,-164,89,-1081
151,2025-07-01 17:28:29.520,2025-07-01 17:28:29.230307,-1.6711528301239014,-8.552088737487793,5.461174011230469,0.4337143301963806,-0.02932153269648552,-0.07452555745840073,2025-07-01 17:28:29.260,1751371109260,-7549,-3401,2452,-356,20,311
152,2025-07-01 17:28:29.820,2025-07-01 17:28:29.530494,-1.5514427423477173,-8.044517517089844,5.8442463874816895,-0.13316862285137177,0.00366519158706069,-0.04642575979232788,2025-07-01 17:28:29.554,1751371109554,-7981,-2903,2582,-146,321,-81
153,2025-07-01 17:28:30.020,2025-07-01 17:28:29.729584,-1.644816517829895,-8.078036308288574,5.389348030090332,-0.1918116807937622,0.042760565876960754,0.0024434609804302454,2025-07-01 17:28:29.712,1751371109712,-7590,-2738,2282,58,291,524
154,2025-07-01 17:28:30.120,2025-07-01 17:28:29.829273,-1.6711528301239014,-8.068459510803223,5.125985622406006,-0.5900958180427551,-0.010995574295520782,0.045204028487205505,2025-07-01 17:28:29.801,1751371109801,-7565,-2745,2298,56,-48,561
155,2025-07-01 17:28:30.220,2025-07-01 17:28:29.930008,-1.6615760326385498,-8.35097599029541,4.474762916564941,-1.2046263217926025,0.05742133408784866,0.11728613078594208,2025-07-01 17:28:29.917,1751371109917,-7812,-2633,2373,-189,-51,324
156,2025-07-01 17:28:30.420,2025-07-01 17:28:30.130230,-1.702277421951294,-9.457097053527832,3.268085241317749,-0.2773328125476837,0.13927727937698364,-0.1661553531885147,2025-07-01 17:28:30.165,1751371110165,-8047,-2643,2359,-214,127,331
157,2025-07-01 17:28:30.520,2025-07-01 17:28:30.130230,-1.702277421951294,-9.457097053527832,3.268085241317749,-0.2773328125476837,0.13927727937698364,-0.1661553531885147,2025-07-01 17:28:30.165,1751371110165,-8047,-2643,2359,-214,127,331
158,2025-07-01 17:28:30.820,2025-07-01 17:28:30.530455,-1.3239935636520386,-8.652645111083984,5.193023681640625,-0.05497787147760391,-0.2431243658065796,-0.03298672288656235,2025-07-01 17:28:30.519,1751371110519,-8049,-2591,2237,-151,-103,-127
159,2025-07-01 17:28:30.926,2025-07-01 17:28:30.630701,-1.4269442558288574,-8.346187591552734,5.322310447692871,-0.12950342893600464,-0.004886921960860491,0.1270599663257599,2025-07-01 17:28:30.616,1751371110616,-8029,-2658,2600,766,-553,-576
160,2025-07-01 17:28:31.126,2025-07-01 17:28:30.830338,-1.5682021379470825,-8.044517517089844,5.564124584197998,0.05742133408784866,0.0024434609804302454,-0.019547687843441963,2025-07-01 17:28:30.815,1751371110815,-7801,-2292,2764,275,-254,-223
161,2025-07-01 17:28:31.226,2025-07-01 17:28:30.930194,-1.580173134803772,-8.293514251708984,5.442020416259766,-0.09162978827953339,-0.05619960278272629,-0.00855211354792118,2025-07-01 17:28:30.968,1751371110968,-7565,-2667,2800,-534,96,54
162,2025-07-01 17:28:31.433,2025-07-01 17:28:31.130508,-1.6376339197158813,-8.001421928405762,5.339069843292236,0.05253441259264946,0.004886921960860491,-0.02687807008624077,2025-07-01 17:28:31.166,1751371111166,-7773,-2449,2810,-360,-1,122
163,2025-07-01 17:28:31.528,2025-07-01 17:28:31.130508,-1.6376339197158813,-8.001421928405762,5.339069843292236,0.05253441259264946,0.004886921960860491,-0.02687807008624077,2025-07-01 17:28:31.166,1751371111166,-7773,-2449,2810,-360,-1,122
164,2025-07-01 17:28:31.928,2025-07-01 17:28:31.630184,-1.41257905960083,-8.118738174438477,6.217741966247559,-0.16371189057826996,0.0012217304902151227,-0.039095375686883926,2025-07-01 17:28:31.611,1751371111611,-7638,-2717,2967,2044,-800,-2470
165,2025-07-01 17:28:32.227,2025-07-01 17:28:31.830285,-0.9552865028381348,-8.097189903259277,5.238513469696045,-0.5900958180427551,-0.030543262138962746,0.08796459436416626,2025-07-01 17:28:31.795,1751371111795,-7538,-2960,3424,2900,-226,-2918
166,2025-07-01 17:28:32.632,2025-07-01 17:28:32.330405,-2.183511972427368,-5.9519853591918945,8.159439086914062,-0.9260717034339905,-0.05619960278272629,0.08674286305904388,2025-07-01 17:28:32.319,1751371112319,-7103,-3665,3029,-446,-372,11
167,2025-07-01 17:28:32.721,2025-07-01 17:28:32.330405,-2.183511972427368,-5.9519853591918945,8.159439086914062,-0.9260717034339905,-0.05619960278272629,0.08674286305904388,2025-07-01 17:28:32.319,1751371112319,-7103,-3665,3029,-446,-372,11
168,2025-07-01 17:28:32.920,2025-07-01 17:28:32.530251,-2.5546131134033203,-3.5649664402008057,8.549694061279297,-0.11239920556545258,0.039095375686883926,0.0403171069920063,2025-07-01 17:28:32.499,1751371112499,-7461,-3630,3039,-417,-195,-12
169,2025-07-01 17:28:33.133,2025-07-01 17:28:32.829424,-2.5330653190612793,-3.885789394378662,8.429984092712402,0.5338962078094482,0.15760323405265808,-0.11850785464048386,2025-07-01 17:28:32.795,1751371112795,-7526,-3238,2763,-252,301,255
170,2025-07-01 17:28:33.224,2025-07-01 17:28:32.930160,-3.0190882682800293,-2.6408045291900635,9.263166427612305,0.8991936445236206,-0.03787364438176155,-0.7623597979545593,2025-07-01 17:28:32.946,1751371112946,-7320,-2952,2348,-778,1563,371
171,2025-07-01 17:28:33.336,2025-07-01 17:28:33.030168,-1.7717092037200928,-4.5825018882751465,8.954314231872559,-1.616349458694458,-0.11850785464048386,-0.3689626157283783,2025-07-01 17:28:33.045,1751371113045,-7794,-3409,2418,-747,1531,188
172,2025-07-01 17:28:33.629,2025-07-01 17:28:33.330374,-1.7908629179000854,-5.839457988739014,7.16584587097168,1.606575608253479,-0.006108652334660292,-0.07941248267889023,2025-07-01 17:28:33.308,1751371113308,-7993,-3429,2586,-309,-280,139
173,2025-07-01 17:28:33.921,2025-07-01 17:28:33.630414,-1.8171991109848022,-4.975151062011719,9.555258750915527,1.389107584953308,0.5351179838180542,0.1062905490398407,2025-07-01 17:28:33.597,1751371113597,-7705,-3587,2678,28,-549,-1289
174,2025-07-01 17:28:34.231,2025-07-01 17:28:33.930196,-2.6168625354766846,-0.15322890877723694,9.248801231384277,0.7709119319915771,0.1014036312699318,0.18448130786418915,2025-07-01 17:28:33.937,1751371113937,-7425,-3399,2646,-263,-489,92
175,2025-07-01 17:28:34.424,2025-07-01 17:28:34.130185,-2.6455929279327393,0.5793967843055725,9.909601211547852,-0.13805554807186127,0.5510004758834839,0.24678955972194672,2025-07-01 17:28:34.119,1751371114119,-7117,-3421,2250,-208,-373,-157
176,2025-07-01 17:28:34.529,2025-07-01 17:28:34.230167,-2.10210919380188,-0.028730420395731926,9.646238327026367,-0.6023131608963013,-0.06108652427792549,-0.009773843921720982,2025-07-01 17:28:34.206,1751371114206,-7124,-3402,2388,-500,1268,1251
177,2025-07-01 17:28:34.822,2025-07-01 17:28:34.530364,-2.786850690841675,0.3064578175544739,9.916783332824707,0.2981022298336029,0.37262779474258423,-0.10751228034496307,2025-07-01 17:28:34.500,1751371114500,-8249,-2796,1987,-455,-363,410
178,2025-07-01 17:28:34.920,2025-07-01 17:28:34.630522,-3.0166940689086914,0.033518824726343155,9.253589630126953,-1.7825047969818115,0.24190263450145721,-0.8319984674453735,2025-07-01 17:28:34.665,1751371114665,-8173,-2923,2158,212,-442,-1499
179,2025-07-01 17:28:35.021,2025-07-01 17:28:34.730336,-2.5019407272338867,-3.2800562381744385,9.246406555175781,-0.08429940044879913,-0.5510004758834839,-0.22113321721553802,2025-07-01 17:28:34.758,1751371114758,-8095,-3166,1949,3,-682,-972
180,2025-07-01 17:28:35.420,2025-07-01 17:28:35.030365,-1.4437036514282227,-2.8562827110290527,8.29590892791748,-2.004859685897827,-0.20402899384498596,0.5717698931694031,2025-07-01 17:28:35.038,1751371115038,-7415,-2661,2290,164,577,1868
181,2025-07-01 17:28:35.520,2025-07-01 17:28:35.229519,-2.1715409755706787,-0.5291185975074768,9.244012832641602,0.3188716471195221,0.04153883829712868,-0.09529497474431992,2025-07-01 17:28:35.199,1751371115199,-7690,-2523,2618,310,499,1467
182,2025-07-01 17:28:35.720,2025-07-01 17:28:35.430321,-2.250549554824829,-0.8259995579719543,9.330204010009766,0.26633724570274353,0.08552113175392151,-0.04398229718208313,2025-07-01 17:28:35.468,1751371115468,-8194,-2350,2452,634,18,-1152
183,2025-07-01 17:28:35.820,2025-07-01 17:28:35.529984,-2.185906171798706,-0.45250412821769714,9.44991397857666,0.12095131725072861,-0.02321287989616394,-0.051312681287527084,2025-07-01 17:28:35.570,1751371115570,-8222,-2046,2437,183,-156,-1105
184,2025-07-01 17:28:36.020,2025-07-01 17:28:35.730239,-2.013523578643799,-0.6512228846549988,9.50737476348877,0.006108652334660292,0.025656340643763542,0.021991148591041565,2025-07-01 17:28:35.748,1751371115748,-8043,-2074,2438,346,269,90
185,2025-07-01 17:28:36.221,2025-07-01 17:28:35.930471,-2.3942017555236816,-0.9145850539207458,9.30386734008789,0.045204028487205505,0.09773843735456467,-0.02076941914856434,2025-07-01 17:28:35.914,1751371115914,-7981,-2348,2682,305,321,23
186,2025-07-01 17:28:36.427,2025-07-01 17:28:36.030038,-2.3487119674682617,-0.7134721279144287,9.406818389892578,-0.18814650177955627,-0.039095375686883926,0.01466076634824276,2025-07-01 17:28:36.008,1751371116008,-8008,-2353,2439,261,322,40
187,2025-07-01 17:28:36.925,2025-07-01 17:28:36.630147,-2.126051187515259,-0.9289502501487732,9.294290542602539,-0.12461651116609573,-0.02932153269648552,0.00733038317412138,2025-07-01 17:28:36.666,1751371116666,-7145,-3295,2810,-1123,89,-1192
188,2025-07-01 17:28:37.025,2025-07-01 17:28:36.730339,-2.1068975925445557,-1.0223240852355957,9.39245319366455,0.2382374405860901,0.0757472887635231,-0.05009094998240471,2025-07-01 17:28:36.728,1751371116728,-7048,-3716,2526,-533,99,-71
189,2025-07-01 17:28:37.426,2025-07-01 17:28:37.130182,-1.9129672050476074,-2.1068975925445557,9.241618156433105,0.6866125464439392,-0.019547687843441963,-0.028099801391363144,2025-07-01 17:28:37.111,1751371117111,-7724,-3274,2184,-36,167,353
190,2025-07-01 17:28:37.737,2025-07-01 17:28:37.430275,-1.5873557329177856,1.0055646896362305,10.467450141906738,2.068389654159546,0.14905111491680145,0.7525860071182251,2025-07-01 17:28:37.460,1751371117460,-7434,-3459,2426,-216,115,-80
191,2025-07-01 17:28:37.827,2025-07-01 17:28:37.530179,-2.410961151123047,-2.073378562927246,8.743624687194824,0.0757472887635231,0.23090706765651703,-0.21868975460529327,2025-07-01 17:28:37.542,1751371117542,-7693,-3252,2211,-311,-53,141
192,2025-07-01 17:28:38.021,2025-07-01 17:28:37.730125,-2.410961151123047,0.4141969084739685,9.569623947143555,-0.012217304669320583,0.11850785464048386,-0.09529497474431992,2025-07-01 17:28:37.714,1751371117714,-7720,-3272,2226,-269,-3,179
193,2025-07-01 17:28:38.126,2025-07-01 17:28:37.830104,-2.449268341064453,2.63362193107605,9.545681953430176,-1.8496999740600586,-0.08552113175392151,-0.5803219676017761,2025-07-01 17:28:37.809,1751371117809,-7371,-3105,2214,4059,1540,-1288
194,2025-07-01 17:28:38.222,2025-07-01 17:28:37.930286,-2.626439332962036,-1.599326729774475,8.815450668334961,1.33168625831604,-0.0708603709936142,-0.24434609711170197,2025-07-01 17:28:37.912,1751371117912,-7598,-2734,2345,1547,143,-1102
195,2025-07-01 17:28:38.340,2025-07-01 17:28:38.030293,-2.33913516998291,0.5339069962501526,9.411606788635254,1.2754865884780884,0.0806342139840126,0.22846360504627228,2025-07-01 17:28:37.994,1751371117994,-7344,-3410,2017,-18,135,-168
196,2025-07-01 17:28:38.422,2025-07-01 17:28:38.130114,-2.9927520751953125,3.5242648124694824,9.495404243469238,-0.46670106053352356,0.16859880089759827,-0.6108652353286743,2025-07-01 17:28:38.099,1751371118099,-7426,-3900,1938,-703,-280,458
197,2025-07-01 17:28:38.825,2025-07-01 17:28:38.429917,-2.5761611461639404,1.8339585065841675,9.617507934570312,0.21380282938480377,-0.1160643994808197,0.19914206862449646,2025-07-01 17:28:38.443,1751371118443,-8022,-3057,2291,-2699,-1133,1116
198,2025-07-01 17:28:39.020,2025-07-01 17:28:38.730195,-2.5905263423919678,0.8834604024887085,9.14585018157959,0.03787364438176155,-0.1062905490398407,0.02932153269648552,2025-07-01 17:28:38.735,1751371118735,-7963,-2047,2088,-259,-198,659
199,2025-07-01 17:28:39.221,2025-07-01 17:28:38.930101,-2.2673089504241943,0.05027823522686958,9.66299819946289,-0.1612684279680252,0.14538592100143433,0.28955012559890747,2025-07-01 17:28:38.907,1751371118907,-8090,-1732,1830,-146,353,561
200,2025-07-01 17:28:39.426,2025-07-01 17:28:39.130243,-3.823540210723877,3.869029998779297,6.988674640655518,0.8405506014823914,0.3139847218990326,-0.013439035043120384,2025-07-01 17:28:39.112,1751371119112,-8011,-2025,1882,566,450,-1131
201,2025-07-01 17:28:39.520,2025-07-01 17:28:39.229810,-2.564189910888672,1.3670891523361206,9.593565940856934,-0.1820378452539444,-0.8185594081878662,-0.998153805732727,2025-07-01 17:28:39.259,1751371119259,-8319,-2405,1684,-301,-1232,-13
202,2025-07-01 17:28:39.726,2025-07-01 17:28:39.429547,-3.2178070545196533,2.051830768585205,8.700529098510742,0.20036379992961884,0.2272418737411499,0.16737708449363708,2025-07-01 17:28:39.425,1751371119425,-8284,-2208,1697,13,-1601,267
203,2025-07-01 17:28:40.020,2025-07-01 17:28:39.730250,-2.6455929279327393,1.113303780555725,9.227252960205078,0.06352998316287994,0.06230825558304787,0.08796459436416626,2025-07-01 17:28:39.716,1751371119716,-7661,-1926,2105,331,-4,619
204,2025-07-01 17:28:40.720,2025-07-01 17:28:40.430234,-4.127603530883789,0.9672574996948242,8.564059257507324,0.5937610268592834,0.8588765263557434,0.6120869517326355,2025-07-01 17:28:40.435,1751371120435,-7139,-3097,2588,-877,-1268,-1268
205,2025-07-01 17:28:40.920,2025-07-01 17:28:40.630311,-2.7557260990142822,-2.145204782485962,11.57357120513916,-0.7293730974197388,-0.3384193480014801,-0.5473352670669556,2025-07-01 17:28:40.603,1751371120603,-7364,-4130,2569,-644,-474,-1019
206,2025-07-01 17:28:41.120,2025-07-01 17:28:40.830140,-4.005499362945557,2.896984100341797,8.700529098510742,0.41661009192466736,0.42271876335144043,0.3933972120285034,2025-07-01 17:28:40.814,1751371120814,-6893,-3739,2298,1121,726,-1100
207,2025-07-01 17:28:41.428,2025-07-01 17:28:41.130125,-4.252102375030518,5.604825973510742,6.19379997253418,-0.6841690540313721,-1.3939944505691528,-1.330464482307434,2025-07-01 17:28:41.146,1751371121146,-6542,-4281,2477,1065,-2165,561
208,2025-07-01 17:28:41.632,2025-07-01 17:28:41.329897,-3.691859006881714,1.1324573755264282,7.829039573669434,0.2223549485206604,0.4141666293144226,0.07452555745840073,2025-07-01 17:28:41.320,1751371121320,-6423,-4530,2815,1949,-943,-283
209,2025-07-01 17:28:42.237,2025-07-01 17:28:41.930440,-2.9520506858825684,0.8619126081466675,9.165003776550293,0.19425514340400696,0.15271630883216858,0.06963863968849182,2025-07-01 17:28:41.895,1751371121895,-7905,-2672,2902,-1835,346,602
210,2025-07-01 17:28:42.348,2025-07-01 17:28:41.930440,-2.9520506858825684,0.8619126081466675,9.165003776550293,0.19425514340400696,0.15271630883216858,0.06963863968849182,2025-07-01 17:28:41.954,1751371121954,-7635,-2568,2593,-358,384,-611
211,2025-07-01 17:28:42.529,2025-07-01 17:28:42.230043,-3.026270866394043,1.1516109704971313,9.107542991638184,0.14049901068210602,0.10384709388017654,0.021991148591041565,2025-07-01 17:28:42.238,1751371122238,-8033,-2274,2276,-360,464,-581
212,2025-07-01 17:28:42.734,2025-07-01 17:28:42.430747,-3.023876667022705,0.9241618514060974,9.308655738830566,-0.024434609338641167,0.0354301854968071,-0.039095375686883926,2025-07-01 17:28:42.404,1751371122404,-7913,-2659,1733,-243,332,343
213,2025-07-01 17:28:42.835,2025-07-01 17:28:42.430747,-3.023876667022705,0.9241618514060974,9.308655738830566,-0.024434609338641167,0.0354301854968071,-0.039095375686883926,2025-07-01 17:28:42.404,1751371122404,-7913,-2659,1733,-243,332,343
214,2025-07-01 17:28:42.923,2025-07-01 17:28:42.630821,-3.205836057662964,1.1516109704971313,9.136273384094238,-0.010995574295520782,0.0354301854968071,-0.004886921960860491,2025-07-01 17:28:42.603,1751371122603,-7869,-2484,2070,-64,116,-277
215,2025-07-01 17:28:43.342,2025-07-01 17:28:43.030843,-3.6990416049957275,-0.6153098344802856,11.30302619934082,-1.5369369983673096,-0.0659734457731247,-0.1160643994808197,2025-07-01 17:28:43.047,1751371123047,-7839,-2492,2088,146,33,-190
216,2025-07-01 17:28:43.425,2025-07-01 17:28:43.130450,-3.6750996112823486,-0.2944868206977844,9.821015357971191,1.1227703094482422,0.27977627515792847,0.3127630054950714,2025-07-01 17:28:43.122,1751371123122,-8055,-2463,2112,253,-335,-554
217,2025-07-01 17:28:43.720,2025-07-01 17:28:43.430376,-4.924872875213623,1.2641384601593018,8.446743965148926,-2.3151793479919434,-0.37262779474258423,-0.12950342893600464,2025-07-01 17:28:43.395,1751371123395,-8022,-2684,2124,532,-337,-634
218,2025-07-01 17:28:43.920,2025-07-01 17:28:43.629615,-3.0382418632507324,-0.7924807667732239,9.138668060302734,-0.0757472887635231,-0.2785545587539673,0.08552113175392151,2025-07-01 17:28:43.661,1751371123661,-7990,-3342,1727,171,124,1696
219,2025-07-01 17:28:44.021,2025-07-01 17:28:43.730672,-3.509899616241455,-1.3072341680526733,10.644620895385742,-0.2993239760398865,-0.1417207419872284,0.21380282938480377,2025-07-01 17:28:43.757,1751371123757,-7949,-2818,2353,169,-308,54
220,2025-07-01 17:28:44.123,2025-07-01 17:28:43.830358,-2.3487119674682617,0.17956513166427612,8.980650901794434,0.11728613078594208,-0.30543261766433716,-0.05253441259264946,2025-07-01 17:28:43.839,1751371123839,-7578,-2941,2381,178,45,-163
221,2025-07-01 17:28:44.427,2025-07-01 17:28:44.130938,-1.5921441316604614,1.4844050407409668,9.497797966003418,0.07819075137376785,0.4031710624694824,-0.015882495790719986,2025-07-01 17:28:44.112,1751371124112,-7382,-3360,2358,499,1099,-134
222,2025-07-01 17:28:44.720,2025-07-01 17:28:44.430296,-5.978321552276611,-5.7987565994262695,6.543353080749512,1.0592403411865234,0.4300491213798523,-0.2773328125476837,2025-07-01 17:28:44.392,1751371124392,-7412,-2973,2249,1046,3,-679
223,2025-07-01 17:28:45.020,2025-07-01 17:28:44.729745,-3.8379054069519043,0.9552865028381348,9.349357604980469,-0.21991148591041565,0.030543262138962746,-0.05375614017248154,2025-07-01 17:28:44.738,1751371124738,-7700,-3330,2665,-383,-121,226
224,2025-07-01 17:28:45.120,2025-07-01 17:28:44.831933,-3.84269380569458,0.1867477297782898,9.289502143859863,0.1160643994808197,0.14905111491680145,-0.21868975460529327,2025-07-01 17:28:44.838,1751371124838,-7650,-2456,2279,-2348,-484,1575
225,2025-07-01 17:28:45.320,2025-07-01 17:28:45.030721,-3.7158010005950928,-0.7996633648872375,9.0859956741333,-0.14294247329235077,-0.06719517707824707,-0.08674286305904388,2025-07-01 17:28:45.010,1751371125010,-7611,-2499,2259,-2244,-792,1320
226,2025-07-01 17:28:45.520,2025-07-01 17:28:45.230509,-3.359065055847168,-1.5849615335464478,9.102754592895508,0.05497787147760391,0.045204028487205505,0.06108652427792549,2025-07-01 17:28:45.205,1751371125205,-8260,-2383,2028,-466,246,190
227,2025-07-01 17:28:45.821,2025-07-01 17:28:45.530481,-2.341529369354248,-2.1308395862579346,10.424354553222656,0.7318165898323059,0.5375614166259766,-0.16859880089759827,2025-07-01 17:28:45.555,1751371125555,-8447,-1760,1382,340,-231,-874
228,2025-07-01 17:28:46.020,2025-07-01 17:28:45.730208,-5.56173038482666,3.584120035171509,5.616796970367432,-0.8576548099517822,0.66584312915802,0.23945917189121246,2025-07-01 17:28:45.769,1751371125769,-7013,-4112,2643,49,-434,-140
229,2025-07-01 17:28:46.220,2025-07-01 17:28:45.930627,-4.599261283874512,-3.00711727142334,6.277596950531006,0.20402899384498596,-0.6145304441452026,-0.4495968222618103,2025-07-01 17:28:45.921,1751371125921,-8324,-2139,1446,62,27,-21
230,2025-07-01 17:28:46.621,2025-07-01 17:28:46.331239,-3.1699230670928955,-7.474697589874268,5.892130374908447,0.799011766910553,0.07941248267889023,0.25534167885780334,2025-07-01 17:28:46.293,1751371126293,-7812,-2630,2169,-1433,-1107,805
231,2025-07-01 17:28:46.933,2025-07-01 17:28:46.631308,-3.6367924213409424,-5.094861030578613,7.618350028991699,0.06108652427792549,-0.03787364438176155,0.019547687843441963,2025-07-01 17:28:46.637,1751371126637,-8240,-2454,1713,-1075,-146,14
232,2025-07-01 17:28:47.032,2025-07-01 17:28:46.731171,-3.6846764087677,-4.733336925506592,8.580819129943848,0.6829473376274109,-0.0659734457731247,-0.16982053220272064,2025-07-01 17:28:46.736,1751371126736,-7868,-2527,1723,-906,-248,17
233,2025-07-01 17:28:47.133,2025-07-01 17:28:46.731171,-3.6846764087677,-4.733336925506592,8.580819129943848,0.6829473376274109,-0.0659734457731247,-0.16982053220272064,2025-07-01 17:28:46.736,1751371126736,-7868,-2527,1723,-906,-248,17
234,2025-07-01 17:28:47.730,2025-07-01 17:28:47.430099,2.0685901641845703,3.627215623855591,19.67794418334961,-0.4398229718208313,-0.9651671051979065,0.7782423496246338,2025-07-01 17:28:47.446,1751371127446,-7571,-3417,2308,-1433,-147,31
235,2025-07-01 17:28:47.824,2025-07-01 17:28:47.529875,-4.32871675491333,-1.3000515699386597,8.422801971435547,-1.3720033168792725,-0.3897320330142975,-0.02687807008624077,2025-07-01 17:28:47.544,1751371127544,-7616,-3352,1915,4359,1484,-591
236,2025-07-01 17:28:48.042,2025-07-01 17:28:47.729849,-3.44765043258667,-0.45010992884635925,8.983044624328613,0.16737708449363708,-0.1111774742603302,0.1270599663257599,2025-07-01 17:28:47.710,1751371127710,-8222,-2250,1544,2736,395,292
237,2025-07-01 17:28:48.124,2025-07-01 17:28:47.829606,-3.0621838569641113,0.033518824726343155,9.138668060302734,0.15760323405265808,-0.2968805134296417,-0.02321287989616394,2025-07-01 17:28:47.823,1751371127823,-8196,-2411,1589,2036,293,264
238,2025-07-01 17:28:48.220,2025-07-01 17:28:47.929845,-2.8395233154296875,-0.31124621629714966,9.198522567749023,0.1820378452539444,-0.16737708449363708,0.06352998316287994,2025-07-01 17:28:47.893,1751371127893,-8289,-1674,1803,-870,-474,1046
239,2025-07-01 17:28:48.625,2025-07-01 17:28:48.329791,-5.925649166107178,-0.16998831927776337,6.756437301635742,3.3903021812438965,0.25045475363731384,-1.6016886234283447,2025-07-01 17:28:48.360,1751371128360,-8166,-1771,2074,94,500,702
240,2025-07-01 17:28:48.920,2025-07-01 17:28:48.631315,-3.423708438873291,2.631227731704712,9.600749015808105,-1.263269305229187,-0.23579397797584534,0.21991148591041565,2025-07-01 17:28:48.605,1751371128605,-7708,-3166,2382,62,1041,388
241,2025-07-01 17:28:49.221,2025-07-01 17:28:48.929984,-3.799597978591919,-0.1388636976480484,8.889671325683594,0.14294247329235077,-0.19303341209888458,-0.0757472887635231,2025-07-01 17:28:48.893,1751371128893,-8112,-1928,1886,-417,11,795
242,2025-07-01 17:28:49.421,2025-07-01 17:28:49.129560,-3.1962592601776123,0.05267243832349777,8.796297073364258,-0.1661553531885147,-0.03176499158143997,0.12828169763088226,2025-07-01 17:28:49.155,1751371129155,-7584,-2599,1440,195,-132,-1784
243,2025-07-01 17:28:49.521,2025-07-01 17:28:49.229781,1.599326729774475,-1.525106430053711,9.607931137084961,-0.9248499870300293,0.988379955291748,0.9077457785606384,2025-07-01 17:28:49.256,1751371129256,-8118,-2542,2065,-2103,-3103,-3993
244,2025-07-01 17:28:49.720,2025-07-01 17:28:49.330053,-1.9728221893310547,-0.8092401623725891,8.374917984008789,1.5796974897384644,0.7061602473258972,0.8417723178863525,2025-07-01 17:28:49.328,1751371129328,-7920,-2776,1933,-2376,-3254,-4182
245,2025-07-01 17:28:49.820,2025-07-01 17:28:49.533470,-4.639962673187256,3.6750996112823486,6.62236213684082,0.43737950921058655,-0.4129449129104614,-2.2382102012634277,2025-07-01 17:28:49.520,1751371129520,-7874,-2804,1941,-2404,-3555,-3812
246,2025-07-01 17:28:50.221,2025-07-01 17:28:49.930508,-3.600879430770874,-6.476315498352051,3.4380736351013184,1.6102408170700073,0.11484266817569733,0.19425514340400696,2025-07-01 17:28:49.955,1751371129955,-7050,-3588,2305,-458,-2133,-800
247,2025-07-01 17:28:50.320,2025-07-01 17:28:50.030568,-4.517858505249023,-5.6670756340026855,4.745307922363281,1.8264870643615723,0.2064724564552307,-0.06841690838336945,2025-07-01 17:28:50.045,1751371130045,-7108,-3686,2176,-581,-1246,-534
248,2025-07-01 17:28:50.522,2025-07-01 17:28:50.230096,-3.471592426300049,-5.530605792999268,7.479485988616943,0.26633724570274353,-0.08918632566928864,0.10506882518529892,2025-07-01 17:28:50.261,1751371130261,-7592,-2745,2246,-1061,-87,-47
249,2025-07-01 17:28:50.620,2025-07-01 17:28:50.230096,-3.471592426300049,-5.530605792999268,7.479485988616943,0.26633724570274353,-0.08918632566928864,0.10506882518529892,2025-07-01 17:28:50.261,1751371130261,-7592,-2745,2246,-1061,-87,-47
250,2025-07-01 17:28:50.820,2025-07-01 17:28:50.530073,-3.7014358043670654,-4.228160381317139,7.395689010620117,0.16859880089759827,-0.07819075137376785,-0.12217304855585098,2025-07-01 17:28:50.503,1751371130503,-7722,-3085,2340,-344,249,156
251,2025-07-01 17:28:50.920,2025-07-01 17:28:50.630449,-3.9384617805480957,-5.710171222686768,8.808267593383789,0.28588494658470154,0.13439035415649414,-0.6951646208763123,2025-07-01 17:28:50.614,1751371130614,-8355,-2261,2175,-229,-214,-1364
252,2025-07-01 17:28:51.221,2025-07-01 17:28:50.930054,-2.6001031398773193,-7.747636795043945,2.9544448852539062,-4.5937066078186035,1.3329079151153564,-1.0616837739944458,2025-07-01 17:28:50.950,1751371130950,-8539,-2290,2117,74,-22,-1332
253,2025-07-01 17:28:51.420,2025-07-01 17:28:51.129992,-4.8602294921875,-6.658275127410889,0.9385270476341248,-0.9248499870300293,0.3897320330142975,0.39584067463874817,2025-07-01 17:28:51.146,1751371131146,-7246,-3739,1899,342,1855,-267
254,2025-07-01 17:28:51.527,2025-07-01 17:28:51.230930,-4.639962673187256,-10.486603736877441,-4.32871675491333,-0.2919935882091522,0.47769662737846375,-0.3530801236629486,2025-07-01 17:28:51.225,1751371131225,-8008,-3341,1528,737,1158,742
255,2025-07-01 17:28:51.720,2025-07-01 17:28:51.430021,-4.484339714050293,-7.486668586730957,1.4963760375976562,-0.5021312236785889,0.21868975460529327,-0.5668829679489136,2025-07-01 17:28:51.404,1751371131404,-7495,-3224,1970,543,-219,-631
256,2025-07-01 17:28:51.861,2025-07-01 17:28:51.530914,-4.458003520965576,-11.647790908813477,-3.0166940689086914,-0.4300491213798523,0.1722639948129654,-0.39584067463874817,2025-07-01 17:28:51.516,1751371131516,-7989,-3106,1711,1437,703,-320
257,2025-07-01 17:28:52.330,2025-07-01 17:28:52.029713,-3.804386615753174,-9.998186111450195,0.8738836050033569,-1.2693779468536377,0.42638394236564636,-0.7929030656814575,2025-07-01 17:28:52.040,1751371132040,-7102,-3881,2340,-616,336,-14
258,2025-07-01 17:28:52.529,2025-07-01 17:28:52.230195,-3.509899616241455,-4.07014274597168,4.908113479614258,2.517986536026001,-0.34697145223617554,0.8943067193031311,2025-07-01 17:28:52.217,1751371132217,-8495,-2976,1667,57,427,-2
259,2025-07-01 17:28:52.730,2025-07-01 17:28:52.430169,-4.6040496826171875,-4.546588897705078,7.393294811248779,0.0354301854968071,0.10995574295520782,0.24190263450145721,2025-07-01 17:28:52.392,1751371132392,-7340,-3706,1764,-103,306,848
260,2025-07-01 17:28:53.133,2025-07-01 17:28:52.730567,-5.815515995025635,1.8626888990402222,3.73016619682312,-2.107485055923462,-0.2932153046131134,-0.8478809595108032,2025-07-01 17:28:52.760,1751371132760,-7569,-3169,1676,185,312,-12
261,2025-07-01 17:28:53.432,2025-07-01 17:28:53.129928,-3.3901896476745605,-11.243170738220215,4.9583916664123535,5.883853912353516,-1.5833626985549927,-0.11972958594560623,2025-07-01 17:28:53.115,1751371133115,-7765,-3059,1665,947,520,-551
262,2025-07-01 17:28:53.523,2025-07-01 17:28:53.231612,-4.170699596405029,4.331110954284668,2.1380221843719482,3.6480872631073,-0.8991936445236206,1.207069754600525,2025-07-01 17:28:53.221,1751371133221,-8502,-1787,1166,1983,452,-436
263,2025-07-01 17:28:53.631,2025-07-01 17:28:53.330024,-3.794809579849243,-2.2433669567108154,7.338228225708008,1.2229522466659546,-0.5510004758834839,-0.2223549485206604,2025-07-01 17:28:53.296,1751371133296,-7927,-2452,1487,-2969,-1772,-573
264,2025-07-01 17:28:53.820,2025-07-01 17:28:53.530968,1.4077905416488647,1.0342950820922852,18.22466278076172,2.098932981491089,-0.7281513810157776,0.009773843921720982,2025-07-01 17:28:53.496,1751371133496,-7009,-3548,2234,-1084,-465,237
265,2025-07-01 17:28:54.137,2025-07-01 17:28:53.830029,-3.3470940589904785,0.05746084079146385,8.9064302444458,1.4770721197128296,0.11239920556545258,-0.18570303916931152,2025-07-01 17:28:53.867,1751371133867,-7508,-3373,1507,-838,-288,452
266,2025-07-01 17:28:54.623,2025-07-01 17:28:54.130411,-3.936067581176758,1.745373010635376,8.518569946289062,-0.1014036312699318,-0.05375614017248154,0.08429940044879913,2025-07-01 17:28:54.106,1751371134106,-8231,-2516,1603,-294,139,987
267,2025-07-01 17:28:54.720,2025-07-01 17:28:54.431054,-3.3949780464172363,0.8690952062606812,9.313444137573242,0.019547687843441963,-0.04153883829712868,-0.07941248267889023,2025-07-01 17:28:54.467,1751371134467,-8110,-2127,1555,-28,349,336
268,2025-07-01 17:28:54.820,2025-07-01 17:28:54.529949,-3.466804027557373,0.9959878921508789,9.169792175292969,0.1270599663257599,0.06230825558304787,-0.0757472887635231,2025-07-01 17:28:54.558,1751371134558,-7875,-2271,1432,150,98,-237
269,2025-07-01 17:28:54.920,2025-07-01 17:28:54.630206,-3.5649664402008057,1.0869675874710083,8.923190116882324,0.21991148591041565,0.12339477986097336,-0.0354301854968071,2025-07-01 17:28:54.662,1751371134662,-8270,-2199,1458,-245,-842,-235
270,2025-07-01 17:28:55.320,2025-07-01 17:28:55.033476,-3.641580820083618,1.2306196689605713,9.138668060302734,-0.025656340643763542,0.00733038317412138,0.012217304669320583,2025-07-01 17:28:55.013,1751371135013,-7835,-2608,1895,-253,-288,16
271,2025-07-01 17:28:55.521,2025-07-01 17:28:55.229948,-3.6176388263702393,1.5705963373184204,8.908824920654297,-0.006108652334660292,-0.02687807008624077,-0.02076941914856434,2025-07-01 17:28:55.192,1751371135192,-7835,-2270,1794,110,46,553
272,2025-07-01 17:28:56.220,2025-07-01 17:28:55.931727,-4.098873138427734,1.6974890232086182,8.588001251220703,0.039095375686883926,0.08796459436416626,0.10506882518529892,2025-07-01 17:28:55.898,1751371135898,-7310,-2721,1986,-333,99,1003
273,2025-07-01 17:28:56.520,2025-07-01 17:28:56.229807,-3.6846764087677,1.1635819673538208,9.011775016784668,-0.32009339332580566,-0.07330382615327835,0.0757472887635231,2025-07-01 17:28:56.190,1751371136190,-7830,-2344,2108,-370,-132,110
274,2025-07-01 17:28:57.020,2025-07-01 17:28:56.730004,-3.337517261505127,0.7805097699165344,9.057265281677246,0.04153883829712868,-0.015882495790719986,-0.039095375686883926,2025-07-01 17:28:56.719,1751371136719,-7860,-2428,1932,-296,295,34
275,2025-07-01 17:28:57.130,2025-07-01 17:28:56.830050,-3.354276657104492,0.6512228846549988,9.102754592895508,-0.012217304669320583,-0.06352998316287994,-0.039095375686883926,2025-07-01 17:28:56.818,1751371136818,-7876,-2277,2133,50,-17,8
276,2025-07-01 17:28:57.231,2025-07-01 17:28:56.830050,-3.354276657104492,0.6512228846549988,9.102754592895508,-0.012217304669320583,-0.06352998316287994,-0.039095375686883926,2025-07-01 17:28:56.818,1751371136818,-7876,-2277,2133,50,-17,8
277,2025-07-01 17:28:57.326,2025-07-01 17:28:57.030742,-3.114856481552124,0.4812345504760742,9.23682975769043,-0.00733038317412138,-0.03298672288656235,-0.0024434609804302454,2025-07-01 17:28:57.068,1751371137068,-7852,-2642,1967,98,110,6
278,2025-07-01 17:28:57.432,2025-07-01 17:28:57.129506,-3.1507694721221924,0.608127236366272,9.150638580322266,-0.0012217304902151227,-0.02687807008624077,-0.04398229718208313,2025-07-01 17:28:57.165,1751371137165,-8051,-2209,2333,-101,-35,84
279,2025-07-01 17:28:57.531,2025-07-01 17:28:57.229724,-3.134010076522827,0.6607996821403503,9.17936897277832,-0.02687807008624077,-0.05497787147760391,-0.06475171446800232,2025-07-01 17:28:57.249,1751371137249,-7878,-2259,1941,109,-94,35
280,2025-07-01 17:28:57.631,2025-07-01 17:28:57.332028,-3.160346269607544,0.40701428055763245,9.315838813781738,-0.030543262138962746,-0.04642575979232788,-0.0403171069920063,2025-07-01 17:28:57.344,1751371137344,-7821,-2595,1959,102,125,-317
281,2025-07-01 17:28:57.820,2025-07-01 17:28:57.535320,-3.047818660736084,0.4118026793003082,9.239224433898926,-0.009773843921720982,-0.028099801391363144,-0.03420845419168472,2025-07-01 17:28:57.516,1751371137516,-8030,-2592,2008,90,92,-311
282,2025-07-01 17:28:57.941,2025-07-01 17:28:57.633636,-3.043030261993408,0.48602294921875,9.255983352661133,-0.0012217304902151227,-0.02932153269648552,-0.02321287989616394,2025-07-01 17:28:57.615,1751371137615,-8026,-2590,1998,46,-104,-373
283,2025-07-01 17:28:58.124,2025-07-01 17:28:57.830488,-2.978386878967285,0.3758896589279175,9.337387084960938,0.02076941914856434,-0.013439035043120384,-0.021991148591041565,2025-07-01 17:28:57.796,1751371137796,-8043,-2531,1995,42,102,-342
284,2025-07-01 17:28:58.334,2025-07-01 17:28:58.031596,-2.851494312286377,0.45489832758903503,9.344569206237793,0.02076941914856434,0.009773843921720982,-0.0012217304902151227,2025-07-01 17:28:58.065,1751371138065,-7996,-2476,2006,119,68,-352
285,2025-07-01 17:28:58.634,2025-07-01 17:28:58.329772,-3.047818660736084,0.3878606855869293,9.20091724395752,0.10751228034496307,0.05375614017248154,0.010995574295520782,2025-07-01 17:28:58.340,1751371138340,-7395,-3832,2287,-276,-1735,-1699
286,2025-07-01 17:28:58.925,2025-07-01 17:28:58.633147,-3.0406360626220703,0.8212111592292786,9.172186851501465,0.04642575979232788,0.004886921960860491,0.0012217304902151227,2025-07-01 17:28:58.612,1751371138612,-7911,-1273,3518,175,1050,-34
287,2025-07-01 17:28:59.220,2025-07-01 17:28:58.932871,-3.201047658920288,0.9720458984375,9.100360870361328,-0.02932153269648552,-0.028099801391363144,-0.004886921960860491,2025-07-01 17:28:58.956,1751371138956,-7818,-1471,3222,-256,2105,-1374
288,2025-07-01 17:28:59.323,2025-07-01 17:28:59.032775,-3.2297780513763428,0.9217676520347595,9.17697525024414,-0.00855211354792118,-0.013439035043120384,0.018325956538319588,2025-07-01 17:28:59.061,1751371139061,-8010,-1497,3376,-549,1995,-1544
289,2025-07-01 17:28:59.622,2025-07-01 17:28:59.329390,-2.896984100341797,0.5841852426528931,9.23443603515625,0.012217304669320583,0.02687807008624077,0.02321287989616394,2025-07-01 17:28:59.323,1751371139323,-7941,-1875,3023,-848,2402,-1460
290,2025-07-01 17:29:00.520,2025-07-01 17:29:00.231110,-2.2625205516815186,-3.801992416381836,8.99740982055664,-1.9828685522079468,0.6145304441452026,0.5729916095733643,2025-07-01 17:29:00.217,1751371140217,-7517,-2268,2665,-1712,2858,-1687
291,2025-07-01 17:29:00.720,2025-07-01 17:29:00.430124,-5.808333396911621,-3.758896589279175,3.7229835987091064,-7.202101230621338,0.1111774742603302,1.6774359941482544,2025-07-01 17:29:00.416,1751371140416,-7990,-2911,1694,475,41,259
292,2025-07-01 17:29:01.020,2025-07-01 17:29:00.731857,-5.839457988739014,-7.479485988616943,2.1523873805999756,-0.8747590184211731,-0.4691445231437683,0.10751228034496307,2025-07-01 17:29:00.760,1751371140760,-8723,-313,1021,4612,1335,2303
293,2025-07-01 17:29:01.638,2025-07-01 17:29:01.329783,-5.125985622406006,-9.081207275390625,2.918531894683838,3.72383451461792,1.4196507930755615,-0.23579397797584534,2025-07-01 17:29:01.305,1751371141305,-8681,823,1907,-2590,-1084,-393
294,2025-07-01 17:29:01.720,2025-07-01 17:29:01.429282,-6.866570472717285,-4.127603530883789,2.7892448902130127,8.276001930236816,1.654223084449768,-1.947438359260559,2025-07-01 17:29:01.419,1751371141419,-8132,-325,2225,-4940,-2224,-1424
295,2025-07-01 17:29:01.920,2025-07-01 17:29:01.633988,-4.553771495819092,-1.2976573705673218,6.327875137329102,-2.3493876457214355,-1.8350391387939453,-0.03420845419168472,2025-07-01 17:29:01.605,1751371141605,-7638,-1698,2715,-3135,-1295,-1510
296,2025-07-01 17:29:02.122,2025-07-01 17:29:01.831888,-2.207453966140747,-2.935291290283203,8.097189903259277,-1.1557570695877075,-0.2590068578720093,-0.00366519158706069,2025-07-01 17:29:01.852,1751371141852,-7773,-2525,2799,-1637,-434,-1075
297,2025-07-01 17:29:02.320,2025-07-01 17:29:02.031489,-2.161964178085327,-1.0893617868423462,9.148244857788086,-0.11728613078594208,-0.07941248267889023,-0.06475171446800232,2025-07-01 17:29:02.016,1751371142016,-7521,-3095,2999,-1505,-1068,-589
298,2025-07-01 17:29:02.456,2025-07-01 17:29:02.131573,-2.006340980529785,-1.9273324012756348,9.485827445983887,0.2541199326515198,0.10262536257505417,0.09529497474431992,2025-07-01 17:29:02.121,1751371142121,-7301,-3180,3057,-1418,-1036,-574
299,2025-07-01 17:29:02.520,2025-07-01 17:29:02.232259,-2.5330653190612793,-1.170764684677124,9.47146224975586,0.4740314185619354,0.18448130786418915,0.11362093687057495,2025-07-01 17:29:02.203,1751371142203,-7570,-2800,3090,-411,132,285
300,2025-07-01 17:29:02.621,2025-07-01 17:29:02.332151,-2.583343744277954,-0.7206547260284424,9.318233489990234,0.6438519954681396,0.2064724564552307,0.10751228034496307,2025-07-01 17:29:02.294,1751371142294,-7599,-2785,2798,-607,154,-52
301,2025-07-01 17:29:03.020,2025-07-01 17:29:02.529288,-3.375824451446533,1.314416766166687,8.96149730682373,0.8393288254737854,0.3494149148464203,0.12461651116609573,2025-07-01 17:29:02.567,1751371142567,-7711,-2764,3165,-284,378,321
302,2025-07-01 17:29:03.128,2025-07-01 17:29:02.829331,-3.4787750244140625,2.1499931812286377,9.162610054016113,-0.004886921960860491,-0.03176499158143997,-0.0403171069920063,2025-07-01 17:29:02.835,1751371142835,-7410,-2752,3192,315,60,109
303,2025-07-01 17:29:03.326,2025-07-01 17:29:03.029377,-3.579331636428833,2.2625205516815186,8.9064302444458,0.03420845419168472,0.012217304669320583,-0.0012217304902151227,2025-07-01 17:29:03.017,1751371143017,-7377,-2732,2944,311,69,118
304,2025-07-01 17:29:03.526,2025-07-01 17:29:03.229743,-3.4380736351013184,2.1332337856292725,8.875306129455566,0.04886921867728233,0.03298672288656235,0.012217304669320583,2025-07-01 17:29:03.195,1751371143195,-7366,-2928,2969,256,-113,-95
305,2025-07-01 17:29:03.624,2025-07-01 17:29:03.330122,-3.5003228187561035,2.2218191623687744,8.664615631103516,0.030543262138962746,0.021991148591041565,0.010995574295520782,2025-07-01 17:29:03.298,1751371143298,-7347,-2896,2958,-51,-47,-62
306,2025-07-01 17:29:03.722,2025-07-01 17:29:03.436286,-3.529053211212158,2.3247697353363037,8.760383605957031,-0.0012217304902151227,-0.012217304669320583,-0.0024434609804302454,2025-07-01 17:29:03.419,1751371143419,-7799,-2527,2932,313,317,-101
307,2025-07-01 17:29:03.823,2025-07-01 17:29:03.530196,-3.397372245788574,2.22660756111145,8.825027465820312,0.01710422709584236,0.012217304669320583,0.009773843921720982,2025-07-01 17:29:03.561,1751371143561,-7561,-2832,2935,-14,-10,118
308,2025-07-01 17:29:03.923,2025-07-01 17:29:03.630327,-3.490746021270752,2.252943754196167,8.753201484680176,0.009773843921720982,0.01466076634824276,0.004886921960860491,2025-07-01 17:29:03.646,1751371143646,-7610,-2472,2691,127,-6,-46
309,2025-07-01 17:29:04.033,2025-07-01 17:29:03.732608,-3.533841609954834,2.2457611560821533,8.808267593383789,0.019547687843441963,0.0,-0.006108652334660292,2025-07-01 17:29:03.746,1751371143746,-7679,-2454,2535,93,340,-113
310,2025-07-01 17:29:04.123,2025-07-01 17:29:03.830983,-3.469198226928711,2.293645143508911,8.825027465820312,-0.00733038317412138,-0.0012217304902151227,0.009773843921720982,2025-07-01 17:29:03.829,1751371143829,-7660,-2463,2500,-121,297,51
311,2025-07-01 17:29:04.326,2025-07-01 17:29:04.029955,-3.598485231399536,2.410961151123047,8.755595207214355,0.012217304669320583,0.024434609338641167,0.00855211354792118,2025-07-01 17:29:04.002,1751371144002,-7673,-2438,2506,-122,277,56
312,2025-07-01 17:29:04.820,2025-07-01 17:29:04.534003,-3.7493197917938232,2.0925323963165283,8.971074104309082,0.01710422709584236,0.0403171069920063,-0.004886921960860491,2025-07-01 17:29:04.502,1751371144502,-7621,-2486,2540,-293,269,-375
313,2025-07-01 17:29:05.022,2025-07-01 17:29:04.731927,-3.773261785507202,2.0590133666992188,8.89685344696045,-0.19792033731937408,-0.08796459436416626,0.019547687843441963,2025-07-01 17:29:04.716,1751371144716,-4801,-2447,4011,-59,2353,-2002
314,2025-07-01 17:29:05.130,2025-07-01 17:29:04.838245,-3.3925838470458984,1.8076223134994507,9.205705642700195,-0.05375614017248154,0.03298672288656235,0.012217304669320583,2025-07-01 17:29:04.810,1751371144810,-6496,-3122,3863,-1167,8259,-1971
315,2025-07-01 17:29:05.227,2025-07-01 17:29:04.933922,-3.49314022064209,1.941697597503662,8.777143478393555,0.13439035415649414,0.15515977144241333,0.0708603709936142,2025-07-01 17:29:04.911,1751371144911,-7034,-2982,3626,-1378,9215,-1885
316,2025-07-01 17:29:05.421,2025-07-01 17:29:05.133664,-3.6990416049957275,2.585737943649292,8.487444877624512,-0.07208210229873657,-0.09773843735456467,-0.02321287989616394,2025-07-01 17:29:05.103,1751371145103,-7654,-2474,1296,462,-1688,1843
317,2025-07-01 17:29:05.621,2025-07-01 17:29:05.333383,-3.397372245788574,2.118868589401245,9.038111686706543,-0.5656611919403076,-0.08674286305904388,0.08307767659425735,2025-07-01 17:29:05.355,1751371145355,-7584,-2373,2448,-399,-1249,94
318,2025-07-01 17:29:05.820,2025-07-01 17:29:05.534574,-3.3039982318878174,-2.140416383743286,9.509769439697266,-1.882686734199524,-0.25534167885780334,-0.16737708449363708,2025-07-01 17:29:05.539,1751371145539,-7957,-2353,2843,-493,-1401,-203
319,2025-07-01 17:29:06.020,2025-07-01 17:29:05.729780,-2.652775526046753,-1.601720929145813,9.047688484191895,-0.1270599663257599,0.024434609338641167,-0.03176499158143997,2025-07-01 17:29:05.711,1751371145711,-7555,-2310,2907,-862,-1360,-145
320,2025-07-01 17:29:06.530,2025-07-01 17:29:06.236594,-4.201824188232422,3.3016040325164795,7.673416614532471,-0.23457226157188416,-0.13072516024112701,0.0,2025-07-01 17:29:06.200,1751371146200,-7421,-2360,2937,-627,-931,-618
321,2025-07-01 17:29:06.621,2025-07-01 17:29:06.331096,-3.7445313930511475,2.868253707885742,8.9064302444458,-0.16493362188339233,-0.1319468915462494,-0.05375614017248154,2025-07-01 17:29:06.354,1751371146354,-7800,-2785,1920,179,-294,-503
322,2025-07-01 17:29:07.020,2025-07-01 17:29:06.730518,-3.8738183975219727,3.7253777980804443,8.676587104797363,-0.20525072515010834,-0.004886921960860491,-0.09285151958465576,2025-07-01 17:29:06.706,1751371146706,-7748,-2544,2191,-100,-1376,180
323,2025-07-01 17:29:07.737,2025-07-01 17:29:07.431855,-4.077325344085693,3.0765492916107178,8.528146743774414,-0.03298672288656235,-0.0012217304902151227,0.024434609338641167,2025-07-01 17:29:07.431,1751371147431,-7566,-2693,2927,84,110,531
324,2025-07-01 17:29:08.125,2025-07-01 17:29:07.829519,-3.9456443786621094,2.9520506858825684,8.49941635131836,-0.025656340643763542,-0.059864792972803116,-0.06475171446800232,2025-07-01 17:29:07.802,1751371147802,-7553,-2480,2846,-939,-1109,-177
325,2025-07-01 17:29:08.427,2025-07-01 17:29:08.131431,-3.950432777404785,3.2609026432037354,8.42040729522705,0.028099801391363144,-0.018325956538319588,-0.01466076634824276,2025-07-01 17:29:08.148,1751371148148,-7576,-2928,3130,-1125,-1044,-294
326,2025-07-01 17:29:08.750,2025-07-01 17:29:08.338352,-3.93367338180542,3.1699230670928955,8.224082946777344,-0.004886921960860491,-0.00366519158706069,0.012217304669320583,2025-07-01 17:29:08.318,1751371148318,-7507,-2802,2987,-844,-862,-281
327,2025-07-01 17:29:08.826,2025-07-01 17:29:08.431674,-3.8594532012939453,3.1028854846954346,8.396465301513672,0.004886921960860491,-0.004886921960860491,0.00733038317412138,2025-07-01 17:29:08.404,1751371148404,-7421,-3149,2977,44,-36,-99
328,2025-07-01 17:29:09.028,2025-07-01 17:29:08.733592,-4.0078935623168945,3.2321722507476807,8.238448143005371,0.00366519158706069,0.010995574295520782,0.0,2025-07-01 17:29:08.695,1751371148695,-7721,-2713,3053,235,330,75
329,2025-07-01 17:29:09.329,2025-07-01 17:29:09.038027,-3.9480385780334473,3.2609026432037354,8.358158111572266,-0.0024434609804302454,-0.021991148591041565,-0.00855211354792118,2025-07-01 17:29:09.064,1751371149064,-7362,-2940,3035,299,-11,105
330,2025-07-01 17:29:09.523,2025-07-01 17:29:09.237527,-4.055777549743652,3.315969467163086,8.317456245422363,-0.01710422709584236,-0.00855211354792118,-0.00366519158706069,2025-07-01 17:29:09.229,1751371149229,-7526,-2744,3056,-99,369,-267
331,2025-07-01 17:29:09.720,2025-07-01 17:29:09.429271,-4.022258758544922,3.294421434402466,8.307879447937012,0.01466076634824276,0.012217304669320583,0.012217304669320583,2025-07-01 17:29:09.409,1751371149409,-7755,-2903,3112,-133,-103,54
332,2025-07-01 17:29:10.420,2025-07-01 17:29:10.129584,-4.0749311447143555,3.8139634132385254,8.4108304977417,-0.09896016865968704,-0.010995574295520782,0.06719517707824707,2025-07-01 17:29:10.120,1751371150120,-7754,-2747,2918,84,-67,8
333,2025-07-01 17:29:10.725,2025-07-01 17:29:10.436208,-3.847482204437256,2.8802247047424316,8.403648376464844,-0.18570303916931152,-0.051312681287527084,0.05375614017248154,2025-07-01 17:29:10.476,1751371150476,-7751,-3081,2899,57,-124,-328
334,2025-07-01 17:29:10.920,2025-07-01 17:29:10.639963,-3.6152446269989014,2.492363929748535,8.71728801727295,-0.21502456068992615,-0.07819075137376785,0.0354301854968071,2025-07-01 17:29:10.614,1751371150614,-7735,-3118,2936,-297,-128,-332
335,2025-07-01 17:29:11.020,2025-07-01 17:29:10.735586,-3.7828385829925537,2.0829553604125977,8.841787338256836,-0.24190263450145721,-0.06108652427792549,0.036651913076639175,2025-07-01 17:29:10.757,1751371150757,-7725,-3078,2914,6,303,17
336,2025-07-01 17:29:11.120,2025-07-01 17:29:10.735586,-3.7828385829925537,2.0829553604125977,8.841787338256836,-0.24190263450145721,-0.06108652427792549,0.036651913076639175,2025-07-01 17:29:10.757,1751371150757,-7725,-3078,2914,6,303,17
337,2025-07-01 17:29:11.536,2025-07-01 17:29:11.242379,-2.1475989818573,-1.0079588890075684,9.35654067993164,0.006108652334660292,0.1612684279680252,0.2076941877603531,2025-07-01 17:29:11.207,1751371151207,-7705,-3097,2940,102,114,-194
338,2025-07-01 17:29:11.736,2025-07-01 17:29:11.429953,-2.1116859912872314,-1.1228805780410767,9.871294021606445,-0.04398229718208313,-0.013439035043120384,0.028099801391363144,2025-07-01 17:29:11.400,1751371151400,-6557,-4436,2714,2182,1736,-1819
339,2025-07-01 17:29:11.820,2025-07-01 17:29:11.542481,-2.0829553604125977,-0.5315127968788147,9.59596061706543,0.04153883829712868,0.03787364438176155,0.06475171446800232,2025-07-01 17:29:11.558,1751371151558,-7845,-2962,2101,2755,2919,-1340
340,2025-07-01 17:29:11.921,2025-07-01 17:29:11.643538,-2.0398597717285156,-0.524330198764801,9.526528358459473,-0.0708603709936142,0.009773843921720982,0.0024434609804302454,2025-07-01 17:29:11.658,1751371151658,-7461,-4163,2273,-887,-1084,-210
341,2025-07-01 17:29:12.334,2025-07-01 17:29:12.038431,-2.9496564865112305,-3.157952070236206,9.191340446472168,-0.3433062732219696,0.43615779280662537,-0.08185594528913498,2025-07-01 17:29:12.011,1751371152011,-7041,-4065,2599,-510,-908,-625
342,2025-07-01 17:29:12.421,2025-07-01 17:29:12.141227,-4.551377296447754,-1.8339585065841675,5.8657941818237305,0.39217549562454224,0.01466076634824276,0.07452555745840073,2025-07-01 17:29:12.120,1751371152120,-6648,-4667,2460,-811,-1540,-1260
343,2025-07-01 17:29:12.635,2025-07-01 17:29:12.345569,-2.3367409706115723,-0.8092401623725891,7.623138427734375,0.4960225820541382,-0.05864306539297104,0.2064724564552307,2025-07-01 17:29:12.382,1751371152382,-7046,-3541,2842,41,463,-131
344,2025-07-01 17:29:12.720,2025-07-01 17:29:12.447223,-3.1004912853240967,0.727837324142456,8.975862503051758,0.2675589919090271,0.05619960278272629,0.06352998316287994,2025-07-01 17:29:12.462,1751371152462,-7407,-3650,2468,-982,-397,-128
345,2025-07-01 17:29:13.120,2025-07-01 17:29:12.836124,-5.57370138168335,3.4380736351013184,5.374982833862305,0.3591887652873993,0.2687807083129883,-1.0873401165008545,2025-07-01 17:29:12.820,1751371152820,-7228,-3896,2677,2973,3607,-238
346,2025-07-01 17:29:13.220,2025-07-01 17:29:12.943624,-4.649539470672607,-3.2992098331451416,8.128314971923828,0.19914206862449646,-0.1661553531885147,-0.23457226157188416,2025-07-01 17:29:12.919,1751371152919,-7560,-3468,2394,-1782,-2331,213
347,2025-07-01 17:29:13.427,2025-07-01 17:29:13.141386,-2.851494312286377,5.171475887298584,9.148244857788086,-0.35063666105270386,-0.01466076634824276,-0.02076941914856434,2025-07-01 17:29:13.120,1751371153120,-7876,-3448,2019,3061,2589,-190
348,2025-07-01 17:29:13.527,2025-07-01 17:29:13.141386,-2.851494312286377,5.171475887298584,9.148244857788086,-0.35063666105270386,-0.01466076634824276,-0.02076941914856434,2025-07-01 17:29:13.181,1751371153181,-8738,-2587,1862,2735,2105,268
349,2025-07-01 17:29:13.934,2025-07-01 17:29:13.649555,-3.821146011352539,-0.49799394607543945,8.595184326171875,0.09896016865968704,0.33597588539123535,0.09651670604944229,2025-07-01 17:29:13.673,1751371153673,-8243,-2729,2297,40,-33,1067
350,2025-07-01 17:29:14.234,2025-07-01 17:29:13.943242,-4.850652694702148,0.2944868206977844,7.733271598815918,-0.07208210229873657,-0.3885102868080139,0.051312681287527084,2025-07-01 17:29:13.904,1751371153904,-7801,-2527,2348,355,98,374
351,2025-07-01 17:29:14.420,2025-07-01 17:29:14.147363,-3.3686418533325195,1.1013327836990356,9.770736694335938,-0.06108652427792549,-0.17592918872833252,0.36529740691185,2025-07-01 17:29:14.174,1751371154174,-7587,-2547,2573,-434,-383,239
352,2025-07-01 17:29:15.129,2025-07-01 17:29:14.762174,-4.027047157287598,-0.2513911724090576,9.198522567749023,-0.06230825558304787,0.004886921960860491,-0.03787364438176155,2025-07-01 17:29:14.732,1751371154732,-8371,-1487,1947,-2684,-1177,-280
353,2025-07-01 17:29:15.220,2025-07-01 17:29:14.944467,-4.19224739074707,0.002394201699644327,8.38449478149414,-0.1062905490398407,0.0403171069920063,0.07330382615327835,2025-07-01 17:29:14.909,1751371154909,-7254,-4134,3112,2827,-489,-1190
354,2025-07-01 17:29:15.421,2025-07-01 17:29:15.132130,-3.8379054069519043,-0.49799394607543945,9.014169692993164,-0.15515977144241333,-0.05742133408784866,-0.2064724564552307,2025-07-01 17:29:15.166,1751371155166,-7687,-2842,2984,-1465,324,822
355,2025-07-01 17:29:15.621,2025-07-01 17:29:15.342324,-4.680664539337158,0.4908113479614258,8.51138687133789,1.253495454788208,0.45692721009254456,0.6426302194595337,2025-07-01 17:29:15.345,1751371155345,-8050,-2520,2573,-1853,-2220,-58
356,2025-07-01 17:29:15.821,2025-07-01 17:29:15.446002,-4.383783340454102,3.0119056701660156,7.814674377441406,0.35552358627319336,-0.1722639948129654,1.1545352935791016,2025-07-01 17:29:15.429,1751371155429,-7191,-3139,3555,-679,-1153,-74
357,2025-07-01 17:29:16.136,2025-07-01 17:29:15.749452,-5.657498836517334,-2.473210334777832,8.271966934204102,-1.359786033630371,-0.1368338167667389,0.00366519158706069,2025-07-01 17:29:15.711,1751371155711,-7506,-2692,3048,1728,3136,-627
358,2025-07-01 17:29:16.220,2025-07-01 17:29:15.941511,-3.5482068061828613,-10.177751541137695,5.188235282897949,-10.026741981506348,-2.172236919403076,0.7745771408081055,2025-07-01 17:29:15.914,1751371155914,-8126,-3080,2330,1615,200,1149
359,2025-07-01 17:29:16.320,2025-07-01 17:29:15.941511,-3.5482068061828613,-10.177751541137695,5.188235282897949,-10.026741981506348,-2.172236919403076,0.7745771408081055,2025-07-01 17:29:15.914,1751371155914,-8126,-3080,2330,1615,200,1149
360,2025-07-01 17:29:16.521,2025-07-01 17:29:16.238935,-3.138798475265503,-3.5673606395721436,8.841787338256836,0.7611380815505981,0.20402899384498596,-0.02687807008624077,2025-07-01 17:29:16.277,1751371156277,-8002,-2057,2641,-1865,-1272,542
361,2025-07-01 17:29:16.721,2025-07-01 17:29:16.447833,-3.641580820083618,-2.346317768096924,8.734047889709473,0.4398229718208313,0.06841690838336945,-0.07452555745840073,2025-07-01 17:29:16.420,1751371156420,-8047,-1955,2860,-1629,-509,-630
362,2025-07-01 17:29:17.420,2025-07-01 17:29:17.144856,-3.648763418197632,-1.4724340438842773,9.071630477905273,0.0708603709936142,0.024434609338641167,-0.01466076634824276,2025-07-01 17:29:17.157,1751371157157,-7995,-2656,2544,41,-98,-153
363,2025-07-01 17:29:17.722,2025-07-01 17:29:17.447446,-3.7493197917938232,-1.1994950771331787,8.978256225585938,0.1563815027475357,0.030543262138962746,-0.010995574295520782,2025-07-01 17:29:17.440,1751371157440,-7659,-2872,2592,86,-99,1
364,2025-07-01 17:29:18.336,2025-07-01 17:29:17.945740,-3.7277719974517822,-0.8259995579719543,9.11233139038086,0.2076941877603531,0.01710422709584236,-0.02076941914856434,2025-07-01 17:29:17.963,1751371157963,-7658,-2526,2455,-122,109,38
365,2025-07-01 17:29:18.426,2025-07-01 17:29:17.945740,-3.7277719974517822,-0.8259995579719543,9.11233139038086,0.2076941877603531,0.01710422709584236,-0.02076941914856434,2025-07-01 17:29:17.963,1751371157963,-7658,-2526,2455,-122,109,38
366,2025-07-01 17:29:19.030,2025-07-01 17:29:18.731580,-4.07014274597168,0.2944868206977844,8.803479194641113,0.09162978827953339,0.051312681287527084,0.02321287989616394,2025-07-01 17:29:18.760,1751371158760,-7718,-2553,2682,-272,59,-366
367,2025-07-01 17:29:19.247,2025-07-01 17:29:18.947669,-4.125209331512451,0.7422025203704834,8.705317497253418,0.18448130786418915,0.025656340643763542,0.1160643994808197,2025-07-01 17:29:18.955,1751371158955,-7687,-2694,2455,-335,68,-133
368,2025-07-01 17:29:19.451,2025-07-01 17:29:19.151811,-4.180276393890381,1.1276689767837524,8.434772491455078,0.11972958594560623,0.00733038317412138,0.06352998316287994,2025-07-01 17:29:19.118,1751371159118,-7722,-2727,2454,291,8,-197
369,2025-07-01 17:29:19.635,2025-07-01 17:29:19.247839,-4.173093795776367,1.1994950771331787,8.80587387084961,-0.1014036312699318,-0.09529497474431992,-0.07696902006864548,2025-07-01 17:29:19.216,1751371159216,-5847,-4226,3626,-1678,-1392,3331
370,2025-07-01 17:29:19.926,2025-07-01 17:29:19.645781,-3.847482204437256,0.7852981686592102,8.966285705566406,-0.09407325088977814,-0.036651913076639175,-0.12828169763088226,2025-07-01 17:29:19.616,1751371159616,-7735,-2434,3162,-750,-240,-1080
371,2025-07-01 17:29:20.026,2025-07-01 17:29:19.749549,-4.264073371887207,0.5578489899635315,8.78193187713623,0.08674286305904388,0.028099801391363144,-0.059864792972803116,2025-07-01 17:29:19.759,1751371159759,-7149,-3065,2910,140,1314,1540
372,2025-07-01 17:29:20.420,2025-07-01 17:29:20.164843,-4.0964789390563965,1.0295066833496094,8.753201484680176,0.018325956538319588,-0.03298672288656235,0.00366519158706069,2025-07-01 17:29:20.126,1751371160126,-6963,-3427,2886,-165,267,1259
373,2025-07-01 17:29:21.122,2025-07-01 17:29:20.849864,-4.146757125854492,0.5722141861915588,8.810662269592285,-0.04764748737215996,-0.00733038317412138,-0.04153883829712868,2025-07-01 17:29:20.847,1751371160847,-7786,-2913,2878,-272,100,91
374,2025-07-01 17:29:22.021,2025-07-01 17:29:21.552185,-4.220977783203125,0.5961562395095825,8.753201484680176,0.0403171069920063,0.015882495790719986,-0.02687807008624077,2025-07-01 17:29:21.554,1751371161554,-7371,-2942,2924,-59,-109,35
375,2025-07-01 17:29:22.329,2025-07-01 17:29:22.050240,-4.082113742828369,0.5985504388809204,8.951920509338379,0.13561208546161652,0.10262536257505417,-0.09285151958465576,2025-07-01 17:29:22.011,1751371162011,-7746,-2923,2876,76,-86,-303
376,2025-07-01 17:29:22.423,2025-07-01 17:29:22.050240,-4.082113742828369,0.5985504388809204,8.951920509338379,0.13561208546161652,0.10262536257505417,-0.09285151958465576,2025-07-01 17:29:22.087,1751371162087,-7802,-2887,2868,112,-68,-133
377,2025-07-01 17:29:22.520,2025-07-01 17:29:22.245203,-4.426878929138184,0.9361328482627869,8.597578048706055,0.09896016865968704,0.03787364438176155,0.015882495790719986,2025-07-01 17:29:22.267,1751371162267,-7606,-2846,2858,-125,-70,-191
378,2025-07-01 17:29:22.725,2025-07-01 17:29:22.450902,-4.146757125854492,0.8762778043746948,8.753201484680176,-0.15027284622192383,-0.015882495790719986,-0.028099801391363144,2025-07-01 17:29:22.455,1751371162455,-7779,-3138,2841,892,224,-1217
379,2025-07-01 17:29:22.820,2025-07-01 17:29:22.533515,-4.434061527252197,0.8690952062606812,8.56645393371582,0.006108652334660292,0.039095375686883926,-0.03298672288656235,2025-07-01 17:29:22.562,1751371162562,-7703,-3034,2597,2843,2091,-2859
380,2025-07-01 17:29:22.921,2025-07-01 17:29:22.648509,-4.402936935424805,1.1180921792984009,8.564059257507324,-0.042760565876960754,-0.004886921960860491,-0.019547687843441963,2025-07-01 17:29:22.632,1751371162632,-7410,-3367,2610,2400,1918,-2567
381,2025-07-01 17:29:23.625,2025-07-01 17:29:23.354477,-4.81473970413208,-2.9041666984558105,9.658209800720215,-2.322509765625,0.25534167885780334,-0.4202753007411957,2025-07-01 17:29:23.354,1751371163354,-6820,-4085,2916,-765,35,2087
382,2025-07-01 17:29:23.720,2025-07-01 17:29:23.451859,-4.417302131652832,-4.125209331512451,6.054935932159424,-0.2272418737411499,-0.2541199326515198,-0.19058994948863983,2025-07-01 17:29:23.440,1751371163440,-6600,-4075,2872,-1283,-556,2351
383,2025-07-01 17:29:23.932,2025-07-01 17:29:23.653944,-3.3901896476745605,1.05105459690094,8.80587387084961,0.4251621961593628,0.45204028487205505,0.2064724564552307,2025-07-01 17:29:23.634,1751371163634,-7254,-4123,2608,-241,875,1404
384,2025-07-01 17:29:24.935,2025-07-01 17:29:24.645746,-4.259284973144531,1.0558429956436157,9.275136947631836,-0.15393804013729095,-0.31642818450927734,0.10018189996480942,2025-07-01 17:29:24.615,1751371164615,-8561,-2566,2214,76,-797,-1500
385,2025-07-01 17:29:25.421,2025-07-01 17:29:25.153419,-4.395754337310791,0.040701430290937424,8.932766914367676,0.5143485069274902,0.13439035415649414,0.07696902006864548,2025-07-01 17:29:25.148,1751371165148,-7921,-2891,2571,-885,-453,219
386,2025-07-01 17:29:25.529,2025-07-01 17:29:25.254582,-4.153939723968506,-1.158793568611145,8.853757858276367,0.09529497474431992,-0.028099801391363144,-0.07452555745840073,2025-07-01 17:29:25.247,1751371165247,-7586,-2489,2593,53,287,244
387,2025-07-01 17:29:25.723,2025-07-01 17:29:25.452788,-4.414907932281494,-0.24420857429504395,8.542511940002441,0.02932153269648552,0.11484266817569733,0.05253441259264946,2025-07-01 17:29:25.421,1751371165421,-7659,-2606,2570,46,-62,536
388,2025-07-01 17:29:26.521,2025-07-01 17:29:26.257164,-4.489128112792969,-0.5434837937355042,8.731653213500977,0.08185594528913498,-0.02321287989616394,0.0,2025-07-01 17:29:26.245,1751371166245,-8265,-2592,1982,98,-293,-150
389,2025-07-01 17:29:26.823,2025-07-01 17:29:26.451961,-4.299986362457275,-0.304063618183136,8.875306129455566,-0.010995574295520782,-0.05742133408784866,0.036651913076639175,2025-07-01 17:29:26.418,1751371166418,-7988,-2836,2317,116,-280,-268
390,2025-07-01 17:29:26.920,2025-07-01 17:29:26.653813,-4.402936935424805,-0.6033388376235962,8.492233276367188,-0.012217304669320583,-0.0708603709936142,0.04153883829712868,2025-07-01 17:29:26.693,1751371166693,-7564,-2535,2418,-73,-87,-334
391,2025-07-01 17:29:27.120,2025-07-01 17:29:26.852439,-3.909731388092041,-1.3000515699386597,9.732429504394531,-1.4966198205947876,-0.23945917189121246,0.07452555745840073,2025-07-01 17:29:26.822,1751371166822,-7595,-2771,2047,14,-332,-565
392,2025-07-01 17:29:27.220,2025-07-01 17:29:26.956077,-5.963956356048584,-3.450044631958008,10.362105369567871,-2.2040019035339355,1.176526427268982,-0.09773843735456467,2025-07-01 17:29:26.956,1751371166956,-7538,-3936,2613,-1891,-1171,-409
393,2025-07-01 17:29:27.420,2025-07-01 17:29:27.155580,-3.397372245788574,-8.487444877624512,5.102043628692627,0.06841690838336945,-1.3072515726089478,-0.7379252314567566,2025-07-01 17:29:27.167,1751371167167,-6868,-3972,2223,160,495,1655
394,2025-07-01 17:29:28.224,2025-07-01 17:29:27.954862,-3.246537446975708,-3.0095114707946777,8.62391471862793,0.045204028487205505,0.0024434609804302454,0.13805554807186127,2025-07-01 17:29:27.956,1751371167956,-8203,-2634,2156,-1614,420,-1644
395,2025-07-01 17:29:28.420,2025-07-01 17:29:28.154536,-3.375824451446533,-2.4827871322631836,8.731653213500977,0.08552113175392151,-0.00366519158706069,0.0659734457731247,2025-07-01 17:29:28.118,1751371168118,-7327,-3291,2069,-844,160,-400
396,2025-07-01 17:29:28.525,2025-07-01 17:29:28.256427,-3.2824504375457764,-2.537853717803955,8.688557624816895,-0.045204028487205505,-0.01710422709584236,0.01466076634824276,2025-07-01 17:29:28.224,1751371168224,-7473,-3345,1828,302,393,-326
397,2025-07-01 17:29:28.824,2025-07-01 17:29:28.555217,-3.2752678394317627,-2.142810583114624,8.927978515625,0.02321287989616394,-0.0012217304902151227,-0.018325956538319588,2025-07-01 17:29:28.588,1751371168588,-7751,-2811,2390,262,-84,-318
398,2025-07-01 17:29:29.020,2025-07-01 17:29:28.748614,-3.3231520652770996,-2.612074136734009,8.980650901794434,0.22357667982578278,0.06475171446800232,0.059864792972803116,2025-07-01 17:29:28.761,1751371168761,-7350,-3612,2414,200,330,-538
399,2025-07-01 17:29:29.134,2025-07-01 17:29:28.748614,-3.3231520652770996,-2.612074136734009,8.980650901794434,0.22357667982578278,0.06475171446800232,0.059864792972803116,2025-07-01 17:29:28.761,1751371168761,-7350,-3612,2414,200,330,-538
400,2025-07-01 17:29:29.328,2025-07-01 17:29:29.056362,-3.1100680828094482,-3.7014358043670654,7.237671852111816,-3.0250046253204346,0.09529497474431992,-0.2272418737411499,2025-07-01 17:29:29.016,1751371169016,-7308,-3603,2316,802,789,106
401,2025-07-01 17:29:29.433,2025-07-01 17:29:29.150541,-4.000710964202881,-2.322375535964966,9.732429504394531,-0.25534167885780334,1.281595230102539,-0.8063421249389648,2025-07-01 17:29:29.114,1751371169114,-7482,-3620,2323,668,1064,610
402,2025-07-01 17:29:29.531,2025-07-01 17:29:29.255215,-4.745307922363281,-6.641515731811523,4.213795185089111,-0.24556782841682434,0.5277875661849976,-0.7024950385093689,2025-07-01 17:29:29.220,1751371169220,-7393,-3018,2177,-611,-79,137
403,2025-07-01 17:29:29.920,2025-07-01 17:29:29.660123,-3.689464807510376,-3.7684733867645264,7.620744228363037,0.7318165898323059,0.15027284622192383,0.05742133408784866,2025-07-01 17:29:29.650,1751371169650,-7696,-2966,1946,423,597,8
404,2025-07-01 17:29:30.021,2025-07-01 17:29:29.752149,-2.8443117141723633,-3.138798475265503,9.138668060302734,0.1771509200334549,-0.00855211354792118,0.31642818450927734,2025-07-01 17:29:29.748,1751371169748,-7378,-2999,2166,749,496,-201
405,2025-07-01 17:29:30.120,2025-07-01 17:29:29.842133,-3.428496837615967,-2.7748796939849854,8.176198959350586,-0.10995574295520782,-0.025656340643763542,0.18814650177955627,2025-07-01 17:29:29.832,1751371169832,-8083,-2434,1496,2165,1240,-748
406,2025-07-01 17:29:30.323,2025-07-01 17:29:30.063546,-3.28963303565979,-3.404554843902588,8.652645111083984,0.16004669666290283,0.06719517707824707,0.00733038317412138,2025-07-01 17:29:30.096,1751371170096,-7879,-2725,1876,1652,641,-1034
407,2025-07-01 17:29:30.520,2025-07-01 17:29:30.157609,-3.734954595565796,-1.9632453918457031,9.102754592895508,-0.2223549485206604,0.08307767659425735,-0.23335053026676178,2025-07-01 17:29:30.193,1751371170193,-7978,-3078,1695,1325,536,-241
408,2025-07-01 17:29:30.622,2025-07-01 17:29:30.360012,-4.663905143737793,-1.4748282432556152,5.614402770996094,-4.723209857940674,0.7086036801338196,-0.35552358627319336,2025-07-01 17:29:30.377,1751371170377,-8019,-2844,1784,785,-116,-152
409,2025-07-01 17:29:30.725,2025-07-01 17:29:30.456279,-2.6647465229034424,-5.894524574279785,3.359065055847168,0.24556782841682434,1.3524556159973145,-0.93095862865448,2025-07-01 17:29:30.463,1751371170463,-7584,-2787,1945,66,210,956
410,2025-07-01 17:29:30.824,2025-07-01 17:29:30.534374,-4.927267074584961,-8.508993148803711,2.006340980529785,0.5925393104553223,-0.5265658497810364,0.14905111491680145,2025-07-01 17:29:30.567,1751371170567,-8018,-2729,1718,-255,201,381
411,2025-07-01 17:29:30.933,2025-07-01 17:29:30.659605,-3.380612850189209,-6.184223175048828,6.782773494720459,0.07819075137376785,-0.7586946487426758,0.2565633952617645,2025-07-01 17:29:30.642,1751371170642,-8000,-2792,1717,-172,136,-45
412,2025-07-01 17:29:31.056,2025-07-01 17:29:30.758106,-3.2417490482330322,-6.392518520355225,6.833051681518555,0.2321287989616394,0.7904596328735352,-0.05009094998240471,2025-07-01 17:29:30.750,1751371170750,-7642,-2534,1722,378,353,-63
413,2025-07-01 17:29:31.231,2025-07-01 17:29:30.951774,-6.538564682006836,-5.489904403686523,4.481945514678955,0.015882495790719986,-0.3640756905078888,1.1252137422561646,2025-07-01 17:29:30.913,1751371170913,-7994,-2777,1843,-377,144,30
414,2025-07-01 17:29:31.520,2025-07-01 17:29:31.258105,-4.896142482757568,-4.972756862640381,4.896142482757568,0.8600982427597046,0.08429940044879913,-0.2370157092809677,2025-07-01 17:29:31.293,1751371171293,-7582,-2916,1823,-164,-463,-22
415,2025-07-01 17:29:31.829,2025-07-01 17:29:31.557671,-5.367800235748291,1.2090718746185303,8.26478385925293,0.1771509200334549,0.0012217304902151227,0.02076941914856434,2025-07-01 17:29:31.538,1751371171538,-7900,-2211,1943,-141,73,-102
416,2025-07-01 17:29:31.921,2025-07-01 17:29:31.657627,-5.410895824432373,-0.26096799969673157,9.425971984863281,0.4948008358478546,0.836885392665863,-1.0030407905578613,2025-07-01 17:29:31.650,1751371171650,-8001,-2547,1689,50,-119,-148
417,2025-07-01 17:29:32.120,2025-07-01 17:29:31.829868,-6.708553314208984,-0.11971008777618408,6.789956092834473,-0.030543262138962746,-0.17592918872833252,0.96883225440979,2025-07-01 17:29:31.828,1751371171828,-7651,-2783,1898,87,-98,-533
418,2025-07-01 17:29:32.621,2025-07-01 17:29:32.359691,-3.890577793121338,5.626373767852783,11.08994197845459,0.11484266817569733,0.7684684991836548,-1.5137240886688232,2025-07-01 17:29:32.360,1751371172360,-7814,-2731,2148,-957,-466,58
419,2025-07-01 17:29:32.831,2025-07-01 17:29:32.560347,-7.307103633880615,-1.8483237028121948,9.452308654785156,-0.47769662737846375,0.6487388610839844,-0.2125810980796814,2025-07-01 17:29:32.536,1751371172536,-8042,-3149,2346,-1454,-1119,165
420,2025-07-01 17:29:33.321,2025-07-01 17:29:32.953068,-7.01979923248291,0.6488286852836609,5.74129581451416,-0.2480112910270691,-0.21868975460529327,0.18081611394882202,2025-07-01 17:29:32.983,1751371172983,-7676,-3335,2030,-93,1102,589
421,2025-07-01 17:29:33.620,2025-07-01 17:29:33.358944,-6.502651691436768,-0.9744400978088379,7.73087739944458,0.15027284622192383,-0.5681046843528748,-0.5632177591323853,2025-07-01 17:29:33.355,1751371173355,-8021,-2892,1847,257,995,-158
422,2025-07-01 17:29:34.033,2025-07-01 17:29:33.760706,-6.301538944244385,-0.6488286852836609,6.234501361846924,0.6059783101081848,-0.16982053220272064,1.0812314748764038,2025-07-01 17:29:33.729,1751371173729,-7598,-2975,1552,-546,126,-94
423,2025-07-01 17:29:34.220,2025-07-01 17:29:33.930310,-6.651092529296875,-4.357447147369385,4.654327869415283,-0.10873401165008545,-0.4801400899887085,0.8759807348251343,2025-07-01 17:29:33.967,1751371173967,-7602,-3156,1426,-278,112,247
424,2025-07-01 17:29:34.531,2025-07-01 17:29:34.254807,-2.7700912952423096,-3.950432777404785,7.972691535949707,-0.3701843321323395,0.18570303916931152,-0.1368338167667389,2025-07-01 17:29:34.235,1751371174235,-7957,-3092,1661,-36,186,271
425,2025-07-01 17:29:34.826,2025-07-01 17:29:34.530217,-4.228160381317139,-1.2090718746185303,8.791508674621582,0.08918632566928864,-0.07330382615327835,-0.07452555745840073,2025-07-01 17:29:34.514,1751371174514,-8040,-2732,1562,289,363,-75
426,2025-07-01 17:29:35.032,2025-07-01 17:29:34.730102,-4.20421838760376,-1.4748282432556152,8.631096839904785,0.15515977144241333,0.028099801391363144,0.01710422709584236,2025-07-01 17:29:34.717,1751371174717,-8022,-2452,1603,305,19,254
427,2025-07-01 17:29:35.325,2025-07-01 17:29:34.930540,-4.90571928024292,-1.0630255937576294,9.097966194152832,-0.1160643994808197,-0.03298672288656235,0.01710422709584236,2025-07-01 17:29:34.968,1751371174968,-7833,-2921,1892,-241,-329,31
428,2025-07-01 17:29:35.525,2025-07-01 17:29:35.265498,-4.182670593261719,-1.314416766166687,8.688557624816895,0.09162978827953339,-0.024434609338641167,0.07941248267889023,2025-07-01 17:29:35.232,1751371175232,-8035,-2550,1507,84,117,-57
429,2025-07-01 17:29:35.734,2025-07-01 17:29:35.429971,-4.333505153656006,-0.9457096457481384,8.729259490966797,-0.04153883829712868,-0.11972958594560623,-0.09285151958465576,2025-07-01 17:29:35.416,1751371175416,-7873,-2584,1525,-225,-174,-200
430,2025-07-01 17:29:35.823,2025-07-01 17:29:35.530811,-4.046200752258301,-1.414973258972168,8.628703117370605,-0.04153883829712868,-0.1319468915462494,-0.09407325088977814,2025-07-01 17:29:35.496,1751371175496,-7892,-2626,1799,-551,-519,-189
431,2025-07-01 17:29:36.024,2025-07-01 17:29:35.731055,-3.84269380569458,-1.5490485429763794,8.834604263305664,-0.08307767659425735,-0.04764748737215996,-0.006108652334660292,2025-07-01 17:29:35.706,1751371175706,-7733,-3029,1665,370,-110,544
432,2025-07-01 17:29:36.223,2025-07-01 17:29:35.930062,-3.928884983062744,-0.9672574996948242,8.736441612243652,0.05009094998240471,-0.009773843921720982,0.01466076634824276,2025-07-01 17:29:35.963,1751371175963,-7557,-2775,2126,134,144,-72
433,2025-07-01 17:29:36.325,2025-07-01 17:29:35.930062,-3.928884983062744,-0.9672574996948242,8.736441612243652,0.05009094998240471,-0.009773843921720982,0.01466076634824276,2025-07-01 17:29:35.963,1751371175963,-7557,-2775,2126,134,144,-72
434,2025-07-01 17:29:36.636,2025-07-01 17:29:36.329901,-3.557783842086792,-1.2617442607879639,8.904036521911621,-0.05742133408784866,-0.11362093687057495,-0.07941248267889023,2025-07-01 17:29:36.307,1751371176307,-7797,-2939,1683,247,275,576
435,2025-07-01 17:29:36.824,2025-07-01 17:29:36.530893,-3.488351821899414,-1.9560627937316895,8.983044624328613,-0.018325956538319588,0.03420845419168472,0.036651913076639175,2025-07-01 17:29:36.513,1751371176513,-7987,-3083,2351,-415,-246,107
436,2025-07-01 17:29:37.521,2025-07-01 17:29:37.230353,-3.5673606395721436,-1.2497732639312744,9.071630477905273,0.006108652334660292,0.0354301854968071,0.018325956538319588,2025-07-01 17:29:37.205,1751371177205,-7678,-2812,2392,121,-43,-73
437,2025-07-01 17:29:37.722,2025-07-01 17:29:37.330141,-3.6152446269989014,-1.1994950771331787,8.966285705566406,0.010995574295520782,0.018325956538319588,0.01466076634824276,2025-07-01 17:29:37.295,1751371177295,-7938,-2785,2413,-122,107,-41
438,2025-07-01 17:29:37.820,2025-07-01 17:29:37.430044,-3.598485231399536,-1.2976573705673218,9.040505409240723,-0.00855211354792118,0.02321287989616394,0.012217304669320583,2025-07-01 17:29:37.413,1751371177413,-7609,-3104,2371,123,-87,80
439,2025-07-01 17:29:38.225,2025-07-01 17:29:37.929922,-3.665522813796997,-1.2401964664459229,9.002198219299316,0.004886921960860491,0.028099801391363144,0.019547687843441963,2025-07-01 17:29:37.940,1751371177940,-7585,-2786,2177,-109,-120,-259
440,2025-07-01 17:29:38.420,2025-07-01 17:29:38.131094,-3.7397429943084717,-1.0295066833496094,8.925583839416504,-0.04398229718208313,-0.004886921960860491,-0.021991148591041565,2025-07-01 17:29:38.106,1751371178106,-8003,-2761,2393,67,-94,76
441,2025-07-01 17:29:38.523,2025-07-01 17:29:38.229874,-3.7421371936798096,-1.235408067703247,8.827422142028809,0.01466076634824276,0.028099801391363144,0.010995574295520782,2025-07-01 17:29:38.206,1751371178206,-7777,-3151,2255,259,-57,-270
442,2025-07-01 17:29:38.620,2025-07-01 17:29:38.229874,-3.7421371936798096,-1.235408067703247,8.827422142028809,0.01466076634824276,0.028099801391363144,0.010995574295520782,2025-07-01 17:29:38.206,1751371178206,-7777,-3151,2255,259,-57,-270
443,2025-07-01 17:29:39.321,2025-07-01 17:29:39.030414,-3.8139634132385254,-1.1252747774124146,8.813055992126465,0.013439035043120384,-0.009773843921720982,-0.0024434609804302454,2025-07-01 17:29:39.006,1751371179006,-7616,-2888,2680,87,6,-47
444,2025-07-01 17:29:39.520,2025-07-01 17:29:39.229500,-3.7229835987091064,-1.0055646896362305,8.899248123168945,0.036651913076639175,0.01710422709584236,-0.0024434609804302454,2025-07-01 17:29:39.208,1751371179208,-7945,-2940,2677,-577,279,427
445,2025-07-01 17:29:39.820,2025-07-01 17:29:39.530107,-3.7900211811065674,-1.359906554222107,9.042900085449219,-0.05497787147760391,-0.01710422709584236,-0.01710422709584236,2025-07-01 17:29:39.561,1751371179561,-7662,-2727,2291,-599,63,-272
446,2025-07-01 17:29:40.324,2025-07-01 17:29:39.729840,-3.825934410095215,-1.2186486721038818,8.860940933227539,-0.006108652334660292,-0.021991148591041565,-0.02932153269648552,2025-07-01 17:29:39.765,1751371179765,-7589,-2690,2636,-201,-62,-52
447,2025-07-01 17:29:40.724,2025-07-01 17:29:40.430154,-3.421314239501953,-0.933738648891449,9.117119789123535,-0.3530801236629486,-0.12950342893600464,-0.028099801391363144,2025-07-01 17:29:40.448,1751371180448,-7330,-3680,2277,27,29,-207
448,2025-07-01 17:29:40.823,2025-07-01 17:29:40.530004,-3.0765492916107178,-2.896984100341797,8.329427719116211,-0.8796459436416626,-0.2822197377681732,-0.051312681287527084,2025-07-01 17:29:40.556,1751371180556,-7119,-4125,2184,3703,1982,-1503
449,2025-07-01 17:29:40.932,2025-07-01 17:29:40.630077,-2.8155810832977295,-3.7924153804779053,8.573636054992676,-0.6120869517326355,-0.17959438264369965,-0.0708603709936142,2025-07-01 17:29:40.627,1751371180627,-7167,-3937,2041,3825,2028,-1524
450,2025-07-01 17:29:41.423,2025-07-01 17:29:41.129899,-2.9759926795959473,-1.7477672100067139,10.177751541137695,2.9040534496307373,0.9529497623443604,-0.8967501521110535,2025-07-01 17:29:41.093,1751371181093,-7342,-3653,2564,51,-604,-147
451,2025-07-01 17:29:41.524,2025-07-01 17:29:41.230247,-4.627991676330566,-0.6560112833976746,9.193734169006348,0.8943067193031311,0.7183775305747986,-0.11728613078594208,2025-07-01 17:29:41.258,1751371181258,-7465,-3865,2583,-1010,-724,-381
452,2025-07-01 17:29:41.823,2025-07-01 17:29:41.530061,-5.365406036376953,-1.8076223134994507,9.074024200439453,-0.12828169763088226,0.17348572611808777,-0.03420845419168472,2025-07-01 17:29:41.553,1751371181553,-7508,-3868,2276,-823,-16,64
453,2025-07-01 17:29:42.021,2025-07-01 17:29:41.730769,-5.746084213256836,-0.6344634294509888,7.508216381072998,0.15882496535778046,-0.5681046843528748,0.7953465580940247,2025-07-01 17:29:41.721,1751371181721,-7060,-3530,2474,-645,-762,596
454,2025-07-01 17:29:42.421,2025-07-01 17:29:41.930300,-4.711789131164551,0.6967126727104187,8.161833763122559,-0.47280970215797424,-0.04398229718208313,0.2541199326515198,2025-07-01 17:29:41.926,1751371181926,-7054,-3600,2188,-980,-52,1597
455,2025-07-01 17:29:42.520,2025-07-01 17:29:42.230538,-4.350264549255371,1.1563993692398071,8.434772491455078,-0.18936823308467865,-0.06352998316287994,-0.006108652334660292,2025-07-01 17:29:42.270,1751371182270,-7913,-2610,1772,-185,366,-91
456,2025-07-01 17:29:42.724,2025-07-01 17:29:42.429486,-5.521028995513916,2.1164743900299072,9.5408935546875,1.5112806558609009,1.2376129627227783,-0.7367035150527954,2025-07-01 17:29:42.463,1751371182463,-7832,-2566,1747,-371,-73,-196
457,2025-07-01 17:29:43.021,2025-07-01 17:29:42.730267,-6.196194171905518,5.827486991882324,7.333439826965332,0.2565633952617645,0.02321287989616394,-0.2565633952617645,2025-07-01 17:29:42.709,1751371182709,-7845,-2731,1832,85,-290,-1185
458,2025-07-01 17:29:43.422,2025-07-01 17:29:43.130172,-5.542576789855957,1.2090718746185303,6.04775333404541,-0.006108652334660292,-0.979827880859375,-2.157576084136963,2025-07-01 17:29:43.146,1751371183146,-7638,-3173,1841,1219,562,97
459,2025-07-01 17:29:44.024,2025-07-01 17:29:43.630310,-4.654327869415283,10.752359390258789,10.304644584655762,0.21624629199504852,-1.0152580738067627,0.29565876722335815,2025-07-01 17:29:43.615,1751371183615,-7626,-3084,1933,-300,-211,-66
460,2025-07-01 17:29:44.220,2025-07-01 17:29:43.930208,-4.6255974769592285,0.23702596127986908,8.482656478881836,0.2577851414680481,0.1869247704744339,0.2028072625398636,2025-07-01 17:29:43.958,1751371183958,-7613,-3076,1948,-370,-195,-45
461,2025-07-01 17:29:44.336,2025-07-01 17:29:44.030400,-4.651933670043945,0.8427590131759644,8.343792915344238,0.49846604466438293,0.15882496535778046,0.28466320037841797,2025-07-01 17:29:44.053,1751371184053,-7613,-2781,1951,-375,-169,271
462,2025-07-01 17:29:44.420,2025-07-01 17:29:44.130478,-5.044582843780518,1.6208745241165161,7.508216381072998,0.19303341209888458,0.05009094998240471,0.1820378452539444,2025-07-01 17:29:44.151,1751371184151,-7179,-2797,2009,1324,-2479,2912
463,2025-07-01 17:29:44.524,2025-07-01 17:29:44.230051,-4.93923807144165,1.5658079385757446,8.537723541259766,0.04886921867728233,-0.13805554807186127,-0.06841690838336945,2025-07-01 17:29:44.235,1751371184235,-7880,-1311,2880,928,388,-132
464,2025-07-01 17:29:44.651,2025-07-01 17:29:44.329803,-4.49870491027832,0.8020575642585754,8.875306129455566,-0.1661553531885147,-0.07819075137376785,-0.07819075137376785,2025-07-01 17:29:44.341,1751371184341,-7664,-2375,2968,-856,1250,-1277
465,2025-07-01 17:29:45.120,2025-07-01 17:29:44.830031,-8.125920295715332,-0.40462008118629456,5.073313236236572,2.713463306427002,0.8307767510414124,-2.211332082748413,2025-07-01 17:29:44.860,1751371184860,-7515,-3814,2343,854,-211,-1225
466,2025-07-01 17:29:45.224,2025-07-01 17:29:44.930242,-4.843470096588135,-3.1483752727508545,4.4723687171936035,-1.977981686592102,-0.7684684991836548,-1.1227703094482422,2025-07-01 17:29:44.953,1751371184953,-7298,-3763,2425,654,-867,-1250
467,2025-07-01 17:29:45.630,2025-07-01 17:29:45.329895,-5.736507415771484,-9.59835433959961,-0.3878606855869293,3.1642820835113525,-0.9920451641082764,0.22357667982578278,2025-07-01 17:29:45.311,1751371185311,-7262,-4135,2375,1032,-428,-119
468,2025-07-01 17:29:46.222,2025-07-01 17:29:45.929489,-4.709394931793213,1.4389152526855469,8.585607528686523,-0.06841690838336945,-0.15271630883216858,-0.06352998316287994,2025-07-01 17:29:45.964,1751371185964,-7229,-4169,2396,997,327,209
469,2025-07-01 17:29:46.420,2025-07-01 17:29:46.130725,-5.082890033721924,1.1085153818130493,8.473079681396484,0.04153883829712868,0.1368338167667389,-0.009773843921720982,2025-07-01 17:29:46.116,1751371186116,-7252,-3953,2404,1220,402,554
470,2025-07-01 17:29:46.523,2025-07-01 17:29:46.230121,-5.135562419891357,1.4748282432556152,8.427590370178223,-0.14049901068210602,0.039095375686883926,0.03787364438176155,2025-07-01 17:29:46.216,1751371186216,-7688,-3139,1892,-310,-79,489
471,2025-07-01 17:29:46.624,2025-07-01 17:29:46.329476,-5.252878665924072,0.7541735172271729,8.607154846191406,-0.2480112910270691,0.27611109614372253,0.07208210229873657,2025-07-01 17:29:46.298,1751371186298,-7838,-2779,1901,-189,339,163
472,2025-07-01 17:29:46.724,2025-07-01 17:29:46.429491,-5.590460777282715,1.3215993642807007,7.343016624450684,0.10873401165008545,0.10262536257505417,0.03176499158143997,2025-07-01 17:29:46.392,1751371186392,-7835,-2739,1866,-146,345,160
473,2025-07-01 17:29:46.921,2025-07-01 17:29:46.630909,-5.51624059677124,0.9959878921508789,7.807491779327393,0.39217549562454224,-0.04642575979232788,-0.0659734457731247,2025-07-01 17:29:46.663,1751371186663,-7656,-2975,1919,-534,-161,-586
474,2025-07-01 17:29:47.027,2025-07-01 17:29:46.729496,-6.440402507781982,-0.28969839215278625,9.897629737854004,-0.19303341209888458,0.49724429845809937,0.06963863968849182,2025-07-01 17:29:46.760,1751371186760,-7899,-3075,1483,655,-98,-2155
475,2025-07-01 17:29:47.132,2025-07-01 17:29:46.829474,-6.01423454284668,1.4460978507995605,7.433996200561523,-0.5717698931694031,0.9334021210670471,-0.06841690838336945,2025-07-01 17:29:46.855,1751371186855,-8034,-3148,1534,890,-114,-1937
476,2025-07-01 17:29:47.421,2025-07-01 17:29:47.130091,-3.071760892868042,7.417236804962158,10.972626686096191,0.9028588533401489,-0.40194934606552124,1.350012183189392,2025-07-01 17:29:47.111,1751371187111,-7942,-3037,1844,1072,322,-2313
477,2025-07-01 17:29:47.526,2025-07-01 17:29:47.230574,-4.831499099731445,2.142810583114624,8.066065788269043,0.0659734457731247,0.3982841372489929,-0.4996877610683441,2025-07-01 17:29:47.196,1751371187196,-7404,-3254,1834,935,251,-1951
478,2025-07-01 17:29:47.925,2025-07-01 17:29:47.629554,-4.881777286529541,0.730231523513794,8.142680168151855,-0.28588494658470154,-0.1869247704744339,0.2431243658065796,2025-07-01 17:29:47.656,1751371187656,-7494,-4014,2341,-1577,-4347,1438
479,2025-07-01 17:29:48.021,2025-07-01 17:29:47.729691,-5.322310447692871,1.9081788063049316,8.437167167663574,0.17348572611808777,-0.0708603709936142,0.2724458873271942,2025-07-01 17:29:47.738,1751371187738,-6929,-4076,2596,-1545,-4048,1894
480,2025-07-01 17:29:48.320,2025-07-01 17:29:48.030825,-4.553771495819092,1.2234370708465576,8.571242332458496,0.5363397002220154,-0.08185594528913498,0.2480112910270691,2025-07-01 17:29:48.020,1751371188020,-6560,-4363,2519,-1235,-3714,1865
481,2025-07-01 17:29:48.521,2025-07-01 17:29:48.231281,-4.836287498474121,3.7684733867645264,8.307879447937012,0.06230825558304787,0.07819075137376785,-0.006108652334660292,2025-07-01 17:29:48.203,1751371188203,-7931,-2882,1423,54,917,539
482,2025-07-01 17:29:48.720,2025-07-01 17:29:48.431293,-4.1874589920043945,1.194706678390503,8.233659744262695,-0.8344419002532959,-0.08429940044879913,0.10506882518529892,2025-07-01 17:29:48.456,1751371188456,-7949,-2535,1545,-271,-601,-1650
483,2025-07-01 17:29:48.824,2025-07-01 17:29:48.535093,-4.343081951141357,1.6831238269805908,8.954314231872559,-0.8344419002532959,-0.08429940044879913,0.10506882518529892,2025-07-01 17:29:48.557,1751371188557,-7865,-2942,1339,76,-291,-1403
484,2025-07-01 17:29:49.020,2025-07-01 17:29:48.729434,-4.307168960571289,0.8690952062606812,7.82185697555542,-0.846659243106842,-0.1661553531885147,0.1270599663257599,2025-07-01 17:29:48.746,1751371188746,-7503,-3845,1482,2241,828,-1697
485,2025-07-01 17:29:49.121,2025-07-01 17:29:48.831733,-4.812345504760742,2.360682964324951,8.810662269592285,1.7446311712265015,0.20036379992961884,-0.4691445231437683,2025-07-01 17:29:48.828,1751371188828,-7299,-3558,1535,2414,741,-1844
486,2025-07-01 17:29:49.621,2025-07-01 17:29:49.332248,-4.630385875701904,0.33758243918418884,8.504204750061035,0.006108652334660292,-0.036651913076639175,-0.015882495790719986,2025-07-01 17:29:49.307,1751371189307,-7076,-4166,2145,-738,-1047,363
487,2025-07-01 17:29:49.720,2025-07-01 17:29:49.431219,-4.709394931793213,0.6847416758537292,8.633491516113281,0.019547687843441963,0.028099801391363144,0.01710422709584236,2025-07-01 17:29:49.451,1751371189451,-7140,-4147,2140,-508,-793,-280
488,2025-07-01 17:29:49.920,2025-07-01 17:29:49.631108,-4.927267074584961,0.5051765441894531,9.066842079162598,-0.40072759985923767,-0.07696902006864548,0.07696902006864548,2025-07-01 17:29:49.653,1751371189653,-7131,-3809,2082,-317,113,427
489,2025-07-01 17:29:50.120,2025-07-01 17:29:49.831377,-5.839457988739014,-0.44532153010368347,6.847416877746582,1.1301007270812988,1.398881435394287,-0.43249258399009705,2025-07-01 17:29:49.807,1751371189807,-7064,-4098,2109,-375,-97,455
490,2025-07-01 17:29:50.333,2025-07-01 17:29:50.031616,-6.370970726013184,-0.035913024097681046,6.864176273345947,1.1349875926971436,0.6426302194595337,-0.20525072515010834,2025-07-01 17:29:50.004,1751371190004,-7539,-3876,1604,166,184,-565
491,2025-07-01 17:29:50.530,2025-07-01 17:29:50.232614,-6.806715488433838,1.647210717201233,7.544129371643066,-0.6120869517326355,-0.12217304855585098,-0.14416420459747314,2025-07-01 17:29:50.198,1751371190198,-7373,-3953,1576,250,284,-447
492,2025-07-01 17:29:50.633,2025-07-01 17:29:50.336878,-6.806715488433838,1.647210717201233,7.544129371643066,-0.6120869517326355,-0.12217304855585098,-0.14416420459747314,2025-07-01 17:29:50.376,1751371190376,-7106,-4151,1792,140,551,-187
493,2025-07-01 17:29:50.929,2025-07-01 17:29:50.630079,-6.7061591148376465,3.9671921730041504,6.119579315185547,-0.16493362188339233,-0.1918116807937622,-0.21868975460529327,2025-07-01 17:29:50.619,1751371190619,-7136,-4167,1829,368,384,-529
494,2025-07-01 17:29:51.026,2025-07-01 17:29:50.732258,-6.739677906036377,2.4684219360351562,6.141127586364746,0.021991148591041565,0.2932153046131134,0.18325957655906677,2025-07-01 17:29:50.730,1751371190730,-7119,-4198,1445,284,282,67
495,2025-07-01 17:29:52.224,2025-07-01 17:29:51.430061,-6.210559368133545,-0.31603461503982544,6.660669326782227,0.24068090319633484,-0.17348572611808777,0.28588494658470154,2025-07-01 17:29:51.416,1751371191416,-7507,-3782,1273,-238,-40,279
496,2025-07-01 17:29:52.322,2025-07-01 17:29:51.430061,-6.210559368133545,-0.31603461503982544,6.660669326782227,0.24068090319633484,-0.17348572611808777,0.28588494658470154,2025-07-01 17:29:51.466,1751371191466,-7597,-3190,1581,-527,-37,1122
497,2025-07-01 17:29:52.524,2025-07-01 17:29:51.729987,-6.100425720214844,-0.4908113479614258,7.5201873779296875,-0.34697145223617554,0.13805554807186127,-0.09407325088977814,2025-07-01 17:29:51.751,1751371191751,-8054,-3092,1354,-398,-22,413
498,2025-07-01 17:29:52.920,2025-07-01 17:29:52.634716,-6.562506675720215,-4.965574264526367,6.856993675231934,-1.1545352935791016,-0.7745771408081055,0.2822197377681732,2025-07-01 17:29:52.620,1751371192620,-7542,-4449,1231,-169,-318,380
499,2025-07-01 17:29:53.422,2025-07-01 17:29:53.030038,-6.809109687805176,-4.503493309020996,7.620744228363037,1.036027431488037,-0.16249015927314758,0.08674286305904388,2025-07-01 17:29:53.040,1751371193040,-7227,-3855,1698,-492,464,904
500,2025-07-01 17:29:53.622,2025-07-01 17:29:53.329486,-5.403713226318359,-1.5945383310317993,7.987056732177734,0.05497787147760391,0.22357667982578278,-0.05619960278272629,2025-07-01 17:29:53.361,1751371193361,-7751,-3630,226,-932,1392,1048
501,2025-07-01 17:29:53.720,2025-07-01 17:29:53.429874,-7.915230751037598,-2.674323320388794,8.999804496765137,-0.059864792972803116,-0.09407325088977814,0.0757472887635231,2025-07-01 17:29:53.427,1751371193427,-8237,-3606,361,-818,1184,490
502,2025-07-01 17:29:54.120,2025-07-01 17:29:53.830209,-7.8314337730407715,3.514688014984131,5.408501625061035,0.6743952035903931,0.4508185386657715,0.38728857040405273,2025-07-01 17:29:53.861,1751371193861,-7373,-3298,1871,-580,-1214,1255
503,2025-07-01 17:29:54.323,2025-07-01 17:29:54.030078,-5.853823184967041,-6.550535678863525,9.684545516967773,0.2993239760398865,-0.03420845419168472,0.394618958234787,2025-07-01 17:29:54.057,1751371194057,-7804,-3262,1815,531,262,-158
504,2025-07-01 17:29:54.420,2025-07-01 17:29:54.030078,-5.853823184967041,-6.550535678863525,9.684545516967773,0.2993239760398865,-0.03420845419168472,0.394618958234787,2025-07-01 17:29:54.057,1751371194057,-7804,-3262,1815,531,262,-158
505,2025-07-01 17:29:54.720,2025-07-01 17:29:54.430335,-7.331045627593994,0.40701428055763245,5.324704647064209,0.21991148591041565,-0.5351179838180542,0.34574973583221436,2025-07-01 17:29:54.414,1751371194414,-8056,-3197,1527,-40,-25,106
506,2025-07-01 17:29:54.836,2025-07-01 17:29:54.533631,-4.750096321105957,-1.6543933153152466,7.1490864753723145,-1.4269812107086182,-1.027475357055664,0.8454375267028809,2025-07-01 17:29:54.517,1751371194517,-7939,-2979,1262,-119,-99,-49
507,2025-07-01 17:29:55.021,2025-07-01 17:29:54.729771,-5.635950565338135,1.6496049165725708,8.291120529174805,-0.019547687843441963,0.0757472887635231,-0.15760323405265808,2025-07-01 17:29:54.769,1751371194769,-7738,-3067,1707,-255,-726,-188
508,2025-07-01 17:29:55.420,2025-07-01 17:29:55.130045,-6.114790916442871,-0.5961562395095825,7.783549785614014,0.05742133408784866,-1.7067575454711914,-1.4343116283416748,2025-07-01 17:29:55.131,1751371195131,-7154,-3864,2068,-456,11,318
509,2025-07-01 17:29:55.620,2025-07-01 17:29:55.330470,-6.821080684661865,1.6543933153152466,5.9974751472473145,0.21624629199504852,0.09773843735456467,0.2223549485206604,2025-07-01 17:29:55.317,1751371195317,-7097,-4172,2089,-3249,-2946,589
510,2025-07-01 17:29:55.730,2025-07-01 17:29:55.330470,-6.821080684661865,1.6543933153152466,5.9974751472473145,0.21624629199504852,0.09773843735456467,0.2223549485206604,2025-07-01 17:29:55.317,1751371195317,-7097,-4172,2089,-3249,-2946,589
511,2025-07-01 17:29:56.329,2025-07-01 17:29:56.030403,-6.538564682006836,0.20350714027881622,7.343016624450684,-0.045204028487205505,0.06230825558304787,-0.0708603709936142,2025-07-01 17:29:56.016,1751371196016,-7817,-3037,1665,-1097,-79,1291
512,2025-07-01 17:29:56.625,2025-07-01 17:29:56.330525,-6.44279670715332,0.5027823448181152,7.350199222564697,0.2431243658065796,-0.03176499158143997,0.2541199326515198,2025-07-01 17:29:56.298,1751371196298,-7507,-3017,1307,-614,10,80
513,2025-07-01 17:29:56.830,2025-07-01 17:29:56.530343,-6.162675380706787,0.8858546018600464,7.752425193786621,-0.1319468915462494,-0.08674286305904388,0.05253441259264946,2025-07-01 17:29:56.564,1751371196564,-8241,-3398,1555,-1593,-605,771
514,2025-07-01 17:29:56.941,2025-07-01 17:29:56.630208,-5.480327606201172,0.1364694982767105,8.83699893951416,0.07208210229873657,0.23579397797584534,-0.0806342139840126,2025-07-01 17:29:56.667,1751371196667,-7213,-3659,1846,-77,-1055,-1146
515,2025-07-01 17:29:57.025,2025-07-01 17:29:56.630208,-5.480327606201172,0.1364694982767105,8.83699893951416,0.07208210229873657,0.23579397797584534,-0.0806342139840126,2025-07-01 17:29:56.667,1751371196667,-7213,-3659,1846,-77,-1055,-1146
516,2025-07-01 17:29:57.221,2025-07-01 17:29:56.930425,-4.843470096588135,-6.890512466430664,3.0573954582214355,-5.424483299255371,-0.46181413531303406,-1.881464958190918,2025-07-01 17:29:56.928,1751371196928,-8424,-2839,1495,461,-1073,-2552
517,2025-07-01 17:29:57.622,2025-07-01 17:29:57.332353,-5.1595048904418945,-7.797914981842041,-2.276885747909546,-1.3341296911239624,-0.38117989897727966,0.251676470041275,2025-07-01 17:29:57.293,1751371197293,-7347,-3391,2365,260,-889,-2161
518,2025-07-01 17:29:57.727,2025-07-01 17:29:57.430554,-5.549759387969971,-4.4939165115356445,3.337517261505127,2.305405378341675,0.33597588539123535,-0.5070181488990784,2025-07-01 17:29:57.404,1751371197404,-7207,-4031,2483,-194,-865,158
519,2025-07-01 17:29:57.923,2025-07-01 17:29:57.630864,-3.600879430770874,-9.981427192687988,-1.479616641998291,-0.07941248267889023,-0.3286454975605011,0.4080579876899719,2025-07-01 17:29:57.653,1751371197653,-7843,-3010,2391,-215,297,1079
520,2025-07-01 17:29:58.022,2025-07-01 17:29:57.730297,-3.993528366088867,-9.612719535827637,-1.45806884765625,2.0806069374084473,-0.42271876335144043,-0.045204028487205505,2025-07-01 17:29:57.730,1751371197730,-7604,-3371,2021,-546,474,1467
521,2025-07-01 17:29:58.121,2025-07-01 17:29:57.730297,-3.993528366088867,-9.612719535827637,-1.45806884765625,2.0806069374084473,-0.42271876335144043,-0.045204028487205505,2025-07-01 17:29:57.730,1751371197730,-7604,-3371,2021,-546,474,1467
522,2025-07-01 17:29:58.520,2025-07-01 17:29:58.230104,-3.9049429893493652,-6.421248912811279,7.5417351722717285,-0.49846604466438293,-0.015882495790719986,0.10506882518529892,2025-07-01 17:29:58.220,1751371198220,-8081,-2309,1901,-474,362,525
523,2025-07-01 17:29:59.022,2025-07-01 17:29:58.730401,-5.1810526847839355,-4.484339714050293,7.556100368499756,-1.6200146675109863,0.00733038317412138,-0.8772025108337402,2025-07-01 17:29:58.757,1751371198757,-7699,-3514,1379,-667,13,-684
524,2025-07-01 17:29:59.120,2025-07-01 17:29:58.730401,-5.1810526847839355,-4.484339714050293,7.556100368499756,-1.6200146675109863,0.00733038317412138,-0.8772025108337402,2025-07-01 17:29:58.757,1751371198757,-7699,-3514,1379,-667,13,-684
525,2025-07-01 17:29:59.223,2025-07-01 17:29:58.730401,-5.1810526847839355,-4.484339714050293,7.556100368499756,-1.6200146675109863,0.00733038317412138,-0.8772025108337402,2025-07-01 17:29:58.757,1751371198757,-7699,-3514,1379,-667,13,-684
526,2025-07-01 17:29:59.720,2025-07-01 17:29:59.230470,-3.9384617805480957,-3.7253777980804443,9.069235801696777,0.3335324227809906,0.20402899384498596,-0.04764748737215996,2025-07-01 17:29:59.271,1751371199271,-7434,-4128,1543,-165,-372,-105
527,2025-07-01 17:30:00.524,2025-07-01 17:29:59.830134,-6.658275127410889,1.9632453918457031,6.186617374420166,0.1270599663257599,-0.2480112910270691,-0.1612684279680252,2025-07-01 17:29:59.817,1751371199817,-7793,-3597,1193,68,425,692
528,2025-07-01 17:30:00.831,2025-07-01 17:30:00.530335,-4.620809078216553,0.42377370595932007,8.31985092163086,-0.021991148591041565,0.015882495790719986,0.19425514340400696,2025-07-01 17:30:00.535,1751371200535,-7621,-2966,1254,-78,-348,-271
529,2025-07-01 17:30:01.024,2025-07-01 17:30:00.730100,-4.8267107009887695,0.026336219161748886,8.528146743774414,-0.05864306539297104,-0.09773843735456467,-0.045204028487205505,2025-07-01 17:30:00.698,1751371200698,-7767,-3453,1252,368,-184,-1610
530,2025-07-01 17:30:01.323,2025-07-01 17:30:01.030350,-4.946420669555664,1.3431471586227417,8.269572257995605,0.1319468915462494,0.010995574295520782,0.03176499158143997,2025-07-01 17:30:01.063,1751371201063,-6884,-4294,2363,116,309,462
531,2025-07-01 17:30:02.322,2025-07-01 17:30:02.030199,-5.492298603057861,2.6168625354766846,8.966285705566406,-1.2657127380371094,-1.3829989433288574,0.37751471996307373,2025-07-01 17:30:01.993,1751371201993,-7713,-3420,1516,-466,477,705
532,2025-07-01 17:30:02.421,2025-07-01 17:30:02.030199,-5.492298603057861,2.6168625354766846,8.966285705566406,-1.2657127380371094,-1.3829989433288574,0.37751471996307373,2025-07-01 17:30:01.993,1751371201993,-7713,-3420,1516,-466,477,705
533,2025-07-01 17:30:02.621,2025-07-01 17:30:02.330245,-5.027823448181152,1.6831238269805908,8.312667846679688,0.2687807083129883,0.09162978827953339,0.12217304855585098,2025-07-01 17:30:02.324,1751371202324,-7937,-2982,1223,50,988,203
534,2025-07-01 17:30:02.821,2025-07-01 17:30:02.530172,-4.726154327392578,1.7597382068634033,8.446743965148926,0.06841690838336945,-0.015882495790719986,-0.021991148591041565,2025-07-01 17:30:02.520,1751371202520,-7993,-2984,995,121,-154,-380
535,2025-07-01 17:30:03.324,2025-07-01 17:30:03.030703,-4.812345504760742,1.290474772453308,8.11634349822998,-0.12461651116609573,-0.06475171446800232,-0.12950342893600464,2025-07-01 17:30:03.058,1751371203058,-7673,-3167,1531,430,113,-837
536,2025-07-01 17:30:03.520,2025-07-01 17:30:03.232492,-4.8051629066467285,2.4803929328918457,8.508993148803711,0.1466076523065567,-0.04398229718208313,-0.0659734457731247,2025-07-01 17:30:03.228,1751371203228,-7943,-3105,1825,654,22,-1051
537,2025-07-01 17:30:03.621,2025-07-01 17:30:03.336036,-4.467580318450928,1.1013327836990356,8.35097599029541,-0.05742133408784866,-0.06963863968849182,0.009773843921720982,2025-07-01 17:30:03.309,1751371203309,-7626,-3436,1709,1139,207,-675
538,2025-07-01 17:30:03.720,2025-07-01 17:30:03.430674,-4.702212333679199,1.9033904075622559,8.429984092712402,0.13072516024112701,0.0012217304902151227,0.0708603709936142,2025-07-01 17:30:03.437,1751371203437,-7714,-2950,1723,284,-850,-456
539,2025-07-01 17:30:03.820,2025-07-01 17:30:03.529392,-4.819528102874756,2.190694570541382,8.463502883911133,0.07941248267889023,0.00855211354792118,-0.02687807008624077,2025-07-01 17:30:03.496,1751371203496,-7688,-3602,1789,-285,-827,-605
540,2025-07-01 17:30:03.920,2025-07-01 17:30:03.529392,-4.819528102874756,2.190694570541382,8.463502883911133,0.07941248267889023,0.00855211354792118,-0.02687807008624077,2025-07-01 17:30:03.496,1751371203496,-7688,-3602,1789,-285,-827,-605
541,2025-07-01 17:30:04.226,2025-07-01 17:30:03.930534,-4.977545261383057,3.5003228187561035,8.980650901794434,0.19058994948863983,0.5277875661849976,-0.16004669666290283,2025-07-01 17:30:03.950,1751371203950,-7395,-3600,2162,-37,30,-52
542,2025-07-01 17:30:04.320,2025-07-01 17:30:04.030411,-5.137956619262695,1.8052281141281128,9.263166427612305,0.23579397797584534,1.3854423761367798,-0.1869247704744339,2025-07-01 17:30:04.049,1751371204049,-7982,-3627,2045,-75,403,-842
543,2025-07-01 17:30:04.521,2025-07-01 17:30:04.230170,-5.834669589996338,0.15562310814857483,7.469909191131592,0.759916365146637,-0.7195992469787598,-0.5412266254425049,2025-07-01 17:30:04.234,1751371204234,-7546,-3037,1676,232,393,678
544,2025-07-01 17:30:04.720,2025-07-01 17:30:04.430316,-7.010222434997559,2.2625205516815186,6.375759124755859,-0.3029891550540924,-0.03787364438176155,0.485027015209198,2025-07-01 17:30:04.397,1751371204397,-8225,-2983,1533,480,755,-201
545,2025-07-01 17:30:05.021,2025-07-01 17:30:04.730171,-5.2265424728393555,2.894589900970459,7.898471355438232,-0.3237585723400116,0.18570303916931152,-0.17837265133857727,2025-07-01 17:30:04.754,1751371204754,-7853,-2752,1450,782,2,95
546,2025-07-01 17:30:05.220,2025-07-01 17:30:04.930380,-7.888894557952881,4.972756862640381,1.6615760326385498,-0.2773328125476837,1.813048005104065,0.3689626157283783,2025-07-01 17:30:04.936,1751371204936,-7400,-3857,1992,-2956,-1754,-4
547,2025-07-01 17:30:05.529,2025-07-01 17:30:05.230235,-6.952761650085449,2.075772762298584,6.117185115814209,-0.46792277693748474,0.3286454975605011,0.2321287989616394,2025-07-01 17:30:05.220,1751371205220,-7048,-3933,2054,-2552,-1899,1031
548,2025-07-01 17:30:05.635,2025-07-01 17:30:05.330874,-7.790732383728027,2.937685489654541,5.743690013885498,-0.2565633952617645,-0.4105014503002167,0.10018189996480942,2025-07-01 17:30:05.297,1751371205297,-8282,-2780,1871,-52,454,-244
549,2025-07-01 17:30:06.029,2025-07-01 17:30:05.730364,-5.537788391113281,3.2393548488616943,7.3669586181640625,0.11728613078594208,0.024434609338641167,0.028099801391363144,2025-07-01 17:30:05.704,1751371205704,-7093,-3689,1677,1009,548,-886
550,2025-07-01 17:30:06.236,2025-07-01 17:30:05.930599,-6.325480937957764,5.20978307723999,5.758055210113525,0.10751228034496307,0.09407325088977814,0.07941248267889023,2025-07-01 17:30:05.916,1751371205916,-7524,-3942,1897,-1028,-409,197
551,2025-07-01 17:30:06.331,2025-07-01 17:30:06.029532,-5.389348030090332,3.9264907836914062,7.4316020011901855,-0.2541199326515198,-0.18570303916931152,-0.10506882518529892,2025-07-01 17:30:06.010,1751371206010,-7464,-3919,1887,-426,-358,-9
552,2025-07-01 17:30:06.624,2025-07-01 17:30:06.330132,-5.494692802429199,3.6750996112823486,7.070077419281006,-0.06963863968849182,-0.05619960278272629,0.00855211354792118,2025-07-01 17:30:06.300,1751371206300,-7767,-3306,1408,-1426,-198,182
553,2025-07-01 17:30:06.924,2025-07-01 17:30:06.629707,-5.34625244140625,3.8977603912353516,7.151480674743652,-0.0354301854968071,-0.04398229718208313,-0.025656340643763542,2025-07-01 17:30:06.648,1751371206648,-7975,-3021,1645,567,-373,12
554,2025-07-01 17:30:07.035,2025-07-01 17:30:06.730372,-5.676652431488037,3.378218650817871,7.3669586181640625,-0.04642575979232788,-0.015882495790719986,-0.01710422709584236,2025-07-01 17:30:06.728,1751371206728,-7953,-2986,1660,534,-200,84