id,ActualTime,WatchTimeStamp,Ax watch,Ay watch,Az watch,Gx watch,Gy watch,Gz watch,Esense TimeStamp,Time in Epochs (ignore),Ax esense,Ay esense,Az esense,Gx esense,Gy esense,Gz esense
1,2025-07-01 17:35:19.859,2025-07-01 17:35:19.529962,-1.6496049165725708,-4.778826713562012,5.51624059677124,1.1594222784042358,0.9724974632263184,0.8906415104866028,2025-07-01 17:35:19.511,1751371519511,-8085,-1857,692,286,-217,-878
2,2025-07-01 17:35:19.960,2025-07-01 17:35:19.629353,-0.8451532125473022,-6.4595561027526855,5.762843608856201,0.37751471996307373,0.3335324227809906,0.06108652427792549,2025-07-01 17:35:19.659,1751371519659,-8168,-1501,796,333,-165,-753
3,2025-07-01 17:35:20.166,2025-07-01 17:35:19.829314,-4.376600742340088,-5.317522048950195,8.018181800842285,1.0421360731124878,1.55892813205719,0.8588765263557434,2025-07-01 17:35:19.841,1751371519841,-8051,-2709,1518,-285,101,-805
4,2025-07-01 17:35:20.260,2025-07-01 17:35:19.929349,-5.638344764709473,-4.771644115447998,6.691793918609619,1.3976596593856812,1.205847978591919,0.5461135506629944,2025-07-01 17:35:19.935,1751371519935,-7839,-2828,1831,-107,-35,3
5,2025-07-01 17:35:20.359,2025-07-01 17:35:20.031662,-6.066906929016113,-4.5609540939331055,6.301538944244385,1.3573426008224487,0.598647952079773,0.3628539443016052,2025-07-01 17:35:20.043,1751371520043,-7939,-2887,1847,-83,223,-187
6,2025-07-01 17:35:20.459,2025-07-01 17:35:20.132619,-7.316680431365967,-2.8131868839263916,7.690176010131836,0.8246681094169617,0.294437050819397,-0.021991148591041565,2025-07-01 17:35:20.118,1751371520118,-7997,-2718,1530,270,175,-429
7,2025-07-01 17:35:20.672,2025-07-01 17:35:20.336631,-5.039794445037842,-1.8602946996688843,5.085284233093262,1.547932505607605,-1.009149432182312,-0.9040805697441101,2025-07-01 17:35:20.320,1751371520320,-7745,-3396,1440,622,574,-1056
8,2025-07-01 17:35:20.790,2025-07-01 17:35:20.430376,-2.011129379272461,-2.7533318996429443,6.481103897094727,0.34574973583221436,-1.5564846992492676,-0.7574729323387146,2025-07-01 17:35:20.409,1751371520409,-7577,-3423,1647,777,534,-1083
9,2025-07-01 17:35:20.974,2025-07-01 17:35:20.637686,-2.5330653190612793,-0.9409212470054626,8.291120529174805,-0.5485569834709167,-0.7330383062362671,0.02687807008624077,2025-07-01 17:35:20.653,1751371520653,-7315,-3769,1616,62,242,-1325
10,2025-07-01 17:35:21.063,2025-07-01 17:35:20.730602,-2.008735179901123,0.7781155705451965,9.890447616577148,0.5180137157440186,-0.1514945775270462,-0.02932153269648552,2025-07-01 17:35:20.749,1751371520749,-7411,-3752,1391,305,466,-888
11,2025-07-01 17:35:21.198,2025-07-01 17:35:20.830084,-2.2912509441375732,0.19393034279346466,9.787496566772461,-0.6695083379745483,-0.10995574295520782,0.14294247329235077,2025-07-01 17:35:20.839,1751371520839,-7531,-3803,1354,144,169,-546
12,2025-07-01 17:35:21.364,2025-07-01 17:35:21.029451,-1.5298948287963867,-2.3726539611816406,10.527304649353027,-0.5253441333770752,-0.3188716471195221,0.04642575979232788,2025-07-01 17:35:21.010,1751371521010,-7303,-3805,1011,51,202,-375
13,2025-07-01 17:35:21.462,2025-07-01 17:35:21.138784,-0.9193734526634216,-2.760514497756958,10.919954299926758,-0.0708603709936142,0.3640756905078888,0.5742133259773254,2025-07-01 17:35:21.120,1751371521120,-7467,-3822,969,78,366,-159
14,2025-07-01 17:35:21.564,2025-07-01 17:35:21.231262,-2.8155810832977295,-1.5729905366897583,11.106701850891113,0.3494149148464203,1.1081095933914185,0.9896016716957092,2025-07-01 17:35:21.203,1751371521203,-7115,-4092,1325,12,-55,-514
15,2025-07-01 17:35:21.763,2025-07-01 17:35:21.431711,-5.47075080871582,1.1085153818130493,6.050147533416748,-0.9578366875648499,0.5925393104553223,0.7159340381622314,2025-07-01 17:35:21.391,1751371521391,-7103,-4248,987,-342,191,-596
16,2025-07-01 17:35:22.062,2025-07-01 17:35:21.637225,-4.441244125366211,-1.745373010635376,8.04930591583252,-0.9517280459403992,0.05619960278272629,1.076344609260559,2025-07-01 17:35:21.636,1751371521636,-7166,-3984,1029,-162,244,707
17,2025-07-01 17:35:22.159,2025-07-01 17:35:21.846108,-5.298368453979492,-0.7781155705451965,9.160215377807617,-0.6120869517326355,-0.7379252314567566,0.7281513810157776,2025-07-01 17:35:21.844,1751371521844,-7524,-4064,783,-769,-378,280
18,2025-07-01 17:35:22.260,2025-07-01 17:35:21.929247,-4.261679172515869,-2.6408045291900635,7.110779285430908,-0.5852088928222656,-0.1270599663257599,0.16737708449363708,2025-07-01 17:35:21.917,1751371521917,-7312,-4104,464,-206,-259,512
19,2025-07-01 17:35:22.367,2025-07-01 17:35:22.039215,-3.3470940589904785,-1.6615760326385498,9.59835433959961,0.08552113175392151,-0.5583308339118958,0.37629300355911255,2025-07-01 17:35:22.003,1751371522003,-7745,-3723,459,-69,108,457
20,2025-07-01 17:35:22.461,2025-07-01 17:35:22.146224,-4.003105163574219,-0.09576806426048279,9.555258750915527,-0.1417207419872284,-0.3127630054950714,0.1918116807937622,2025-07-01 17:35:22.111,1751371522111,-7393,-3581,490,-273,-470,548
21,2025-07-01 17:35:22.569,2025-07-01 17:35:22.234178,-4.1395745277404785,-1.2330138683319092,9.59596061706543,-0.012217304669320583,-0.09407325088977814,0.1661553531885147,2025-07-01 17:35:22.200,1751371522200,-7391,-3861,893,-258,-940,427
22,2025-07-01 17:35:22.660,2025-07-01 17:35:22.341074,-3.581725835800171,0.026336219161748886,9.318233489990234,0.18325957655906677,-0.05742133408784866,0.13316862285137177,2025-07-01 17:35:22.371,1751371522371,-7785,-3454,1124,53,48,651
23,2025-07-01 17:35:22.871,2025-07-01 17:35:22.540442,-2.8227639198303223,-0.30885201692581177,9.107542991638184,-0.0012217304902151227,-0.27977627515792847,-0.01466076634824276,2025-07-01 17:35:22.553,1751371522553,-7654,-2972,961,207,-19,618
24,2025-07-01 17:35:22.961,2025-07-01 17:35:22.637325,-2.557007312774658,-0.6584054827690125,9.679757118225098,-0.030543262138962746,-0.22357667982578278,-0.08185594528913498,2025-07-01 17:35:22.630,1751371522630,-7640,-3148,902,303,297,195
25,2025-07-01 17:35:23.059,2025-07-01 17:35:22.735794,-4.469974517822266,-3.469198226928711,8.829815864562988,-0.6805039048194885,-0.17592918872833252,0.26022860407829285,2025-07-01 17:35:22.732,1751371522732,-8045,-3118,1114,-121,299,-16
26,2025-07-01 17:35:23.159,2025-07-01 17:35:22.735794,-4.469974517822266,-3.469198226928711,8.829815864562988,-0.6805039048194885,-0.17592918872833252,0.26022860407829285,2025-07-01 17:35:22.732,1751371522732,-8045,-3118,1114,-121,299,-16
27,2025-07-01 17:35:23.265,2025-07-01 17:35:22.934918,-2.4205379486083984,-2.056619167327881,10.857705116271973,-0.06841690838336945,-0.04398229718208313,-0.10018189996480942,2025-07-01 17:35:22.913,1751371522913,-8051,-2957,1098,-150,14,10
28,2025-07-01 17:35:23.360,2025-07-01 17:35:23.031490,-2.3127987384796143,-1.6112977266311646,8.042123794555664,-2.5228734016418457,0.16982053220272064,0.030543262138962746,2025-07-01 17:35:22.998,1751371522998,-7650,-2733,1095,332,-69,322
29,2025-07-01 17:35:23.664,2025-07-01 17:35:23.338948,-1.4987702369689941,-7.94635534286499,4.55616569519043,-0.5314527750015259,0.16737708449363708,0.12339477986097336,2025-07-01 17:35:23.357,1751371523357,-7844,-2533,894,-467,609,869
30,2025-07-01 17:35:23.959,2025-07-01 17:35:23.631558,-0.07900865375995636,3.205836057662964,12.449849128723145,1.2486085891723633,-0.2028072625398636,0.013439035043120384,2025-07-01 17:35:23.646,1751371523646,-8255,-2225,213,-342,197,379
31,2025-07-01 17:35:24.059,2025-07-01 17:35:23.737252,-0.2106897532939911,-0.8858546018600464,9.521739959716797,-1.1044443845748901,0.015882495790719986,0.2638937830924988,2025-07-01 17:35:23.731,1751371523731,-8245,-2194,234,-113,122,89
32,2025-07-01 17:35:24.160,2025-07-01 17:35:23.840478,-1.742978811264038,-0.8643068075180054,8.439560890197754,-0.6023131608963013,0.15882496535778046,0.7049384713172913,2025-07-01 17:35:23.827,1751371523827,-8216,-2362,235,-40,77,81
33,2025-07-01 17:35:24.259,2025-07-01 17:35:23.936308,-0.7589619159698486,0.19153612852096558,10.307038307189941,-2.263866662979126,-0.05619960278272629,0.4398229718208313,2025-07-01 17:35:23.911,1751371523911,-7926,-2393,246,322,-108,-288
34,2025-07-01 17:35:24.362,2025-07-01 17:35:24.029978,-1.9800047874450684,-3.7445313930511475,7.465120792388916,-0.50335294008255,0.7257078886032104,-0.05253441259264946,2025-07-01 17:35:24.014,1751371524014,-8229,-2380,253,182,-94,-342
35,2025-07-01 17:35:24.459,2025-07-01 17:35:24.148125,-2.279279947280884,-1.4484920501708984,9.576807022094727,4.577824115753174,-0.6133087277412415,-0.8038986921310425,2025-07-01 17:35:24.159,1751371524159,-8195,-2220,243,82,58,-174
36,2025-07-01 17:35:24.559,2025-07-01 17:35:24.239881,-0.17238251864910126,-0.6488286852836609,10.230423927307129,-2.456900119781494,-0.5668829679489136,0.6401867866516113,2025-07-01 17:35:24.257,1751371524257,-8221,-2583,541,-349,74,-521
37,2025-07-01 17:35:24.660,2025-07-01 17:35:24.341549,-1.403002142906189,0.7613561153411865,8.96149730682373,-0.38728857040405273,0.19914206862449646,0.16493362188339233,2025-07-01 17:35:24.339,1751371524339,-7872,-2601,580,69,-365,-381
38,2025-07-01 17:35:24.788,2025-07-01 17:35:24.441952,-0.6607996821403503,-0.667982280254364,10.14902114868164,0.13561208546161652,0.15027284622192383,0.019547687843441963,2025-07-01 17:35:24.428,1751371524428,-7885,-2652,601,98,50,-201
39,2025-07-01 17:35:24.859,2025-07-01 17:35:24.539271,-0.8834604024887085,0.06464344263076782,9.07641887664795,-0.1918116807937622,-0.05619960278272629,0.1820378452539444,2025-07-01 17:35:24.524,1751371524524,-7922,-2670,406,-76,-351,-548
40,2025-07-01 17:35:24.959,2025-07-01 17:35:24.636377,-1.5107412338256836,-0.19871874153614044,9.627084732055664,0.34697145223617554,0.27000242471694946,0.12095131725072861,2025-07-01 17:35:24.627,1751371524627,-8057,-2444,426,-83,-360,-230
41,2025-07-01 17:35:25.059,2025-07-01 17:35:24.736640,-1.6089035272598267,-0.395043283700943,9.763554573059082,0.3225368559360504,0.17104226350784302,0.03420845419168472,2025-07-01 17:35:24.707,1751371524707,-7873,-2487,478,-66,-304,-201
42,2025-07-01 17:35:25.280,2025-07-01 17:35:24.946522,-1.9823989868164062,0.272938996553421,9.181763648986816,0.14905111491680145,-0.11850785464048386,-0.22113321721553802,2025-07-01 17:35:24.976,1751371524976,-8056,-2937,771,127,48,-139
43,2025-07-01 17:35:25.361,2025-07-01 17:35:25.039934,-1.7094600200653076,1.6879122257232666,8.621520042419434,-1.4245377779006958,0.06963863968849182,-0.1514945775270462,2025-07-01 17:35:25.067,1751371525067,-8046,-2944,506,-258,39,-329
44,2025-07-01 17:35:25.665,2025-07-01 17:35:25.343132,-0.33518823981285095,2.1068975925445557,9.44991397857666,-0.759916365146637,-0.7929030656814575,0.10873401165008545,2025-07-01 17:35:25.338,1751371525338,-8020,-2766,651,-80,-260,99
45,2025-07-01 17:35:25.772,2025-07-01 17:35:25.440799,-0.45489832758903503,-1.1420341730117798,9.117119789123535,-1.1716395616531372,0.16004669666290283,0.1417207419872284,2025-07-01 17:35:25.422,1751371525422,-8000,-2934,668,-54,32,125
46,2025-07-01 17:35:25.865,2025-07-01 17:35:25.541599,-0.5602431893348694,-0.6536170840263367,10.350133895874023,0.1417207419872284,0.45692721009254456,0.2687807083129883,2025-07-01 17:35:25.507,1751371525507,-8004,-2910,672,-66,69,-111
47,2025-07-01 17:35:25.966,2025-07-01 17:35:25.637313,-1.5466543436050415,0.2992752194404602,10.02691650390625,-0.2015855312347412,0.6389650702476501,-0.0024434609804302454,2025-07-01 17:35:25.614,1751371525614,-7980,-2926,892,46,266,-123
48,2025-07-01 17:35:26.072,2025-07-01 17:35:25.746068,-1.3718775510787964,2.425326347351074,8.391676902770996,-0.740368664264679,1.284038782119751,-0.6927211880683899,2025-07-01 17:35:25.785,1751371525785,-7819,-2689,831,-72,-40,-84
49,2025-07-01 17:35:26.371,2025-07-01 17:35:26.035201,-5.43723201751709,-5.540182590484619,4.137180328369141,-1.3170254230499268,1.4379768371582031,-1.6126842498779297,2025-07-01 17:35:26.055,1751371526055,-7652,-3129,592,3,-67,-842
50,2025-07-01 17:35:26.561,2025-07-01 17:35:26.241156,-4.390965938568115,-8.118738174438477,7.362170219421387,0.059864792972803116,0.10995574295520782,-1.8154915571212769,2025-07-01 17:35:26.234,1751371526234,-7938,-3200,630,69,-52,-714
51,2025-07-01 17:35:26.659,2025-07-01 17:35:26.333391,-3.292027235031128,-8.846575736999512,6.926425457000732,0.15271630883216858,0.17837265133857727,-1.06657075881958,2025-07-01 17:35:26.353,1751371526353,-7574,-3230,638,-138,-107,-840
52,2025-07-01 17:35:26.764,2025-07-01 17:35:26.437703,-1.6663644313812256,-8.674192428588867,5.935225963592529,0.4080579876899719,0.3127630054950714,-0.7831292152404785,2025-07-01 17:35:26.416,1751371526416,-7559,-3307,393,-293,115,-518
53,2025-07-01 17:35:26.966,2025-07-01 17:35:26.541131,-0.4381389021873474,-8.69334602355957,4.900930881500244,0.9382890462875366,-0.19425514340400696,-0.7806857824325562,2025-07-01 17:35:26.521,1751371526521,-7589,-3259,789,-13,-337,325
54,2025-07-01 17:35:27.063,2025-07-01 17:35:26.741575,-0.9289502501487732,-6.916848659515381,6.852205276489258,-0.02321287989616394,-0.1869247704744339,-0.15393804013729095,2025-07-01 17:35:26.719,1751371526719,-7587,-3351,816,-86,-1,329
55,2025-07-01 17:35:27.159,2025-07-01 17:35:26.842239,-0.3902548849582672,-7.620744228363037,6.912060260772705,0.2724458873271942,0.039095375686883926,0.03420845419168472,2025-07-01 17:35:26.858,1751371526858,-7671,-3017,389,-68,136,289
56,2025-07-01 17:35:27.259,2025-07-01 17:35:26.943959,2.5330653190612793,-8.741230010986328,7.393294811248779,1.5540411472320557,0.6487388610839844,1.1704177856445312,2025-07-01 17:35:26.951,1751371526951,-7608,-3037,634,-315,-36,-309
57,2025-07-01 17:35:27.359,2025-07-01 17:35:27.041415,0.3974374830722809,-7.134721279144287,4.345476150512695,-2.615725040435791,0.3604104816913605,2.546086311340332,2025-07-01 17:35:27.037,1751371527037,-7584,-3412,469,-224,-2,-196
58,2025-07-01 17:35:27.462,2025-07-01 17:35:27.149814,-3.957615375518799,-4.0533833503723145,4.292803764343262,-2.453234910964966,-0.8136724829673767,1.55892813205719,2025-07-01 17:35:27.132,1751371527132,-7562,-3405,591,-627,505,-522
59,2025-07-01 17:35:27.560,2025-07-01 17:35:27.236744,-7.924807548522949,-8.889671325683594,4.989516258239746,-3.1679470539093018,-0.9321803450584412,0.49724429845809937,2025-07-01 17:35:27.233,1751371527233,-7313,-3341,343,-620,875,-305
60,2025-07-01 17:35:27.669,2025-07-01 17:35:27.343696,-6.631938934326172,-8.010998725891113,3.442862033843994,0.5607742667198181,-0.5180137157440186,0.4386012554168701,2025-07-01 17:35:27.315,1751371527315,-7568,-3218,1,-820,1120,-514
61,2025-07-01 17:35:27.759,2025-07-01 17:35:27.439245,-4.833893299102783,-6.936002254486084,3.8331170082092285,1.0421360731124878,-0.44226643443107605,0.3139847218990326,2025-07-01 17:35:27.401,1751371527401,-8042,-3442,-297,-195,868,295
62,2025-07-01 17:35:27.868,2025-07-01 17:35:27.551264,-5.137956619262695,-7.469909191131592,3.4811692237854004,0.2223549485206604,0.11484266817569733,0.07452555745840073,2025-07-01 17:35:27.516,1751371527516,-7571,-3033,-346,-94,619,-42
63,2025-07-01 17:35:27.970,2025-07-01 17:35:27.551264,-5.137956619262695,-7.469909191131592,3.4811692237854004,0.2223549485206604,0.11484266817569733,0.07452555745840073,2025-07-01 17:35:27.583,1751371527583,-7727,-3447,-134,-320,361,-867
64,2025-07-01 17:35:28.078,2025-07-01 17:35:27.741951,-5.748478412628174,-8.20492935180664,4.220977783203125,0.17959438264369965,-0.2565633952617645,0.43615779280662537,2025-07-01 17:35:27.727,1751371527727,-7721,-3654,-208,-453,361,-1057
65,2025-07-01 17:35:28.159,2025-07-01 17:35:27.847896,-5.303156852722168,-7.704541206359863,6.3973069190979,-0.42271876335144043,-0.23579397797584534,0.4251621961593628,2025-07-01 17:35:27.851,1751371527851,-7539,-3581,-231,-338,-307,-640
66,2025-07-01 17:35:28.276,2025-07-01 17:35:27.938570,-5.966350555419922,-7.053318023681641,4.572925090789795,0.12095131725072861,0.16859880089759827,0.059864792972803116,2025-07-01 17:35:27.945,1751371527945,-7348,-3928,-523,-190,-38,-327
67,2025-07-01 17:35:28.359,2025-07-01 17:35:28.045207,-5.604825973510742,-6.586448669433594,3.5458126068115234,0.15393804013729095,0.4043927788734436,-0.32131510972976685,2025-07-01 17:35:28.027,1751371528027,-7473,-3558,-553,315,-273,-81
68,2025-07-01 17:35:28.459,2025-07-01 17:35:28.141761,-4.9368438720703125,-6.979097843170166,3.378218650817871,0.6120869517326355,0.4715879559516907,-0.39217549562454224,2025-07-01 17:35:28.117,1751371528117,-7551,-3687,-574,277,114,-15
69,2025-07-01 17:35:28.559,2025-07-01 17:35:28.229302,-5.686229228973389,-5.530605792999268,3.993528366088867,0.5791002511978149,0.3139847218990326,-0.6572909951210022,2025-07-01 17:35:28.212,1751371528212,-7383,-3483,-244,-322,-147,1
70,2025-07-01 17:35:28.659,2025-07-01 17:35:28.349646,-3.512293815612793,-6.449979305267334,3.6750996112823486,0.030543262138962746,0.09896016865968704,-0.7195992469787598,2025-07-01 17:35:28.317,1751371528317,-7358,-3514,-238,-320,-153,-384
71,2025-07-01 17:35:28.862,2025-07-01 17:35:28.549488,-2.9520506858825684,-8.195352554321289,4.642356872558594,-0.10262536257505417,-0.028099801391363144,-0.43737950921058655,2025-07-01 17:35:28.583,1751371528583,-7464,-4105,-582,106,143,-425
72,2025-07-01 17:35:29.061,2025-07-01 17:35:28.745553,-3.4548330307006836,-8.006210327148438,4.692635536193848,0.021991148591041565,-0.03420845419168472,-0.07819075137376785,2025-07-01 17:35:28.748,1751371528748,-7125,-4167,-373,398,-236,-370
73,2025-07-01 17:35:29.159,2025-07-01 17:35:28.843830,-3.361459255218506,-7.845798969268799,4.599261283874512,-0.0757472887635231,0.05253441259264946,-0.04398229718208313,2025-07-01 17:35:28.846,1751371528846,-7435,-4099,29,416,-370,-84
74,2025-07-01 17:35:29.259,2025-07-01 17:35:28.946939,-4.1156325340271,-7.766790390014648,4.946420669555664,-0.04764748737215996,-0.04398229718208313,-0.15760323405265808,2025-07-01 17:35:28.927,1751371528927,-7436,-3803,100,435,28,361
75,2025-07-01 17:35:29.359,2025-07-01 17:35:29.039905,-3.1531636714935303,-7.053318023681641,4.6040496826171875,0.1368338167667389,-0.11728613078594208,-0.12950342893600464,2025-07-01 17:35:29.042,1751371529042,-7495,-3804,-46,704,-368,-24
76,2025-07-01 17:35:29.559,2025-07-01 17:35:29.329704,-2.7700912952423096,-10.089165687561035,4.891354084014893,-0.09162978827953339,-0.19425514340400696,0.01710422709584236,2025-07-01 17:35:29.325,1751371529325,-7335,-3487,176,185,-338,373
77,2025-07-01 17:35:29.759,2025-07-01 17:35:29.433676,-3.5027170181274414,-7.175422668457031,5.252878665924072,0.22846360504627228,0.10506882518529892,0.23945917189121246,2025-07-01 17:35:29.397,1751371529397,-7319,-3473,378,58,3,81
78,2025-07-01 17:35:29.969,2025-07-01 17:35:29.635032,-2.9975404739379883,-7.864952564239502,5.961562156677246,0.4141666293144226,0.3029891550540924,1.0152580738067627,2025-07-01 17:35:29.656,1751371529656,-7518,-3771,500,-343,-176,-821
79,2025-07-01 17:35:30.059,2025-07-01 17:35:29.750593,-5.801150798797607,-6.004657745361328,6.509834289550781,0.6120869517326355,0.817337691783905,1.19607412815094,2025-07-01 17:35:29.749,1751371529749,-7096,-4079,799,-209,-578,-1032
80,2025-07-01 17:35:30.160,2025-07-01 17:35:29.846027,-6.514622688293457,-4.352658748626709,5.705382823944092,0.3127630054950714,0.8063421249389648,1.1838568449020386,2025-07-01 17:35:29.847,1751371529847,-7273,-4428,787,-168,-367,-636
81,2025-07-01 17:35:30.259,2025-07-01 17:35:29.943893,-7.024587631225586,-2.609679937362671,5.109226226806641,0.15271630883216858,0.42760565876960754,1.0225883722305298,2025-07-01 17:35:29.924,1751371529924,-7102,-4370,496,41,-37,298
82,2025-07-01 17:35:30.359,2025-07-01 17:35:30.045503,-7.601590633392334,-2.3750481605529785,5.556941986083984,-0.05253441259264946,0.27122417092323303,0.6328563690185547,2025-07-01 17:35:30.007,1751371530007,-7107,-4353,497,64,306,130
83,2025-07-01 17:35:30.559,2025-07-01 17:35:30.246273,-8.528146743774414,-1.9369091987609863,5.188235282897949,0.1160643994808197,0.11362093687057495,0.38606682419776917,2025-07-01 17:35:30.211,1751371530211,-7364,-3942,548,288,166,540
84,2025-07-01 17:35:30.659,2025-07-01 17:35:30.329560,-8.585607528686523,-1.3335703611373901,5.212177276611328,0.25534167885780334,0.07696902006864548,0.4764748811721802,2025-07-01 17:35:30.292,1751371530292,-7347,-3947,586,256,294,151
85,2025-07-01 17:35:31.067,2025-07-01 17:35:30.436169,-8.738836288452148,-1.0295066833496094,4.977545261383057,0.455705463886261,0.028099801391363144,0.4642575979232788,2025-07-01 17:35:30.457,1751371530457,-7399,-3881,586,1130,441,316
86,2025-07-01 17:35:31.167,2025-07-01 17:35:30.850202,-8.592789649963379,1.161187767982483,4.812345504760742,0.5387831330299377,-0.00733038317412138,0.17959438264369965,2025-07-01 17:35:30.821,1751371530821,-7641,-3004,191,26,-45,315
87,2025-07-01 17:35:31.266,2025-07-01 17:35:30.938861,-8.585607528686523,1.0749965906143188,4.6734819412231445,0.2993239760398865,0.05009094998240471,0.1514945775270462,2025-07-01 17:35:30.910,1751371530910,-7646,-2993,180,-273,-56,151
88,2025-07-01 17:35:31.486,2025-07-01 17:35:31.148292,-8.29590892791748,1.7764976024627686,4.687847137451172,0.29077184200286865,-0.02321287989616394,0.1918116807937622,2025-07-01 17:35:31.110,1751371531110,-7618,-2985,164,280,-22,-195
89,2025-07-01 17:35:31.765,2025-07-01 17:35:31.444817,-8.307879447937012,3.00711727142334,4.5609540939331055,0.2528982162475586,0.030543262138962746,0.11484266817569733,2025-07-01 17:35:31.456,1751371531456,-7562,-3209,153,271,-144,-823
90,2025-07-01 17:35:31.859,2025-07-01 17:35:31.558697,-8.252813339233398,2.7509377002716064,4.20421838760376,0.2064724564552307,0.04764748737215996,0.1417207419872284,2025-07-01 17:35:31.546,1751371531546,-7409,-3521,596,130,-376,-649
91,2025-07-01 17:35:31.964,2025-07-01 17:35:31.647703,-8.286332130432129,2.7724854946136475,3.7253777980804443,0.08674286305904388,0.015882495790719986,0.10873401165008545,2025-07-01 17:35:31.638,1751371531638,-7377,-3847,398,318,-242,-1094
92,2025-07-01 17:35:32.063,2025-07-01 17:35:31.740488,-8.24084186553955,3.2848446369171143,3.995922565460205,0.18325957655906677,0.045204028487205505,0.07208210229873657,2025-07-01 17:35:31.720,1751371531720,-7473,-4124,813,-264,-246,-971
93,2025-07-01 17:35:32.164,2025-07-01 17:35:31.839274,-8.169015884399414,3.3662476539611816,4.153939723968506,0.24678955972194672,0.02076941914856434,0.07330382615327835,2025-07-01 17:35:31.813,1751371531813,-7452,-4184,801,59,-155,-690
94,2025-07-01 17:35:32.264,2025-07-01 17:35:31.946487,-7.94635534286499,3.799597978591919,4.048594951629639,0.15760323405265808,-0.036651913076639175,0.01466076634824276,2025-07-01 17:35:31.909,1751371531909,-7139,-4051,839,320,-289,-743
95,2025-07-01 17:35:32.360,2025-07-01 17:35:32.045575,-8.147468566894531,3.600879430770874,4.165910720825195,0.06352998316287994,0.02321287989616394,-0.02321287989616394,2025-07-01 17:35:32.008,1751371532008,-7049,-4443,642,347,-260,-648
96,2025-07-01 17:35:32.560,2025-07-01 17:35:32.246153,-8.085219383239746,3.754108190536499,3.9695863723754883,-0.03420845419168472,-0.07330382615327835,-0.02321287989616394,2025-07-01 17:35:32.216,1751371532216,-7258,-4266,717,532,-110,-251
97,2025-07-01 17:35:32.966,2025-07-01 17:35:32.545965,-8.051700592041016,3.3016040325164795,4.369418144226074,-0.19303341209888458,-0.06963863968849182,-0.08674286305904388,2025-07-01 17:35:32.536,1751371532536,-7202,-4615,714,-158,-101,-38
98,2025-07-01 17:35:33.067,2025-07-01 17:35:32.745834,-7.934384346008301,3.1914708614349365,4.532223701477051,-0.15027284622192383,-0.05864306539297104,-0.03787364438176155,2025-07-01 17:35:32.720,1751371532720,-7221,-4621,715,-276,-20,-38
99,2025-07-01 17:35:33.377,2025-07-01 17:35:33.046538,-8.097189903259277,2.63362193107605,5.094861030578613,-0.45814892649650574,0.021991148591041565,-0.24068090319633484,2025-07-01 17:35:33.070,1751371533070,-7047,-4354,851,-353,350,301
100,2025-07-01 17:35:33.559,2025-07-01 17:35:33.244795,-8.377311706542969,0.4644751250743866,4.326322555541992,-1.7140878438949585,-0.028099801391363144,-0.6841690540313721,2025-07-01 17:35:33.247,1751371533247,-7055,-4029,824,-434,132,264
101,2025-07-01 17:35:33.665,2025-07-01 17:35:33.341786,-8.449137687683105,-0.1173158809542656,5.231330871582031,-1.1068878173828125,-0.09896016865968704,-0.8417723178863525,2025-07-01 17:35:33.376,1751371533376,-7102,-4016,380,-1844,690,177
102,2025-07-01 17:35:33.768,2025-07-01 17:35:33.448040,-8.26239013671875,-1.314416766166687,5.398924827575684,-0.7293730974197388,-0.051312681287527084,-1.0775662660598755,2025-07-01 17:35:33.433,1751371533433,-7138,-4165,-309,-1772,698,364
103,2025-07-01 17:35:33.964,2025-07-01 17:35:33.630501,-6.382941722869873,-3.8786067962646484,5.286397457122803,-0.21868975460529327,-0.5119050741195679,-1.3854423761367798,2025-07-01 17:35:33.620,1751371533620,-7151,-4154,-592,-2049,651,-51
104,2025-07-01 17:35:34.062,2025-07-01 17:35:33.747717,-4.975151062011719,-5.942408561706543,5.0685248374938965,-0.7929030656814575,-0.43249258399009705,-1.3781119585037231,2025-07-01 17:35:33.731,1751371533731,-7429,-4123,-1057,-791,191,107
105,2025-07-01 17:35:34.290,2025-07-01 17:35:33.946915,-3.9432501792907715,-7.529764175415039,5.698200225830078,0.08429940044879913,-0.17470745742321014,-0.8112290501594543,2025-07-01 17:35:33.971,1751371533971,-7073,-4200,-899,-220,235,-165
106,2025-07-01 17:35:34.460,2025-07-01 17:35:34.134599,-3.600879430770874,-7.637503623962402,5.219359874725342,-0.06963863968849182,0.15027284622192383,-0.1160643994808197,2025-07-01 17:35:34.149,1751371534149,-7267,-3807,-1368,-376,37,-103
107,2025-07-01 17:35:34.560,2025-07-01 17:35:34.247294,-3.584120035171509,-7.975085735321045,5.114014625549316,0.02687807008624077,0.0024434609804302454,-0.16004669666290283,2025-07-01 17:35:34.247,1751371534247,-7112,-3777,-1389,-56,130,270
108,2025-07-01 17:35:34.662,2025-07-01 17:35:34.348659,-3.1507694721221924,-7.783549785614014,5.173870086669922,0.013439035043120384,0.0024434609804302454,-0.07208210229873657,2025-07-01 17:35:34.330,1751371534330,-7121,-3735,-1394,-35,344,365
109,2025-07-01 17:35:34.759,2025-07-01 17:35:34.448114,-3.3423056602478027,-7.637503623962402,4.884171485900879,-0.03420845419168472,0.05375614017248154,-0.0403171069920063,2025-07-01 17:35:34.429,1751371534429,-7162,-3520,-1352,359,46,564
110,2025-07-01 17:35:34.862,2025-07-01 17:35:34.533066,-3.6511576175689697,-8.271966934204102,5.152322292327881,0.03176499158143997,0.14294247329235077,-0.14294247329235077,2025-07-01 17:35:34.507,1751371534507,-7426,-3529,-1317,308,-258,559
111,2025-07-01 17:35:34.975,2025-07-01 17:35:34.632013,-3.421314239501953,-7.817068576812744,5.729324817657471,0.17837265133857727,0.02687807008624077,-0.15027284622192383,2025-07-01 17:35:34.611,1751371534611,-7166,-3493,-945,273,-325,357
112,2025-07-01 17:35:35.459,2025-07-01 17:35:35.151365,-1.4221558570861816,-9.813833236694336,10.342951774597168,1.987755537033081,-0.9566149711608887,0.02932153269648552,2025-07-01 17:35:35.150,1751371535150,-7361,-3641,-1118,174,-282,-366
113,2025-07-01 17:35:35.559,2025-07-01 17:35:35.250680,-1.9847931861877441,-3.3279404640197754,9.787496566772461,2.476447820663452,-0.5632177591323853,0.16737708449363708,2025-07-01 17:35:35.240,1751371535240,-7084,-3529,-1035,-78,-554,-853
114,2025-07-01 17:35:35.659,2025-07-01 17:35:35.345449,0.646434485912323,-0.7948749661445618,9.560047149658203,1.4037683010101318,-0.7831292152404785,0.5070181488990784,2025-07-01 17:35:35.322,1751371535322,-7308,-3744,-699,18,-360,-701
115,2025-07-01 17:35:35.759,2025-07-01 17:35:35.345449,0.646434485912323,-0.7948749661445618,9.560047149658203,1.4037683010101318,-0.7831292152404785,0.5070181488990784,2025-07-01 17:35:35.322,1751371535322,-7308,-3744,-699,18,-360,-701
116,2025-07-01 17:35:36.159,2025-07-01 17:35:35.830870,-7.419631004333496,-4.0294413566589355,4.912901878356934,-1.4868459701538086,0.6035348773002625,1.5027284622192383,2025-07-01 17:35:35.858,1751371535858,-7108,-3791,-219,292,-351,-615
117,2025-07-01 17:35:36.269,2025-07-01 17:35:35.929556,-6.081272125244141,-4.692635536193848,4.10366153717041,-2.1600193977355957,-0.32498031854629517,0.7648032903671265,2025-07-01 17:35:35.956,1751371535956,-7156,-3817,-194,367,-266,-550
118,2025-07-01 17:35:36.392,2025-07-01 17:35:36.029332,-3.950432777404785,-5.638344764709473,5.307945251464844,-0.32131510972976685,-0.6316346526145935,-0.2675589919090271,2025-07-01 17:35:36.041,1751371536041,-7292,-4000,-698,-8,-34,-10
119,2025-07-01 17:35:36.559,2025-07-01 17:35:36.241942,-4.347870349884033,-7.007828235626221,5.485116004943848,-0.13316862285137177,-0.07819075137376785,-0.04886921867728233,2025-07-01 17:35:36.221,1751371536221,-7137,-4172,-593,532,-608,-64
120,2025-07-01 17:35:36.765,2025-07-01 17:35:36.438191,-4.989516258239746,-7.005434036254883,5.468356609344482,0.2687807083129883,-0.251676470041275,0.004886921960860491,2025-07-01 17:35:36.401,1751371536401,-7048,-4178,-300,133,-512,7
121,2025-07-01 17:35:36.873,2025-07-01 17:35:36.538579,-4.213795185089111,-6.098031520843506,6.653486728668213,1.2877039909362793,-0.06475171446800232,-0.18814650177955627,2025-07-01 17:35:36.498,1751371536498,-7282,-4182,-280,353,-476,-304
122,2025-07-01 17:35:37.073,2025-07-01 17:35:36.744507,-5.4252610206604,-2.8778305053710938,10.74996566772461,1.8399261236190796,1.4037683010101318,0.7819074988365173,2025-07-01 17:35:36.758,1751371536758,-7105,-4436,-2,-49,-640,-263
123,2025-07-01 17:35:37.175,2025-07-01 17:35:36.829317,-10.793061256408691,-0.7206547260284424,7.175422668457031,-0.8625417351722717,0.7183775305747986,0.6536257863044739,2025-07-01 17:35:36.851,1751371536851,-6871,-4248,52,-98,-468,-264
124,2025-07-01 17:35:37.626,2025-07-01 17:35:37.237436,-3.464409828186035,1.824381709098816,8.956708908081055,1.6884315013885498,0.06475171446800232,-0.6939429044723511,2025-07-01 17:35:37.266,1751371537266,-7497,-3868,876,1049,-1400,1211
125,2025-07-01 17:35:37.767,2025-07-01 17:35:37.429598,-2.717418909072876,2.0661959648132324,8.892065048217773,2.5644123554229736,-0.2871066629886627,-0.1612684279680252,2025-07-01 17:35:37.419,1751371537419,-7368,-3562,1006,432,-354,-115
126,2025-07-01 17:35:37.996,2025-07-01 17:35:37.630826,-4.965574264526367,2.7102363109588623,7.623138427734375,-5.263215065002441,0.5436700582504272,0.2773328125476837,2025-07-01 17:35:37.625,1751371537625,-7317,-3526,1004,459,-332,85
127,2025-07-01 17:35:38.062,2025-07-01 17:35:37.729324,-3.184288263320923,-4.1180267333984375,5.5114521980285645,-1.55892813205719,-0.8210029006004333,-0.16737708449363708,2025-07-01 17:35:37.766,1751371537766,-7783,-3892,1028,-836,-116,-220
128,2025-07-01 17:35:38.163,2025-07-01 17:35:37.829290,-1.1516109704971313,3.375824451446533,12.751518249511719,1.216843605041504,0.08185594528913498,-0.5705481171607971,2025-07-01 17:35:37.858,1751371537858,-7533,-3719,952,-892,-119,285
129,2025-07-01 17:35:38.264,2025-07-01 17:35:37.934596,-3.533841609954834,-0.15322890877723694,8.468291282653809,1.577254056930542,0.1258382350206375,-0.21013765037059784,2025-07-01 17:35:37.931,1751371537931,-7505,-3836,991,-178,65,-154
130,2025-07-01 17:35:38.372,2025-07-01 17:35:38.048127,-2.406172752380371,1.1180921792984009,9.385271072387695,2.0647244453430176,-0.39217549562454224,-0.37140607833862305,2025-07-01 17:35:38.019,1751371538019,-7492,-4126,992,-172,11,-195
131,2025-07-01 17:35:38.665,2025-07-01 17:35:38.342427,-4.922478675842285,1.0773907899856567,6.641515731811523,-5.11538553237915,-0.19914206862449646,0.34697145223617554,2025-07-01 17:35:38.379,1751371538379,-7092,-4407,1300,193,125,-592
132,2025-07-01 17:35:38.859,2025-07-01 17:35:38.530475,-3.0765492916107178,-1.922544002532959,8.183381080627441,2.194227933883667,0.4740314185619354,-0.16371189057826996,2025-07-01 17:35:38.566,1751371538566,-7294,-4360,1175,138,-375,-638
133,2025-07-01 17:35:39.061,2025-07-01 17:35:38.734005,-4.259284973144531,6.347028732299805,11.15697956085205,2.057394027709961,0.5057964324951172,-0.6572909951210022,2025-07-01 17:35:38.745,1751371538745,-7151,-3977,1258,313,-785,-196
134,2025-07-01 17:35:39.159,2025-07-01 17:35:38.846625,-3.928884983062744,5.801150798797607,9.138668060302734,-2.682920217514038,0.6047565937042236,-0.11484266817569733,2025-07-01 17:35:38.854,1751371538854,-7439,-4063,1256,116,321,271
135,2025-07-01 17:35:39.259,2025-07-01 17:35:38.942076,-2.959233283996582,-4.917690277099609,5.822698593139648,-4.403116703033447,-0.8002334833145142,0.32986724376678467,2025-07-01 17:35:38.936,1751371538936,-7535,-4197,1291,-176,293,-378
136,2025-07-01 17:35:39.375,2025-07-01 17:35:39.042475,-2.9688100814819336,1.4772224426269531,12.011710166931152,1.5552629232406616,0.6243042945861816,0.07819075137376785,2025-07-01 17:35:39.019,1751371539019,-7542,-3998,1345,-233,-89,-380
137,2025-07-01 17:35:39.459,2025-07-01 17:35:39.147043,-2.609679937362671,-0.5961562395095825,9.607931137084961,1.359786033630371,0.1258382350206375,0.18814650177955627,2025-07-01 17:35:39.127,1751371539127,-7127,-3969,994,-359,-281,-261
138,2025-07-01 17:35:39.559,2025-07-01 17:35:39.242336,-3.3734302520751953,0.016759412363171577,8.935160636901855,0.8674286603927612,0.07696902006864548,0.2064724564552307,2025-07-01 17:35:39.228,1751371539228,-7162,-4039,901,-352,-58,-124
139,2025-07-01 17:35:39.660,2025-07-01 17:35:39.347982,-3.579331636428833,0.8786720037460327,9.040505409240723,0.10506882518529892,0.0024434609804302454,0.042760565876960754,2025-07-01 17:35:39.380,1751371539380,-7301,-3780,1088,-244,-114,522
140,2025-07-01 17:35:39.859,2025-07-01 17:35:39.546972,-2.6240451335906982,1.721431016921997,9.124302864074707,-0.7525860071182251,-0.2028072625398636,-0.24190263450145721,2025-07-01 17:35:39.554,1751371539554,-7526,-3735,948,75,119,99
141,2025-07-01 17:35:40.060,2025-07-01 17:35:39.740513,-2.3056161403656006,-0.49559974670410156,10.78348445892334,-0.6939429044723511,-0.16493362188339233,-0.18936823308467865,2025-07-01 17:35:39.736,1751371539736,-7444,-3722,1114,-860,446,-861
142,2025-07-01 17:35:40.160,2025-07-01 17:35:39.851377,-3.24414324760437,-2.2625205516815186,8.681375503540039,0.07208210229873657,-0.17470745742321014,0.2565633952617645,2025-07-01 17:35:39.829,1751371539829,-7061,-4085,524,-1568,973,-925
143,2025-07-01 17:35:40.460,2025-07-01 17:35:40.148728,-3.361459255218506,-1.9823989868164062,7.630321025848389,-0.8747590184211731,0.9077457785606384,1.1753047704696655,2025-07-01 17:35:40.188,1751371540188,-6585,-4812,-126,-145,-264,-719
144,2025-07-01 17:35:40.759,2025-07-01 17:35:40.448201,-6.04775333404541,0.933738648891449,6.785167694091797,1.8277088403701782,0.07941248267889023,0.5534439086914062,2025-07-01 17:35:40.458,1751371540458,-6553,-4769,-128,-296,-21,-284
145,2025-07-01 17:35:40.859,2025-07-01 17:35:40.544120,-4.982333660125732,3.957615375518799,6.186617374420166,-0.13561208546161652,-0.1918116807937622,0.22113321721553802,2025-07-01 17:35:40.546,1751371540546,-6984,-4547,-156,-621,-126,397
146,2025-07-01 17:35:40.963,2025-07-01 17:35:40.646601,-4.400542736053467,-0.11971008777618408,6.1315507888793945,-2.5277602672576904,0.1820378452539444,-0.6120869517326355,2025-07-01 17:35:40.629,1751371540629,-6848,-4605,-303,-227,207,160
147,2025-07-01 17:35:41.059,2025-07-01 17:35:40.744140,-8.676587104797363,-1.0271124839782715,9.485827445983887,-0.06108652427792549,0.5742133259773254,-0.8943067193031311,2025-07-01 17:35:40.724,1751371540724,-6984,-4588,-296,-274,-113,135
148,2025-07-01 17:35:41.159,2025-07-01 17:35:40.833805,-8.039729118347168,-2.6024973392486572,9.272743225097656,0.08307767659425735,0.02076941914856434,0.04886921867728233,2025-07-01 17:35:40.846,1751371540846,-6779,-4666,-521,-254,140,526
149,2025-07-01 17:35:41.360,2025-07-01 17:35:41.046427,-5.954379558563232,-0.016759412363171577,6.75883150100708,0.22602014243602753,-0.41661009192466736,0.5290092825889587,2025-07-01 17:35:41.015,1751371541015,-7293,-4170,-601,209,392,2094
150,2025-07-01 17:35:41.460,2025-07-01 17:35:41.145762,-5.015852451324463,-2.341529369354248,6.672640323638916,-0.9456194043159485,-0.6255260109901428,0.5754350423812866,2025-07-01 17:35:41.109,1751371541109,-7483,-3498,-790,202,1103,1711
151,2025-07-01 17:35:41.560,2025-07-01 17:35:41.245200,-6.868964672088623,-4.10366153717041,6.878541469573975,-3.495370864868164,-0.5326744914054871,0.22602014243602753,2025-07-01 17:35:41.259,1751371541259,-7712,-3264,-763,214,247,-42
152,2025-07-01 17:35:41.665,2025-07-01 17:35:41.344428,-5.638344764709473,-3.4404678344726562,10.591948509216309,-1.3451253175735474,-0.07941248267889023,0.23090706765651703,2025-07-01 17:35:41.356,1751371541356,-7775,-3223,-1067,254,-31,-286
153,2025-07-01 17:35:41.765,2025-07-01 17:35:41.450843,-6.19379997253418,-3.778050184249878,7.592013359069824,0.07330382615327835,-0.13927727937698364,0.2174680233001709,2025-07-01 17:35:41.459,1751371541459,-7329,-3699,-782,284,-620,-215
154,2025-07-01 17:35:41.872,2025-07-01 17:35:41.550508,-3.9863457679748535,-4.424484729766846,6.028599739074707,-1.0115928649902344,-0.7672467231750488,0.5485569834709167,2025-07-01 17:35:41.534,1751371541534,-7360,-3617,-440,155,276,192
155,2025-07-01 17:35:41.967,2025-07-01 17:35:41.646949,-4.58968448638916,-1.3910311460494995,7.769184589385986,-0.8014551997184753,-0.45692721009254456,-0.26022860407829285,2025-07-01 17:35:41.623,1751371541623,-7424,-3304,-407,345,-2,518
156,2025-07-01 17:35:42.067,2025-07-01 17:35:41.752853,-4.726154327392578,-7.364564418792725,5.52821159362793,0.6316346526145935,-0.00733038317412138,0.1563815027475357,2025-07-01 17:35:41.720,1751371541720,-7391,-3410,-448,283,-268,-8
157,2025-07-01 17:35:42.363,2025-07-01 17:35:42.046731,-1.8076223134994507,0.9313444495201111,11.767500877380371,-0.28955012559890747,-0.5387831330299377,0.3799581825733185,2025-07-01 17:35:42.086,1751371542086,-7763,-3023,-392,316,136,611
158,2025-07-01 17:35:42.570,2025-07-01 17:35:42.242316,-1.4413094520568848,-2.8155810832977295,8.875306129455566,-0.8869763612747192,-0.10384709388017654,0.5705481171607971,2025-07-01 17:35:42.252,1751371542252,-7597,-3181,-461,-49,-9,286
159,2025-07-01 17:35:42.665,2025-07-01 17:35:42.329762,-1.6352397203445435,-4.288015365600586,6.7923502922058105,-2.2968533039093018,0.34086281061172485,0.2541199326515198,2025-07-01 17:35:42.337,1751371542337,-7582,-3172,-453,76,-23,-117
160,2025-07-01 17:35:42.760,2025-07-01 17:35:42.447030,-3.8738183975219727,-7.42681360244751,7.82185697555542,2.5082128047943115,-0.12217304855585098,-0.02687807008624077,2025-07-01 17:35:42.436,1751371542436,-7563,-3131,-468,57,119,101
161,2025-07-01 17:35:43.859,2025-07-01 17:35:43.529580,-2.8562827110290527,1.1755530834197998,8.087613105773926,-1.2376129627227783,1.197295904159546,-0.48380526900291443,2025-07-01 17:35:43.515,1751371543515,-7788,-3001,-400,20,87,26
162,2025-07-01 17:35:43.963,2025-07-01 17:35:43.634278,-4.084507942199707,0.002394201699644327,6.536170482635498,-1.7886134386062622,1.540602207183838,-1.0897835493087769,2025-07-01 17:35:43.611,1751371543611,-7576,-3010,-446,4,273,44
163,2025-07-01 17:35:44.169,2025-07-01 17:35:43.854193,-5.260061264038086,-7.113173484802246,4.529829502105713,-0.5571091175079346,0.26145032048225403,-1.4172073602676392,2025-07-01 17:35:43.883,1751371543883,-7793,-3017,-724,-472,-249,-187
164,2025-07-01 17:35:44.465,2025-07-01 17:35:44.155865,-0.6871358752250671,-8.731653213500977,6.708553314208984,-0.14294247329235077,-0.1270599663257599,-0.4544837474822998,2025-07-01 17:35:44.149,1751371544149,-7768,-3324,-245,-337,-1311,-472
165,2025-07-01 17:35:44.559,2025-07-01 17:35:44.249636,-1.4844050407409668,-7.386112213134766,6.658275127410889,0.7513642311096191,-0.08918632566928864,-0.3836233615875244,2025-07-01 17:35:44.230,1751371544230,-7718,-3300,-42,-114,-1347,-131
166,2025-07-01 17:35:44.659,2025-07-01 17:35:44.354897,-1.1803414821624756,-8.588001251220703,7.139509677886963,-0.12339477986097336,0.04642575979232788,-0.09040805697441101,2025-07-01 17:35:44.325,1751371544325,-7380,-3225,317,335,-772,-38
167,2025-07-01 17:35:44.864,2025-07-01 17:35:44.435642,1.3407529592514038,-9.643844604492188,6.387730121612549,0.9150761365890503,0.2883284091949463,0.7330383062362671,2025-07-01 17:35:44.410,1751371544410,-7409,-3419,300,218,339,-13
168,2025-07-01 17:35:44.964,2025-07-01 17:35:44.632462,-4.747702121734619,-10.103530883789062,3.138798475265503,-3.8056905269622803,0.4911356568336487,1.7250834703445435,2025-07-01 17:35:44.609,1751371544609,-7586,-3437,267,-225,28,86
169,2025-07-01 17:35:45.173,2025-07-01 17:35:44.836044,-7.010222434997559,-7.450755596160889,4.225766181945801,0.17348572611808777,-0.47280970215797424,-0.08185594528913498,2025-07-01 17:35:44.861,1751371544861,-7711,-3299,-142,-612,1214,-1582
170,2025-07-01 17:35:45.270,2025-07-01 17:35:44.953783,-6.160281181335449,-6.998251438140869,2.719813108444214,1.0641272068023682,-0.4129449129104614,-0.32620203495025635,2025-07-01 17:35:44.964,1751371544964,-7617,-3563,-446,-154,1361,-543
171,2025-07-01 17:35:45.360,2025-07-01 17:35:45.045294,-4.675876140594482,-8.47786808013916,2.5522189140319824,0.05619960278272629,-0.2528982162475586,0.05253441259264946,2025-07-01 17:35:45.045,1751371545045,-7387,-3508,-469,260,-28,-41
172,2025-07-01 17:35:45.461,2025-07-01 17:35:45.137756,-5.588066577911377,-8.453926086425781,4.01268196105957,0.7305948138237,0.04398229718208313,0.5656611919403076,2025-07-01 17:35:45.141,1751371545141,-7305,-3492,-628,-115,-145,64
173,2025-07-01 17:35:45.569,2025-07-01 17:35:45.255810,-6.107608318328857,-7.527369976043701,4.501099109649658,0.6524040699005127,0.12095131725072861,0.8210029006004333,2025-07-01 17:35:45.266,1751371545266,-7338,-3555,-567,96,-550,-33
174,2025-07-01 17:35:45.759,2025-07-01 17:35:45.457877,-6.92881965637207,-3.9480385780334473,4.73573112487793,1.2889256477355957,0.3787364661693573,1.1093312501907349,2025-07-01 17:35:45.428,1751371545428,-7324,-3699,-202,753,-68,583
175,2025-07-01 17:35:46.159,2025-07-01 17:35:45.855524,-8.073247909545898,0.07422025501728058,4.525041103363037,0.5571091175079346,0.11728613078594208,0.5571091175079346,2025-07-01 17:35:45.858,1751371545858,-7637,-2803,-290,150,-175,836
176,2025-07-01 17:35:46.261,2025-07-01 17:35:45.962996,-8.099584579467773,0.40462008118629456,4.587290287017822,0.5827654600143433,0.05864306539297104,0.42638394236564636,2025-07-01 17:35:45.943,1751371545943,-7944,-3090,-88,-519,-413,294
177,2025-07-01 17:35:46.360,2025-07-01 17:35:46.044849,-8.248024940490723,1.8100165128707886,4.644751071929932,0.6646214127540588,-0.015882495790719986,0.22968533635139465,2025-07-01 17:35:46.034,1751371546034,-7950,-2793,-6,-202,-418,-204
178,2025-07-01 17:35:46.465,2025-07-01 17:35:46.139497,-8.619126319885254,1.4245500564575195,4.55616569519043,0.6035348773002625,-0.03420845419168472,0.13439035415649414,2025-07-01 17:35:46.123,1751371546123,-7943,-3112,313,-296,-438,-800
179,2025-07-01 17:35:46.559,2025-07-01 17:35:46.267794,-8.336610794067383,2.166752576828003,4.491522312164307,0.5619960427284241,-0.03420845419168472,0.14416420459747314,2025-07-01 17:35:46.308,1751371546308,-7798,-3268,599,371,-560,-772
180,2025-07-01 17:35:46.759,2025-07-01 17:35:46.459587,-8.279149055480957,2.765302896499634,4.151545524597168,0.4813618063926697,0.025656340643763542,0.0708603709936142,2025-07-01 17:35:46.434,1751371546434,-7573,-3233,404,216,-370,-208
181,2025-07-01 17:35:46.959,2025-07-01 17:35:46.630110,-8.35097599029541,3.1699230670928955,3.732560396194458,0.26145032048225403,0.00733038317412138,0.08185594528913498,2025-07-01 17:35:46.658,1751371546658,-7698,-3507,814,364,-314,-633
182,2025-07-01 17:35:47.059,2025-07-01 17:35:46.730261,-8.322244644165039,3.2417490482330322,3.9240965843200684,0.16982053220272064,0.006108652334660292,0.09896016865968704,2025-07-01 17:35:46.753,1751371546753,-7386,-3547,859,150,-274,-392
183,2025-07-01 17:35:47.168,2025-07-01 17:35:46.854236,-8.540117263793945,3.5051112174987793,3.866635799407959,0.09162978827953339,-0.045204028487205505,0.00855211354792118,2025-07-01 17:35:46.867,1751371546867,-7373,-3569,886,144,-257,-414
184,2025-07-01 17:35:47.262,2025-07-01 17:35:46.936117,-8.111555099487305,3.552995204925537,3.995922565460205,0.20036379992961884,-0.06352998316287994,0.10506882518529892,2025-07-01 17:35:46.944,1751371546944,-7542,-3964,695,-71,-162,-419
185,2025-07-01 17:35:47.359,2025-07-01 17:35:47.061803,-8.197746276855469,3.754108190536499,3.936067581176758,0.06475171446800232,-0.02687807008624077,0.0708603709936142,2025-07-01 17:35:47.025,1751371547025,-7524,-3811,765,-123,-316,-594
186,2025-07-01 17:35:47.468,2025-07-01 17:35:47.137461,-8.037335395812988,3.8738183975219727,3.9169139862060547,0.05253441259264946,-0.021991148591041565,0.07941248267889023,2025-07-01 17:35:47.119,1751371547119,-7488,-4103,1028,-311,-369,-387
187,2025-07-01 17:35:47.585,2025-07-01 17:35:47.229880,-8.14028549194336,3.9264907836914062,3.732560396194458,0.1258382350206375,-0.00733038317412138,0.04886921867728233,2025-07-01 17:35:47.207,1751371547207,-7437,-4000,1091,-268,-322,-432
188,2025-07-01 17:35:47.673,2025-07-01 17:35:47.349417,-7.898471355438232,4.003105163574219,3.670311212539673,0.05497787147760391,-0.018325956538319588,0.03787364438176155,2025-07-01 17:35:47.311,1751371547311,-7110,-4029,1106,98,-293,-601
189,2025-07-01 17:35:47.777,2025-07-01 17:35:47.430139,-8.161833763122559,4.20421838760376,3.8115692138671875,0.08674286305904388,-0.02687807008624077,0.006108652334660292,2025-07-01 17:35:47.401,1751371547401,-7100,-4076,1120,10,44,-196
190,2025-07-01 17:35:47.964,2025-07-01 17:35:47.655136,-7.982268333435059,4.106055736541748,3.8714241981506348,0.14049901068210602,-0.004886921960860491,0.03787364438176155,2025-07-01 17:35:47.653,1751371547653,-7079,-4401,1098,-271,-96,-285
191,2025-07-01 17:35:48.076,2025-07-01 17:35:47.737395,-8.078036308288574,4.132391929626465,3.6583402156829834,0.05864306539297104,-0.00855211354792118,0.030543262138962746,2025-07-01 17:35:47.757,1751371547757,-7065,-4430,1114,44,-125,-288
192,2025-07-01 17:35:48.171,2025-07-01 17:35:47.852510,-7.910442352294922,4.616020679473877,3.60566782951355,0.11239920556545258,-0.039095375686883926,0.025656340643763542,2025-07-01 17:35:47.849,1751371547849,-7049,-4462,1111,-294,104,-371
193,2025-07-01 17:35:48.364,2025-07-01 17:35:48.029790,-7.872135162353516,4.632780075073242,3.5697548389434814,0.07696902006864548,-0.010995574295520782,0.039095375686883926,2025-07-01 17:35:48.018,1751371548018,-7282,-4464,1088,17,113,-364
194,2025-07-01 17:35:48.571,2025-07-01 17:35:48.229842,-7.826645374298096,4.501099109649658,3.533841609954834,0.021991148591041565,-0.02687807008624077,0.02321287989616394,2025-07-01 17:35:48.222,1751371548222,-7284,-4230,1107,67,108,33
195,2025-07-01 17:35:48.759,2025-07-01 17:35:48.430284,-7.781155586242676,4.7836151123046875,3.3446998596191406,0.030543262138962746,-0.015882495790719986,0.03298672288656235,2025-07-01 17:35:48.392,1751371548392,-7231,-4313,1131,52,92,-284
196,2025-07-01 17:35:48.862,2025-07-01 17:35:48.530457,-7.790732383728027,4.587290287017822,3.4596214294433594,0.08307767659425735,0.00733038317412138,0.012217304669320583,2025-07-01 17:35:48.555,1751371548555,-7173,-4320,1151,77,77,-322
197,2025-07-01 17:35:49.064,2025-07-01 17:35:48.730526,-7.872135162353516,4.831499099731445,3.579331636428833,-0.0403171069920063,-0.01466076634824276,-0.021991148591041565,2025-07-01 17:35:48.734,1751371548734,-7187,-4613,920,44,48,-364
198,2025-07-01 17:35:49.264,2025-07-01 17:35:48.930308,-7.654263019561768,4.774038314819336,3.3854012489318848,-0.03787364438176155,0.004886921960860491,0.00366519158706069,2025-07-01 17:35:48.918,1751371548918,-6909,-4677,933,12,117,75
199,2025-07-01 17:35:49.359,2025-07-01 17:35:49.030838,-7.7428483963012695,4.78122091293335,3.641580820083618,-0.19792033731937408,-0.028099801391363144,-0.04153883829712868,2025-07-01 17:35:49.003,1751371549003,-6909,-4667,953,26,113,73
200,2025-07-01 17:35:49.471,2025-07-01 17:35:49.130098,-7.797914981842041,4.4292731285095215,3.663128614425659,-0.2993239760398865,-0.0012217304902151227,-0.0757472887635231,2025-07-01 17:35:49.104,1751371549104,-6891,-4664,948,120,124,117
201,2025-07-01 17:35:49.766,2025-07-01 17:35:49.430314,-7.951143741607666,3.332728862762451,3.976768970489502,-0.6230825781822205,0.013439035043120384,-0.2736676335334778,2025-07-01 17:35:49.450,1751371549450,-7189,-4337,928,-114,-105,-48
202,2025-07-01 17:35:50.066,2025-07-01 17:35:49.730061,-7.888894557952881,2.7485435009002686,5.9519853591918945,-1.1936306953430176,-0.16004669666290283,-0.978606104850769,2025-07-01 17:35:49.742,1751371549742,-7121,-3997,1038,-441,555,175
203,2025-07-01 17:35:50.187,2025-07-01 17:35:49.829837,-7.805097579956055,0.706289529800415,5.544970989227295,-1.5699236392974854,-0.1014036312699318,-1.1899654865264893,2025-07-01 17:35:49.809,1751371549809,-7131,-3986,767,-477,542,136
204,2025-07-01 17:35:50.671,2025-07-01 17:35:50.330316,-8.619126319885254,-3.0119056701660156,4.388571739196777,1.0995573997497559,-0.004886921960860491,-0.20525072515010834,2025-07-01 17:35:50.359,1751371550359,-7525,-3793,-330,-714,690,183
205,2025-07-01 17:35:50.778,2025-07-01 17:35:50.430062,-7.850587368011475,-2.580949544906616,4.862623691558838,0.8063421249389648,-0.24923302233219147,-0.8124507665634155,2025-07-01 17:35:50.449,1751371550449,-7490,-3868,-635,-523,191,257
206,2025-07-01 17:35:50.959,2025-07-01 17:35:50.530014,-5.770026206970215,-4.824316501617432,5.382165431976318,0.18936823308467865,-0.4715879559516907,-1.0335839986801147,2025-07-01 17:35:50.528,1751371550528,-7536,-3931,-388,-366,210,95
207,2025-07-01 17:35:51.163,2025-07-01 17:35:50.829761,-3.9863457679748535,-6.756437301635742,6.3973069190979,0.2480112910270691,-0.15515977144241333,-0.5302310585975647,2025-07-01 17:35:50.830,1751371550830,-7143,-3811,-799,71,-121,-238
208,2025-07-01 17:35:51.265,2025-07-01 17:35:50.930011,-4.252102375030518,-6.926425457000732,9.131484985351562,0.17470745742321014,0.14294247329235077,-0.34697145223617554,2025-07-01 17:35:50.898,1751371550898,-7091,-3813,-819,84,100,-187
209,2025-07-01 17:35:51.359,2025-07-01 17:35:51.030084,-4.299986362457275,-6.3949127197265625,6.390124320983887,0.024434609338641167,-0.02687807008624077,-0.14416420459747314,2025-07-01 17:35:50.998,1751371550998,-7090,-4171,-796,281,-60,-334
210,2025-07-01 17:35:51.659,2025-07-01 17:35:51.329592,-2.363077163696289,-5.626373767852783,5.044582843780518,-0.38728857040405273,0.09896016865968704,-0.02932153269648552,2025-07-01 17:35:51.353,1751371551353,-7496,-3565,-777,452,513,446
211,2025-07-01 17:35:51.881,2025-07-01 17:35:51.530798,-2.52109432220459,-6.890512466430664,3.337517261505127,-0.8930850028991699,-0.004886921960860491,-0.22479841113090515,2025-07-01 17:35:51.544,1751371551544,-7507,-3494,-615,210,-282,-314
212,2025-07-01 17:35:52.069,2025-07-01 17:35:51.730023,-5.188235282897949,-9.093177795410156,5.9519853591918945,-0.013439035043120384,0.10995574295520782,0.012217304669320583,2025-07-01 17:35:51.718,1751371551718,-7210,-4160,-232,-359,-479,-1052
213,2025-07-01 17:35:52.159,2025-07-01 17:35:51.830492,-5.0876784324646,-8.106766700744629,5.916072368621826,0.2724458873271942,0.012217304669320583,0.24923302233219147,2025-07-01 17:35:51.794,1751371551794,-6790,-4205,-548,-357,-401,-1144
214,2025-07-01 17:35:52.263,2025-07-01 17:35:51.930299,-4.335899353027344,-8.69334602355957,4.522646903991699,0.5216789245605469,0.09896016865968704,0.4337143301963806,2025-07-01 17:35:51.892,1751371551892,-7124,-4243,-515,123,-119,-796
215,2025-07-01 17:35:52.559,2025-07-01 17:35:52.230151,-2.7054479122161865,-3.177105665206909,6.897695064544678,0.504574716091156,-0.7757988572120667,-0.5558874011039734,2025-07-01 17:35:52.262,1751371552262,-7448,-4206,-151,-796,-518,656
216,2025-07-01 17:35:52.670,2025-07-01 17:35:52.330303,-1.381454348564148,-5.051765441894531,8.453926086425781,0.5815436840057373,-0.2370157092809677,-0.6279694437980652,2025-07-01 17:35:52.339,1751371552339,-7544,-3736,-382,-360,-562,516
217,2025-07-01 17:35:52.760,2025-07-01 17:35:52.430728,-1.036689281463623,-3.794809579849243,8.81784439086914,1.0433578491210938,-0.27488934993743896,-0.42760565876960754,2025-07-01 17:35:52.445,1751371552445,-7524,-3909,28,-290,-806,55
218,2025-07-01 17:35:52.870,2025-07-01 17:35:52.430728,-1.036689281463623,-3.794809579849243,8.81784439086914,1.0433578491210938,-0.27488934993743896,-0.42760565876960754,2025-07-01 17:35:52.445,1751371552445,-7524,-3909,28,-290,-806,55
219,2025-07-01 17:35:52.960,2025-07-01 17:35:52.629891,-0.304063618183136,-3.732560396194458,11.779472351074219,0.0012217304902151227,0.7953465580940247,1.0922271013259888,2025-07-01 17:35:52.620,1751371552620,-7162,-3824,-68,-107,-52,-279
220,2025-07-01 17:35:53.273,2025-07-01 17:35:52.930261,-8.616731643676758,-1.115697979927063,4.331110954284668,-0.5644394755363464,1.313360333442688,-0.1062905490398407,2025-07-01 17:35:52.967,1751371552967,-7480,-4193,-511,-119,755,-529
221,2025-07-01 17:35:53.491,2025-07-01 17:35:53.130001,-6.48828649520874,-5.5329999923706055,5.106832027435303,0.5424483418464661,-0.05253441259264946,-0.7147123217582703,2025-07-01 17:35:53.152,1751371553152,-7092,-4028,-644,303,230,-232
222,2025-07-01 17:35:53.566,2025-07-01 17:35:53.230253,-5.396530628204346,-5.7772088050842285,4.592078685760498,0.9040805697441101,-0.5155702829360962,-0.33719760179519653,2025-07-01 17:35:53.237,1751371553237,-7286,-4445,-792,-47,33,-857
223,2025-07-01 17:35:53.765,2025-07-01 17:35:53.430201,-4.1874589920043945,-3.818751811981201,6.248866558074951,0.6304129362106323,-1.0702359676361084,-0.27977627515792847,2025-07-01 17:35:53.442,1751371553442,-6975,-4592,-194,223,-508,-1027
224,2025-07-01 17:35:53.872,2025-07-01 17:35:53.530286,-3.8522706031799316,-1.3431471586227417,8.633491516113281,1.6139060258865356,-0.3982841372489929,-0.34086281061172485,2025-07-01 17:35:53.502,1751371553502,-6967,-4927,-307,792,-517,-573
225,2025-07-01 17:35:54.165,2025-07-01 17:35:53.730299,-3.6727054119110107,-2.829946517944336,8.02536392211914,-0.19303341209888458,-0.4605923891067505,-0.10262536257505417,2025-07-01 17:35:53.695,1751371553695,-6951,-4898,-92,1051,-357,-136
226,2025-07-01 17:35:54.261,2025-07-01 17:35:53.929671,-3.3231520652770996,-1.0295066833496094,8.501810073852539,0.2993239760398865,-0.039095375686883926,-0.16371189057826996,2025-07-01 17:35:53.954,1751371553954,-6798,-4537,622,576,-210,218
227,2025-07-01 17:35:54.564,2025-07-01 17:35:54.230314,-1.920149803161621,6.232107162475586,11.133037567138672,0.8491026759147644,-0.030543262138962746,0.04153883829712868,2025-07-01 17:35:54.221,1751371554221,-6854,-4630,626,297,21,270
228,2025-07-01 17:35:54.664,2025-07-01 17:35:54.330105,-4.99669885635376,4.752490520477295,9.514557838439941,-3.4379496574401855,0.8967501521110535,0.09651670604944229,2025-07-01 17:35:54.320,1751371554320,-7183,-4430,498,184,-295,139
229,2025-07-01 17:35:54.764,2025-07-01 17:35:54.429909,-3.028665065765381,-6.052541732788086,5.394136428833008,-2.8148670196533203,-1.0751228332519531,0.2076941877603531,2025-07-01 17:35:54.399,1751371554399,-7248,-4443,505,-20,66,-35
230,2025-07-01 17:35:54.868,2025-07-01 17:35:54.529993,-3.667917013168335,-5.961562156677246,9.066842079162598,-0.5619960427284241,0.14905111491680145,0.44226643443107605,2025-07-01 17:35:54.494,1751371554494,-7243,-4321,699,17,-330,41
231,2025-07-01 17:35:54.968,2025-07-01 17:35:54.630133,-2.985569477081299,0.14604631066322327,7.333439826965332,3.9034290313720703,-0.6633996367454529,-0.856433093547821,2025-07-01 17:35:54.602,1751371554602,-7075,-4456,886,-86,268,351
232,2025-07-01 17:35:55.184,2025-07-01 17:35:54.829354,-3.7684733867645264,6.023811340332031,9.045293807983398,-1.2131783962249756,1.3292428255081177,-0.10018189996480942,2025-07-01 17:35:54.849,1751371554849,-7253,-4356,1114,321,26,-84
233,2025-07-01 17:35:55.272,2025-07-01 17:35:54.930256,-5.193023681640625,1.4915876388549805,4.522646903991699,-5.595525741577148,-0.9162978529930115,0.26145032048225403,2025-07-01 17:35:54.951,1751371554951,-7116,-4275,1055,23,-286,-274
234,2025-07-01 17:35:55.359,2025-07-01 17:35:55.030031,-1.0271124839782715,-3.026270866394043,7.711723804473877,0.5241223573684692,-0.2736676335334778,-0.29565876722335815,2025-07-01 17:35:55.048,1751371555048,-7062,-4413,693,257,281,-7
235,2025-07-01 17:35:55.559,2025-07-01 17:35:55.230232,-0.7230489253997803,2.492363929748535,10.977415084838867,3.497814416885376,-0.21991148591041565,0.19914206862449646,2025-07-01 17:35:55.234,1751371555234,-7148,-4022,652,323,218,130
236,2025-07-01 17:35:55.673,2025-07-01 17:35:55.330065,-2.011129379272461,6.366182327270508,10.828974723815918,-0.5949827432632446,1.037249207496643,-0.24923302233219147,2025-07-01 17:35:55.320,1751371555320,-7482,-4049,894,13,-39,100
237,2025-07-01 17:35:55.759,2025-07-01 17:35:55.430290,-5.34625244140625,2.9065608978271484,5.669469833374023,-4.7415361404418945,-0.4043927788734436,0.29077184200286865,2025-07-01 17:35:55.400,1751371555400,-7488,-4009,1122,256,2,315
238,2025-07-01 17:35:55.868,2025-07-01 17:35:55.529962,-1.889025092124939,-5.564124584197998,7.508216381072998,-0.5558874011039734,-0.6621779203414917,0.024434609338641167,2025-07-01 17:35:55.525,1751371555525,-7159,-4076,1068,42,17,-129
239,2025-07-01 17:35:55.981,2025-07-01 17:35:55.630133,-3.869029998779297,-0.44771572947502136,7.996633529663086,1.6615535020828247,0.6096435189247131,-0.2919935882091522,2025-07-01 17:35:55.592,1751371555592,-7153,-4094,710,19,-114,86
240,2025-07-01 17:35:56.188,2025-07-01 17:35:55.830211,-2.190694570541382,1.3239935636520386,8.779537200927734,-0.4080579876899719,0.0806342139840126,0.08307767659425735,2025-07-01 17:35:55.847,1751371555847,-7501,-4161,1055,-52,15,364
241,2025-07-01 17:35:56.259,2025-07-01 17:35:55.933007,-2.190694570541382,1.3239935636520386,8.779537200927734,-0.4080579876899719,0.0806342139840126,0.08307767659425735,2025-07-01 17:35:55.930,1751371555930,-7539,-4127,1054,-1,52,331
242,2025-07-01 17:35:56.363,2025-07-01 17:35:56.029701,-3.5170822143554688,-0.7709329724311829,8.192957878112793,-0.09285151958465576,-0.03787364438176155,-0.36163222789764404,2025-07-01 17:35:56.030,1751371556030,-7329,-3582,1072,144,-61,499
243,2025-07-01 17:35:56.476,2025-07-01 17:35:56.130005,-3.909731388092041,-0.07900865375995636,8.53532886505127,0.21135938167572021,0.2382374405860901,-0.40072759985923767,2025-07-01 17:35:56.113,1751371556113,-7703,-3537,652,211,589,598
244,2025-07-01 17:35:56.562,2025-07-01 17:35:56.230206,-3.4835634231567383,-1.0055646896362305,8.53532886505127,-0.1661553531885147,0.10751228034496307,0.14294247329235077,2025-07-01 17:35:56.219,1751371556219,-7161,-4168,1031,-4,-305,309
245,2025-07-01 17:35:56.689,2025-07-01 17:35:56.329987,-4.003105163574219,-1.5107412338256836,9.174580574035645,-0.4239404797554016,0.1771509200334549,0.10995574295520782,2025-07-01 17:35:56.297,1751371556297,-7143,-4353,1144,579,-140,-571
246,2025-07-01 17:35:56.762,2025-07-01 17:35:56.430153,-4.072536945343018,-1.6065093278884888,8.774748802185059,-0.05375614017248154,0.1258382350206375,-0.05375614017248154,2025-07-01 17:35:56.398,1751371556398,-7468,-3752,1501,819,-805,-328
247,2025-07-01 17:35:56.985,2025-07-01 17:35:56.629829,-4.170699596405029,-1.6950948238372803,8.863334655761719,-0.22479841113090515,0.042760565876960754,-0.23579397797584534,2025-07-01 17:35:56.647,1751371556647,-7305,-3065,1131,-1055,2231,1202
248,2025-07-01 17:35:57.059,2025-07-01 17:35:56.730255,-4.156333923339844,-1.5179238319396973,8.729259490966797,-0.09529497474431992,-0.025656340643763542,-0.15271630883216858,2025-07-01 17:35:56.748,1751371556748,-7668,-2997,-306,-1401,1424,929
249,2025-07-01 17:35:57.359,2025-07-01 17:35:57.031177,-4.0964789390563965,-1.6615760326385498,8.734047889709473,0.06352998316287994,0.045204028487205505,0.0354301854968071,2025-07-01 17:35:57.014,1751371557014,-7941,-3194,-379,-1180,1509,1072
250,2025-07-01 17:35:57.469,2025-07-01 17:35:57.129785,-3.869029998779297,-1.8100165128707886,8.65982723236084,-0.06475171446800232,0.036651913076639175,0.02687807008624077,2025-07-01 17:35:57.094,1751371557094,-8004,-2956,-151,-922,1477,754
251,2025-07-01 17:35:57.559,2025-07-01 17:35:57.230323,-4.364629745483398,-1.802833914756775,8.71489429473877,-0.06108652427792549,0.030543262138962746,0.009773843921720982,2025-07-01 17:35:57.194,1751371557194,-7615,-2950,-554,-876,1448,1121
252,2025-07-01 17:35:57.660,2025-07-01 17:35:57.329362,-4.271255970001221,-1.8818424940109253,8.633491516113281,0.04642575979232788,0.012217304669320583,0.010995574295520782,2025-07-01 17:35:57.313,1751371557313,-8246,-2602,-607,3966,-1012,4100
253,2025-07-01 17:35:57.859,2025-07-01 17:35:57.530253,-3.9384617805480957,-2.1571757793426514,8.564059257507324,0.1258382350206375,-0.0354301854968071,0.02932153269648552,2025-07-01 17:35:57.557,1751371557557,-8103,592,-35,-8350,-1837,-7467
254,2025-07-01 17:35:57.974,2025-07-01 17:35:57.629874,-4.213795185089111,-1.9081788063049316,8.712499618530273,0.015882495790719986,-0.02687807008624077,0.028099801391363144,2025-07-01 17:35:57.645,1751371557645,-7992,-924,-58,-5496,-2057,2901
255,2025-07-01 17:35:58.059,2025-07-01 17:35:57.730405,-4.168305397033691,-1.8626888990402222,8.616731643676758,-0.02932153269648552,0.02076941914856434,0.024434609338641167,2025-07-01 17:35:57.744,1751371557744,-8278,-791,-316,-5079,5900,1790
256,2025-07-01 17:35:58.161,2025-07-01 17:35:57.830259,-4.311957359313965,-1.37906014919281,8.810662269592285,-0.025656340643763542,0.03298672288656235,0.042760565876960754,2025-07-01 17:35:57.828,1751371557828,-7869,-863,-844,4111,-1061,-1746
257,2025-07-01 17:35:58.259,2025-07-01 17:35:57.930144,-4.039018154144287,-2.3319525718688965,8.592789649963379,0.08918632566928864,-0.05742133408784866,0.06230825558304787,2025-07-01 17:35:57.937,1751371557937,-11237,-1342,-1144,4001,-5856,-201
258,2025-07-01 17:35:58.367,2025-07-01 17:35:58.033669,-4.108449935913086,-0.9744400978088379,8.89685344696045,0.3396410644054413,-0.20525072515010834,0.15515977144241333,2025-07-01 17:35:58.023,1751371558023,-8102,-1106,555,1238,-1713,-871
259,2025-07-01 17:35:58.565,2025-07-01 17:35:58.230329,-3.9911341667175293,-2.070984363555908,7.484274387359619,0.16371189057826996,-0.1160643994808197,0.22479841113090515,2025-07-01 17:35:58.213,1751371558213,-8159,-1656,1167,15,-2364,-1457
260,2025-07-01 17:35:58.673,2025-07-01 17:35:58.330316,-4.2951979637146,-0.37828385829925537,8.707711219787598,2.1001546382904053,0.13927727937698364,0.05619960278272629,2025-07-01 17:35:58.365,1751371558365,-8202,-1453,1860,-269,-1590,-1363
261,2025-07-01 17:35:58.781,2025-07-01 17:35:58.430311,-3.603273630142212,2.140416383743286,8.676587104797363,0.856433093547821,-0.30543261766433716,0.028099801391363144,2025-07-01 17:35:58.458,1751371558458,-7993,-2109,2421,-505,-679,-854
262,2025-07-01 17:35:58.868,2025-07-01 17:35:58.530627,-3.3877954483032227,1.8195933103561401,9.277531623840332,0.22357667982578278,-0.00733038317412138,0.18325957655906677,2025-07-01 17:35:58.541,1751371558541,-8017,-2381,2635,-543,-450,-818
263,2025-07-01 17:35:59.059,2025-07-01 17:35:58.729846,-3.3231520652770996,2.537853717803955,8.674192428588867,-0.8552113175392151,-0.08185594528913498,0.10384709388017654,2025-07-01 17:35:58.729,1751371558729,-8011,-2628,2680,-198,-583,-847
264,2025-07-01 17:35:59.266,2025-07-01 17:35:58.830001,-3.2393548488616943,0.950498104095459,9.770736694335938,-1.0030407905578613,-0.1160643994808197,-0.03176499158143997,2025-07-01 17:35:58.821,1751371558821,-7606,-2480,2591,-167,67,-771
265,2025-07-01 17:35:59.460,2025-07-01 17:35:59.130091,-3.883395195007324,-1.5131354331970215,9.931148529052734,0.5424483418464661,0.12095131725072861,-0.38606682419776917,2025-07-01 17:35:59.167,1751371559167,-8064,-2612,1920,114,513,289
266,2025-07-01 17:35:59.672,2025-07-01 17:35:59.329866,-2.6168625354766846,-1.8124107122421265,7.204153060913086,-1.2388347387313843,-0.304210901260376,0.47280970215797424,2025-07-01 17:35:59.356,1751371559356,-7814,-2684,1940,45,-63,120
267,2025-07-01 17:35:59.765,2025-07-01 17:35:59.431770,-2.2409727573394775,-6.627150535583496,7.508216381072998,-1.9242255687713623,-0.039095375686883926,0.07330382615327835,2025-07-01 17:35:59.464,1751371559464,-8047,-2667,1977,258,-26,-116
268,2025-07-01 17:35:59.969,2025-07-01 17:35:59.630606,-3.9480385780334473,7.594407558441162,8.518569946289062,3.562566041946411,-0.14294247329235077,-0.41661009192466736,2025-07-01 17:35:59.622,1751371559622,-7977,-2226,2013,-25,-102,-76
269,2025-07-01 17:36:00.062,2025-07-01 17:35:59.729450,-3.620033025741577,1.7597382068634033,10.515334129333496,-0.6316346526145935,0.19425514340400696,0.3237585723400116,2025-07-01 17:35:59.711,1751371559711,-8031,-2632,1924,80,378,63
270,2025-07-01 17:36:00.461,2025-07-01 17:36:00.129985,-3.9432501792907715,-3.383007049560547,8.834604263305664,2.976135492324829,0.05864306539297104,0.18081611394882202,2025-07-01 17:36:00.089,1751371560089,-7822,-2294,2088,-361,-101,-114
271,2025-07-01 17:36:00.560,2025-07-01 17:36:00.231365,-3.1052796840667725,5.9088897705078125,8.35336971282959,5.375614166259766,0.018325956538319588,-0.7391469478607178,2025-07-01 17:36:00.269,1751371560269,-8021,-2599,1896,-330,208,-300
272,2025-07-01 17:36:00.670,2025-07-01 17:36:00.329843,-3.2848446369171143,2.31758713722229,9.576807022094727,-0.9639453291893005,-0.11362093687057495,0.24068090319633484,2025-07-01 17:36:00.336,1751371560336,-8039,-2617,1866,-322,246,-335
273,2025-07-01 17:36:00.860,2025-07-01 17:36:00.529822,-2.896984100341797,1.1563993692398071,8.197746276855469,-3.1679470539093018,-0.3494149148464203,-0.07330382615327835,2025-07-01 17:36:00.522,1751371560522,-7864,-2607,1674,-97,-49,64
274,2025-07-01 17:36:01.361,2025-07-01 17:36:01.035678,-2.5019407272338867,6.009446144104004,8.712499618530273,-0.29077184200286865,-0.1270599663257599,-0.27000242471694946,2025-07-01 17:36:01.005,1751371561005,-7831,-2313,1622,-274,280,-128
275,2025-07-01 17:36:01.460,2025-07-01 17:36:01.129803,-2.7724854946136475,3.1316158771514893,10.038887977600098,-0.5106833577156067,0.5351179838180542,-0.4715879559516907,2025-07-01 17:36:01.114,1751371561114,-8056,-2255,1866,64,-364,100
276,2025-07-01 17:36:01.659,2025-07-01 17:36:01.331137,-2.3702597618103027,0.2322375625371933,5.700594425201416,-2.9101619720458984,0.7684684991836548,-0.36651915311813354,2025-07-01 17:36:01.351,1751371561351,-7899,-2586,1917,124,111,67
277,2025-07-01 17:36:01.759,2025-07-01 17:36:01.430869,-3.7660791873931885,-5.214571475982666,3.648763418197632,-3.2534682750701904,0.6243042945861816,-0.43127086758613586,2025-07-01 17:36:01.460,1751371561460,-7889,-2423,1735,-33,-11,222
278,2025-07-01 17:36:01.859,2025-07-01 17:36:01.534979,-4.364629745483398,-7.486668586730957,3.4380736351013184,-0.9431759119033813,-0.2577851414680481,-1.4049900770187378,2025-07-01 17:36:01.518,1751371561518,-7975,-2324,1898,-74,255,617
279,2025-07-01 17:36:02.059,2025-07-01 17:36:01.829313,0.26575639843940735,-10.32858657836914,6.962338447570801,0.39095374941825867,-0.4789183437824249,-0.34086281061172485,2025-07-01 17:36:01.792,1751371561792,-7900,-2339,1298,-340,8,-139
280,2025-07-01 17:36:02.274,2025-07-01 17:36:01.932178,1.4484920501708984,-10.927136421203613,11.319786071777344,1.370781660079956,-0.018325956538319588,0.009773843921720982,2025-07-01 17:36:01.963,1751371561963,-8224,-2360,1242,-319,-350,29
281,2025-07-01 17:36:02.363,2025-07-01 17:36:02.030861,0.2992752194404602,-5.849034786224365,7.843404769897461,1.4367550611495972,0.02687807008624077,-0.11239920556545258,2025-07-01 17:36:02.058,1751371562058,-8072,-1966,1580,-280,-307,29
282,2025-07-01 17:36:02.461,2025-07-01 17:36:02.132389,1.800439715385437,-5.295974254608154,8.226476669311523,0.5791002511978149,0.3066543638706207,0.04153883829712868,2025-07-01 17:36:02.145,1751371562145,-8290,-1672,1596,89,-3,542
283,2025-07-01 17:36:02.560,2025-07-01 17:36:02.231111,-2.3989901542663574,-12.60547161102295,5.475539207458496,-7.2680745124816895,2.3164010047912598,1.320690631866455,2025-07-01 17:36:02.242,1751371562242,-8305,-1827,1265,107,369,-21
284,2025-07-01 17:36:02.659,2025-07-01 17:36:02.332789,-2.3989901542663574,-12.60547161102295,5.475539207458496,-7.2680745124816895,2.3164010047912598,1.320690631866455,2025-07-01 17:36:02.331,1751371562331,-7933,-1705,1207,-541,132,-396
285,2025-07-01 17:36:02.760,2025-07-01 17:36:02.430943,-5.3582234382629395,-8.614337921142578,3.1004912853240967,0.1918116807937622,-0.6279694437980652,1.1349875926971436,2025-07-01 17:36:02.414,1751371562414,-7909,-2174,1062,-1045,1139,-1350
286,2025-07-01 17:36:02.959,2025-07-01 17:36:02.632216,-4.4508209228515625,-7.043741226196289,3.801992416381836,0.2370157092809677,0.19425514340400696,-0.006108652334660292,2025-07-01 17:36:02.608,1751371562608,-7894,-2643,495,-453,515,-1077
287,2025-07-01 17:36:03.059,2025-07-01 17:36:02.730413,-4.970362663269043,-6.964732646942139,4.256890773773193,1.2412781715393066,0.0806342139840126,-0.18814650177955627,2025-07-01 17:36:02.693,1751371562693,-7837,-2754,390,-217,-273,-646
288,2025-07-01 17:36:03.183,2025-07-01 17:36:02.835694,-5.2265424728393555,-5.882553577423096,5.719748020172119,1.987755537033081,0.021991148591041565,-0.13805554807186127,2025-07-01 17:36:02.858,1751371562858,-7663,-3029,1126,525,-932,-701
289,2025-07-01 17:36:03.259,2025-07-01 17:36:02.931564,-4.67827033996582,-7.182605266571045,6.4164605140686035,0.02687807008624077,-0.2321287989616394,-0.010995574295520782,2025-07-01 17:36:02.954,1751371562954,-7639,-3008,1233,248,-1287,-602
290,2025-07-01 17:36:03.477,2025-07-01 17:36:03.131974,-3.7181951999664307,-8.157045364379883,6.160281181335449,-0.5534439086914062,0.0757472887635231,0.608421802520752,2025-07-01 17:36:03.133,1751371563133,-7792,-3103,1422,517,-137,-326
291,2025-07-01 17:36:03.559,2025-07-01 17:36:03.232719,-5.568912982940674,-6.2392897605896,6.265625953674316,0.2626720666885376,0.3127630054950714,1.3329079151153564,2025-07-01 17:36:03.249,1751371563249,-7561,-3120,1015,-503,787,483
292,2025-07-01 17:36:03.771,2025-07-01 17:36:03.435272,-6.291962146759033,-3.840299606323242,5.233725070953369,-0.18570303916931152,0.1111774742603302,1.480737328529358,2025-07-01 17:36:03.429,1751371563429,-7827,-2939,1089,-431,-27,323
293,2025-07-01 17:36:04.175,2025-07-01 17:36:03.831724,-8.674192428588867,-1.9800047874450684,5.386953830718994,0.4789183437824249,-0.07941248267889023,0.6096435189247131,2025-07-01 17:36:03.859,1751371563859,-7918,-2031,578,306,834,533
294,2025-07-01 17:36:04.259,2025-07-01 17:36:03.930942,-7.826645374298096,-1.1659762859344482,5.260061264038086,0.5619960427284241,-0.14049901068210602,0.5644394755363464,2025-07-01 17:36:03.941,1751371563941,-8283,-2403,552,-321,349,380
295,2025-07-01 17:36:04.366,2025-07-01 17:36:04.031354,-7.690176010131836,-0.2801215946674347,5.770026206970215,0.6426302194595337,-0.1466076523065567,0.3689626157283783,2025-07-01 17:36:04.040,1751371564040,-8307,-2327,600,-19,-106,534
296,2025-07-01 17:36:04.459,2025-07-01 17:36:04.131630,-7.812280178070068,0.1364694982767105,6.016628742218018,0.5607742667198181,0.01710422709584236,0.27611109614372253,2025-07-01 17:36:04.121,1751371564121,-8219,-2139,605,129,-123,140
297,2025-07-01 17:36:04.667,2025-07-01 17:36:04.332012,-8.183381080627441,0.6272808313369751,5.3797712326049805,0.5766568183898926,0.05497787147760391,0.0757472887635231,2025-07-01 17:36:04.306,1751371564306,-8295,-2089,560,-17,-61,97
298,2025-07-01 17:36:04.884,2025-07-01 17:36:04.531712,-8.037335395812988,0.7326257228851318,5.669469833374023,0.19303341209888458,0.045204028487205505,0.0012217304902151227,2025-07-01 17:36:04.569,1751371564569,-8292,-1712,521,-199,60,-122
299,2025-07-01 17:36:05.072,2025-07-01 17:36:04.731393,-8.221688270568848,1.5203180313110352,5.427655220031738,0.2834414839744568,0.10751228034496307,0.01466076634824276,2025-07-01 17:36:04.754,1751371564754,-8314,-2063,565,-6,-16,-72
300,2025-07-01 17:36:05.161,2025-07-01 17:36:04.834363,-8.166622161865234,1.86508309841156,4.9152960777282715,0.3274237811565399,0.13805554807186127,-0.02076941914856434,2025-07-01 17:36:04.856,1751371564856,-8111,-1665,241,-1,315,206
301,2025-07-01 17:36:05.264,2025-07-01 17:36:04.929610,-8.195352554321289,1.656787633895874,5.070919036865234,0.2382374405860901,0.06475171446800232,-0.025656340643763542,2025-07-01 17:36:04.941,1751371564941,-8299,-1726,557,-119,-88,326
302,2025-07-01 17:36:05.365,2025-07-01 17:36:05.030573,-8.121131896972656,2.499546527862549,4.9799394607543945,0.2871066629886627,0.06719517707824707,-0.012217304669320583,2025-07-01 17:36:05.040,1751371565040,-8302,-1906,532,211,295,302
303,2025-07-01 17:36:05.466,2025-07-01 17:36:05.132024,-8.279149055480957,1.9273324012756348,4.817133903503418,0.2626720666885376,0.04398229718208313,0.013439035043120384,2025-07-01 17:36:05.135,1751371565135,-8114,-1865,238,622,315,-67
304,2025-07-01 17:36:05.559,2025-07-01 17:36:05.231119,-7.970297336578369,2.1284453868865967,4.424484729766846,0.17592918872833252,0.08552113175392151,0.04398229718208313,2025-07-01 17:36:05.205,1751371565205,-8097,-1830,230,234,52,-378
305,2025-07-01 17:36:05.663,2025-07-01 17:36:05.332181,-7.970297336578369,2.1284453868865967,4.424484729766846,0.17592918872833252,0.08552113175392151,0.04398229718208313,2025-07-01 17:36:05.294,1751371565294,-8084,-1917,526,176,30,-342
306,2025-07-01 17:36:06.061,2025-07-01 17:36:05.738193,-8.42040729522705,3.0550012588500977,4.122815132141113,0.17470745742321014,-0.01710422709584236,0.00733038317412138,2025-07-01 17:36:05.746,1751371565746,-8105,-1723,444,625,-71,-289
307,2025-07-01 17:36:06.159,2025-07-01 17:36:05.832311,-8.362946510314941,2.784456491470337,4.323928356170654,0.2076941877603531,0.00733038317412138,0.05497787147760391,2025-07-01 17:36:05.836,1751371565836,-8274,-2086,489,175,-22,-230
308,2025-07-01 17:36:06.259,2025-07-01 17:36:05.932613,-8.243236541748047,3.1890766620635986,4.043806552886963,0.16249015927314758,0.00733038317412138,0.04398229718208313,2025-07-01 17:36:05.949,1751371565949,-8307,-2095,431,378,-4,-569
309,2025-07-01 17:36:06.374,2025-07-01 17:36:06.029810,-8.133103370666504,3.318363666534424,3.8546648025512695,0.05009094998240471,-0.00855211354792118,0.024434609338641167,2025-07-01 17:36:06.015,1751371566015,-8308,-2118,435,322,-38,-574
310,2025-07-01 17:36:06.463,2025-07-01 17:36:06.132678,-8.20732307434082,3.1100680828094482,4.017470359802246,-0.028099801391363144,0.009773843921720982,0.05497787147760391,2025-07-01 17:36:06.101,1751371566101,-8275,-2161,426,-7,-87,-583
311,2025-07-01 17:36:06.585,2025-07-01 17:36:06.232525,-8.255207061767578,3.2776620388031006,4.048594951629639,0.02687807008624077,0.013439035043120384,0.02321287989616394,2025-07-01 17:36:06.200,1751371566200,-8211,-2317,445,-100,96,-584
312,2025-07-01 17:36:06.881,2025-07-01 17:36:06.532573,-8.20732307434082,3.464409828186035,3.883395195007324,0.0659734457731247,0.015882495790719986,0.03420845419168472,2025-07-01 17:36:06.551,1751371566551,-7935,-2580,801,98,31,-189
313,2025-07-01 17:36:06.959,2025-07-01 17:36:06.629511,-8.056488990783691,3.9600095748901367,3.8522706031799316,0.021991148591041565,-0.024434609338641167,0.0659734457731247,2025-07-01 17:36:06.650,1751371566650,-7888,-2611,826,86,24,-161
314,2025-07-01 17:36:07.077,2025-07-01 17:36:06.729165,-8.063671112060547,3.734954595565796,3.8953661918640137,0.0012217304902151227,-0.00366519158706069,0.02932153269648552,2025-07-01 17:36:06.731,1751371566731,-7898,-2682,853,15,29,-136
315,2025-07-01 17:36:07.159,2025-07-01 17:36:06.831918,-8.24084186553955,3.3710360527038574,3.952826976776123,0.02932153269648552,0.01466076634824276,0.04153883829712868,2025-07-01 17:36:06.821,1751371566821,-7857,-2436,852,-121,34,-149
316,2025-07-01 17:36:07.265,2025-07-01 17:36:06.933151,-8.24084186553955,3.3710360527038574,3.952826976776123,0.02932153269648552,0.01466076634824276,0.04153883829712868,2025-07-01 17:36:06.923,1751371566923,-7872,-2683,863,126,49,-153
317,2025-07-01 17:36:07.382,2025-07-01 17:36:07.032019,-8.094796180725098,3.9049429893493652,4.010287761688232,0.018325956538319588,0.010995574295520782,0.015882495790719986,2025-07-01 17:36:07.015,1751371567015,-7841,-2820,655,3,78,-233
318,2025-07-01 17:36:07.480,2025-07-01 17:36:07.132058,-8.195352554321289,3.821146011352539,3.821146011352539,-0.010995574295520782,0.006108652334660292,-0.00855211354792118,2025-07-01 17:36:07.099,1751371567099,-7866,-2881,666,116,52,-211
319,2025-07-01 17:36:07.959,2025-07-01 17:36:07.632323,-7.9176249504089355,3.737348794937134,4.000710964202881,-0.15271630883216858,-0.06352998316287994,-0.05619960278272629,2025-07-01 17:36:07.630,1751371567630,-8035,-2926,733,-265,109,-277
320,2025-07-01 17:36:08.059,2025-07-01 17:36:07.732187,-8.042123794555664,3.665522813796997,4.242525577545166,-0.1417207419872284,-0.06719517707824707,-0.08185594528913498,2025-07-01 17:36:07.729,1751371567729,-8023,-2714,710,49,-51,99
321,2025-07-01 17:36:08.161,2025-07-01 17:36:07.833749,-8.133103370666504,3.292027235031128,4.3622355461120605,-0.3445279896259308,-0.04153883829712868,-0.05742133408784866,2025-07-01 17:36:07.816,1751371567816,-8032,-2937,699,12,-70,-340
322,2025-07-01 17:36:08.281,2025-07-01 17:36:07.932467,-8.133103370666504,3.292027235031128,4.3622355461120605,-0.3445279896259308,-0.04153883829712868,-0.05742133408784866,2025-07-01 17:36:07.906,1751371567906,-7998,-2794,694,-117,-26,-150
323,2025-07-01 17:36:08.462,2025-07-01 17:36:08.130447,-8.075642585754395,2.655169725418091,4.67827033996582,-0.49846604466438293,-0.1062905490398407,-0.5827654600143433,2025-07-01 17:36:08.092,1751371568092,-7985,-2724,674,-32,272,322
324,2025-07-01 17:36:08.659,2025-07-01 17:36:08.332163,-8.47547435760498,1.4772224426269531,4.987122058868408,-0.5216789245605469,-0.1258382350206375,-0.8210029006004333,2025-07-01 17:36:08.362,1751371568362,-8036,-2224,605,-1966,1074,497
325,2025-07-01 17:36:08.760,2025-07-01 17:36:08.432394,-8.880094528198242,0.5339069962501526,5.092466831207275,-0.750142514705658,-0.12828169763088226,-0.827111542224884,2025-07-01 17:36:08.443,1751371568443,-7935,-2186,35,-2144,1163,141
326,2025-07-01 17:36:08.860,2025-07-01 17:36:08.532615,-8.47547435760498,0.08858546614646912,4.886565685272217,-1.2473868131637573,-0.33108896017074585,-0.8930850028991699,2025-07-01 17:36:08.546,1751371568546,-8262,-2188,-216,-1528,960,137
327,2025-07-01 17:36:08.962,2025-07-01 17:36:08.632613,-7.9415669441223145,-1.4221558570861816,4.778826713562012,-1.8399261236190796,-0.5558874011039734,-1.236391305923462,2025-07-01 17:36:08.626,1751371568626,-8237,-2004,-452,-1033,637,235
328,2025-07-01 17:36:09.066,2025-07-01 17:36:08.732616,-6.287173748016357,-4.390965938568115,4.395754337310791,-1.8460347652435303,-0.7330383062362671,-1.321912407875061,2025-07-01 17:36:08.730,1751371568730,-8209,-2163,-801,-561,251,308
329,2025-07-01 17:36:09.160,2025-07-01 17:36:08.832750,-4.809951305389404,-7.15387487411499,4.596867084503174,-1.225395679473877,-0.6609562039375305,-1.2412781715393066,2025-07-01 17:36:08.807,1751371568807,-8206,-2121,-839,-197,205,-309
330,2025-07-01 17:36:09.260,2025-07-01 17:36:08.934361,-3.406949043273926,-7.7883381843566895,5.889736175537109,-0.04398229718208313,-0.08674286305904388,-0.5485569834709167,2025-07-01 17:36:08.913,1751371568913,-7864,-1940,-863,-374,-69,2
331,2025-07-01 17:36:09.378,2025-07-01 17:36:09.038208,-3.406949043273926,-7.7883381843566895,5.889736175537109,-0.04398229718208313,-0.08674286305904388,-0.5485569834709167,2025-07-01 17:36:09.002,1751371569002,-7899,-1976,-883,108,-79,75
332,2025-07-01 17:36:09.462,2025-07-01 17:36:09.130520,-4.412513732910156,-6.9910688400268555,4.862623691558838,-0.02076941914856434,0.18570303916931152,-0.09651670604944229,2025-07-01 17:36:09.113,1751371569113,-7844,-1967,-667,-42,117,-271
333,2025-07-01 17:36:09.767,2025-07-01 17:36:09.429788,-3.35667085647583,-6.799532890319824,5.664681434631348,0.1014036312699318,-0.05742133408784866,-0.3396410644054413,2025-07-01 17:36:09.444,1751371569444,-7897,-1854,-1048,209,170,492
334,2025-07-01 17:36:09.887,2025-07-01 17:36:09.532614,-2.542642116546631,-6.390124320983887,6.54574728012085,0.3078760802745819,-0.1368338167667389,-0.1966986060142517,2025-07-01 17:36:09.524,1751371569524,-8212,-1651,-1075,279,258,579
335,2025-07-01 17:36:09.966,2025-07-01 17:36:09.633758,-1.7118542194366455,-4.970362663269043,7.275979042053223,0.18448130786418915,0.15515977144241333,-0.2565633952617645,2025-07-01 17:36:09.623,1751371569623,-8230,-1647,-722,-326,92,256
336,2025-07-01 17:36:10.160,2025-07-01 17:36:09.830240,-0.6200982332229614,-7.7428483963012695,7.558494567871094,1.1044443845748901,-0.8552113175392151,-0.8906415104866028,2025-07-01 17:36:09.806,1751371569806,-8208,-1826,-1116,40,-113,-591
337,2025-07-01 17:36:10.286,2025-07-01 17:36:09.934941,-0.6200982332229614,-7.7428483963012695,7.558494567871094,1.1044443845748901,-0.8552113175392151,-0.8906415104866028,2025-07-01 17:36:09.910,1751371569910,-8278,-1708,-1027,134,-342,-530
338,2025-07-01 17:36:10.459,2025-07-01 17:36:10.130188,0.5650315880775452,-5.348646640777588,8.279149055480957,0.32498031854629517,-0.2981022298336029,-0.5204572081565857,2025-07-01 17:36:10.159,1751371570159,-7921,-1985,-426,-362,-805,-129
339,2025-07-01 17:36:10.677,2025-07-01 17:36:10.331052,1.0606313943862915,-9.057265281677246,10.014945983886719,-1.8973474502563477,0.7073819637298584,1.0128145217895508,2025-07-01 17:36:10.338,1751371570338,-8200,-2383,-304,257,-564,-469
340,2025-07-01 17:36:10.765,2025-07-01 17:36:10.430058,-1.2545616626739502,-9.780313491821289,7.3693528175354,-1.891238808631897,0.5949827432632446,1.7348573207855225,2025-07-01 17:36:10.420,1751371570420,-8003,-2239,-377,-329,-390,-1093
341,2025-07-01 17:36:10.884,2025-07-01 17:36:10.530255,-3.2082302570343018,-7.716512203216553,4.1180267333984375,-1.273043155670166,0.3982841372489929,1.8008307218551636,2025-07-01 17:36:10.507,1751371570507,-8045,-2283,-350,-349,-559,-1081
342,2025-07-01 17:36:10.971,2025-07-01 17:36:10.630233,-4.467580318450928,-6.943184852600098,4.2760443687438965,-0.02687807008624077,0.15515977144241333,1.3255776166915894,2025-07-01 17:36:10.635,1751371570635,-7832,-2296,68,57,-356,-160
343,2025-07-01 17:36:11.092,2025-07-01 17:36:10.730766,-5.236119270324707,-5.5545477867126465,4.422090530395508,1.7776178121566772,-0.051312681287527084,0.48747047781944275,2025-07-01 17:36:10.709,1751371570709,-8064,-2650,122,-122,-270,-575
344,2025-07-01 17:36:11.265,2025-07-01 17:36:10.931018,-4.299986362457275,-4.244919776916504,6.335057735443115,1.4208725690841675,-0.3982841372489929,-0.11972958594560623,2025-07-01 17:36:10.971,1751371570971,-7812,-2841,-113,-104,60,-421
345,2025-07-01 17:36:11.461,2025-07-01 17:36:11.130676,-3.845088005065918,-3.7397429943084717,7.548917770385742,0.08552113175392151,-0.37751471996307373,-0.03298672288656235,2025-07-01 17:36:11.152,1751371571152,-7586,-3199,-89,0,-6,-632
346,2025-07-01 17:36:11.571,2025-07-01 17:36:11.230432,-3.1268274784088135,-2.011129379272461,7.970297336578369,0.08674286305904388,-0.4960225820541382,-0.2919935882091522,2025-07-01 17:36:11.234,1751371571234,-7945,-2986,-45,110,59,-241
347,2025-07-01 17:36:11.660,2025-07-01 17:36:11.329954,-3.2968156337738037,-2.561795711517334,8.971074104309082,0.5534439086914062,-0.23457226157188416,0.07941248267889023,2025-07-01 17:36:11.331,1751371571331,-7953,-3030,316,0,-321,17
348,2025-07-01 17:36:11.762,2025-07-01 17:36:11.430805,-3.8331170082092285,-2.030282974243164,8.037335395812988,0.5180137157440186,-0.25045475363731384,-0.02076941914856434,2025-07-01 17:36:11.417,1751371571417,-7616,-3136,-50,-65,363,293
349,2025-07-01 17:36:11.863,2025-07-01 17:36:11.530464,-2.980781078338623,-1.623268723487854,8.640673637390137,0.720820963382721,-0.02321287989616394,-0.12339477986097336,2025-07-01 17:36:11.498,1751371571498,-7577,-3086,126,-99,240,350
350,2025-07-01 17:36:11.969,2025-07-01 17:36:11.632690,-3.201047658920288,-1.723825216293335,8.063671112060547,2.3212878704071045,0.05253441259264946,-0.2626720666885376,2025-07-01 17:36:11.608,1751371571608,-7634,-2940,-317,-282,609,207
351,2025-07-01 17:36:12.165,2025-07-01 17:36:11.829582,-2.1739351749420166,6.921637058258057,10.699687004089355,2.2272145748138428,-0.15760323405265808,-0.2822197377681732,2025-07-01 17:36:11.798,1751371571798,-7974,-2761,-544,-285,174,299
352,2025-07-01 17:36:12.259,2025-07-01 17:36:11.929847,-3.4835634231567383,6.275202751159668,9.138668060302734,-2.5815165042877197,0.6438519954681396,-0.18814650177955627,2025-07-01 17:36:11.950,1751371571950,-7673,-2733,-214,90,269,-63
353,2025-07-01 17:36:12.359,2025-07-01 17:36:12.029682,-3.7014358043670654,-1.6735470294952393,5.4252610206604,-5.517334938049316,-0.7806857824325562,0.2834414839744568,2025-07-01 17:36:12.051,1751371572051,-8004,-2932,-449,-184,532,312
354,2025-07-01 17:36:12.459,2025-07-01 17:36:12.129391,-1.7908629179000854,-2.631227731704712,8.813055992126465,0.9553932547569275,-0.3677408695220947,-0.2785545587539673,2025-07-01 17:36:12.140,1751371572140,-7985,-2839,-440,112,307,126
355,2025-07-01 17:36:12.660,2025-07-01 17:36:12.330064,-1.460463047027588,1.9369091987609863,11.192893028259277,1.7751743793487549,-0.22113321721553802,0.11362093687057495,2025-07-01 17:36:12.354,1751371572354,-8012,-2542,-551,81,-294,107
356,2025-07-01 17:36:12.759,2025-07-01 17:36:12.430331,-1.3670891523361206,5.037400245666504,10.541669845581055,1.0519099235534668,0.3139847218990326,0.0659734457731247,2025-07-01 17:36:12.415,1751371572415,-7799,-2543,-595,-271,-261,-225
357,2025-07-01 17:36:12.866,2025-07-01 17:36:12.530233,-4.891354084014893,4.218583583831787,8.904036521911621,-3.7531561851501465,0.7745771408081055,0.27122417092323303,2025-07-01 17:36:12.536,1751371572536,-7999,-2768,-587,-539,121,-524
358,2025-07-01 17:36:12.982,2025-07-01 17:36:12.630764,-2.717418909072876,-5.039794445037842,5.8657941818237305,-2.372600555419922,-1.026253581047058,0.10873401165008545,2025-07-01 17:36:12.615,1751371572615,-7646,-2703,-500,55,383,113
359,2025-07-01 17:36:13.059,2025-07-01 17:36:12.730068,-3.5027170181274414,-3.4141316413879395,11.30063247680664,0.3738495409488678,0.7513642311096191,0.4544837474822998,2025-07-01 17:36:12.758,1751371572758,-7944,-2849,-834,-118,264,-53
360,2025-07-01 17:36:13.175,2025-07-01 17:36:12.830325,-1.4484920501708984,2.4684219360351562,7.620744228363037,3.0335566997528076,-0.7684684991836548,-0.7831292152404785,2025-07-01 17:36:12.849,1751371572849,-7970,-2856,-831,-107,-101,-126
361,2025-07-01 17:36:13.259,2025-07-01 17:36:12.930654,-2.2002713680267334,6.528987884521484,11.84650993347168,2.9578094482421875,0.46181413531303406,-0.25534167885780334,2025-07-01 17:36:12.937,1751371572937,-7804,-2835,-577,-10,-372,-290
362,2025-07-01 17:36:13.365,2025-07-01 17:36:13.030329,-3.620033025741577,4.568136692047119,9.701305389404297,-1.6945401430130005,1.0519099235534668,-0.11850785464048386,2025-07-01 17:36:13.030,1751371573030,-7672,-3080,-600,-341,-172,-578
363,2025-07-01 17:36:13.462,2025-07-01 17:36:13.131921,-4.819528102874756,-0.6512228846549988,5.571307182312012,-4.94189977645874,-0.6035348773002625,0.21502456068992615,2025-07-01 17:36:13.138,1751371573138,-7677,-2751,-569,345,-71,262
364,2025-07-01 17:36:13.568,2025-07-01 17:36:13.230361,-2.2601263523101807,-4.613626480102539,7.807491779327393,0.3078760802745819,-0.46181413531303406,-0.0012217304902151227,2025-07-01 17:36:13.220,1751371573220,-7668,-2555,-616,139,360,342
365,2025-07-01 17:36:13.760,2025-07-01 17:36:13.429858,-2.276885747909546,-0.3064578175544739,8.81784439086914,0.608421802520752,-0.1514945775270462,0.43615779280662537,2025-07-01 17:36:13.406,1751371573406,-8060,-2909,-622,13,46,-19
366,2025-07-01 17:36:13.864,2025-07-01 17:36:13.530171,-3.426102638244629,1.0893617868423462,8.609549522399902,0.12217304855585098,0.0024434609804302454,0.10018189996480942,2025-07-01 17:36:13.536,1751371573536,-7996,-2473,-545,-24,81,383
367,2025-07-01 17:36:14.066,2025-07-01 17:36:13.729938,-3.5936968326568604,-1.7190368175506592,8.245630264282227,-0.2174680233001709,0.5180137157440186,0.2736676335334778,2025-07-01 17:36:13.758,1751371573758,-8030,-2535,-434,3,-1,106
368,2025-07-01 17:36:14.159,2025-07-01 17:36:13.830030,-4.170699596405029,3.581725835800171,10.220847129821777,1.1582005023956299,0.30054569244384766,0.14049901068210602,2025-07-01 17:36:13.845,1751371573845,-7792,-2624,-427,321,138,323
369,2025-07-01 17:36:14.263,2025-07-01 17:36:13.929935,-4.20421838760376,1.216254472732544,9.210494041442871,0.3579670190811157,0.16493362188339233,-0.12339477986097336,2025-07-01 17:36:13.926,1751371573926,-7870,-2685,-504,-320,-77,-279
370,2025-07-01 17:36:14.361,2025-07-01 17:36:14.030211,-3.641580820083618,1.6711528301239014,7.924807548522949,0.08674286305904388,0.11484266817569733,-0.12339477986097336,2025-07-01 17:36:14.022,1751371574022,-7809,-2460,-628,186,21,-259
371,2025-07-01 17:36:14.459,2025-07-01 17:36:14.130159,-3.2345664501190186,0.7781155705451965,8.039729118347168,0.1014036312699318,0.05375614017248154,-0.2883284091949463,2025-07-01 17:36:14.109,1751371574109,-7671,-2254,-561,850,301,-518
372,2025-07-01 17:36:14.560,2025-07-01 17:36:14.230370,-4.565742492675781,-0.06464344263076782,8.238448143005371,-1.5454890727996826,-0.14782938361167908,-0.394618958234787,2025-07-01 17:36:14.209,1751371574209,-7614,-2287,-449,-141,168,-477
373,2025-07-01 17:36:14.659,2025-07-01 17:36:14.330345,-3.9408559799194336,-2.561795711517334,10.409989356994629,-0.9993755221366882,0.21991148591041565,-0.42271876335144043,2025-07-01 17:36:14.304,1751371574304,-7651,-2707,-499,-952,178,-1367
374,2025-07-01 17:36:14.764,2025-07-01 17:36:14.429918,-5.7556610107421875,-0.9289502501487732,9.806650161743164,0.34208452701568604,0.251676470041275,-0.1160643994808197,2025-07-01 17:36:14.392,1751371574392,-7640,-3114,-492,-1582,-46,-1827
375,2025-07-01 17:36:14.959,2025-07-01 17:36:14.630394,-5.394136428833008,-2.456450939178467,8.89445972442627,0.24190263450145721,-0.05864306539297104,0.3066543638706207,2025-07-01 17:36:14.657,1751371574657,-7428,-3808,-1081,-282,-253,-732
376,2025-07-01 17:36:15.063,2025-07-01 17:36:14.731493,-5.317522048950195,-0.8451532125473022,7.845798969268799,1.301142930984497,-0.2370157092809677,0.3384193480014801,2025-07-01 17:36:14.744,1751371574744,-7459,-3819,-765,-65,-637,-376
377,2025-07-01 17:36:15.159,2025-07-01 17:36:14.830439,-4.1156325340271,0.8092401623725891,7.6782050132751465,0.4605923891067505,-0.618195652961731,0.05253441259264946,2025-07-01 17:36:14.835,1751371574835,-7441,-3779,-861,517,-600,339
378,2025-07-01 17:36:15.259,2025-07-01 17:36:14.930297,-2.140416383743286,2.0254945755004883,8.20732307434082,0.5644394755363464,-0.5766568183898926,-0.22846360504627228,2025-07-01 17:36:14.946,1751371574946,-7522,-3921,-631,769,-167,509
379,2025-07-01 17:36:15.365,2025-07-01 17:36:15.029973,-2.5761611461639404,1.764526605606079,8.777143478393555,0.24068090319633484,-0.3591887652873993,-0.11484266817569733,2025-07-01 17:36:15.008,1751371575008,-7522,-3879,-587,804,-174,807
380,2025-07-01 17:36:15.462,2025-07-01 17:36:15.129447,-2.585737943649292,2.4636335372924805,9.528923034667969,0.28588494658470154,-0.3396410644054413,0.05497787147760391,2025-07-01 17:36:15.123,1751371575123,-7331,-3604,-576,119,360,597
381,2025-07-01 17:36:15.661,2025-07-01 17:36:15.330461,-2.9161376953125,2.604891538619995,8.973467826843262,-0.6768386960029602,-0.010995574295520782,-0.0354301854968071,2025-07-01 17:36:15.305,1751371575305,-7750,-3423,-415,-91,142,707
382,2025-07-01 17:36:15.780,2025-07-01 17:36:15.430536,-2.6647465229034424,1.800439715385437,9.368511199951172,-0.22113321721553802,-0.06352998316287994,-0.03176499158143997,2025-07-01 17:36:15.459,1751371575459,-7602,-3104,-785,-53,251,923
383,2025-07-01 17:36:16.066,2025-07-01 17:36:15.738598,-2.1164743900299072,2.454056739807129,9.172186851501465,0.1820378452539444,-0.1160643994808197,0.051312681287527084,2025-07-01 17:36:15.753,1751371575753,-8022,-2588,-505,-257,-292,158
384,2025-07-01 17:36:16.168,2025-07-01 17:36:15.829374,-2.470816135406494,2.5306711196899414,10.012551307678223,-1.4062118530273438,0.04642575979232788,0.34697145223617554,2025-07-01 17:36:15.838,1751371575838,-7969,-2627,-777,-357,-27,258
385,2025-07-01 17:36:16.266,2025-07-01 17:36:15.929920,-2.2026655673980713,-1.3048399686813354,9.402029991149902,-1.595579981803894,-0.01466076634824276,-0.17104226350784302,2025-07-01 17:36:15.920,1751371575920,-8006,-2571,-658,-367,-16,117
386,2025-07-01 17:36:16.366,2025-07-01 17:36:16.030547,-2.6240451335906982,-1.5059528350830078,9.5624418258667,-1.7825047969818115,0.08674286305904388,0.3286454975605011,2025-07-01 17:36:16.013,1751371576013,-8025,-2658,-676,52,56,52
387,2025-07-01 17:36:16.475,2025-07-01 17:36:16.130210,-1.9800047874450684,-4.402936935424805,8.08043098449707,-1.016479730606079,0.15271630883216858,0.21991148591041565,2025-07-01 17:36:16.094,1751371576094,-8061,-2253,-792,283,-364,24
388,2025-07-01 17:36:16.570,2025-07-01 17:36:16.230791,-3.117250680923462,-4.716577529907227,7.558494567871094,4.885700225830078,0.19547687470912933,0.09040805697441101,2025-07-01 17:36:16.194,1751371576194,-8004,-2594,-399,17,-238,-271
389,2025-07-01 17:36:16.659,2025-07-01 17:36:16.330590,-2.8562827110290527,5.916072368621826,8.396465301513672,2.2931880950927734,-0.2993239760398865,-0.5424483418464661,2025-07-01 17:36:16.290,1751371576290,-7959,-2627,-390,-262,-199,-304
390,2025-07-01 17:36:16.762,2025-07-01 17:36:16.430282,-2.454056739807129,4.034229755401611,9.275136947631836,0.33719760179519653,-0.2321287989616394,0.12950342893600464,2025-07-01 17:36:16.455,1751371576455,-8046,-2629,-399,175,-88,117
391,2025-07-01 17:36:16.869,2025-07-01 17:36:16.530310,-2.5306711196899414,3.7636849880218506,9.696516990661621,-1.1728612184524536,0.06719517707824707,0.12828169763088226,2025-07-01 17:36:16.546,1751371576546,-8011,-2520,-421,-16,-84,-210
392,2025-07-01 17:36:16.960,2025-07-01 17:36:16.630238,-1.9536685943603516,-0.7781155705451965,8.29830265045166,-2.861292839050293,-0.19914206862449646,0.30543261766433716,2025-07-01 17:36:16.635,1751371576635,-8047,-2685,-491,-72,-72,-143
393,2025-07-01 17:36:17.184,2025-07-01 17:36:16.739424,-3.045424461364746,-0.7565677165985107,7.706935405731201,-1.9071213006973267,0.2565633952617645,0.08796459436416626,2025-07-01 17:36:16.720,1751371576720,-7954,-2640,-402,267,71,49
394,2025-07-01 17:36:17.378,2025-07-01 17:36:17.029275,-2.248155355453491,3.2992098331451416,8.267178535461426,2.9859092235565186,-0.05375614017248154,0.025656340643763542,2025-07-01 17:36:16.993,1751371576993,-8024,-2851,-461,-90,56,-183
395,2025-07-01 17:36:17.564,2025-07-01 17:36:17.229261,-1.7573440074920654,2.786850690841675,9.397241592407227,-1.968207836151123,-0.16859880089759827,0.1661553531885147,2025-07-01 17:36:17.190,1751371577190,-7647,-2878,-175,-87,-133,110
396,2025-07-01 17:36:17.670,2025-07-01 17:36:17.329364,-2.4157495498657227,1.3048399686813354,8.355764389038086,-2.5228734016418457,0.0012217304902151227,0.09896016865968704,2025-07-01 17:36:17.348,1751371577348,-7987,-2853,-175,28,36,-57
397,2025-07-01 17:36:17.761,2025-07-01 17:36:17.430588,-2.58813214302063,0.3447650372982025,8.652645111083984,-1.5467108488082886,0.0757472887635231,-0.08185594528913498,2025-07-01 17:36:17.452,1751371577452,-7978,-2835,-143,45,116,-37
398,2025-07-01 17:36:17.859,2025-07-01 17:36:17.529446,-2.367865562438965,-4.244919776916504,6.888118267059326,-1.6212363243103027,-0.08307767659425735,0.29565876722335815,2025-07-01 17:36:17.536,1751371577536,-7968,-2808,-144,-25,-32,-69
399,2025-07-01 17:36:17.959,2025-07-01 17:36:17.629444,-3.181894063949585,-3.07415509223938,8.738836288452148,2.9297096729278564,-0.16982053220272064,-0.2028072625398636,2025-07-01 17:36:17.640,1751371577640,-8003,-2830,-565,-322,-43,25
400,2025-07-01 17:36:18.070,2025-07-01 17:36:17.729397,-2.434903144836426,3.1244332790374756,10.481815338134766,1.95965576171875,-0.04153883829712868,-0.375071257352829,2025-07-01 17:36:17.709,1751371577709,-7985,-2881,-612,85,-99,-301
401,2025-07-01 17:36:18.164,2025-07-01 17:36:17.830204,-2.9448680877685547,1.4867992401123047,10.436325073242188,-0.10018189996480942,0.31154128909111023,0.3090978264808655,2025-07-01 17:36:17.808,1751371577808,-7941,-2882,-377,-105,-213,-328
402,2025-07-01 17:36:18.260,2025-07-01 17:36:17.929902,-1.9560627937316895,2.0829553604125977,10.314221382141113,-1.9156733751296997,-0.08429940044879913,0.16859880089759827,2025-07-01 17:36:17.889,1751371577889,-7941,-2879,-365,97,-364,-282
403,2025-07-01 17:36:18.364,2025-07-01 17:36:18.030780,-1.766920804977417,1.8483237028121948,9.655815124511719,-1.2608258724212646,0.4141666293144226,-0.019547687843441963,2025-07-01 17:36:17.996,1751371577996,-7955,-2914,-369,-296,-282,-335
404,2025-07-01 17:36:18.662,2025-07-01 17:36:18.230040,-2.2194249629974365,-0.2513911724090576,5.69580602645874,-2.9016098976135254,0.7428121566772461,-0.24190263450145721,2025-07-01 17:36:18.258,1751371578258,-7655,-2732,-335,-271,-276,-260
405,2025-07-01 17:36:18.761,2025-07-01 17:36:18.431259,-3.24414324760437,-7.5968017578125,3.2585084438323975,-1.6774359941482544,-0.2932153046131134,-0.5106833577156067,2025-07-01 17:36:18.427,1751371578427,-7653,-2881,-492,-598,806,-147
406,2025-07-01 17:36:18.859,2025-07-01 17:36:18.530250,-2.9688100814819336,-8.188169479370117,3.2130186557769775,0.18814650177955627,-0.10262536257505417,-0.6719517707824707,2025-07-01 17:36:18.547,1751371578547,-7956,-2920,-507,-559,-272,153
407,2025-07-01 17:36:18.959,2025-07-01 17:36:18.639655,-3.2537200450897217,-9.275136947631836,3.536235809326172,-0.22602014243602753,-0.12217304855585098,-0.846659243106842,2025-07-01 17:36:18.605,1751371578605,-7994,-2488,-476,-363,38,617
408,2025-07-01 17:36:19.060,2025-07-01 17:36:18.729316,-2.123656988143921,-10.678139686584473,4.520252704620361,0.24556782841682434,-0.4043927788734436,-0.7012733221054077,2025-07-01 17:36:18.714,1751371578714,-7871,-2628,-496,-444,-24,527
409,2025-07-01 17:36:19.159,2025-07-01 17:36:18.829313,-1.3551181554794312,-9.68694019317627,6.854599475860596,0.8539896011352539,-0.6536257863044739,-0.5351179838180542,2025-07-01 17:36:18.801,1751371578801,-8059,-2583,-791,-546,87,561
410,2025-07-01 17:36:19.261,2025-07-01 17:36:18.930870,-0.8523358106613159,-8.291120529174805,6.121973514556885,-0.08552113175392151,-0.42271876335144043,0.01466076634824276,2025-07-01 17:36:18.917,1751371578917,-7916,-2007,-607,-57,-314,465
411,2025-07-01 17:36:19.864,2025-07-01 17:36:19.129795,-0.08379705995321274,-7.931990146636963,7.682993412017822,0.26511552929878235,-0.08796459436416626,-0.1563815027475357,2025-07-01 17:36:19.155,1751371579155,-7918,-1719,-605,304,375,616
412,2025-07-01 17:36:20.259,2025-07-01 17:36:19.930646,-3.3710360527038574,-7.884106159210205,6.469132900238037,0.12339477986097336,-0.08185594528913498,-0.03787364438176155,2025-07-01 17:36:19.910,1751371579910,-7572,-2909,-340,-634,-421,-1456
413,2025-07-01 17:36:20.368,2025-07-01 17:36:20.030049,-1.944091796875,-7.283161640167236,5.832275390625,-0.03176499158143997,0.036651913076639175,0.2528982162475586,2025-07-01 17:36:20.059,1751371580059,-7580,-2813,-358,11,-382,-1248
414,2025-07-01 17:36:20.880,2025-07-01 17:36:20.130594,-3.138798475265503,-8.197746276855469,6.53377628326416,0.28099802136421204,0.26145032048225403,0.817337691783905,2025-07-01 17:36:20.158,1751371580158,-7490,-3465,-434,-420,-171,-1149
415,2025-07-01 17:36:21.276,2025-07-01 17:36:20.929984,-7.582436561584473,-2.0159177780151367,5.16429328918457,1.1606439352035522,0.1111774742603302,0.39706242084503174,2025-07-01 17:36:20.938,1751371580938,-8303,-1753,267,728,600,2203
416,2025-07-01 17:36:21.368,2025-07-01 17:36:21.030324,-8.066065788269043,-1.2976573705673218,5.372588634490967,0.8087855577468872,0.15882496535778046,0.3127630054950714,2025-07-01 17:36:21.056,1751371581056,-8298,-1595,49,1561,877,1400
417,2025-07-01 17:36:21.566,2025-07-01 17:36:21.230422,-7.999027729034424,-0.24660277366638184,5.729324817657471,0.5057964324951172,0.07208210229873657,0.2272418737411499,2025-07-01 17:36:21.238,1751371581238,-8187,-1365,84,386,159,176
418,2025-07-01 17:36:21.664,2025-07-01 17:36:21.332286,-8.087613105773926,0.31364041566848755,5.298368453979492,0.5229006409645081,0.1417207419872284,0.015882495790719986,2025-07-01 17:36:21.310,1751371581310,-8458,-1341,84,519,373,173
419,2025-07-01 17:36:21.764,2025-07-01 17:36:21.432337,-8.178592681884766,0.38307225704193115,5.157110691070557,0.5852088928222656,0.03176499158143997,0.012217304669320583,2025-07-01 17:36:21.401,1751371581401,-8111,-1400,116,48,33,-67
420,2025-07-01 17:36:21.870,2025-07-01 17:36:21.530126,-8.317456245422363,0.6129156351089478,5.2696380615234375,0.3995058834552765,0.09162978827953339,0.012217304669320583,2025-07-01 17:36:21.510,1751371581510,-8140,-1218,-121,95,-258,-551
421,2025-07-01 17:36:21.972,2025-07-01 17:36:21.630398,-8.518569946289062,0.5147533416748047,5.0014872550964355,0.4043927788734436,0.1062905490398407,-0.019547687843441963,2025-07-01 17:36:21.612,1751371581612,-8143,-1543,-84,320,68,-573
422,2025-07-01 17:36:22.164,2025-07-01 17:36:21.829776,-8.523358345031738,0.9768342971801758,4.932055473327637,0.3591887652873993,0.10995574295520782,0.05253441259264946,2025-07-01 17:36:21.853,1751371581853,-8091,-1645,-13,216,61,10
423,2025-07-01 17:36:22.259,2025-07-01 17:36:21.930978,-8.501810073852539,1.5322890281677246,4.999093055725098,0.513126790523529,0.05864306539297104,0.10506882518529892,2025-07-01 17:36:21.953,1751371581953,-8080,-1618,-9,534,-285,41
424,2025-07-01 17:36:22.662,2025-07-01 17:36:22.331751,-8.427590370178223,2.540247917175293,4.252102375030518,0.28099802136421204,0.051312681287527084,0.036651913076639175,2025-07-01 17:36:22.333,1751371582333,-8088,-1476,312,168,38,-613
425,2025-07-01 17:36:22.761,2025-07-01 17:36:22.430217,-8.470685958862305,2.5019407272338867,4.185064792633057,0.23335053026676178,0.010995574295520782,0.05619960278272629,2025-07-01 17:36:22.394,1751371582394,-8079,-1666,148,163,99,-168
426,2025-07-01 17:36:22.961,2025-07-01 17:36:22.631520,-8.341399192810059,3.0190882682800293,3.9911341667175293,0.16982053220272064,0.019547687843441963,0.07208210229873657,2025-07-01 17:36:22.592,1751371582592,-8282,-1728,197,371,75,-163
427,2025-07-01 17:36:23.162,2025-07-01 17:36:22.830233,-8.49941635131836,2.9879636764526367,3.6990416049957275,0.13316862285137177,0.02321287989616394,0.042760565876960754,2025-07-01 17:36:22.846,1751371582846,-8268,-2140,549,-81,-267,-206
428,2025-07-01 17:36:23.292,2025-07-01 17:36:22.929919,-8.327033042907715,3.313575267791748,3.88818359375,0.10262536257505417,0.012217304669320583,0.039095375686883926,2025-07-01 17:36:22.933,1751371582933,-8250,-1969,602,-28,-261,-534
429,2025-07-01 17:36:23.376,2025-07-01 17:36:23.030068,-8.40843677520752,3.1938650608062744,3.8115692138671875,0.0708603709936142,0.018325956538319588,0.01466076634824276,2025-07-01 17:36:23.026,1751371583026,-8232,-2025,387,-125,22,-236
430,2025-07-01 17:36:23.661,2025-07-01 17:36:23.330421,-8.257601737976074,3.4404678344726562,3.622427225112915,-0.010995574295520782,0.0024434609804302454,0.010995574295520782,2025-07-01 17:36:23.298,1751371583298,-8224,-2369,413,122,-94,-319
431,2025-07-01 17:36:24.165,2025-07-01 17:36:23.829831,-8.202534675598145,3.3303346633911133,4.381389141082764,-0.4141666293144226,-0.11484266817569733,-0.04642575979232788,2025-07-01 17:36:23.828,1751371583828,-8206,-2178,410,-301,36,-139
432,2025-07-01 17:36:24.360,2025-07-01 17:36:24.030388,-8.322244644165039,2.2146365642547607,4.632780075073242,-0.36529740691185,-0.0012217304902151227,-0.1771509200334549,2025-07-01 17:36:24.005,1751371584005,-8207,-2188,415,-322,19,-167
433,2025-07-01 17:36:24.860,2025-07-01 17:36:24.530419,-8.655038833618164,-0.4668693244457245,3.8163576126098633,-1.292590856552124,-0.23457226157188416,-1.0299187898635864,2025-07-01 17:36:24.496,1751371584496,-8260,-1776,282,-1878,872,-107
434,2025-07-01 17:36:25.059,2025-07-01 17:36:24.731864,-7.024587631225586,-4.364629745483398,3.801992416381836,-1.4025466442108154,-0.5546656250953674,-1.2986994981765747,2025-07-01 17:36:24.752,1751371584752,-8252,-2155,-164,-792,332,-257
435,2025-07-01 17:36:25.290,2025-07-01 17:36:24.930258,-4.829104900360107,-7.38132381439209,4.707000732421875,-1.0543533563613892,-0.5815436840057373,-1.0042624473571777,2025-07-01 17:36:24.927,1751371584927,-8237,-2150,-237,-515,-29,119
436,2025-07-01 17:36:25.369,2025-07-01 17:36:25.030173,-3.7900211811065674,-7.666234016418457,5.540182590484619,-0.5338962078094482,-0.32131510972976685,-0.7159340381622314,2025-07-01 17:36:25.014,1751371585014,-8229,-2101,-514,-538,52,28
437,2025-07-01 17:36:25.460,2025-07-01 17:36:25.129924,-3.8139634132385254,-8.236053466796875,5.310339450836182,-0.2321287989616394,-0.004886921960860491,-0.36529740691185,2025-07-01 17:36:25.100,1751371585100,-8254,-2080,-237,-249,103,-92
438,2025-07-01 17:36:25.559,2025-07-01 17:36:25.230191,-4.41969633102417,-8.999804496765137,4.876988887786865,-0.13316862285137177,0.05742133408784866,0.09896016865968704,2025-07-01 17:36:25.204,1751371585204,-8222,-1770,-523,-363,-68,155
439,2025-07-01 17:36:25.760,2025-07-01 17:36:25.430871,-3.359065055847168,-6.710947513580322,6.035782337188721,-0.16982053220272064,0.04886921867728233,-0.28466320037841797,2025-07-01 17:36:25.458,1751371585458,-8312,-1542,-475,379,329,446
440,2025-07-01 17:36:25.859,2025-07-01 17:36:25.530448,-2.9903578758239746,-6.919242858886719,6.773196697235107,0.00366519158706069,-0.2223549485206604,-0.1014036312699318,2025-07-01 17:36:25.553,1751371585553,-8080,-1375,-489,296,-108,223
441,2025-07-01 17:36:25.959,2025-07-01 17:36:25.630242,-2.4205379486083984,-7.2352776527404785,3.9647979736328125,-0.7586946487426758,0.2883284091949463,0.04642575979232788,2025-07-01 17:36:25.638,1751371585638,-8192,-1303,-391,-101,53,310
442,2025-07-01 17:36:26.059,2025-07-01 17:36:25.730174,-4.367023944854736,-7.9631147384643555,5.0014872550964355,0.827111542224884,1.0005972385406494,-1.0555751323699951,2025-07-01 17:36:25.722,1751371585722,-8220,-1371,-398,57,-216,-129
443,2025-07-01 17:36:26.159,2025-07-01 17:36:25.830200,-2.695871114730835,-7.754819393157959,4.879383087158203,1.1349875926971436,-0.6401867866516113,-1.1374311447143555,2025-07-01 17:36:25.808,1751371585808,-8139,-1573,-621,-105,32,-146
444,2025-07-01 17:36:26.259,2025-07-01 17:36:25.930281,-2.367865562438965,-8.192957878112793,6.344634532928467,0.08307767659425735,-0.5693264007568359,-0.5827654600143433,2025-07-01 17:36:25.910,1751371585910,-8079,-1561,-577,189,-563,-592
445,2025-07-01 17:36:26.359,2025-07-01 17:36:26.030048,-0.6775590777397156,-7.173028469085693,7.132327079772949,0.26633724570274353,-0.3579670190811157,-0.3579670190811157,2025-07-01 17:36:25.993,1751371585993,-8278,-1437,-243,68,-405,-711
446,2025-07-01 17:36:26.574,2025-07-01 17:36:26.230356,-0.19153612852096558,-7.070077419281006,8.169015884399414,-0.14049901068210602,-0.2321287989616394,-0.010995574295520782,2025-07-01 17:36:26.258,1751371586258,-7921,-2071,377,-182,-692,-1133
447,2025-07-01 17:36:26.969,2025-07-01 17:36:26.530295,-4.110844135284424,-7.754819393157959,6.09324312210083,-0.6279694437980652,1.1093312501907349,1.7092009782791138,2025-07-01 17:36:26.542,1751371586542,-8207,-2635,185,9,339,-449
448,2025-07-01 17:36:27.059,2025-07-01 17:36:26.730475,-5.724536418914795,-4.730942726135254,4.525041103363037,1.2107349634170532,-0.059864792972803116,0.26633724570274353,2025-07-01 17:36:26.742,1751371586742,-7982,-2817,168,212,-25,-497
449,2025-07-01 17:36:27.165,2025-07-01 17:36:26.829894,-4.568136692047119,-4.491522312164307,5.082890033721924,1.7531832456588745,-0.2626720666885376,-0.1771509200334549,2025-07-01 17:36:26.807,1751371586807,-7987,-2809,336,333,537,-642
450,2025-07-01 17:36:27.564,2025-07-01 17:36:27.230285,-3.8546648025512695,-2.0590133666992188,8.17141056060791,0.6120869517326355,-0.48380526900291443,-0.0708603709936142,2025-07-01 17:36:27.251,1751371587251,-7633,-2958,376,-130,354,-129
451,2025-07-01 17:36:27.861,2025-07-01 17:36:27.330472,-3.466804027557373,-2.3582887649536133,8.973467826843262,0.27977627515792847,-0.31520646810531616,0.004886921960860491,2025-07-01 17:36:27.355,1751371587355,-7959,-3145,-42,-629,632,80
452,2025-07-01 17:36:27.966,2025-07-01 17:36:27.630382,-2.96162748336792,-1.2018892765045166,8.724471092224121,0.33475416898727417,-0.3237585723400116,-0.2028072625398636,2025-07-01 17:36:27.649,1751371587649,-7661,-3152,-148,58,566,-112
453,2025-07-01 17:36:28.159,2025-07-01 17:36:27.829888,-3.2824504375457764,-2.1571757793426514,9.196128845214844,-0.028099801391363144,-0.06352998316287994,-0.12095131725072861,2025-07-01 17:36:27.789,1751371587789,-7601,-3041,-220,-147,148,-118
454,2025-07-01 17:36:28.377,2025-07-01 17:36:28.030242,-2.0901381969451904,-1.699883222579956,8.89685344696045,0.7061602473258972,0.10018189996480942,-0.20036379992961884,2025-07-01 17:36:28.059,1751371588059,-7632,-3169,-167,-126,87,-34
455,2025-07-01 17:36:28.459,2025-07-01 17:36:28.130268,-2.212242364883423,-2.827552318572998,10.60152530670166,-0.10384709388017654,0.16737708449363708,0.7391469478607178,2025-07-01 17:36:28.159,1751371588159,-7672,-3141,-151,125,-95,-6
456,2025-07-01 17:36:28.659,2025-07-01 17:36:28.330313,-2.4636335372924805,0.9193734526634216,10.709263801574707,0.48380526900291443,0.05864306539297104,0.00855211354792118,2025-07-01 17:36:28.339,1751371588339,-7618,-3131,-364,-86,87,104
457,2025-07-01 17:36:28.759,2025-07-01 17:36:28.430236,-2.233790159225464,-0.933738648891449,9.816226959228516,-0.2028072625398636,0.01710422709584236,0.3799581825733185,2025-07-01 17:36:28.418,1751371588418,-7646,-3099,-159,114,-45,60
458,2025-07-01 17:36:28.861,2025-07-01 17:36:28.530405,-2.382230758666992,-1.0342950820922852,9.29189682006836,-0.3885102868080139,-0.05742133408784866,-0.004886921960860491,2025-07-01 17:36:28.511,1751371588511,-7651,-3094,-160,100,-37,81
459,2025-07-01 17:36:28.964,2025-07-01 17:36:28.630157,-2.4803929328918457,-1.5897499322891235,9.155426979064941,-0.1368338167667389,-0.02321287989616394,-0.03298672288656235,2025-07-01 17:36:28.615,1751371588615,-7608,-3136,-248,-322,-80,-284
460,2025-07-01 17:36:29.059,2025-07-01 17:36:28.730294,-2.2242133617401123,-1.0821791887283325,9.485827445983887,-0.01710422709584236,-0.024434609338641167,-0.06963863968849182,2025-07-01 17:36:28.700,1751371588700,-7666,-2950,-239,-271,-119,67
461,2025-07-01 17:36:29.181,2025-07-01 17:36:28.830471,-2.470816135406494,-1.4676456451416016,7.659051418304443,0.9932668805122375,0.14782938361167908,-0.4300491213798523,2025-07-01 17:36:28.808,1751371588808,-7663,-2758,-221,-43,-66,360
462,2025-07-01 17:36:29.382,2025-07-01 17:36:29.030306,-3.0526070594787598,3.797203779220581,8.959102630615234,1.6224581003189087,-0.021991148591041565,0.17470745742321014,2025-07-01 17:36:29.057,1751371589057,-7949,-2738,-513,-106,-69,-96
463,2025-07-01 17:36:29.459,2025-07-01 17:36:29.030306,-3.0526070594787598,3.797203779220581,8.959102630615234,1.6224581003189087,-0.021991148591041565,0.17470745742321014,2025-07-01 17:36:29.057,1751371589057,-7949,-2738,-513,-106,-69,-96
464,2025-07-01 17:36:29.560,2025-07-01 17:36:29.230028,-3.620033025741577,4.352658748626709,9.35893440246582,-3.3316590785980225,0.8124507665634155,0.11484266817569733,2025-07-01 17:36:29.242,1751371589242,-7628,-2845,-215,-341,91,82
465,2025-07-01 17:36:29.781,2025-07-01 17:36:29.429946,-2.5330653190612793,-1.280897855758667,11.927912712097168,0.475253164768219,0.3188716471195221,0.0,2025-07-01 17:36:29.422,1751371589422,-7990,-2837,-514,58,26,150
466,2025-07-01 17:36:29.859,2025-07-01 17:36:29.530046,-3.2154128551483154,-0.8355764150619507,7.01979923248291,2.506990909576416,-0.21624629199504852,-0.5949827432632446,2025-07-01 17:36:29.515,1751371589515,-8000,-2543,-200,-84,19,-89
467,2025-07-01 17:36:29.977,2025-07-01 17:36:29.630419,-1.534683346748352,0.2059013396501541,10.287884712219238,2.109928607940674,-0.15271630883216858,0.5583308339118958,2025-07-01 17:36:29.618,1751371589618,-7883,-2445,-364,101,-304,-115
468,2025-07-01 17:36:30.160,2025-07-01 17:36:29.830107,-4.1611223220825195,2.7988216876983643,7.972691535949707,-3.949854612350464,0.3433062732219696,0.22479841113090515,2025-07-01 17:36:29.866,1751371589866,-7665,-2846,-346,-225,-554,359
469,2025-07-01 17:36:30.359,2025-07-01 17:36:30.030217,-3.581725835800171,-5.039794445037842,9.739612579345703,-0.42638394236564636,0.3799581825733185,0.6047565937042236,2025-07-01 17:36:30.044,1751371590044,-7879,-2425,-200,116,187,255
470,2025-07-01 17:36:30.486,2025-07-01 17:36:30.130069,-1.4676456451416016,2.1811177730560303,7.970297336578369,4.164879322052002,-0.7745771408081055,-1.359786033630371,2025-07-01 17:36:30.126,1751371590126,-7893,-2223,-218,88,329,130
471,2025-07-01 17:36:30.562,2025-07-01 17:36:30.229624,-2.9041666984558105,4.953603267669678,11.257535934448242,3.6395351886749268,0.49846604466438293,-0.1514945775270462,2025-07-01 17:36:30.224,1751371590224,-7826,-2177,3,-4,-403,44
472,2025-07-01 17:36:30.959,2025-07-01 17:36:30.529948,-1.7908629179000854,-4.4292731285095215,6.715735912322998,-1.29381263256073,-0.8772025108337402,0.015882495790719986,2025-07-01 17:36:30.491,1751371590491,-7872,-2273,-357,-1075,834,1090
473,2025-07-01 17:36:31.162,2025-07-01 17:36:30.830160,-2.1116859912872314,3.3854012489318848,9.66539192199707,1.7678439617156982,-0.23090706765651703,0.09529497474431992,2025-07-01 17:36:30.858,1751371590858,-7873,-2311,-183,-241,-356,-431
474,2025-07-01 17:36:31.264,2025-07-01 17:36:30.929791,-2.3535003662109375,5.137956619262695,8.78193187713623,-1.4220943450927734,-0.07941248267889023,0.00733038317412138,2025-07-01 17:36:30.950,1751371590950,-8035,-2418,-312,-318,48,-533
475,2025-07-01 17:36:31.359,2025-07-01 17:36:31.030074,-3.0358476638793945,0.6799532771110535,7.4770917892456055,-0.5949827432632446,-0.025656340643763542,-0.20891591906547546,2025-07-01 17:36:31.042,1751371591042,-8034,-2431,-639,-260,782,-300
476,2025-07-01 17:36:31.474,2025-07-01 17:36:31.129812,-2.38462495803833,-0.6272808313369751,9.59835433959961,-0.5290092825889587,0.059864792972803116,0.31031954288482666,2025-07-01 17:36:31.126,1751371591126,-8208,-2324,-840,-100,472,155
477,2025-07-01 17:36:31.666,2025-07-01 17:36:31.329942,-3.4308910369873047,-1.3958195447921753,9.600749015808105,-0.769690215587616,-0.14416420459747314,0.028099801391363144,2025-07-01 17:36:31.313,1751371591313,-7853,-1979,-847,35,-17,149
478,2025-07-01 17:36:31.759,2025-07-01 17:36:31.429938,-2.9879636764526367,1.4724340438842773,9.672574996948242,0.2528982162475586,0.009773843921720982,0.004886921960860491,2025-07-01 17:36:31.409,1751371591409,-7889,-2159,-649,-1,-73,52
479,2025-07-01 17:36:31.859,2025-07-01 17:36:31.530701,-2.513911724090576,1.6160861253738403,10.42195987701416,0.5742133259773254,-0.11728613078594208,-0.30054569244384766,2025-07-01 17:36:31.492,1751371591492,-7901,-2162,-813,-28,-349,0
480,2025-07-01 17:36:31.959,2025-07-01 17:36:31.629996,-2.999934673309326,0.6703764796257019,8.372523307800293,-0.5729916095733643,-0.09529497474431992,-0.18936823308467865,2025-07-01 17:36:31.598,1751371591598,-7853,-1974,-458,-78,-381,-356
481,2025-07-01 17:36:32.068,2025-07-01 17:36:31.730439,-2.4420857429504395,-0.6224924325942993,8.743624687194824,0.4105014503002167,0.12828169763088226,-0.2822197377681732,2025-07-01 17:36:31.755,1751371591755,-8052,-2205,-478,-335,95,-627
482,2025-07-01 17:36:32.159,2025-07-01 17:36:31.830192,-2.782062292098999,0.6703764796257019,8.904036521911621,0.4911356568336487,-0.12828169763088226,0.12828169763088226,2025-07-01 17:36:31.857,1751371591857,-7820,-2255,-489,-33,-77,44
483,2025-07-01 17:36:32.268,2025-07-01 17:36:31.930277,-2.9281086921691895,1.3000515699386597,7.750030994415283,0.7232644557952881,-0.3677408695220947,0.1319468915462494,2025-07-01 17:36:31.946,1751371591946,-7818,-2203,-813,63,-85,-80
484,2025-07-01 17:36:32.360,2025-07-01 17:36:32.029878,-1.5131354331970215,4.20421838760376,9.373299598693848,0.6524040699005127,-0.26022860407829285,0.06230825558304787,2025-07-01 17:36:32.025,1751371592025,-7927,-2415,-443,-12,37,311
485,2025-07-01 17:36:32.467,2025-07-01 17:36:32.130710,-1.4413094520568848,3.1435868740081787,10.6925048828125,-0.921184778213501,-0.04642575979232788,-0.09407325088977814,2025-07-01 17:36:32.129,1751371592129,-8039,-2310,-618,-37,-256,73
486,2025-07-01 17:36:32.568,2025-07-01 17:36:32.230397,-1.7142484188079834,1.278503656387329,8.887276649475098,-1.0934487581253052,-0.17348572611808777,0.0024434609804302454,2025-07-01 17:36:32.208,1751371592208,-7877,-2196,-585,81,10,-262
487,2025-07-01 17:36:32.776,2025-07-01 17:36:32.429927,-1.1516109704971313,2.8395233154296875,9.624691009521484,-0.18448130786418915,0.00855211354792118,0.28588494658470154,2025-07-01 17:36:32.397,1751371592397,-7821,-2347,-519,291,-112,-9
488,2025-07-01 17:36:32.964,2025-07-01 17:36:32.733190,-2.0446481704711914,-3.603273630142212,8.40843677520752,-1.3365731239318848,-0.1062905490398407,0.3384193480014801,2025-07-01 17:36:32.740,1751371592740,-7864,-2017,-612,-313,99,18
489,2025-07-01 17:36:33.267,2025-07-01 17:36:32.929372,-3.270479440689087,6.782773494720459,8.415618896484375,4.084245204925537,-0.1417207419872284,-0.6695083379745483,2025-07-01 17:36:32.937,1751371592937,-8200,-2181,-631,-254,-79,39
490,2025-07-01 17:36:33.371,2025-07-01 17:36:33.029332,-0.9409212470054626,7.704541206359863,9.344569206237793,-0.9932668805122375,-0.20525072515010834,-0.2638937830924988,2025-07-01 17:36:33.006,1751371593006,-7930,-2421,-629,56,109,60
491,2025-07-01 17:36:33.464,2025-07-01 17:36:33.130135,-2.2649147510528564,3.550601005554199,9.423578262329102,-2.472782611846924,-0.05497787147760391,0.06230825558304787,2025-07-01 17:36:33.126,1751371593126,-8021,-2032,-517,169,92,-103
492,2025-07-01 17:36:33.576,2025-07-01 17:36:33.232241,-2.1164743900299072,-0.790086567401886,7.299921035766602,-2.763554334640503,-0.2981022298336029,0.5693264007568359,2025-07-01 17:36:33.195,1751371593195,-8195,-2323,-613,42,106,9
493,2025-07-01 17:36:33.669,2025-07-01 17:36:33.329330,-2.6192567348480225,0.009576806798577309,8.274360656738281,-0.8906415104866028,0.5204572081565857,-0.19914206862449646,2025-07-01 17:36:33.293,1751371593293,-7859,-2319,-529,-72,125,127
494,2025-07-01 17:36:33.871,2025-07-01 17:36:33.530014,-2.956839084625244,1.2018892765045166,9.378087997436523,4.029267311096191,-0.4202753007411957,-0.2565633952617645,2025-07-01 17:36:33.549,1751371593549,-7840,-2380,-451,69,89,-130
495,2025-07-01 17:36:33.962,2025-07-01 17:36:33.630316,-2.3511061668395996,-0.7613561153411865,9.615114212036133,1.3170254230499268,-0.15515977144241333,0.17104226350784302,2025-07-01 17:36:33.668,1751371593668,-7912,-2182,-601,23,-265,-189
496,2025-07-01 17:36:34.166,2025-07-01 17:36:33.730052,-1.821987509727478,4.711789131164551,10.855310440063477,0.5473352670669556,0.05375614017248154,-0.05009094998240471,2025-07-01 17:36:33.735,1751371593735,-7816,-2186,-214,53,-150,-233
497,2025-07-01 17:36:34.262,2025-07-01 17:36:33.929981,-2.073378562927246,-0.15083470940589905,7.453149795532227,-1.5638149976730347,-0.0708603709936142,0.2626720666885376,2025-07-01 17:36:33.916,1751371593916,-7867,-2251,-373,-276,78,28
498,2025-07-01 17:36:34.363,2025-07-01 17:36:34.030033,-1.9129672050476074,0.8595184087753296,9.586383819580078,-0.740368664264679,0.2822197377681732,-0.03420845419168472,2025-07-01 17:36:34.039,1751371594039,-7841,-2203,-378,36,-123,100
499,2025-07-01 17:36:34.462,2025-07-01 17:36:34.130497,-1.8171991109848022,0.38307225704193115,8.13789176940918,-0.8906415104866028,0.3677408695220947,-0.2541199326515198,2025-07-01 17:36:34.119,1751371594119,-7822,-2251,-179,-371,-106,76
500,2025-07-01 17:36:34.566,2025-07-01 17:36:34.230152,-2.300827741622925,0.33279404044151306,7.029376029968262,-2.629163980484009,0.8222246170043945,-0.3090978264808655,2025-07-01 17:36:34.195,1751371594195,-7907,-2242,-177,-372,-39,-90
501,2025-07-01 17:36:34.769,2025-07-01 17:36:34.429365,-3.799597978591919,-6.009446144104004,3.73016619682312,-1.5968017578125,0.18325957655906677,-0.4813618063926697,2025-07-01 17:36:34.462,1751371594462,-7924,-2250,-807,-557,399,-136
502,2025-07-01 17:36:34.959,2025-07-01 17:36:34.630189,-3.5458126068115234,-9.150638580322266,3.136404275894165,-0.8148942589759827,-0.14294247329235077,-0.8869763612747192,2025-07-01 17:36:34.662,1751371594662,-7842,-2227,-836,-197,65,163
503,2025-07-01 17:36:35.060,2025-07-01 17:36:34.729959,-2.626439332962036,-10.852916717529297,4.031835556030273,-0.32986724376678467,-0.3286454975605011,-0.9321803450584412,2025-07-01 17:36:34.737,1751371594737,-8272,-2016,-494,4,33,226
504,2025-07-01 17:36:35.159,2025-07-01 17:36:34.829928,-0.8786720037460327,-9.550470352172852,6.92881965637207,1.89979088306427,-0.5473352670669556,-1.0409144163131714,2025-07-01 17:36:34.814,1751371594814,-8269,-1934,-404,-276,-189,362
505,2025-07-01 17:36:35.259,2025-07-01 17:36:34.930120,-0.11252748221158981,-8.56884765625,7.218518257141113,0.9053022861480713,-0.3176499307155609,-0.5009095072746277,2025-07-01 17:36:34.921,1751371594921,-8265,-2140,-192,-87,-428,335
506,2025-07-01 17:36:35.365,2025-07-01 17:36:35.029898,0.31124621629714966,-7.86734676361084,7.771578788757324,0.9089674949645996,-0.24678955972194672,-0.14782938361167908,2025-07-01 17:36:34.994,1751371594994,-8197,-2057,-331,-3,-211,247
507,2025-07-01 17:36:35.559,2025-07-01 17:36:35.229911,-1.0749965906143188,-5.4875102043151855,8.329427719116211,0.6951646208763123,0.09896016865968704,-0.07696902006864548,2025-07-01 17:36:35.195,1751371595195,-8289,-1850,-129,-10,-113,-49
508,2025-07-01 17:36:35.667,2025-07-01 17:36:35.331418,1.7932571172714233,-7.637503623962402,8.987833023071289,-0.09529497474431992,0.5302310585975647,0.5351179838180542,2025-07-01 17:36:35.365,1751371595365,-8210,-1863,-207,-97,-61,34
509,2025-07-01 17:36:35.759,2025-07-01 17:36:35.429169,-1.745373010635376,-6.71334171295166,5.097255229949951,-1.9327776432037354,1.361007809638977,1.510058879852295,2025-07-01 17:36:35.442,1751371595442,-8203,-1735,-158,42,-234,-558
510,2025-07-01 17:36:35.859,2025-07-01 17:36:35.529986,-4.228160381317139,-7.508216381072998,4.402936935424805,-3.3573153018951416,-0.6035348773002625,1.5503759384155273,2025-07-01 17:36:35.529,1751371595529,-8237,-2112,-576,86,302,-536
511,2025-07-01 17:36:35.959,2025-07-01 17:36:35.630159,-3.265691041946411,-7.687781810760498,3.28963303565979,-0.3225368559360504,-0.42271876335144043,0.4337143301963806,2025-07-01 17:36:35.633,1751371595633,-8156,-1827,-558,367,17,-41
512,2025-07-01 17:36:36.074,2025-07-01 17:36:35.729730,-3.2800562381744385,-6.495469093322754,3.687070608139038,0.6817256212234497,-0.2724458873271942,0.10506882518529892,2025-07-01 17:36:35.710,1751371595710,-8017,-1749,-153,-263,-498,-578
513,2025-07-01 17:36:36.161,2025-07-01 17:36:35.829805,-3.1962592601776123,-5.284003257751465,5.006275653839111,0.979827880859375,0.0403171069920063,-0.2724458873271942,2025-07-01 17:36:35.813,1751371595813,-7892,-2282,263,93,-1059,-1562
514,2025-07-01 17:36:36.260,2025-07-01 17:36:35.930197,-3.2154128551483154,-6.7061591148376465,6.912060260772705,0.16249015927314758,0.23945917189121246,0.08429940044879913,2025-07-01 17:36:35.919,1751371595919,-8064,-2475,375,33,-727,-1342
515,2025-07-01 17:36:36.374,2025-07-01 17:36:36.029930,-3.9264907836914062,-7.785943984985352,6.687005519866943,0.36163222789764404,-0.059864792972803116,0.1771509200334549,2025-07-01 17:36:35.994,1751371595994,-7991,-2908,249,-299,-553,-871
516,2025-07-01 17:36:36.459,2025-07-01 17:36:36.130417,-2.6024973392486572,-7.630321025848389,5.872976779937744,0.34086281061172485,0.3579670190811157,0.636521577835083,2025-07-01 17:36:36.167,1751371596167,-7995,-2519,842,-197,-514,-25
517,2025-07-01 17:36:36.659,2025-07-01 17:36:36.330122,-5.506663799285889,-5.274426460266113,5.109226226806641,-0.46792277693748474,0.4642575979232788,1.3903292417526245,2025-07-01 17:36:36.342,1751371596342,-8214,-2648,591,-245,-59,628
518,2025-07-01 17:36:36.759,2025-07-01 17:36:36.430606,-6.756437301635742,-3.7708675861358643,4.527435302734375,-0.18448130786418915,0.051312681287527084,1.1594222784042358,2025-07-01 17:36:36.428,1751371596428,-7903,-2177,536,-556,-94,392
519,2025-07-01 17:36:36.859,2025-07-01 17:36:36.529735,-7.395689010620117,-2.3702597618103027,5.760449409484863,-0.43249258399009705,-0.02932153269648552,0.8307767510414124,2025-07-01 17:36:36.543,1751371596543,-7831,-2272,573,-48,214,217
520,2025-07-01 17:36:37.059,2025-07-01 17:36:36.730273,-7.582436561584473,-2.6815059185028076,6.0836663246154785,0.08552113175392151,-0.46303585171699524,0.6487388610839844,2025-07-01 17:36:36.724,1751371596724,-8093,-1962,-102,203,871,450
521,2025-07-01 17:36:37.360,2025-07-01 17:36:37.030294,-7.347805023193359,-0.035913024097681046,5.954379558563232,0.7012733221054077,0.12828169763088226,0.34574973583221436,2025-07-01 17:36:37.056,1751371597056,-8072,-1830,353,-287,-99,394
522,2025-07-01 17:36:37.459,2025-07-01 17:36:37.129838,-7.747636795043945,0.6200982332229614,5.995080947875977,0.5839871764183044,0.025656340643763542,0.16004669666290283,2025-07-01 17:36:37.153,1751371597153,-8074,-1497,318,-53,356,175
523,2025-07-01 17:36:37.561,2025-07-01 17:36:37.230179,-7.618350028991699,0.19871874153614044,5.954379558563232,0.3433062732219696,0.10262536257505417,-0.06230825558304787,2025-07-01 17:36:37.242,1751371597242,-8126,-1657,-41,-21,344,295
524,2025-07-01 17:36:37.659,2025-07-01 17:36:37.330201,-7.845798969268799,0.4572925269603729,5.774814605712891,0.4434881806373596,0.0806342139840126,0.0012217304902151227,2025-07-01 17:36:37.340,1751371597340,-8072,-1443,-66,-97,291,357
525,2025-07-01 17:36:37.762,2025-07-01 17:36:37.429913,-7.90086555480957,1.1444283723831177,5.789179801940918,0.4813618063926697,0.03176499158143997,0.028099801391363144,2025-07-01 17:36:37.421,1751371597421,-8141,-1626,-104,340,292,353
526,2025-07-01 17:36:37.865,2025-07-01 17:36:37.530117,-7.982268333435059,1.015141487121582,5.578489780426025,0.3176499307155609,0.06963863968849182,-0.021991148591041565,2025-07-01 17:36:37.504,1751371597504,-8138,-1604,-122,158,274,333
527,2025-07-01 17:36:37.959,2025-07-01 17:36:37.629989,-7.8745293617248535,1.8148049116134644,5.849034786224365,0.5742133259773254,0.11972958594560623,-0.0024434609804302454,2025-07-01 17:36:37.600,1751371597600,-8114,-1560,111,218,267,306
528,2025-07-01 17:36:38.159,2025-07-01 17:36:37.829928,-8.31985092163086,1.7573440074920654,5.485116004943848,0.32620203495025635,0.13561208546161652,-0.06963863968849182,2025-07-01 17:36:37.826,1751371597826,-8150,-1367,99,347,-288,-46
529,2025-07-01 17:36:38.666,2025-07-01 17:36:38.329875,-8.166622161865234,3.2082302570343018,4.213795185089111,0.20891591906547546,0.06841690838336945,0.06108652427792549,2025-07-01 17:36:38.318,1751371598318,-8151,-1340,126,-60,-312,-61
530,2025-07-01 17:36:38.865,2025-07-01 17:36:38.529968,-8.176198959350586,3.1196448802948,4.371812343597412,0.2382374405860901,0.05864306539297104,0.05864306539297104,2025-07-01 17:36:38.502,1751371598502,-8174,-1172,261,-1,3,62
531,2025-07-01 17:36:38.983,2025-07-01 17:36:38.629993,-8.221688270568848,3.270479440689087,4.173093795776367,0.16737708449363708,0.0024434609804302454,0.07819075137376785,2025-07-01 17:36:38.614,1751371598614,-8085,-1471,552,344,-340,-635
532,2025-07-01 17:36:39.268,2025-07-01 17:36:38.930602,-8.212111473083496,3.620033025741577,3.974374771118164,0.06475171446800232,0.02076941914856434,0.024434609338641167,2025-07-01 17:36:38.955,1751371598955,-8289,-2088,387,76,-277,-542
533,2025-07-01 17:36:39.368,2025-07-01 17:36:39.029990,-8.061277389526367,3.6846764087677,3.734954595565796,0.04642575979232788,0.00855211354792118,0.025656340643763542,2025-07-01 17:36:39.051,1751371599051,-8291,-1921,442,80,-317,-573
534,2025-07-01 17:36:39.461,2025-07-01 17:36:39.130128,-8.135497093200684,3.5865142345428467,3.8570590019226074,0.06719517707824707,0.019547687843441963,-0.01710422709584236,2025-07-01 17:36:39.142,1751371599142,-8261,-1998,511,106,-320,-541
535,2025-07-01 17:36:39.663,2025-07-01 17:36:39.329812,-8.109161376953125,4.067748546600342,3.734954595565796,0.06475171446800232,-0.013439035043120384,0.03298672288656235,2025-07-01 17:36:39.314,1751371599314,-8224,-2044,823,70,-292,-216
536,2025-07-01 17:36:39.763,2025-07-01 17:36:39.430349,-7.972691535949707,3.7900211811065674,3.780444383621216,0.0024434609804302454,-0.009773843921720982,-0.018325956538319588,2025-07-01 17:36:39.422,1751371599422,-8270,-2388,872,43,36,-155
537,2025-07-01 17:36:39.868,2025-07-01 17:36:39.530184,-8.157045364379883,3.9887399673461914,3.9169139862060547,0.018325956538319588,-0.01466076634824276,0.01710422709584236,2025-07-01 17:36:39.503,1751371599503,-8195,-2422,886,77,53,-343
538,2025-07-01 17:36:40.068,2025-07-01 17:36:39.730432,-7.876923561096191,3.8810009956359863,3.5027170181274414,0.0,0.012217304669320583,0.03176499158143997,2025-07-01 17:36:39.763,1751371599763,-8196,-2236,658,71,76,-305
539,2025-07-01 17:36:40.159,2025-07-01 17:36:39.830404,-8.078036308288574,3.620033025741577,3.7469255924224854,-0.06230825558304787,-0.0024434609804302454,0.0,2025-07-01 17:36:39.851,1751371599851,-7899,-2567,696,7,74,-168
540,2025-07-01 17:36:40.265,2025-07-01 17:36:39.929894,-7.979874134063721,3.93367338180542,3.6990416049957275,-0.11728613078594208,-0.015882495790719986,-0.039095375686883926,2025-07-01 17:36:39.953,1751371599953,-7919,-2579,674,-257,107,-293
541,2025-07-01 17:36:40.362,2025-07-01 17:36:40.030356,-8.061277389526367,3.8331170082092285,3.9217023849487305,-0.1918116807937622,-0.0708603709936142,-0.019547687843441963,2025-07-01 17:36:40.047,1751371600047,-7876,-2586,685,-355,-31,111
542,2025-07-01 17:36:40.559,2025-07-01 17:36:40.230299,-7.8745293617248535,3.9480385780334473,4.414907932281494,-0.18448130786418915,-0.11484266817569733,-0.02687807008624077,2025-07-01 17:36:40.216,1751371600216,-7936,-2262,881,-121,-44,-15
543,2025-07-01 17:36:40.660,2025-07-01 17:36:40.330758,-7.833827972412109,3.445256233215332,4.537012100219727,-0.2675589919090271,-0.10384709388017654,-0.04886921867728233,2025-07-01 17:36:40.305,1751371600305,-7926,-2257,888,73,270,-33
544,2025-07-01 17:36:40.777,2025-07-01 17:36:40.430085,-7.982268333435059,3.138798475265503,4.623203277587891,-0.28466320037841797,-0.09896016865968704,-0.08796459436416626,2025-07-01 17:36:40.394,1751371600394,-8196,-2209,849,-120,296,-3
545,2025-07-01 17:36:40.961,2025-07-01 17:36:40.629878,-8.022970199584961,3.3686418533325195,5.142745018005371,-0.3738495409488678,-0.05009094998240471,-0.1417207419872284,2025-07-01 17:36:40.660,1751371600660,-8247,-2014,784,-88,370,204
546,2025-07-01 17:36:41.061,2025-07-01 17:36:40.729551,-7.936778545379639,2.9161376953125,5.1116204261779785,-1.0238101482391357,0.06963863968849182,-0.4092797040939331,2025-07-01 17:36:40.748,1751371600748,-8300,-2063,470,-195,-24,136
547,2025-07-01 17:36:41.261,2025-07-01 17:36:40.931382,-8.183381080627441,0.9600749015808105,4.8267107009887695,-1.6407840251922607,-0.13561208546161652,-0.9553932547569275,2025-07-01 17:36:40.928,1751371600928,-8298,-1784,587,-492,454,28
548,2025-07-01 17:36:41.359,2025-07-01 17:36:41.030242,-7.797914981842041,-1.8794482946395874,3.552995204925537,-2.4752259254455566,-0.13439035415649414,-1.312138557434082,2025-07-01 17:36:41.043,1751371601043,-8256,-2125,145,-806,431,-179
549,2025-07-01 17:36:41.663,2025-07-01 17:36:41.330483,-5.355829238891602,-6.354211330413818,5.310339450836182,-0.2981022298336029,-0.5681046843528748,-0.9724974632263184,2025-07-01 17:36:41.327,1751371601327,-8218,-2378,18,-735,436,-295
550,2025-07-01 17:36:41.860,2025-07-01 17:36:41.530247,-3.603273630142212,-6.847416877746582,5.983109951019287,-0.30543261766433716,-0.14416420459747314,-0.5485569834709167,2025-07-01 17:36:41.559,1751371601559,-7918,-1996,-242,-599,318,-134
551,2025-07-01 17:36:41.965,2025-07-01 17:36:41.630258,-3.869029998779297,-6.988674640655518,6.028599739074707,0.06841690838336945,0.018325956538319588,-0.3836233615875244,2025-07-01 17:36:41.663,1751371601663,-7895,-1969,-547,-336,319,-32
552,2025-07-01 17:36:42.059,2025-07-01 17:36:41.730535,-4.106055736541748,-6.40927791595459,6.308721542358398,-0.01710422709584236,0.024434609338641167,-0.1869247704744339,2025-07-01 17:36:41.743,1751371601743,-8231,-2143,-425,-294,343,170
553,2025-07-01 17:36:42.159,2025-07-01 17:36:41.831028,-3.7253777980804443,-6.852205276489258,5.808333396911621,-0.11362093687057495,-0.025656340643763542,-0.18325957655906677,2025-07-01 17:36:41.829,1751371601829,-7913,-2135,-472,7,288,247
554,2025-07-01 17:36:42.259,2025-07-01 17:36:41.930500,-3.7397429943084717,-7.132327079772949,6.016628742218018,-0.028099801391363144,-0.05864306539297104,-0.06475171446800232,2025-07-01 17:36:41.935,1751371601935,-8226,-1729,-480,-119,304,582
555,2025-07-01 17:36:42.459,2025-07-01 17:36:42.130957,-3.3207578659057617,-7.0772600173950195,5.542576789855957,0.05864306539297104,-0.0012217304902151227,-0.11850785464048386,2025-07-01 17:36:42.125,1751371602125,-8232,-1808,-441,120,52,329
556,2025-07-01 17:36:42.559,2025-07-01 17:36:42.230148,-4.05817174911499,-8.664615631103516,5.169081687927246,-0.32009339332580566,0.07330382615327835,-0.00366519158706069,2025-07-01 17:36:42.199,1751371602199,-8225,-1843,-628,47,-342,-123
557,2025-07-01 17:36:42.778,2025-07-01 17:36:42.430217,-2.9520506858825684,-6.643909931182861,6.512228488922119,-0.06108652427792549,-0.21868975460529327,-0.18081611394882202,2025-07-01 17:36:42.459,1751371602459,-8099,-1602,-606,-127,-85,574
558,2025-07-01 17:36:42.859,2025-07-01 17:36:42.529861,-1.9297266006469727,-7.4986395835876465,5.544970989227295,0.18325957655906677,0.07208210229873657,0.004886921960860491,2025-07-01 17:36:42.549,1751371602549,-8099,-1343,-557,-139,267,-75
559,2025-07-01 17:36:42.980,2025-07-01 17:36:42.629879,-3.974374771118164,-6.2201361656188965,6.53377628326416,-0.09773843735456467,0.979827880859375,-0.8796459436416626,2025-07-01 17:36:42.640,1751371602640,-8298,-1236,-405,-460,94,-533
560,2025-07-01 17:36:43.059,2025-07-01 17:36:42.730310,-2.4468741416931152,-7.46033239364624,4.58968448638916,1.274264931678772,0.04886921867728233,-1.4758504629135132,2025-07-01 17:36:42.732,1751371602732,-8127,-1424,-438,-597,118,-331
561,2025-07-01 17:36:43.163,2025-07-01 17:36:42.829985,-2.470816135406494,-7.881711959838867,5.8657941818237305,0.02932153269648552,-0.3579670190811157,-0.7367035150527954,2025-07-01 17:36:42.823,1751371602823,-8312,-1467,-461,342,47,-136
562,2025-07-01 17:36:43.262,2025-07-01 17:36:42.829985,-2.470816135406494,-7.881711959838867,5.8657941818237305,0.02932153269648552,-0.3579670190811157,-0.7367035150527954,2025-07-01 17:36:42.823,1751371602823,-8312,-1467,-461,342,47,-136
563,2025-07-01 17:36:43.359,2025-07-01 17:36:43.031779,0.031124621629714966,-7.163451671600342,7.4316020011901855,0.27488934993743896,-0.14416420459747314,-0.1771509200334549,2025-07-01 17:36:43.016,1751371603016,-8277,-1909,-626,31,-196,-482
564,2025-07-01 17:36:43.471,2025-07-01 17:36:43.130075,0.4596867263317108,-6.275202751159668,7.951143741607666,0.5583308339118958,-0.09285151958465576,0.04764748737215996,2025-07-01 17:36:43.090,1751371603090,-8193,-1744,-129,749,-77,-883
565,2025-07-01 17:36:43.671,2025-07-01 17:36:43.329968,-0.8188169598579407,-9.519346237182617,9.852140426635742,-0.5913175344467163,0.7440338730812073,0.42271876335144043,2025-07-01 17:36:43.358,1751371603358,-8208,-1930,92,-64,15,-821
566,2025-07-01 17:36:43.765,2025-07-01 17:36:43.430863,-2.1284453868865967,-8.674192428588867,7.850587368011475,-0.7073819637298584,0.8662069439888,1.244943380355835,2025-07-01 17:36:43.449,1751371603449,-8199,-1973,75,41,-342,-654
567,2025-07-01 17:36:43.866,2025-07-01 17:36:43.530018,-3.9600095748901367,-7.139509677886963,5.66228723526001,-0.7171558141708374,0.7037167549133301,1.4269812107086182,2025-07-01 17:36:43.555,1751371603555,-7840,-2252,69,-312,568,-489
568,2025-07-01 17:36:43.971,2025-07-01 17:36:43.630085,-5.178658485412598,-6.672640323638916,4.170699596405029,-0.7550294399261475,0.1918116807937622,1.2901474237442017,2025-07-01 17:36:43.655,1751371603655,-7896,-2416,-199,84,500,-341
569,2025-07-01 17:36:44.074,2025-07-01 17:36:43.730475,-5.822698593139648,-5.774814605712891,4.4723687171936035,0.8246681094169617,-0.045204028487205505,0.5571091175079346,2025-07-01 17:36:43.718,1751371603718,-8207,-2204,-562,70,181,-312
570,2025-07-01 17:36:44.178,2025-07-01 17:36:43.829963,-5.310339450836182,-4.865017890930176,5.990292549133301,0.5595525503158569,-0.3738495409488678,-0.2321287989616394,2025-07-01 17:36:43.814,1751371603814,-8061,-2031,-594,-305,-98,-521
571,2025-07-01 17:36:44.271,2025-07-01 17:36:43.930092,-4.575319290161133,-4.357447147369385,5.851428985595703,0.9224064946174622,-0.5253441333770752,-0.588874101638794,2025-07-01 17:36:43.902,1751371603902,-8043,-2654,-171,-612,271,-492
572,2025-07-01 17:36:44.364,2025-07-01 17:36:44.031010,-3.6750996112823486,-4.862623691558838,6.914454460144043,1.274264931678772,-0.44226643443107605,-0.33475416898727417,2025-07-01 17:36:43.995,1751371603995,-7944,-2537,-568,-146,208,-511
573,2025-07-01 17:36:44.669,2025-07-01 17:36:44.330006,-3.3255462646484375,-2.7509377002716064,7.975085735321045,0.44593164324760437,-0.47280970215797424,-0.045204028487205505,2025-07-01 17:36:44.360,1751371604360,-7640,-3131,-644,-318,300,310
574,2025-07-01 17:36:44.959,2025-07-01 17:36:44.629807,-2.631227731704712,-2.6408045291900635,9.897629737854004,0.0024434609804302454,-0.01466076634824276,-0.013439035043120384,2025-07-01 17:36:44.653,1751371604653,-7972,-2303,-748,24,364,1285
575,2025-07-01 17:36:45.059,2025-07-01 17:36:44.730084,-3.0190882682800293,-2.5905263423919678,9.05247688293457,0.19303341209888458,-0.010995574295520782,-0.1612684279680252,2025-07-01 17:36:44.721,1751371604721,-7963,-2393,-1096,-38,363,1090
576,2025-07-01 17:36:45.163,2025-07-01 17:36:44.829769,-2.43011474609375,-1.53707754611969,8.614337921142578,1.1386528015136719,0.1563815027475357,-0.38606682419776917,2025-07-01 17:36:44.801,1751371604801,-7861,-2313,-1132,-97,220,772
577,2025-07-01 17:36:45.261,2025-07-01 17:36:44.929291,-1.7908629179000854,1.2401964664459229,7.663839817047119,3.1337387561798096,-0.3897320330142975,-0.5326744914054871,2025-07-01 17:36:44.909,1751371604909,-7839,-2138,-1097,-40,316,632
578,2025-07-01 17:36:45.459,2025-07-01 17:36:45.129711,-2.63362193107605,8.11634349822998,10.022128105163574,-1.4892895221710205,1.0714576244354248,-0.33108896017074585,2025-07-01 17:36:45.163,1751371605163,-7855,-2115,-929,-112,281,-314
579,2025-07-01 17:36:45.559,2025-07-01 17:36:45.229871,-3.936067581176758,-0.9385270476341248,4.941632270812988,-6.5533623695373535,-0.7147123217582703,0.5962044596672058,2025-07-01 17:36:45.252,1751371605252,-7849,-1939,-1289,-277,-81,39
580,2025-07-01 17:36:45.659,2025-07-01 17:36:45.329930,-2.2577321529388428,-4.364629745483398,7.132327079772949,1.4795156717300415,-0.14049901068210602,-0.2785545587539673,2025-07-01 17:36:45.355,1751371605355,-7812,-2120,-967,-89,38,-36
581,2025-07-01 17:36:45.759,2025-07-01 17:36:45.430969,-2.8874073028564453,-2.1930887699127197,7.326257228851318,1.938886284828186,0.44593164324760437,-0.4092797040939331,2025-07-01 17:36:45.456,1751371605456,-7833,-2073,-1147,-46,58,85
582,2025-07-01 17:36:45.861,2025-07-01 17:36:45.530764,-0.950498104095459,0.7613561153411865,9.526528358459473,2.2687535285949707,-0.19547687470912933,0.5546656250953674,2025-07-01 17:36:45.534,1751371605534,-7870,-2084,-1057,111,-276,111
583,2025-07-01 17:36:45.961,2025-07-01 17:36:45.629872,-1.5322890281677246,2.6623523235321045,10.800244331359863,2.2174408435821533,0.21868975460529327,-0.02932153269648552,2025-07-01 17:36:45.620,1751371605620,-7897,-2077,-733,-119,-291,77
584,2025-07-01 17:36:46.159,2025-07-01 17:36:45.833132,-2.363077163696289,-4.288015365600586,6.354211330413818,-1.0897835493087769,-0.8906415104866028,-0.08674286305904388,2025-07-01 17:36:45.804,1751371605804,-8039,-2331,-749,-336,101,-341
585,2025-07-01 17:36:46.459,2025-07-01 17:36:46.130484,-1.8579005002975464,5.183446884155273,12.306197166442871,0.9346238374710083,0.4996877610683441,-0.21502456068992615,2025-07-01 17:36:46.154,1751371606154,-7955,-2009,-758,93,69,-290
586,2025-07-01 17:36:46.565,2025-07-01 17:36:46.230035,-4.036623954772949,3.3877954483032227,9.569623947143555,-3.235142230987549,1.0934487581253052,0.14782938361167908,2025-07-01 17:36:46.247,1751371606247,-7873,-2420,-1028,-463,16,-613
587,2025-07-01 17:36:46.659,2025-07-01 17:36:46.330716,-3.2632968425750732,-4.3406877517700195,5.643133640289307,-3.082426071166992,-0.978606104850769,0.0708603709936142,2025-07-01 17:36:46.329,1751371606329,-8031,-2415,-1088,-200,-22,338
588,2025-07-01 17:36:46.761,2025-07-01 17:36:46.430036,-2.4803929328918457,-4.110844135284424,9.742006301879883,0.9224064946174622,0.9358455538749695,0.7244861721992493,2025-07-01 17:36:46.426,1751371606426,-7978,-2157,-1148,-61,187,444
589,2025-07-01 17:36:46.859,2025-07-01 17:36:46.529879,-0.011971008032560349,3.536235809326172,10.139444351196289,0.4141666293144226,-0.8002334833145142,0.9590584635734558,2025-07-01 17:36:46.534,1751371606534,-7980,-2152,-899,-61,205,633
590,2025-07-01 17:36:46.959,2025-07-01 17:36:46.630549,-0.014365210197865963,4.807557106018066,11.403582572937012,1.7776178121566772,-0.06719517707824707,0.19914206862449646,2025-07-01 17:36:46.603,1751371606603,-8215,-2072,-1103,-32,8,226
591,2025-07-01 17:36:47.059,2025-07-01 17:36:46.730359,-2.4827871322631836,3.892971992492676,8.669404029846191,-2.472782611846924,0.7623597979545593,0.03787364438176155,2025-07-01 17:36:46.702,1751371606702,-8011,-1726,-1063,-6,-295,98
592,2025-07-01 17:36:47.168,2025-07-01 17:36:46.829652,-2.9281086921691895,-4.754884719848633,6.830657482147217,-2.987131118774414,-0.12828169763088226,0.3078760802745819,2025-07-01 17:36:46.822,1751371606822,-7827,-2117,-1076,-540,9,-247
593,2025-07-01 17:36:47.259,2025-07-01 17:36:46.930413,-2.6431987285614014,0.7350199222564697,9.785101890563965,0.2125810980796814,-0.294437050819397,-0.15393804013729095,2025-07-01 17:36:46.964,1751371606964,-7837,-1701,-1342,279,207,241
594,2025-07-01 17:36:47.459,2025-07-01 17:36:47.129907,-3.0526070594787598,0.5937620401382446,8.111555099487305,0.6120869517326355,0.012217304669320583,0.07819075137376785,2025-07-01 17:36:47.167,1751371607167,-8206,-1709,-1023,-313,-156,271
595,2025-07-01 17:36:47.559,2025-07-01 17:36:47.231213,-2.4133553504943848,-1.170764684677124,9.334992408752441,-0.3090978264808655,-0.1966986060142517,0.14905111491680145,2025-07-01 17:36:47.230,1751371607230,-8227,-1846,-1079,72,-224,267
596,2025-07-01 17:36:47.659,2025-07-01 17:36:47.330403,-2.782062292098999,1.2641384601593018,9.497797966003418,0.38117989897727966,-0.06841690838336945,0.06719517707824707,2025-07-01 17:36:47.329,1751371607329,-7869,-1436,-733,284,-343,-84
597,2025-07-01 17:36:47.759,2025-07-01 17:36:47.430144,-2.9448680877685547,0.9145850539207458,9.799467086791992,-0.2919935882091522,-0.10018189996480942,-0.09651670604944229,2025-07-01 17:36:47.409,1751371607409,-8219,-1488,-681,79,109,-315
598,2025-07-01 17:36:47.960,2025-07-01 17:36:47.630213,-3.471592426300049,-1.4963760375976562,8.221688270568848,0.2321287989616394,0.10873401165008545,-0.2480112910270691,2025-07-01 17:36:47.595,1751371607595,-7831,-1776,-1027,-173,-121,-855
599,2025-07-01 17:36:48.161,2025-07-01 17:36:47.830371,-1.460463047027588,1.721431016921997,9.799467086791992,1.0005972385406494,-0.24556782841682434,0.5180137157440186,2025-07-01 17:36:47.857,1751371607857,-7864,-1991,-747,-50,46,-312
600,2025-07-01 17:36:48.259,2025-07-01 17:36:47.931151,-1.9345149993896484,3.117250680923462,10.192116737365723,-0.09651670604944229,-0.01466076634824276,0.00855211354792118,2025-07-01 17:36:47.960,1751371607960,-7821,-2142,-702,-262,44,-52
601,2025-07-01 17:36:48.359,2025-07-01 17:36:48.030327,-1.4724340438842773,1.4915876388549805,9.560047149658203,-0.979827880859375,-0.1771509200334549,-0.1368338167667389,2025-07-01 17:36:48.044,1751371608044,-7863,-2169,-893,75,-111,143
602,2025-07-01 17:36:48.459,2025-07-01 17:36:48.129995,-2.365471363067627,1.6663644313812256,10.065223693847656,0.009773843921720982,-0.06108652427792549,-0.09773843735456467,2025-07-01 17:36:48.141,1751371608141,-7856,-1740,-893,143,-35,364
603,2025-07-01 17:36:48.559,2025-07-01 17:36:48.229926,-2.1787235736846924,0.950498104095459,9.481039047241211,0.012217304669320583,-0.024434609338641167,-0.09773843735456467,2025-07-01 17:36:48.220,1751371608220,-7921,-1916,-724,-58,289,47
604,2025-07-01 17:36:49.466,2025-07-01 17:36:48.946342,-1.8962076902389526,-0.4908113479614258,9.99100399017334,-2.0060815811157227,-0.17104226350784302,0.3225368559360504,2025-07-01 17:36:48.949,1751371608949,-7821,-2671,-327,-1422,-393,-180
605,2025-07-01 17:36:49.567,2025-07-01 17:36:49.232992,-2.164358377456665,-0.4668693244457245,9.160215377807617,-1.3671164512634277,0.04642575979232788,-0.06352998316287994,2025-07-01 17:36:49.224,1751371609224,-8222,-1680,-481,3061,1426,867
606,2025-07-01 17:36:49.680,2025-07-01 17:36:49.329447,-2.3965959548950195,-3.804386615753174,7.362170219421387,-0.988379955291748,0.05497787147760391,0.44593164324760437,2025-07-01 17:36:49.306,1751371609306,-8277,-1604,-676,2148,752,-103
607,2025-07-01 17:36:49.878,2025-07-01 17:36:49.529401,-2.1595699787139893,-3.8355112075805664,9.885659217834473,3.2925636768341064,-0.1160643994808197,0.09040805697441101,2025-07-01 17:36:49.494,1751371609494,-7830,-2070,-1026,1035,595,-93
608,2025-07-01 17:36:50.166,2025-07-01 17:36:49.831855,-1.824381709098816,-1.2258312702178955,7.7428483963012695,-1.4159855842590332,-0.13072516024112701,0.43249258399009705,2025-07-01 17:36:49.853,1751371609853,-7809,-2088,-1027,105,-100,16
609,2025-07-01 17:36:50.262,2025-07-01 17:36:49.942752,-1.9776105880737305,1.802833914756775,9.47146224975586,-0.16982053220272064,0.5241223573684692,-0.02321287989616394,2025-07-01 17:36:49.938,1751371609938,-7898,-2092,-1054,-271,-47,35
610,2025-07-01 17:36:50.363,2025-07-01 17:36:50.130392,-2.1045033931732178,-0.7757213711738586,5.317522048950195,-3.128851890563965,0.720820963382721,-0.6414085030555725,2025-07-01 17:36:50.127,1751371610127,-7878,-1785,-758,48,270,-301
611,2025-07-01 17:36:50.569,2025-07-01 17:36:50.230119,-4.350264549255371,-5.839457988739014,5.066130638122559,-1.8289304971694946,0.5094616413116455,-0.6707300543785095,2025-07-01 17:36:50.203,1751371610203,-7852,-1788,-1053,-55,580,49
612,2025-07-01 17:36:50.759,2025-07-01 17:36:50.430088,-3.28963303565979,-8.20732307434082,4.5154643058776855,-0.3323107063770294,-0.3787364661693573,-0.9944885969161987,2025-07-01 17:36:50.412,1751371610412,-8198,-2430,-1198,-395,297,-613
613,2025-07-01 17:36:50.962,2025-07-01 17:36:50.637810,-0.2825157940387726,-9.363722801208496,6.710947513580322,-0.6633996367454529,-0.37751471996307373,-0.7147123217582703,2025-07-01 17:36:50.649,1751371610649,-8012,-2113,-1308,-5,121,558
614,2025-07-01 17:36:51.067,2025-07-01 17:36:50.734409,0.5219359993934631,-8.93037223815918,6.205770969390869,0.8991936445236206,-0.4715879559516907,-0.3139847218990326,2025-07-01 17:36:50.759,1751371610759,-7880,-1694,-913,307,-144,171
615,2025-07-01 17:36:51.163,2025-07-01 17:36:50.836474,0.24181437492370605,-8.7484130859375,7.208941459655762,1.5528194904327393,-0.30054569244384766,-0.18325957655906677,2025-07-01 17:36:50.833,1751371610833,-7878,-1895,-763,-16,-139,134
616,2025-07-01 17:36:51.263,2025-07-01 17:36:50.931748,0.07661445438861847,-6.624756336212158,7.85537576675415,0.8747590184211731,-0.2736676335334778,-0.10873401165008545,2025-07-01 17:36:50.930,1751371610930,-7849,-1867,-1043,105,-56,-42
617,2025-07-01 17:36:51.462,2025-07-01 17:36:51.129381,1.3048399686813354,-4.606443881988525,8.918401718139648,0.33108896017074585,0.05253441259264946,0.09407325088977814,2025-07-01 17:36:51.109,1751371611109,-8197,-1506,-965,30,274,284
618,2025-07-01 17:36:51.576,2025-07-01 17:36:51.230068,-0.6536170840263367,-10.196905136108398,8.398859977722168,-1.9828685522079468,1.853365182876587,1.4672982692718506,2025-07-01 17:36:51.194,1751371611194,-7924,-1799,-961,17,-72,111
619,2025-07-01 17:36:51.673,2025-07-01 17:36:51.329906,-3.5386300086975098,-5.228936672210693,5.137956619262695,-1.9511035680770874,0.598647952079773,1.7507398128509521,2025-07-01 17:36:51.369,1751371611369,-8201,-1710,-1365,-381,319,-311
620,2025-07-01 17:36:51.859,2025-07-01 17:36:51.532250,-3.9217023849487305,-5.975927352905273,5.669469833374023,-0.5949827432632446,-0.3701843321323395,-0.02932153269648552,2025-07-01 17:36:51.547,1751371611547,-7847,-1579,-961,285,-362,-349
621,2025-07-01 17:36:51.959,2025-07-01 17:36:51.635356,-2.9161376953125,-7.953537940979004,4.955997467041016,-0.18936823308467865,0.15515977144241333,-0.30054569244384766,2025-07-01 17:36:51.647,1751371611647,-7903,-1421,-936,79,-381,-637
622,2025-07-01 17:36:52.186,2025-07-01 17:36:51.831706,-2.4660277366638184,-8.561665534973145,5.360617637634277,0.09285151958465576,0.06230825558304787,0.012217304669320583,2025-07-01 17:36:51.822,1751371611822,-7824,-2030,-505,-139,-468,-760
623,2025-07-01 17:36:52.364,2025-07-01 17:36:52.031001,-3.1292216777801514,-8.69334602355957,6.7923502922058105,0.4911356568336487,0.3897320330142975,0.8185594081878662,2025-07-01 17:36:52.017,1751371612017,-7986,-2411,-777,-370,-107,-399
624,2025-07-01 17:36:52.459,2025-07-01 17:36:52.132198,-4.479551315307617,-6.5912370681762695,6.234501361846924,0.2919935882091522,0.656069278717041,1.2400563955307007,2025-07-01 17:36:52.115,1751371612115,-7827,-2644,-744,-727,-52,-662
625,2025-07-01 17:36:52.569,2025-07-01 17:36:52.231122,-4.922478675842285,-4.639962673187256,5.015852451324463,0.0403171069920063,0.41172316670417786,1.2681562900543213,2025-07-01 17:36:52.191,1751371612191,-7899,-2536,-724,-660,0,-602
626,2025-07-01 17:36:52.688,2025-07-01 17:36:52.331245,-5.767632007598877,-3.5410242080688477,4.989516258239746,-0.46181413531303406,0.18448130786418915,0.96883225440979,2025-07-01 17:36:52.304,1751371612304,-7993,-2220,-699,262,-120,607
627,2025-07-01 17:36:52.759,2025-07-01 17:36:52.432150,-7.833827972412109,-3.7158010005950928,5.384559631347656,-0.7709119319915771,0.04764748737215996,0.46547931432724,2025-07-01 17:36:52.457,1751371612457,-8011,-2384,-745,138,277,442
628,2025-07-01 17:36:52.960,2025-07-01 17:36:52.632221,-7.338228225708008,-4.101267337799072,5.9735331535339355,-0.15515977144241333,-0.14905111491680145,0.4911356568336487,2025-07-01 17:36:52.634,1751371612634,-8064,-2598,-629,990,-880,100
629,2025-07-01 17:36:53.059,2025-07-01 17:36:52.730522,-7.51779317855835,-3.270479440689087,5.805939197540283,0.49235737323760986,-0.0708603709936142,0.4434881806373596,2025-07-01 17:36:52.727,1751371612727,-7862,-2303,-384,1234,-831,365
630,2025-07-01 17:36:53.459,2025-07-01 17:36:53.030677,-7.501033782958984,-2.801215887069702,5.506663799285889,0.6792821288108826,0.10018189996480942,0.24068090319633484,2025-07-01 17:36:53.001,1751371613001,-8247,-1844,607,915,-131,1150
631,2025-07-01 17:36:53.759,2025-07-01 17:36:53.438871,-7.936778545379639,-0.47884035110473633,6.011840343475342,0.5619960427284241,0.13072516024112701,-0.00855211354792118,2025-07-01 17:36:53.447,1751371613447,-8074,-1372,232,993,468,611
632,2025-07-01 17:36:53.959,2025-07-01 17:36:53.631006,-8.063671112060547,0.2777273952960968,5.633556365966797,0.4544837474822998,0.09529497474431992,0.03298672288656235,2025-07-01 17:36:53.627,1751371613627,-8147,-1420,74,4,-120,-122
633,2025-07-01 17:36:54.159,2025-07-01 17:36:53.832718,-8.142680168151855,0.24181437492370605,5.5545477867126465,0.2431243658065796,0.015882495790719986,-0.06475171446800232,2025-07-01 17:36:53.823,1751371613823,-8174,-1217,97,402,282,360
634,2025-07-01 17:36:54.574,2025-07-01 17:36:54.243097,-8.372523307800293,1.3335703611373901,5.1595048904418945,0.34086281061172485,0.07696902006864548,0.10262536257505417,2025-07-01 17:36:54.254,1751371614254,-8105,-1358,-84,373,-203,-156
635,2025-07-01 17:36:54.659,2025-07-01 17:36:54.341679,-8.157045364379883,1.5753847360610962,4.639962673187256,0.2932153046131134,0.1062905490398407,0.15393804013729095,2025-07-01 17:36:54.359,1751371614359,-8152,-1174,288,148,-279,-243
636,2025-07-01 17:36:54.760,2025-07-01 17:36:54.434744,-8.212111473083496,1.8722656965255737,4.850652694702148,0.40683624148368835,0.05009094998240471,0.12461651116609573,2025-07-01 17:36:54.442,1751371614442,-8179,-1184,287,176,80,-147
637,2025-07-01 17:36:54.871,2025-07-01 17:36:54.535102,-8.281543731689453,2.2194249629974365,4.663905143737793,0.2638937830924988,0.03176499158143997,0.09407325088977814,2025-07-01 17:36:54.542,1751371614542,-8133,-1269,361,112,-289,55
638,2025-07-01 17:36:54.959,2025-07-01 17:36:54.630899,-8.377311706542969,2.367865562438965,4.8051629066467285,0.15882496535778046,0.009773843921720982,0.1258382350206375,2025-07-01 17:36:54.616,1751371614616,-8080,-1573,150,-64,105,-367
639,2025-07-01 17:36:55.059,2025-07-01 17:36:54.732447,-8.29830265045166,2.0829553604125977,4.771644115447998,0.17959438264369965,0.013439035043120384,0.14782938361167908,2025-07-01 17:36:54.709,1751371614709,-8109,-1572,129,314,-66,-536
640,2025-07-01 17:36:55.164,2025-07-01 17:36:54.836351,-8.061277389526367,2.8874073028564453,4.587290287017822,0.12828169763088226,0.0354301854968071,0.11362093687057495,2025-07-01 17:36:54.816,1751371614816,-8091,-1660,346,-96,-98,-473
641,2025-07-01 17:36:55.292,2025-07-01 17:36:55.029561,-8.152256965637207,2.7293899059295654,4.307168960571289,0.20891591906547546,0.051312681287527084,0.05497787147760391,2025-07-01 17:36:55.057,1751371615057,-8317,-1849,375,126,26,-563
642,2025-07-01 17:36:55.459,2025-07-01 17:36:55.129405,-8.178592681884766,3.2178070545196533,3.998316764831543,0.09651670604944229,-0.0012217304902151227,0.09651670604944229,2025-07-01 17:36:55.155,1751371615155,-8314,-1718,138,-48,-290,-636
643,2025-07-01 17:36:55.569,2025-07-01 17:36:55.232408,-8.226476669311523,3.160346269607544,4.1874589920043945,0.06719517707824707,0.05742133408784866,0.05253441259264946,2025-07-01 17:36:55.242,1751371615242,-8244,-2115,199,84,-350,-472
644,2025-07-01 17:36:55.775,2025-07-01 17:36:55.429665,-7.970297336578369,3.3877954483032227,4.185064792633057,0.07819075137376785,0.01466076634824276,0.06230825558304787,2025-07-01 17:36:55.415,1751371615415,-8260,-2160,215,91,-304,-482
645,2025-07-01 17:36:55.970,2025-07-01 17:36:55.635776,-8.056488990783691,3.4835634231567383,4.046200752258301,0.036651913076639175,-0.010995574295520782,0.006108652334660292,2025-07-01 17:36:55.606,1751371615606,-7895,-2196,451,30,-298,-560
646,2025-07-01 17:36:56.071,2025-07-01 17:36:55.738009,-8.109161376953125,3.600879430770874,4.163516521453857,0.019547687843441963,0.02932153269648552,-0.05864306539297104,2025-07-01 17:36:55.700,1751371615700,-7895,-2250,463,-338,84,-384
647,2025-07-01 17:36:56.266,2025-07-01 17:36:55.933079,-7.8745293617248535,3.3710360527038574,3.9217023849487305,-0.13316862285137177,-0.015882495790719986,-0.04153883829712868,2025-07-01 17:36:55.955,1751371615955,-7911,-2563,467,-245,105,50
648,2025-07-01 17:36:56.659,2025-07-01 17:36:56.330597,-7.805097579956055,3.117250680923462,4.824316501617432,-0.32131510972976685,-0.13316862285137177,-0.03176499158143997,2025-07-01 17:36:56.320,1751371616320,-7919,-2570,464,-199,125,40
649,2025-07-01 17:36:57.059,2025-07-01 17:36:56.737316,-8.11634349822998,2.209848165512085,5.410895824432373,-1.3561208248138428,-0.22113321721553802,-0.46547931432724,2025-07-01 17:36:56.775,1751371616775,-7915,-2424,558,-545,-62,-282
650,2025-07-01 17:36:57.259,2025-07-01 17:36:56.943424,-7.884106159210205,0.12689268589019775,5.657498836517334,-1.6664403676986694,-0.37140607833862305,-0.9627236127853394,2025-07-01 17:36:56.965,1751371616965,-8239,-2074,31,-1923,1123,-56
651,2025-07-01 17:36:57.459,2025-07-01 17:36:57.131941,-5.564124584197998,-5.336675643920898,5.20978307723999,-1.2522737979888916,-0.7257078886032104,-1.3060299158096313,2025-07-01 17:36:57.137,1751371617137,-7845,-2043,-737,-912,609,-604
652,2025-07-01 17:36:57.563,2025-07-01 17:36:57.240691,-4.367023944854736,-6.675034523010254,5.731719017028809,-0.9443976879119873,-0.5962044596672058,-1.1545352935791016,2025-07-01 17:36:57.220,1751371617220,-8016,-2193,-1046,-734,-32,-645
653,2025-07-01 17:36:57.760,2025-07-01 17:36:57.438470,-3.177105665206909,-8.11634349822998,6.260837554931641,-0.14782938361167908,-0.11972958594560623,-0.5057964324951172,2025-07-01 17:36:57.420,1751371617420,-7964,-2609,-966,-700,160,-614
654,2025-07-01 17:36:58.167,2025-07-01 17:36:57.835787,-2.4444799423217773,-6.627150535583496,5.8203043937683105,0.2993239760398865,-0.11972958594560623,-0.19792033731937408,2025-07-01 17:36:57.857,1751371617857,-7958,-1938,-1568,129,310,425
655,2025-07-01 17:36:58.259,2025-07-01 17:36:57.934079,-1.158793568611145,-6.943184852600098,7.539340972900391,0.40194934606552124,-0.16982053220272064,-0.04398229718208313,2025-07-01 17:36:57.947,1751371617947,-8012,-2146,-1249,-112,273,1137
656,2025-07-01 17:36:58.360,2025-07-01 17:36:58.029262,-1.7381904125213623,-6.090848922729492,7.228095054626465,0.24190263450145721,0.39217549562454224,-0.35674530267715454,2025-07-01 17:36:58.041,1751371618041,-7870,-1806,-1199,633,48,490
657,2025-07-01 17:36:58.559,2025-07-01 17:36:58.237919,-4.084507942199707,-5.523423194885254,6.291962146759033,0.7061602473258972,-0.5290092825889587,-0.6988298296928406,2025-07-01 17:36:58.220,1751371618220,-7979,-2054,-1180,324,-267,-582
658,2025-07-01 17:36:58.767,2025-07-01 17:36:58.443855,0.040701430290937424,-5.118803024291992,7.704541206359863,0.4764748811721802,-0.5192354321479797,-0.375071257352829,2025-07-01 17:36:58.411,1751371618411,-7815,-1759,-1200,335,-525,77
659,2025-07-01 17:36:58.881,2025-07-01 17:36:58.537450,0.15322890877723694,-5.152322292327881,8.707711219787598,-0.27977627515792847,-0.08552113175392151,-0.09407325088977814,2025-07-01 17:36:58.498,1751371618498,-7887,-2100,-954,-373,-886,-586
660,2025-07-01 17:36:58.960,2025-07-01 17:36:58.636186,0.5291185975074768,-7.711723804473877,8.343792915344238,-0.8539896011352539,-0.045204028487205505,0.10262536257505417,2025-07-01 17:36:58.658,1751371618658,-7811,-1986,-784,-203,-1585,-837
661,2025-07-01 17:36:59.183,2025-07-01 17:36:58.836643,-2.454056739807129,-9.277531623840332,5.1116204261779785,-1.2803735733032227,0.4813618063926697,1.3280210494995117,2025-07-01 17:36:58.844,1751371618844,-8216,-2393,-130,49,-453,-1137
662,2025-07-01 17:36:59.482,2025-07-01 17:36:59.136884,-4.405331134796143,-6.196194171905518,5.039794445037842,-0.1466076523065567,-0.08918632566928864,0.5729916095733643,2025-07-01 17:36:59.130,1751371619130,-8015,-2509,-542,-139,319,-600
663,2025-07-01 17:36:59.559,2025-07-01 17:36:59.244574,-4.95120906829834,-6.31829833984375,4.697423934936523,-0.14782938361167908,-0.19547687470912933,0.20525072515010834,2025-07-01 17:36:59.210,1751371619210,-8027,-2869,-526,81,364,-406
664,2025-07-01 17:36:59.659,2025-07-01 17:36:59.332049,-5.832275390625,-7.204153060913086,4.637568473815918,0.940732479095459,-0.039095375686883926,-0.14905111491680145,2025-07-01 17:36:59.294,1751371619294,-7661,-2732,-523,-125,314,-462
665,2025-07-01 17:36:59.870,2025-07-01 17:36:59.537713,-4.93923807144165,-5.319916248321533,6.672640323638916,2.415361166000366,-0.4764748811721802,-0.036651913076639175,2025-07-01 17:36:59.558,1751371619558,-7583,-3129,-773,-163,145,-25
666,2025-07-01 17:36:59.959,2025-07-01 17:36:59.631451,-4.335899353027344,-4.264073371887207,8.267178535461426,0.5619960427284241,-0.3836233615875244,0.34574973583221436,2025-07-01 17:36:59.658,1751371619658,-7637,-2793,-847,-429,279,255
667,2025-07-01 17:37:00.059,2025-07-01 17:36:59.748296,-4.005499362945557,-2.585737943649292,7.484274387359619,0.9334021210670471,-0.6633996367454529,-0.10873401165008545,2025-07-01 17:36:59.741,1751371619741,-7662,-2736,-846,-437,-39,414
668,2025-07-01 17:37:00.159,2025-07-01 17:36:59.841690,-4.125209331512451,-0.7709329724311829,8.983044624328613,0.39584067463874817,-0.294437050819397,-0.294437050819397,2025-07-01 17:36:59.869,1751371619869,-7958,-2667,-891,-564,357,725
669,2025-07-01 17:37:00.260,2025-07-01 17:36:59.938655,-3.1244332790374756,-2.6575639247894287,9.27034854888916,0.2981022298336029,-0.43737950921058655,-0.19425514340400696,2025-07-01 17:36:59.924,1751371619924,-7955,-2325,-1123,-297,383,725
670,2025-07-01 17:37:00.368,2025-07-01 17:37:00.033588,-2.964021682739258,-1.3000515699386597,8.317456245422363,0.21502456068992615,-0.19914206862449646,0.08552113175392151,2025-07-01 17:37:00.007,1751371620007,-7982,-2310,-1134,-329,243,690
671,2025-07-01 17:37:00.463,2025-07-01 17:37:00.130183,-2.913743495941162,-0.5267243981361389,8.248024940490723,-0.0708603709936142,-0.09529497474431992,-0.04764748737215996,2025-07-01 17:37:00.115,1751371620115,-7828,-1946,-993,-318,-8,565
672,2025-07-01 17:37:00.573,2025-07-01 17:37:00.239139,-2.9472622871398926,-2.097320795059204,9.17697525024414,-0.19303341209888458,-0.00733038317412138,-0.1820378452539444,2025-07-01 17:37:00.220,1751371620220,-7827,-2065,-969,-117,-66,240
673,2025-07-01 17:37:00.774,2025-07-01 17:37:00.429712,-2.741360902786255,-0.18914192914962769,8.808267593383789,2.9407052993774414,-0.33475416898727417,-0.15515977144241333,2025-07-01 17:37:00.413,1751371620413,-7907,-1741,-1357,25,324,373
674,2025-07-01 17:37:00.960,2025-07-01 17:37:00.631407,-1.0079588890075684,6.955155849456787,10.826580047607422,0.8087855577468872,0.43249258399009705,-0.3188716471195221,2025-07-01 17:37:00.654,1751371620654,-7877,-1845,-1069,-78,-314,-281
675,2025-07-01 17:37:01.061,2025-07-01 17:37:00.729493,-4.632780075073242,3.3901896476745605,7.970297336578369,-4.773301124572754,0.35185837745666504,0.5913175344467163,2025-07-01 17:37:00.745,1751371620745,-7837,-1914,-698,-83,-202,-210
676,2025-07-01 17:37:01.166,2025-07-01 17:37:00.829349,-2.276885747909546,-4.639962673187256,5.647922039031982,-1.359786033630371,-0.8112290501594543,-0.15393804013729095,2025-07-01 17:37:00.842,1751371620842,-7929,-1691,-1074,-320,-13,-343
677,2025-07-01 17:37:01.266,2025-07-01 17:37:00.930096,-3.4332852363586426,-3.114856481552124,9.607931137084961,-0.3677408695220947,0.2993239760398865,0.12828169763088226,2025-07-01 17:37:00.936,1751371620936,-7919,-1731,-1099,63,51,14
678,2025-07-01 17:37:01.364,2025-07-01 17:37:01.029315,-3.5625722408294678,2.1164743900299072,6.732495307922363,4.509407043457031,-0.3701843321323395,-0.7476990818977356,2025-07-01 17:37:01.020,1751371621020,-8210,-1918,-757,311,-272,-280
679,2025-07-01 17:37:01.476,2025-07-01 17:37:01.130797,-3.663128614425659,5.592854976654053,12.102689743041992,3.419623613357544,0.759916365146637,-0.08674286305904388,2025-07-01 17:37:01.115,1751371621115,-7864,-1821,-721,-121,-181,-142
680,2025-07-01 17:37:01.662,2025-07-01 17:37:01.334711,-4.879383087158203,-2.4420857429504395,6.390124320983887,-4.773301124572754,-0.28466320037841797,0.0806342139840126,2025-07-01 17:37:01.371,1751371621371,-7877,-2305,-491,-419,-318,-1116
681,2025-07-01 17:37:01.864,2025-07-01 17:37:01.533221,-2.142810583114624,1.8602946996688843,8.501810073852539,3.8252382278442383,-0.5656611919403076,-1.3158037662506104,2025-07-01 17:37:01.546,1751371621546,-7839,-2024,-730,76,177,-349
682,2025-07-01 17:37:01.965,2025-07-01 17:37:01.633873,-1.7884687185287476,5.892130374908447,10.934319496154785,1.4501941204071045,0.4899139404296875,-0.2174680233001709,2025-07-01 17:37:01.655,1751371621655,-7905,-2364,-444,-320,-322,4
683,2025-07-01 17:37:02.059,2025-07-01 17:37:01.729734,-5.8203043937683105,4.7405195236206055,9.430760383605957,-3.3817501068115234,1.1594222784042358,0.07696902006864548,2025-07-01 17:37:01.729,1751371621729,-7941,-2199,-499,-217,79,-554
684,2025-07-01 17:37:02.159,2025-07-01 17:37:01.835467,-2.9328970909118652,-5.305551052093506,5.827486991882324,-2.954144239425659,-1.1594222784042358,0.1918116807937622,2025-07-01 17:37:01.816,1751371621816,-8031,-2610,-844,-519,-107,18
685,2025-07-01 17:37:02.262,2025-07-01 17:37:01.932751,-3.0789434909820557,-0.5386953949928284,6.138733386993408,1.674992561340332,0.24923302233219147,0.17470745742321014,2025-07-01 17:37:01.904,1751371621904,-8220,-2011,-891,-22,-125,630
686,2025-07-01 17:37:02.368,2025-07-01 17:37:02.033682,-2.31758713722229,8.971074104309082,8.920795440673828,3.226590156555176,-0.3579670190811157,-1.7983872890472412,2025-07-01 17:37:02.002,1751371622002,-8042,-1932,-862,104,116,-74
687,2025-07-01 17:37:02.482,2025-07-01 17:37:02.135253,-3.1292216777801514,2.9161376953125,10.642226219177246,1.0409144163131714,0.1062905490398407,0.5167919993400574,2025-07-01 17:37:02.123,1751371622123,-8230,-1937,-886,35,96,-102
688,2025-07-01 17:37:02.668,2025-07-01 17:37:02.330851,-3.2776620388031006,0.26575639843940735,8.707711219787598,-1.7116444110870361,0.21135938167572021,0.0024434609804302454,2025-07-01 17:37:02.351,1751371622351,-8064,-2014,-602,-373,-37,80
689,2025-07-01 17:37:02.769,2025-07-01 17:37:02.433950,-3.8977603912353516,-2.276885747909546,6.892906665802002,-0.827111542224884,0.18081611394882202,-0.1612684279680252,2025-07-01 17:37:02.450,1751371622450,-7823,-1965,-848,-277,423,319
690,2025-07-01 17:37:02.859,2025-07-01 17:37:02.533173,-3.19865345954895,-2.516305923461914,9.581595420837402,0.0806342139840126,0.013439035043120384,0.2871066629886627,2025-07-01 17:37:02.535,1751371622535,-8219,-2127,-1117,82,561,351
691,2025-07-01 17:37:02.969,2025-07-01 17:37:02.634187,-3.9456443786621094,0.21787235140800476,9.172186851501465,0.0,-0.11362093687057495,0.19547687470912933,2025-07-01 17:37:02.645,1751371622645,-8200,-2074,-700,-293,-312,-98
692,2025-07-01 17:37:03.060,2025-07-01 17:37:02.734999,-2.937685489654541,1.1755530834197998,9.708487510681152,0.588874101638794,-0.14905111491680145,0.042760565876960754,2025-07-01 17:37:02.713,1751371622713,-8039,-2059,-830,125,53,71
693,2025-07-01 17:37:03.161,2025-07-01 17:37:02.831483,-3.318363666534424,0.5793967843055725,8.516175270080566,-0.08918632566928864,-0.04398229718208313,-0.33475416898727417,2025-07-01 17:37:02.807,1751371622807,-8199,-2123,-793,7,4,-518
694,2025-07-01 17:37:03.859,2025-07-01 17:37:03.536811,-2.942473888397217,1.1324573755264282,9.062053680419922,-0.37629300355911255,-0.1661553531885147,-0.03176499158143997,2025-07-01 17:37:03.515,1751371623515,-8020,-2209,-593,-123,316,146
695,2025-07-01 17:37:03.960,2025-07-01 17:37:03.631062,-1.4101848602294922,0.646434485912323,9.9000244140625,-1.1911872625350952,-0.14905111491680145,-0.0024434609804302454,2025-07-01 17:37:03.629,1751371623629,-7882,-2372,-442,-86,313,380
696,2025-07-01 17:37:04.259,2025-07-01 17:37:03.938795,-2.47560453414917,-6.09324312210083,7.582436561584473,0.1258382350206375,0.304210901260376,-0.039095375686883926,2025-07-01 17:37:03.913,1751371623913,-7905,-2427,-729,-310,207,-346
697,2025-07-01 17:37:04.459,2025-07-01 17:37:04.133316,-1.45806884765625,7.450755596160889,8.932766914367676,0.46303585171699524,-0.8491026759147644,-0.4031710624694824,2025-07-01 17:37:04.163,1751371624163,-7838,-2667,-713,-325,13,-168
698,2025-07-01 17:37:04.659,2025-07-01 17:37:04.333101,-2.889801502227783,3.8977603912353516,9.160215377807617,-3.073873996734619,-0.10506882518529892,0.0,2025-07-01 17:37:04.363,1751371624363,-7959,-2421,-771,549,-351,127
699,2025-07-01 17:37:04.768,2025-07-01 17:37:04.438555,-2.5115175247192383,-1.0989385843276978,7.386112213134766,-1.880243182182312,0.08796459436416626,0.24068090319633484,2025-07-01 17:37:04.420,1751371624420,-7813,-2612,-442,-522,65,42
700,2025-07-01 17:37:04.859,2025-07-01 17:37:04.537153,-3.404554843902588,-5.96874475479126,7.690176010131836,0.384845107793808,0.3701843321323395,0.0354301854968071,2025-07-01 17:37:04.518,1751371624518,-7845,-2588,-418,-210,65,82
701,2025-07-01 17:37:04.959,2025-07-01 17:37:04.632764,-3.5170822143554688,1.2210428714752197,9.892841339111328,3.858224868774414,-0.11972958594560623,-0.3078760802745819,2025-07-01 17:37:04.623,1751371624623,-8055,-2201,-471,268,-3,-67
702,2025-07-01 17:37:05.060,2025-07-01 17:37:04.735511,-0.9289502501487732,4.185064792633057,11.276689529418945,-0.7159340381622314,-0.4642575979232788,0.26145032048225403,2025-07-01 17:37:04.715,1751371624715,-7875,-2232,-890,64,72,6
703,2025-07-01 17:37:05.260,2025-07-01 17:37:04.930760,-2.913743495941162,1.6136919260025024,6.744466304779053,-0.22968533635139465,0.12828169763088226,-0.4764748811721802,2025-07-01 17:37:04.893,1751371624893,-8046,-2225,-621,-65,-304,122
704,2025-07-01 17:37:05.559,2025-07-01 17:37:05.233746,-2.8203697204589844,-4.015076160430908,8.98543930053711,-0.35674530267715454,-0.08185594528913498,0.004886921960860491,2025-07-01 17:37:05.240,1751371625240,-8193,-2275,-398,-618,103,56
705,2025-07-01 17:37:05.660,2025-07-01 17:37:05.337476,-3.0190882682800293,0.8643068075180054,7.714118003845215,0.08429940044879913,-0.08429940044879913,-0.17592918872833252,2025-07-01 17:37:05.321,1751371625321,-7867,-2292,-800,-239,309,12
706,2025-07-01 17:37:05.760,2025-07-01 17:37:05.435381,-2.5761611461639404,-3.0837318897247314,8.743624687194824,-0.40194934606552124,-0.1563815027475357,0.15882496535778046,2025-07-01 17:37:05.432,1751371625432,-8212,-2366,-465,277,-67,181
707,2025-07-01 17:37:05.897,2025-07-01 17:37:05.533877,-2.2026655673980713,-4.381389141082764,9.473855972290039,0.7024950385093689,0.013439035043120384,0.24556782841682434,2025-07-01 17:37:05.502,1751371625502,-8232,-2046,-439,369,-89,254
708,2025-07-01 17:37:05.959,2025-07-01 17:37:05.632717,-3.555389642715454,4.378994941711426,10.192116737365723,3.9095375537872314,-0.11484266817569733,-0.5778785347938538,2025-07-01 17:37:05.613,1751371625613,-8210,-1955,-509,13,234,-280
709,2025-07-01 17:37:06.085,2025-07-01 17:37:05.738233,-2.274491548538208,-3.7397429943084717,10.20648193359375,-2.802649736404419,0.8087855577468872,1.4746286869049072,2025-07-01 17:37:05.700,1751371625700,-7877,-2401,-795,-361,-270,-358
710,2025-07-01 17:37:06.160,2025-07-01 17:37:05.831911,-2.365471363067627,-0.3208230137825012,7.9846625328063965,-1.9449949264526367,0.9248499870300293,-0.3017674386501312,2025-07-01 17:37:05.860,1751371625860,-7988,-1975,-542,-106,-315,-254
711,2025-07-01 17:37:06.270,2025-07-01 17:37:05.929801,-2.0254945755004883,1.173158884048462,5.34625244140625,-1.8020524978637695,0.3933972120285034,-0.5338962078094482,2025-07-01 17:37:05.958,1751371625958,-8267,-2415,-550,-343,242,-55
712,2025-07-01 17:37:06.382,2025-07-01 17:37:06.030065,-1.8531121015548706,-6.033388137817383,5.315127849578857,-3.8337903022766113,0.33719760179519653,-1.1227703094482422,2025-07-01 17:37:06.039,1751371626039,-7950,-2078,-563,414,546,537
713,2025-07-01 17:37:06.467,2025-07-01 17:37:06.130149,-3.0550012588500977,-8.96389102935791,5.789179801940918,-1.1178834438323975,-0.46547931432724,-0.9382890462875366,2025-07-01 17:37:06.135,1751371626135,-8036,-2319,-649,-163,682,-532
714,2025-07-01 17:37:06.568,2025-07-01 17:37:06.239502,-3.531447410583496,-9.734824180603027,5.96874475479126,-1.370781660079956,-0.5778785347938538,-0.9480628371238708,2025-07-01 17:37:06.239,1751371626239,-8240,-2541,-1148,-666,-52,-1047
715,2025-07-01 17:37:06.672,2025-07-01 17:37:06.337666,-1.656787633895874,-10.623072624206543,5.947196960449219,-0.6597344875335693,-0.6927211880683899,-0.5949827432632446,2025-07-01 17:37:06.320,1751371626320,-8008,-2526,-1116,-571,84,50
716,2025-07-01 17:37:06.767,2025-07-01 17:37:06.440036,-0.28730419278144836,-9.835380554199219,5.3797712326049805,0.4080579876899719,-0.5351179838180542,-0.39584067463874817,2025-07-01 17:37:06.407,1751371626407,-7840,-2187,-751,380,52,814
717,2025-07-01 17:37:07.062,2025-07-01 17:37:06.829943,0.6224924325942993,-11.731588363647461,5.228936672210693,-0.9993755221366882,0.8869763612747192,0.970054030418396,2025-07-01 17:37:06.857,1751371626857,-7893,-1683,-162,145,-294,295
718,2025-07-01 17:37:07.276,2025-07-01 17:37:06.930441,-1.2617442607879639,-5.714959621429443,2.518700122833252,-1.6908750534057617,1.5051720142364502,1.7470746040344238,2025-07-01 17:37:06.939,1751371626939,-7919,-1730,-172,258,-98,-41
719,2025-07-01 17:37:07.365,2025-07-01 17:37:07.029427,-6.629544734954834,-6.730101108551025,4.194641590118408,-0.036651913076639175,-0.10262536257505417,0.607200026512146,2025-07-01 17:37:07.036,1751371627036,-8093,-1919,-597,294,-42,344
720,2025-07-01 17:37:07.464,2025-07-01 17:37:07.129305,-5.7125654220581055,-8.62391471862793,6.378153324127197,-0.8796459436416626,-0.00366519158706069,0.11484266817569733,2025-07-01 17:37:07.151,1751371627151,-8290,-1804,-640,317,-304,-295
721,2025-07-01 17:37:07.566,2025-07-01 17:37:07.129305,-5.7125654220581055,-8.62391471862793,6.378153324127197,-0.8796459436416626,-0.00366519158706069,0.11484266817569733,2025-07-01 17:37:07.151,1751371627151,-8290,-1804,-640,317,-304,-295
722,2025-07-01 17:37:07.660,2025-07-01 17:37:07.340362,-2.298433542251587,-7.996633529663086,3.1914708614349365,1.0714576244354248,-0.14049901068210602,-0.09896016865968704,2025-07-01 17:37:07.309,1751371627309,-8081,-1673,14,80,-1046,-156
723,2025-07-01 17:37:07.771,2025-07-01 17:37:07.434908,-3.890577793121338,-9.564835548400879,4.3191399574279785,0.6047565937042236,-0.05497787147760391,-0.3799581825733185,2025-07-01 17:37:07.403,1751371627403,-7870,-2164,132,-366,-979,-822
724,2025-07-01 17:37:07.870,2025-07-01 17:37:07.540034,-3.6176388263702393,-6.856993675231934,4.2951979637146,0.5021312236785889,-0.045204028487205505,0.26145032048225403,2025-07-01 17:37:07.500,1751371627500,-7821,-2424,232,-319,-780,-995
725,2025-07-01 17:37:08.085,2025-07-01 17:37:07.747711,-3.6583402156829834,-8.62630844116211,5.114014625549316,0.2028072625398636,0.475253164768219,1.0286970138549805,2025-07-01 17:37:07.754,1751371627754,-7840,-2262,517,126,63,-135
726,2025-07-01 17:37:08.359,2025-07-01 17:37:08.038415,-6.742072105407715,-4.924872875213623,4.903325080871582,0.4129449129104614,-0.09896016865968704,0.41661009192466736,2025-07-01 17:37:08.034,1751371628034,-8200,-2038,519,493,328,658
727,2025-07-01 17:37:08.559,2025-07-01 17:37:08.243692,-8.578424453735352,-4.853046894073486,5.731719017028809,0.07819075137376785,-0.2785545587539673,0.47769662737846375,2025-07-01 17:37:08.208,1751371628208,-8080,-2061,228,922,552,859
728,2025-07-01 17:37:08.859,2025-07-01 17:37:08.550520,-7.819462776184082,-1.922544002532959,5.853823184967041,0.7061602473258972,0.10995574295520782,0.45326200127601624,2025-07-01 17:37:08.565,1751371628565,-8471,-1860,226,1286,554,706
729,2025-07-01 17:37:09.061,2025-07-01 17:37:08.751701,-7.3885064125061035,-1.7597382068634033,6.1770405769348145,0.5778785347938538,0.09040805697441101,0.11850785464048386,2025-07-01 17:37:08.745,1751371628745,-8473,-1384,133,794,264,-111
730,2025-07-01 17:37:09.161,2025-07-01 17:37:08.848422,-7.8098859786987305,-0.11252748221158981,5.992686748504639,0.7305948138237,0.12217304855585098,0.010995574295520782,2025-07-01 17:37:08.858,1751371628858,-8139,-1406,372,250,12,-558
731,2025-07-01 17:37:09.266,2025-07-01 17:37:08.949854,-7.970297336578369,-0.2106897532939911,5.827486991882324,0.5277875661849976,0.05619960278272629,-0.013439035043120384,2025-07-01 17:37:08.914,1751371628914,-8132,-1174,359,178,-270,-533
732,2025-07-01 17:37:09.359,2025-07-01 17:37:09.041124,-7.630321025848389,-0.3423708379268646,5.585672378540039,0.42760565876960754,0.04153883829712868,-0.0024434609804302454,2025-07-01 17:37:09.026,1751371629026,-8092,-1226,356,368,-286,-218
733,2025-07-01 17:37:09.564,2025-07-01 17:37:09.258229,-7.893682956695557,-0.05267243832349777,5.837063789367676,0.2076941877603531,0.07452555745840073,-0.0012217304902151227,2025-07-01 17:37:09.228,1751371629228,-8312,-1468,226,307,-340,-424
734,2025-07-01 17:37:09.959,2025-07-01 17:37:09.645387,-8.188169479370117,1.0773907899856567,5.827486991882324,0.3029891550540924,0.03176499158143997,0.05253441259264946,2025-07-01 17:37:09.635,1751371629635,-8088,-1870,511,-154,-145,-273
735,2025-07-01 17:37:10.159,2025-07-01 17:37:09.748812,-8.202534675598145,1.3862427473068237,5.604825973510742,0.38240164518356323,0.12828169763088226,0.09773843735456467,2025-07-01 17:37:09.728,1751371629728,-8102,-1480,464,-198,-181,58
736,2025-07-01 17:37:10.259,2025-07-01 17:37:09.947769,-8.22887134552002,1.886630892753601,5.063736438751221,0.4337143301963806,0.21380282938480377,0.12095131725072861,2025-07-01 17:37:09.932,1751371629932,-8088,-1850,824,147,260,-320
737,2025-07-01 17:37:10.459,2025-07-01 17:37:10.132293,-8.180987358093262,2.0183119773864746,4.584896087646484,0.10384709388017654,0.08918632566928864,0.06352998316287994,2025-07-01 17:37:10.113,1751371630113,-8294,-2090,645,263,-309,-538
738,2025-07-01 17:37:10.573,2025-07-01 17:37:10.255358,-8.085219383239746,1.941697597503662,4.479551315307617,0.06475171446800232,0.05497787147760391,-0.00366519158706069,2025-07-01 17:37:10.296,1751371630296,-8253,-2164,750,306,20,-375
739,2025-07-01 17:37:11.061,2025-07-01 17:37:10.757259,-7.948749542236328,2.1356279850006104,5.274426460266113,-0.2834414839744568,-0.1160643994808197,0.010995574295520782,2025-07-01 17:37:10.727,1751371630727,-8284,-1987,1091,-228,-569,-484
740,2025-07-01 17:37:11.260,2025-07-01 17:37:10.849181,-8.274360656738281,1.9057846069335938,5.341464042663574,-0.4153883755207062,-0.03298672288656235,-0.0354301854968071,2025-07-01 17:37:10.824,1751371630824,-8207,-2324,898,-217,-433,-1166
741,2025-07-01 17:37:11.360,2025-07-01 17:37:11.043180,-8.101978302001953,0.9361328482627869,5.355829238891602,-0.29565876722335815,-0.0024434609804302454,-0.09407325088977814,2025-07-01 17:37:11.084,1751371631084,-8058,-2440,1327,-47,300,110
742,2025-07-01 17:37:11.576,2025-07-01 17:37:11.247189,-8.346187591552734,0.5171475410461426,5.406107425689697,-0.44715335965156555,-0.08918632566928864,-0.06841690838336945,2025-07-01 17:37:11.260,1751371631260,-7849,-2685,983,-312,319,-17
743,2025-07-01 17:37:11.659,2025-07-01 17:37:11.247189,-8.346187591552734,0.5171475410461426,5.406107425689697,-0.44715335965156555,-0.08918632566928864,-0.06841690838336945,2025-07-01 17:37:11.282,1751371631282,-7833,-2451,985,-169,-27,-10
744,2025-07-01 17:37:11.759,2025-07-01 17:37:11.450846,-8.283937454223633,1.7142484188079834,5.985504150390625,-1.1887437105178833,-0.10751228034496307,-0.513126790523529,2025-07-01 17:37:11.438,1751371631438,-8062,-2445,986,-178,257,-39
745,2025-07-01 17:37:11.859,2025-07-01 17:37:11.557764,-8.482656478881836,-0.6224924325942993,4.876988887786865,-1.5051720142364502,-0.10018189996480942,-1.0604621171951294,2025-07-01 17:37:11.542,1751371631542,-8052,-2610,965,-243,363,-101
746,2025-07-01 17:37:11.960,2025-07-01 17:37:11.654775,-7.659051418304443,-2.652775526046753,4.580107688903809,-1.215621829032898,-0.08185594528913498,-1.2229522466659546,2025-07-01 17:37:11.622,1751371631622,-8281,-2321,120,-1747,1673,-97
747,2025-07-01 17:37:12.059,2025-07-01 17:37:11.755903,-7.110779285430908,-5.044582843780518,4.764461517333984,-0.7134906053543091,-0.24556782841682434,-1.1691961288452148,2025-07-01 17:37:11.728,1751371631728,-8190,-2588,-526,-1920,1205,-193
748,2025-07-01 17:37:12.173,2025-07-01 17:37:11.849503,-6.167463779449463,-5.714959621429443,5.018246650695801,-0.2223549485206604,-0.28955012559890747,-1.1936306953430176,2025-07-01 17:37:11.815,1751371631815,-7908,-2659,-840,-1024,860,-637
749,2025-07-01 17:37:12.677,2025-07-01 17:37:12.354095,-3.2585084438323975,-7.979874134063721,5.288791656494141,0.0659734457731247,-0.06475171446800232,-0.25045475363731384,2025-07-01 17:37:12.394,1751371632394,-7675,-2193,-804,-352,-292,272
750,2025-07-01 17:37:12.867,2025-07-01 17:37:12.552438,-2.5713725090026855,-6.8378400802612305,4.639962673187256,-0.19914206862449646,0.09529497474431992,-0.24434609711170197,2025-07-01 17:37:12.548,1751371632548,-7845,-2007,-1149,-294,613,255
751,2025-07-01 17:37:12.965,2025-07-01 17:37:12.630252,-2.853888511657715,-7.338228225708008,5.954379558563232,0.07941248267889023,-0.14294247329235077,-0.29077184200286865,2025-07-01 17:37:12.646,1751371632646,-7889,-1924,-1138,-310,153,608
752,2025-07-01 17:37:13.077,2025-07-01 17:37:12.750879,-1.6208745241165161,-8.559270858764648,4.618414878845215,-0.4996877610683441,0.3384193480014801,-0.036651913076639175,2025-07-01 17:37:12.722,1751371632722,-7828,-1767,-1131,-120,331,206
753,2025-07-01 17:37:13.172,2025-07-01 17:37:12.854191,-3.8786067962646484,-9.069235801696777,4.467580318450928,0.9639453291893005,1.2608258724212646,-0.9492846131324768,2025-07-01 17:37:12.892,1751371632892,-7956,-2131,-928,39,-3,-332
754,2025-07-01 17:37:13.359,2025-07-01 17:37:13.050557,-2.4684219360351562,-8.154650688171387,7.086836814880371,1.2779301404953003,-0.28955012559890747,-0.3323107063770294,2025-07-01 17:37:13.056,1751371633056,-7867,-1957,-1304,324,190,-219
755,2025-07-01 17:37:13.465,2025-07-01 17:37:13.156889,-1.1228805780410767,-5.892130374908447,7.271190643310547,0.4434881806373596,-0.455705463886261,-0.28099802136421204,2025-07-01 17:37:13.172,1751371633172,-7993,-1769,-1160,100,-85,85
756,2025-07-01 17:37:13.665,2025-07-01 17:37:13.349550,-2.145204782485962,-7.299921035766602,9.581595420837402,-2.5607471466064453,0.6475171446800232,0.37629300355911255,2025-07-01 17:37:13.334,1751371633334,-8056,-2122,-1067,-351,-193,54
757,2025-07-01 17:37:13.765,2025-07-01 17:37:13.451448,-2.6024973392486572,-10.919954299926758,5.724536418914795,-1.7861700057983398,0.5656611919403076,1.321912407875061,2025-07-01 17:37:13.438,1751371633438,-7940,-1956,-1068,46,-335,-514
758,2025-07-01 17:37:13.964,2025-07-01 17:37:13.630062,-5.058948040008545,-5.947196960449219,4.532223701477051,1.5540411472320557,0.14416420459747314,1.1191051006317139,2025-07-01 17:37:13.610,1751371633610,-8038,-1945,-899,782,129,-31
759,2025-07-01 17:37:14.072,2025-07-01 17:37:13.745214,-5.389348030090332,-3.383007049560547,6.418854713439941,1.341460108757019,-0.2015855312347412,0.018325956538319588,2025-07-01 17:37:13.717,1751371633717,-8013,-1962,-904,489,164,-13
760,2025-07-01 17:37:14.175,2025-07-01 17:37:13.855928,-5.339069843292236,-3.471592426300049,6.260837554931641,1.6029103994369507,-0.3176499307155609,-0.2015855312347412,2025-07-01 17:37:13.894,1751371633894,-8037,-1994,-962,-8,-121,-277
761,2025-07-01 17:37:14.359,2025-07-01 17:37:14.034528,-3.0142998695373535,-1.7836803197860718,7.881711959838867,0.8356636762619019,-0.6841690540313721,0.02076941914856434,2025-07-01 17:37:14.052,1751371634052,-8039,-2308,-982,-114,126,-356
762,2025-07-01 17:37:14.470,2025-07-01 17:37:14.154444,-3.646369218826294,-2.205059766769409,8.468291282653809,0.3494149148464203,-0.5412266254425049,-0.17104226350784302,2025-07-01 17:37:14.151,1751371634151,-7832,-2202,-907,-238,1,-131
763,2025-07-01 17:37:14.559,2025-07-01 17:37:14.264571,-2.5019407272338867,-3.268085241317749,10.127472877502441,-0.18325957655906677,-0.20525072515010834,-0.12339477986097336,2025-07-01 17:37:14.251,1751371634251,-7956,-2181,-1151,-317,-338,99
764,2025-07-01 17:37:14.668,2025-07-01 17:37:14.344006,-3.4380736351013184,-3.6343982219696045,6.998251438140869,-0.6035348773002625,-0.09773843735456467,0.11728613078594208,2025-07-01 17:37:14.354,1751371634354,-8020,-2391,-918,-301,-325,-268
765,2025-07-01 17:37:14.866,2025-07-01 17:37:14.452569,-2.1140801906585693,-2.9951462745666504,9.588777542114258,0.42760565876960754,0.18325957655906677,-0.08185594528913498,2025-07-01 17:37:14.442,1751371634442,-8054,-2396,-1135,69,-372,93
766,2025-07-01 17:37:14.960,2025-07-01 17:37:14.631201,-2.8179752826690674,0.7924807667732239,10.005369186401367,1.9523253440856934,-0.039095375686883926,0.16982053220272064,2025-07-01 17:37:14.593,1751371634593,-8012,-1958,-688,-111,-361,65
767,2025-07-01 17:37:15.074,2025-07-01 17:37:14.736695,-1.0558429956436157,4.711789131164551,10.96304988861084,-0.010995574295520782,0.23457226157188416,-0.1417207419872284,2025-07-01 17:37:14.712,1751371634712,-7900,-2041,-682,-110,-307,-151
768,2025-07-01 17:37:15.275,2025-07-01 17:37:14.931285,-2.5306711196899414,-3.976768970489502,6.045359134674072,-1.3353514671325684,-0.8674286603927612,-0.24434609711170197,2025-07-01 17:37:14.952,1751371634952,-7915,-2578,-432,-3,-563,343
769,2025-07-01 17:37:15.466,2025-07-01 17:37:15.145235,-0.6727706789970398,-0.5817909836769104,10.656591415405273,2.4495697021484375,-0.5412266254425049,0.4386012554168701,2025-07-01 17:37:15.139,1751371635139,-8236,-1981,-224,796,-247,374
770,2025-07-01 17:37:15.559,2025-07-01 17:37:15.241228,-1.647210717201233,2.7461493015289307,11.60708999633789,0.9187413454055786,0.13072516024112701,0.31520646810531616,2025-07-01 17:37:15.231,1751371635231,-8199,-1987,64,190,-414,360
771,2025-07-01 17:37:15.659,2025-07-01 17:37:15.336592,-3.646369218826294,4.168305397033691,8.044517517089844,-3.863111734390259,0.5571091175079346,0.22602014243602753,2025-07-01 17:37:15.321,1751371635321,-7828,-2427,-96,69,-406,-548
772,2025-07-01 17:37:16.185,2025-07-01 17:37:15.738673,-2.343923568725586,6.447585105895996,11.362881660461426,1.2021827697753906,0.11484266817569733,0.375071257352829,2025-07-01 17:37:15.759,1751371635759,-8266,-1994,177,-108,-327,-60
773,2025-07-01 17:37:16.461,2025-07-01 17:37:16.135493,-4.620809078216553,0.5291185975074768,4.158728122711182,4.473977088928223,-0.2968805134296417,-0.6426302194595337,2025-07-01 17:37:16.129,1751371636129,-8217,-1979,272,-45,103,126
774,2025-07-01 17:37:16.559,2025-07-01 17:37:16.241122,0.8403648138046265,10.795455932617188,16.438589096069336,3.1899383068084717,-0.26633724570274353,-1.5442672967910767,2025-07-01 17:37:16.212,1751371636212,-8256,-2320,341,109,-277,51
775,2025-07-01 17:37:16.675,2025-07-01 17:37:16.348498,-1.3407529592514038,6.631938934326172,10.201693534851074,-0.1918116807937622,0.21868975460529327,-0.797789990901947,2025-07-01 17:37:16.329,1751371636329,-8221,-1980,537,257,-337,312
776,2025-07-01 17:37:16.759,2025-07-01 17:37:16.429681,-3.4308910369873047,2.0015525817871094,7.73087739944458,-3.8960986137390137,0.18081611394882202,0.18448130786418915,2025-07-01 17:37:16.439,1751371636439,-7849,-2355,135,-144,-133,-440
777,2025-07-01 17:37:17.063,2025-07-01 17:37:16.741227,-3.201047658920288,0.07422025501728058,9.21288776397705,0.9382890462875366,0.17104226350784302,-0.19425514340400696,2025-07-01 17:37:16.758,1751371636758,-8268,-2043,199,90,-120,-46
778,2025-07-01 17:37:17.265,2025-07-01 17:37:16.947766,-2.978386878967285,0.27054479718208313,10.055646896362305,-0.2370157092809677,0.17348572611808777,0.028099801391363144,2025-07-01 17:37:16.929,1751371636929,-8263,-2170,633,-36,69,370
779,2025-07-01 17:37:17.359,2025-07-01 17:37:17.044156,-3.928884983062744,-0.8236053586006165,9.368511199951172,0.01710422709584236,0.08185594528913498,-0.02687807008624077,2025-07-01 17:37:17.034,1751371637034,-8229,-2127,619,-51,92,320
780,2025-07-01 17:37:17.673,2025-07-01 17:37:17.347958,-3.5721490383148193,1.4724340438842773,8.89685344696045,0.15027284622192383,-0.31031954288482666,-0.08552113175392151,2025-07-01 17:37:17.307,1751371637307,-8223,-1757,565,69,66,-83
781,2025-07-01 17:37:17.871,2025-07-01 17:37:17.541722,-2.873042106628418,0.9241618514060974,9.785101890563965,1.2400563955307007,0.13316862285137177,0.07696902006864548,2025-07-01 17:37:17.507,1751371637507,-8250,-2347,562,-537,262,-431
782,2025-07-01 17:37:17.960,2025-07-01 17:37:17.643666,-3.2848446369171143,2.760514497756958,7.903259754180908,0.6878342628479004,0.01466076634824276,0.10751228034496307,2025-07-01 17:37:17.652,1751371637652,-7895,-2389,227,-213,-24,-408
783,2025-07-01 17:37:18.097,2025-07-01 17:37:17.744264,-2.1811177730560303,3.821146011352539,8.980650901794434,0.9847147464752197,-0.006108652334660292,0.2076941877603531,2025-07-01 17:37:17.757,1751371637757,-8018,-2544,135,-647,327,-909
784,2025-07-01 17:37:18.260,2025-07-01 17:37:17.845493,-2.5498247146606445,3.9456443786621094,8.394071578979492,-0.17592918872833252,-0.015882495790719986,0.0757472887635231,2025-07-01 17:37:17.842,1751371637842,-8208,-2664,-4,-390,310,-511
785,2025-07-01 17:37:18.361,2025-07-01 17:37:17.948564,-2.695871114730835,4.69024133682251,8.597578048706055,-0.998153805732727,-0.18814650177955627,0.11728613078594208,2025-07-01 17:37:17.937,1751371637937,-8004,-2487,113,-888,159,-148
786,2025-07-01 17:37:18.460,2025-07-01 17:37:18.145302,-2.9161376953125,2.3942017555236816,9.84495735168457,0.1820378452539444,0.18325957655906677,-0.2223549485206604,2025-07-01 17:37:18.158,1751371638158,-7948,-2827,-172,-421,634,-44
787,2025-07-01 17:37:18.767,2025-07-01 17:37:18.441124,-2.540247917175293,-0.23702596127986908,9.184157371520996,-1.5125023126602173,-0.09285151958465576,0.23090706765651703,2025-07-01 17:37:18.455,1751371638455,-7872,-2493,-532,-173,257,269
788,2025-07-01 17:37:18.888,2025-07-01 17:37:18.530729,-2.43011474609375,-4.182670593261719,8.853757858276367,0.16493362188339233,0.03176499158143997,-0.0354301854968071,2025-07-01 17:37:18.551,1751371638551,-7880,-2261,-618,-55,-71,153
789,2025-07-01 17:37:19.067,2025-07-01 17:37:18.746249,-3.0382418632507324,8.465897560119629,8.65982723236084,3.2705724239349365,-0.4239404797554016,-0.13439035415649414,2025-07-01 17:37:18.739,1751371638739,-7852,-2299,-450,-161,274,-104
790,2025-07-01 17:37:19.176,2025-07-01 17:37:18.847720,-2.0015525817871094,3.648763418197632,10.089165687561035,-1.5796974897384644,0.05742133408784866,0.10751228034496307,2025-07-01 17:37:18.841,1751371638841,-7886,-2272,-632,8,-111,-46
791,2025-07-01 17:37:19.269,2025-07-01 17:37:18.947139,-2.894589900970459,3.2345664501190186,9.806650161743164,-1.9132299423217773,0.04886921867728233,0.09285151958465576,2025-07-01 17:37:18.933,1751371638933,-7834,-2408,-599,-125,86,-47
792,2025-07-01 17:37:19.362,2025-07-01 17:37:19.045410,-2.4899697303771973,-0.002394201699644327,7.5848307609558105,-3.21559476852417,-0.4434881806373596,0.38240164518356323,2025-07-01 17:37:19.012,1751371639012,-7875,-2240,-449,-324,-73,119
793,2025-07-01 17:37:19.567,2025-07-01 17:37:19.252159,-2.911349296569824,-2.075772762298584,9.560047149658203,2.7146852016448975,0.06719517707824707,-0.2919935882091522,2025-07-01 17:37:19.275,1751371639275,-7834,-1980,-409,292,-71,50
794,2025-07-01 17:37:19.673,2025-07-01 17:37:19.347653,-2.875436305999756,3.866635799407959,9.129091262817383,4.4874162673950195,0.0659734457731247,-0.34574973583221436,2025-07-01 17:37:19.387,1751371639387,-8194,-2181,-420,47,87,-147
795,2025-07-01 17:37:19.884,2025-07-01 17:37:19.532120,-2.8347349166870117,6.897695064544678,10.091560363769531,-1.1801916360855103,0.18936823308467865,-0.6511823534965515,2025-07-01 17:37:19.554,1751371639554,-7825,-2386,-172,-32,-269,38
796,2025-07-01 17:37:19.959,2025-07-01 17:37:19.646623,-2.3295583724975586,-0.6344634294509888,8.092401504516602,-1.284038782119751,-0.08185594528913498,-0.030543262138962746,2025-07-01 17:37:19.634,1751371639634,-7838,-2383,-155,-61,36,38
797,2025-07-01 17:37:20.060,2025-07-01 17:37:19.750444,-1.2952631711959839,-1.2401964664459229,9.181763648986816,-0.7244861721992493,0.17959438264369965,0.17470745742321014,2025-07-01 17:37:19.737,1751371639737,-8199,-2392,-191,-271,-35,86
798,2025-07-01 17:37:20.259,2025-07-01 17:37:19.951511,-2.5115175247192383,-0.8140285611152649,5.992686748504639,-2.7317893505096436,1.0213667154312134,-0.4349360466003418,2025-07-01 17:37:19.921,1751371639921,-7869,-2338,-209,68,-7,-268
799,2025-07-01 17:37:20.366,2025-07-01 17:37:20.048874,-3.4356794357299805,-6.981492042541504,3.2537200450897217,-2.166128158569336,0.6939429044723511,-0.0708603709936142,2025-07-01 17:37:20.010,1751371640010,-8059,-2332,-223,-2,359,-12
800,2025-07-01 17:37:20.671,2025-07-01 17:37:20.351422,-3.5625722408294678,-10.862493515014648,3.950432777404785,-1.0836749076843262,-0.2883284091949463,-1.0335839986801147,2025-07-01 17:37:20.350,1751371640350,-8025,-2470,-776,-525,-111,-214
801,2025-07-01 17:37:20.859,2025-07-01 17:37:20.547837,-1.5442601442337036,-10.194510459899902,4.8602294921875,1.273043155670166,-0.036651913076639175,-0.33108896017074585,2025-07-01 17:37:20.534,1751371640534,-8044,-2247,-876,-267,336,407
802,2025-07-01 17:37:20.967,2025-07-01 17:37:20.639837,-0.730231523513794,-8.89685344696045,4.331110954284668,1.0519099235534668,-0.45204028487205505,-0.09651670604944229,2025-07-01 17:37:20.629,1751371640629,-8037,-2193,-877,-278,-122,590
803,2025-07-01 17:37:21.060,2025-07-01 17:37:20.735216,-0.5410895943641663,-7.058106422424316,6.315904140472412,2.39825701713562,-0.24190263450145721,-0.1319468915462494,2025-07-01 17:37:20.735,1751371640735,-7852,-2048,-814,-322,83,158
804,2025-07-01 17:37:21.161,2025-07-01 17:37:20.830357,-0.4429273009300232,-6.294356346130371,7.6111674308776855,0.797789990901947,0.039095375686883926,-0.2577851414680481,2025-07-01 17:37:20.817,1751371640817,-7856,-1922,-775,-29,-102,368
805,2025-07-01 17:37:21.260,2025-07-01 17:37:20.930371,-0.2968810200691223,-6.53377628326416,7.692570209503174,0.13439035415649414,0.20525072515010834,0.02321287989616394,2025-07-01 17:37:20.898,1751371640898,-7842,-2141,-859,-320,273,-29
806,2025-07-01 17:37:21.559,2025-07-01 17:37:21.250023,-4.857835292816162,-10.793061256408691,5.238513469696045,-2.0195205211639404,-0.14294247329235077,0.5412266254425049,2025-07-01 17:37:21.259,1751371641259,-7824,-2153,-656,14,-128,-316
807,2025-07-01 17:37:21.759,2025-07-01 17:37:21.443044,-3.090914487838745,-7.95832633972168,5.595249176025391,-0.009773843921720982,0.0,-0.394618958234787,2025-07-01 17:37:21.456,1751371641456,-8094,-1608,-1341,-480,584,505
808,2025-07-01 17:37:21.859,2025-07-01 17:37:21.530141,-2.985569477081299,-6.452373504638672,5.236119270324707,-0.024434609338641167,-0.00733038317412138,-0.294437050819397,2025-07-01 17:37:21.526,1751371641526,-8011,-1973,-447,-613,-800,-417
809,2025-07-01 17:37:21.959,2025-07-01 17:37:21.638565,-3.0358476638793945,-7.927201747894287,5.420472621917725,0.960280179977417,0.1514945775270462,-0.18936823308467865,2025-07-01 17:37:21.624,1751371641624,-7876,-2016,-477,99,68,-205
810,2025-07-01 17:37:22.259,2025-07-01 17:37:21.930601,-2.9281086921691895,-9.100360870361328,6.021417140960693,0.6414085030555725,0.37629300355911255,0.39584067463874817,2025-07-01 17:37:21.894,1751371641894,-8210,-1740,-875,-19,269,210
811,2025-07-01 17:37:22.364,2025-07-01 17:37:22.030043,-3.8762125968933105,-10.127472877502441,6.378153324127197,-0.5778785347938538,0.03420845419168472,1.1533136367797852,2025-07-01 17:37:22.059,1751371642059,-7892,-1708,-864,289,-117,270
812,2025-07-01 17:37:22.461,2025-07-01 17:37:22.130183,-5.374982833862305,-5.4875102043151855,4.5394062995910645,-0.6914994716644287,-0.19058994948863983,0.7440338730812073,2025-07-01 17:37:22.150,1751371642150,-8054,-2051,-1045,408,475,-382
813,2025-07-01 17:37:22.569,2025-07-01 17:37:22.230084,-4.558559894561768,-5.343858242034912,3.732560396194458,0.41172316670417786,-0.2064724564552307,-0.08429940044879913,2025-07-01 17:37:22.254,1751371642254,-8149,-1217,-1144,280,113,390
814,2025-07-01 17:37:22.777,2025-07-01 17:37:22.430189,-4.702212333679199,-6.069301128387451,5.152322292327881,0.6976081132888794,0.1417207419872284,-0.20525072515010834,2025-07-01 17:37:22.440,1751371642440,-7919,-1536,-801,-21,-172,-414
815,2025-07-01 17:37:22.859,2025-07-01 17:37:22.530080,-4.098873138427734,-7.280767440795898,5.801150798797607,-0.42271876335144043,-0.1319468915462494,-0.1014036312699318,2025-07-01 17:37:22.508,1751371642508,-7918,-1523,-795,-29,-148,-456
816,2025-07-01 17:37:22.963,2025-07-01 17:37:22.630053,-2.82515811920166,-8.324639320373535,4.8722004890441895,-0.042760565876960754,-0.17959438264369965,0.17104226350784302,2025-07-01 17:37:22.638,1751371642638,-8244,-2102,-826,61,-303,-495
817,2025-07-01 17:37:23.059,2025-07-01 17:37:22.750884,-2.734178304672241,-9.610325813293457,4.489128112792969,-0.21013765037059784,-0.12095131725072861,0.3933972120285034,2025-07-01 17:37:22.785,1751371642785,-8061,-2332,-437,-103,-155,-921
818,2025-07-01 17:37:23.465,2025-07-01 17:37:23.129939,-6.392518520355225,-3.7828385829925537,4.596867084503174,-0.6743952035903931,-0.16249015927314758,0.6829473376274109,2025-07-01 17:37:23.142,1751371643142,-7660,-2683,-223,351,-278,207
819,2025-07-01 17:37:23.659,2025-07-01 17:37:23.330308,-6.449979305267334,-5.513846397399902,3.8163576126098633,-1.4062118530273438,-0.09773843735456467,-0.5290092825889587,2025-07-01 17:37:23.342,1751371643342,-7854,-2453,-351,-186,-621,856