id,ActualTime,WatchTimeStamp,Ax watch,Ay watch,Az watch,Gx watch,Gy watch,Gz watch,Esense TimeStamp,Time in Epochs (ignore),Ax esense,Ay esense,Az esense,Gx esense,Gy esense,Gz esense
1,2025-07-01 17:31:51.491,2025-07-01 17:31:51.230867,-1.1013327836990356,-5.240907669067383,8.29590892791748,0.013439035043120384,-0.00855211354792118,0.004886921960860491,2025-07-01 17:31:51.231,1751371311231,-7163,-3718,2161,-34,541,633
2,2025-07-01 17:31:51.592,2025-07-01 17:31:51.332187,-1.2090718746185303,-5.011064052581787,8.341399192810059,0.009773843921720982,-0.010995574295520782,-0.013439035043120384,2025-07-01 17:31:51.310,1751371311310,-7512,-3867,2100,-367,339,-307
3,2025-07-01 17:31:51.794,2025-07-01 17:31:51.529522,-1.0989385843276978,-5.123591423034668,8.389283180236816,0.025656340643763542,0.013439035043120384,-0.024434609338641167,2025-07-01 17:31:51.527,1751371311527,-7499,-3715,2113,-31,260,110
4,2025-07-01 17:31:52.003,2025-07-01 17:31:51.729443,-1.2186486721038818,-5.348646640777588,8.130708694458008,-0.0403171069920063,0.024434609338641167,0.009773843921720982,2025-07-01 17:31:51.699,1751371311699,-7305,-3730,2118,-105,-66,58
5,2025-07-01 17:31:52.192,2025-07-01 17:31:51.938930,-0.6751648783683777,-4.776432514190674,8.640673637390137,-0.00366519158706069,-0.05253441259264946,-0.11850785464048386,2025-07-01 17:31:51.937,1751371311937,-7312,-3794,1935,1139,669,-331
6,2025-07-01 17:31:52.493,2025-07-01 17:31:52.229674,-1.1085153818130493,-5.295974254608154,8.14028549194336,-0.030543262138962746,-0.05009094998240471,-0.0708603709936142,2025-07-01 17:31:52.225,1751371312225,-7525,-3531,1505,979,3138,473
7,2025-07-01 17:31:52.791,2025-07-01 17:31:52.530645,-1.2018892765045166,-5.317522048950195,8.054094314575195,-0.02687807008624077,0.030543262138962746,-0.024434609338641167,2025-07-01 17:31:52.492,1751371312492,-7776,-2976,-49,-279,2346,681
8,2025-07-01 17:31:52.891,2025-07-01 17:31:52.631756,-0.9696516990661621,-5.4875102043151855,8.14028549194336,0.14782938361167908,-0.1270599663257599,0.04642575979232788,2025-07-01 17:31:52.663,1751371312663,-7577,-1936,-623,418,-1975,1199
9,2025-07-01 17:31:53.091,2025-07-01 17:31:52.829523,-0.7254431247711182,-7.232883453369141,8.89685344696045,-0.04153883829712868,0.1966986060142517,1.2205088138580322,2025-07-01 17:31:52.858,1751371312858,-7971,-2928,-11,-1039,-400,-1510
10,2025-07-01 17:31:53.212,2025-07-01 17:31:52.829523,-0.7254431247711182,-7.232883453369141,8.89685344696045,-0.04153883829712868,0.1966986060142517,1.2205088138580322,2025-07-01 17:31:52.858,1751371312858,-7971,-2928,-11,-1039,-400,-1510
11,2025-07-01 17:31:53.298,2025-07-01 17:31:53.032881,-3.8810009956359863,-4.144362926483154,6.919242858886719,-1.361007809638977,-0.5729916095733643,1.0311405658721924,2025-07-01 17:31:53.041,1751371313041,-7596,-3164,-8,-589,1947,757
12,2025-07-01 17:31:53.407,2025-07-01 17:31:53.032881,-3.8810009956359863,-4.144362926483154,6.919242858886719,-1.361007809638977,-0.5729916095733643,1.0311405658721924,2025-07-01 17:31:53.041,1751371313041,-7596,-3164,-8,-589,1947,757
13,2025-07-01 17:31:53.801,2025-07-01 17:31:53.433630,-0.3663128614425659,-8.183381080627441,5.5976433753967285,-0.17837265133857727,0.27977627515792847,-0.43615779280662537,2025-07-01 17:31:53.465,1751371313465,-8042,-3039,187,509,-1753,-125
14,2025-07-01 17:31:54.097,2025-07-01 17:31:53.829298,-0.8930372595787048,-7.407660007476807,6.380547523498535,0.1160643994808197,0.019547687843441963,-0.10018189996480942,2025-07-01 17:31:53.832,1751371313832,-7669,-2945,457,414,-1926,-120
15,2025-07-01 17:31:54.500,2025-07-01 17:31:54.230411,-1.2473790645599365,-8.066065788269043,5.386953830718994,-0.4398229718208313,-0.018325956538319588,0.3799581825733185,2025-07-01 17:31:54.201,1751371314201,-7801,-3158,933,289,-2003,-383
16,2025-07-01 17:31:54.696,2025-07-01 17:31:54.433485,-1.455674648284912,-8.44434928894043,4.745307922363281,-0.19425514340400696,-0.13072516024112701,0.6023131608963013,2025-07-01 17:31:54.464,1751371314464,-7386,-3526,1603,-290,106,-68
17,2025-07-01 17:31:54.798,2025-07-01 17:31:54.529753,-2.0805611610412598,-8.336610794067383,4.6950297355651855,-0.2724458873271942,-0.07208210229873657,0.6206390857696533,2025-07-01 17:31:54.550,1751371314550,-7415,-3535,1611,-263,-70,79
18,2025-07-01 17:31:54.993,2025-07-01 17:31:54.731481,-3.378218650817871,-7.95832633972168,4.223371982574463,-0.27977627515792847,0.010995574295520782,0.5766568183898926,2025-07-01 17:31:54.725,1751371314725,-7411,-3517,1599,17,-78,115
19,2025-07-01 17:31:55.204,2025-07-01 17:31:54.930581,-4.953603267669678,-7.735665798187256,4.4939165115356445,0.10873401165008545,0.2321287989616394,0.4092797040939331,2025-07-01 17:31:54.913,1751371314913,-7321,-3492,1575,10,-82,-105
20,2025-07-01 17:31:55.900,2025-07-01 17:31:55.529410,-6.878541469573975,-6.107608318328857,4.082113742828369,0.059864792972803116,-0.0757472887635231,0.4691445231437683,2025-07-01 17:31:55.545,1751371315545,-8037,-2742,-128,152,255,822
21,2025-07-01 17:31:56.091,2025-07-01 17:31:55.836648,-6.852205276489258,-6.1267619132995605,3.643975019454956,0.00733038317412138,0.06230825558304787,-0.05497787147760391,2025-07-01 17:31:55.832,1751371315832,-7829,-2461,-57,-307,-519,-276
22,2025-07-01 17:31:56.202,2025-07-01 17:31:55.929332,-7.283161640167236,-5.808333396911621,4.05817174911499,0.00855211354792118,0.0,0.04886921867728233,2025-07-01 17:31:55.916,1751371315916,-8023,-2826,-30,16,-141,-227
23,2025-07-01 17:31:56.791,2025-07-01 17:31:56.537208,-7.003039836883545,-5.006275653839111,4.264073371887207,-0.0354301854968071,-0.0659734457731247,0.04398229718208313,2025-07-01 17:31:56.548,1751371316548,-7987,-2935,-2,2,-376,-168
24,2025-07-01 17:31:57.597,2025-07-01 17:31:57.333270,-7.400477409362793,-4.654327869415283,4.733336925506592,0.09651670604944229,0.006108652334660292,0.02932153269648552,2025-07-01 17:31:57.345,1751371317345,-8000,-2920,278,101,-306,-56
25,2025-07-01 17:31:57.791,2025-07-01 17:31:57.535908,-7.311892032623291,-4.501099109649658,4.67827033996582,0.08552113175392151,0.015882495790719986,0.0012217304902151227,2025-07-01 17:31:57.522,1751371317522,-7969,-2911,310,125,14,282
26,2025-07-01 17:31:58.298,2025-07-01 17:31:57.634932,-7.3238630294799805,-4.522646903991699,4.711789131164551,0.07819075137376785,-0.0024434609804302454,0.010995574295520782,2025-07-01 17:31:57.607,1751371317607,-7968,-2894,317,-112,47,296
27,2025-07-01 17:31:58.691,2025-07-01 17:31:58.438996,-7.252037048339844,-5.0014872550964355,4.733336925506592,-0.45692721009254456,-0.03420845419168472,-0.1319468915462494,2025-07-01 17:31:58.415,1751371318415,-8205,-1959,-360,-354,-76,-13
28,2025-07-01 17:31:59.700,2025-07-01 17:31:59.432345,-6.2392897605896,-7.668628215789795,2.8778305053710938,0.616973876953125,0.7159340381622314,-1.1166616678237915,2025-07-01 17:31:59.436,1751371319436,-7643,-2955,803,1045,121,-2089
29,2025-07-01 17:31:59.801,2025-07-01 17:31:59.538061,-6.232107162475586,-8.513781547546387,2.7030537128448486,0.26511552929878235,0.5778785347938538,-0.807563841342926,2025-07-01 17:31:59.510,1751371319510,-7725,-3208,790,904,566,-1871
30,2025-07-01 17:31:59.891,2025-07-01 17:31:59.637895,-5.920860767364502,-7.632715225219727,3.098097085952759,0.8698720932006836,0.5424483418464661,-0.5180137157440186,2025-07-01 17:31:59.608,1751371319608,-7775,-3486,506,433,242,-1297
31,2025-07-01 17:32:00.196,2025-07-01 17:31:59.938215,-5.061342239379883,-7.649474620819092,4.05817174911499,0.8258898258209229,0.40072759985923767,-0.588874101638794,2025-07-01 17:31:59.965,1751371319965,-7402,-3531,1050,335,11,119
32,2025-07-01 17:32:00.296,2025-07-01 17:32:00.038396,-3.9887399673461914,-9.23443603515625,4.2975921630859375,0.24068090319633484,0.13316862285137177,-0.38117989897727966,2025-07-01 17:32:00.040,1751371320040,-7397,-3514,1066,283,-294,-126
33,2025-07-01 17:32:00.396,2025-07-01 17:32:00.129695,-3.421314239501953,-8.7268648147583,4.302380561828613,0.4911356568336487,0.09040805697441101,-0.18325957655906677,2025-07-01 17:32:00.163,1751371320163,-7407,-3484,1134,44,-313,-121
34,2025-07-01 17:32:00.498,2025-07-01 17:32:00.233326,-3.445256233215332,-8.121131896972656,4.699818134307861,0.07819075137376785,0.03298672288656235,-0.07208210229873657,2025-07-01 17:32:00.216,1751371320216,-7412,-3530,902,31,-289,111
35,2025-07-01 17:32:00.594,2025-07-01 17:32:00.339085,-3.555389642715454,-7.769184589385986,5.104437828063965,0.13561208546161652,-0.0024434609804302454,-0.1014036312699318,2025-07-01 17:32:00.328,1751371320328,-7406,-3710,1098,123,136,69
36,2025-07-01 17:32:00.714,2025-07-01 17:32:00.437124,-3.866635799407959,-8.135497093200684,4.888959884643555,0.015882495790719986,0.004886921960860491,-0.13316862285137177,2025-07-01 17:32:00.413,1751371320413,-7411,-3463,1080,114,182,69
37,2025-07-01 17:32:00.791,2025-07-01 17:32:00.539360,-3.6966474056243896,-7.754819393157959,4.73573112487793,-0.04764748737215996,-0.05497787147760391,-0.0757472887635231,2025-07-01 17:32:00.503,1751371320503,-7686,-3557,1065,134,396,33
38,2025-07-01 17:32:00.906,2025-07-01 17:32:00.638675,-3.751713991165161,-8.051700592041016,4.565742492675781,-0.32131510972976685,-0.0012217304902151227,-0.07208210229873657,2025-07-01 17:32:00.676,1751371320676,-7368,-3638,719,554,466,74
39,2025-07-01 17:32:00.992,2025-07-01 17:32:00.740205,-3.4524388313293457,-8.166622161865234,4.378994941711426,-0.11850785464048386,0.04153883829712868,-0.00733038317412138,2025-07-01 17:32:00.765,1751371320765,-7733,-3504,1036,299,784,29
40,2025-07-01 17:32:01.293,2025-07-01 17:32:01.039854,-3.670311212539673,-8.161833763122559,4.568136692047119,-0.00733038317412138,0.013439035043120384,-0.05497787147760391,2025-07-01 17:32:01.054,1751371321054,-7621,-3424,758,53,-155,536
41,2025-07-01 17:32:02.092,2025-07-01 17:32:01.840506,-3.912125587463379,-8.224082946777344,4.501099109649658,-0.1111774742603302,0.042760565876960754,0.05742133408784866,2025-07-01 17:32:01.839,1751371321839,-8032,-2797,580,-267,286,335
42,2025-07-01 17:32:02.403,2025-07-01 17:32:02.146394,-4.525041103363037,-7.723694801330566,4.039018154144287,-0.15882496535778046,-0.13805554807186127,0.4447098970413208,2025-07-01 17:32:02.128,1751371322128,-8014,-2739,555,-286,-229,-119
43,2025-07-01 17:32:02.693,2025-07-01 17:32:02.435513,-6.0190229415893555,-7.307103633880615,3.6080620288848877,-0.9663888216018677,-0.37751471996307373,0.8649851679801941,2025-07-01 17:32:02.470,1751371322470,-7666,-3199,181,3,-12,26
44,2025-07-01 17:32:03.291,2025-07-01 17:32:03.039344,-7.632715225219727,-5.370194435119629,3.095702886581421,-0.17348572611808777,-0.3530801236629486,0.45326200127601624,2025-07-01 17:32:03.007,1751371323007,-7995,-3196,176,24,287,-262
45,2025-07-01 17:32:03.391,2025-07-01 17:32:03.142900,-7.580042362213135,-4.9152960777282715,3.2537200450897217,-0.08307767659425735,-0.28588494658470154,0.4398229718208313,2025-07-01 17:32:03.108,1751371323108,-7944,-3148,133,94,-26,65
46,2025-07-01 17:32:03.506,2025-07-01 17:32:03.235352,-7.347805023193359,-4.486733913421631,3.6511576175689697,0.036651913076639175,-0.2431243658065796,0.35552358627319336,2025-07-01 17:32:03.205,1751371323205,-7844,-2883,310,-594,793,849
47,2025-07-01 17:32:03.699,2025-07-01 17:32:03.441577,-7.802703380584717,-4.326322555541992,3.931279182434082,0.24678955972194672,-0.03420845419168472,0.1160643994808197,2025-07-01 17:32:03.457,1751371323457,-7823,-2856,296,-403,386,668
48,2025-07-01 17:32:03.998,2025-07-01 17:32:03.541793,-7.723694801330566,-4.517858505249023,3.8067808151245117,0.0806342139840126,-0.059864792972803116,0.07941248267889023,2025-07-01 17:32:03.548,1751371323548,-7873,-2652,-28,-189,361,422
49,2025-07-01 17:32:04.201,2025-07-01 17:32:03.942466,-7.979874134063721,-4.132391929626465,4.151545524597168,0.07696902006864548,-0.036651913076639175,0.06719517707824707,2025-07-01 17:32:03.921,1751371323921,-7896,-2186,-108,-299,-54,108
50,2025-07-01 17:32:04.496,2025-07-01 17:32:04.240146,-8.018181800842285,-3.7493197917938232,4.292803764343262,0.17592918872833252,-0.025656340643763542,0.05742133408784866,2025-07-01 17:32:04.266,1751371324266,-7895,-2211,-115,-303,-43,75
51,2025-07-01 17:32:04.594,2025-07-01 17:32:04.336353,-7.95832633972168,-3.648763418197632,4.347870349884033,0.0757472887635231,-0.03787364438176155,0.018325956538319588,2025-07-01 17:32:04.356,1751371324356,-8194,-2218,110,-305,-55,77
52,2025-07-01 17:32:04.798,2025-07-01 17:32:04.534447,-8.008605003356934,-3.5889084339141846,4.446032524108887,0.10995574295520782,-0.013439035043120384,0.03420845419168472,2025-07-01 17:32:04.536,1751371324536,-7914,-2346,86,-182,72,258
53,2025-07-01 17:32:04.897,2025-07-01 17:32:04.639254,-7.9631147384643555,-3.4596214294433594,4.446032524108887,0.10018189996480942,-0.0403171069920063,0.02687807008624077,2025-07-01 17:32:04.652,1751371324652,-7907,-2353,-127,61,-73,104
54,2025-07-01 17:32:05.097,2025-07-01 17:32:04.736747,-7.908048152923584,-3.399766445159912,4.55616569519043,0.04764748737215996,-0.03420845419168472,0.00733038317412138,2025-07-01 17:32:04.719,1751371324719,-8215,-2353,94,67,-44,75
55,2025-07-01 17:32:05.498,2025-07-01 17:32:04.842668,-7.848193168640137,-3.4548330307006836,4.534617900848389,-0.015882495790719986,0.024434609338641167,-0.018325956538319588,2025-07-01 17:32:04.841,1751371324841,-8202,-2338,100,98,-307,-183
56,2025-07-01 17:32:06.017,2025-07-01 17:32:05.735627,-7.419631004333496,-4.371812343597412,3.847482204437256,0.16004669666290283,0.5265658497810364,-0.6487388610839844,2025-07-01 17:32:05.715,1751371325715,-7850,-2600,-81,-27,282,-539
57,2025-07-01 17:32:06.092,2025-07-01 17:32:05.735627,-7.419631004333496,-4.371812343597412,3.847482204437256,0.16004669666290283,0.5265658497810364,-0.6487388610839844,2025-07-01 17:32:05.715,1751371325715,-7850,-2600,-81,-27,282,-539
58,2025-07-01 17:32:06.692,2025-07-01 17:32:06.441940,-3.308786630630493,-7.553706169128418,5.52821159362793,0.47280970215797424,0.05497787147760391,-0.3701843321323395,2025-07-01 17:32:06.426,1751371326426,-7951,-3119,351,-60,66,-816
59,2025-07-01 17:32:06.797,2025-07-01 17:32:06.537834,-3.620033025741577,-6.8378400802612305,5.604825973510742,0.27000242471694946,-0.06963863968849182,-0.32009339332580566,2025-07-01 17:32:06.523,1751371326523,-7643,-2999,195,51,-177,-527
60,2025-07-01 17:32:07.191,2025-07-01 17:32:06.941215,-3.3470940589904785,-7.457938194274902,5.66228723526001,-0.036651913076639175,0.0012217304902151227,-0.059864792972803116,2025-07-01 17:32:06.912,1751371326912,-7937,-2701,136,136,670,103
61,2025-07-01 17:32:07.291,2025-07-01 17:32:07.044778,-3.2393548488616943,-7.003039836883545,5.4444146156311035,0.015882495790719986,0.03420845419168472,-0.09651670604944229,2025-07-01 17:32:07.058,1751371327058,-7871,-2841,327,145,1028,-321
62,2025-07-01 17:32:07.492,2025-07-01 17:32:07.241474,-3.313575267791748,-7.4555439949035645,5.640739440917969,-0.036651913076639175,0.05619960278272629,0.02076941914856434,2025-07-01 17:32:07.239,1751371327239,-8007,-2934,-65,-178,44,109
63,2025-07-01 17:32:07.693,2025-07-01 17:32:07.341932,-3.335123062133789,-7.481880187988281,5.638344764709473,-0.04642575979232788,0.06963863968849182,-0.0024434609804302454,2025-07-01 17:32:07.328,1751371327328,-7967,-2718,-45,-367,51,109
64,2025-07-01 17:32:07.891,2025-07-01 17:32:07.644554,-3.5482068061828613,-7.548917770385742,5.403713226318359,-0.08918632566928864,0.028099801391363144,0.00366519158706069,2025-07-01 17:32:07.607,1751371327607,-7997,-2862,-85,107,-16,-41
65,2025-07-01 17:32:07.992,2025-07-01 17:32:07.743719,-3.5960910320281982,-7.630321025848389,5.497087001800537,0.013439035043120384,-0.03787364438176155,-0.012217304669320583,2025-07-01 17:32:07.777,1751371327777,-8026,-2853,-83,83,289,-53
66,2025-07-01 17:32:08.291,2025-07-01 17:32:08.043744,-3.6080620288848877,-7.3454108238220215,5.501875400543213,-0.1014036312699318,0.010995574295520782,-0.015882495790719986,2025-07-01 17:32:08.055,1751371328055,-8045,-2865,-75,67,323,-58
67,2025-07-01 17:32:08.709,2025-07-01 17:32:08.443208,-3.6583402156829834,-7.515398979187012,5.157110691070557,0.042760565876960754,-0.02687807008624077,0.02076941914856434,2025-07-01 17:32:08.418,1751371328418,-7812,-2834,-104,115,-99,26
68,2025-07-01 17:32:08.801,2025-07-01 17:32:08.529399,-3.4979286193847656,-7.501033782958984,5.236119270324707,-0.04153883829712868,-0.042760565876960754,0.06352998316287994,2025-07-01 17:32:08.526,1751371328526,-7943,-3141,-37,-41,31,-350
69,2025-07-01 17:32:08.892,2025-07-01 17:32:08.644883,-3.6343982219696045,-7.352593421936035,5.461174011230469,-0.2223549485206604,-0.030543262138962746,0.05497787147760391,2025-07-01 17:32:08.680,1751371328680,-7947,-3109,-46,-74,115,17
70,2025-07-01 17:32:09.312,2025-07-01 17:32:09.042575,-4.288015365600586,-7.8745293617248535,3.976768970489502,-0.32986724376678467,-0.25534167885780334,0.5974262356758118,2025-07-01 17:32:09.038,1751371329038,-7985,-2808,-58,84,19,98
71,2025-07-01 17:32:09.603,2025-07-01 17:32:09.349159,-5.954379558563232,-6.921637058258057,3.687070608139038,-0.5705481171607971,-0.5595525503158569,0.940732479095459,2025-07-01 17:32:09.315,1751371329315,-7978,-3073,-44,33,-277,117
72,2025-07-01 17:32:10.091,2025-07-01 17:32:09.840583,-7.275979042053223,-5.166687488555908,3.9025487899780273,-0.025656340643763542,-0.3225368559360504,0.6414085030555725,2025-07-01 17:32:09.852,1751371329852,-7948,-3084,-24,2,-306,124
73,2025-07-01 17:32:10.191,2025-07-01 17:32:09.944768,-7.1706342697143555,-4.637568473815918,3.866635799407959,0.11484266817569733,-0.27488934993743896,0.5607742667198181,2025-07-01 17:32:09.934,1751371329934,-7940,-3081,258,0,-275,36
74,2025-07-01 17:32:10.419,2025-07-01 17:32:10.130112,-7.5968017578125,-4.266467571258545,4.07014274597168,0.19914206862449646,-0.10262536257505417,0.1612684279680252,2025-07-01 17:32:10.153,1751371330153,-7981,-2503,-384,-156,-51,262
75,2025-07-01 17:32:10.497,2025-07-01 17:32:10.130112,-7.5968017578125,-4.266467571258545,4.07014274597168,0.19914206862449646,-0.10262536257505417,0.1612684279680252,2025-07-01 17:32:10.153,1751371330153,-7981,-2503,-384,-156,-51,262
76,2025-07-01 17:32:11.192,2025-07-01 17:32:10.849713,-8.022970199584961,-3.490746021270752,4.807557106018066,0.2015855312347412,-0.021991148591041565,0.04398229718208313,2025-07-01 17:32:10.847,1751371330847,-8025,-2680,-170,-281,77,281
77,2025-07-01 17:32:11.393,2025-07-01 17:32:11.145497,-7.843404769897461,-3.179499864578247,4.912901878356934,0.08674286305904388,-0.03298672288656235,0.01710422709584236,2025-07-01 17:32:11.164,1751371331164,-8046,-2653,-146,-89,47,37
78,2025-07-01 17:32:11.701,2025-07-01 17:32:11.441247,-7.814674377441406,-3.1196448802948,4.941632270812988,0.05009094998240471,-0.01466076634824276,0.0012217304902151227,2025-07-01 17:32:11.473,1751371331473,-7841,-2661,-143,80,54,-345
79,2025-07-01 17:32:12.092,2025-07-01 17:32:11.848376,-7.881711959838867,-3.3734302520751953,4.733336925506592,-0.2125810980796814,0.0354301854968071,-0.13561208546161652,2025-07-01 17:32:11.828,1751371331828,-7854,-2462,-368,25,-262,-357
80,2025-07-01 17:32:12.295,2025-07-01 17:32:12.044510,-8.075642585754395,-3.732560396194458,4.680664539337158,-0.12461651116609573,0.06108652427792549,-0.04886921867728233,2025-07-01 17:32:12.013,1751371332013,-7825,-2453,-364,61,-318,-332
81,2025-07-01 17:32:12.391,2025-07-01 17:32:12.144051,-7.769184589385986,-3.56017804145813,4.55616569519043,-0.004886921960860491,0.0354301854968071,-0.00366519158706069,2025-07-01 17:32:12.123,1751371332123,-8033,-2498,-283,-83,32,-168
82,2025-07-01 17:32:12.791,2025-07-01 17:32:12.550330,-6.730101108551025,-6.299144744873047,3.6535518169403076,0.8503243923187256,0.988379955291748,-1.7373007535934448,2025-07-01 17:32:12.544,1751371332544,-8021,-2833,-322,-42,285,136
83,2025-07-01 17:32:12.891,2025-07-01 17:32:12.648373,-7.079654216766357,-7.094019412994385,3.4141316413879395,1.3377948999404907,1.027475357055664,-1.6908750534057617,2025-07-01 17:32:12.645,1751371332645,-8045,-2533,-335,-79,-48,195
84,2025-07-01 17:32:13.091,2025-07-01 17:32:12.849127,-5.238513469696045,-7.876923561096191,4.4292731285095215,0.5021312236785889,0.2272418737411499,-0.8772025108337402,2025-07-01 17:32:12.822,1751371332822,-8038,-2491,-303,99,115,150
85,2025-07-01 17:32:13.193,2025-07-01 17:32:12.949603,-4.60165548324585,-7.747636795043945,4.2975921630859375,0.34086281061172485,0.03176499158143997,-0.5546656250953674,2025-07-01 17:32:12.936,1751371332936,-7847,-2519,-664,-1654,1363,-740
86,2025-07-01 17:32:13.495,2025-07-01 17:32:13.234926,-2.918531894683838,-7.702147006988525,5.489904403686523,0.15515977144241333,-0.1014036312699318,-0.1319468915462494,2025-07-01 17:32:13.270,1751371333270,-7797,-3100,-1353,189,397,-587
87,2025-07-01 17:32:13.691,2025-07-01 17:32:13.454706,-3.337517261505127,-7.532158374786377,5.152322292327881,0.04886921867728233,-0.00733038317412138,-0.06841690838336945,2025-07-01 17:32:13.465,1751371333465,-7560,-3107,-1365,216,532,-226
88,2025-07-01 17:32:13.798,2025-07-01 17:32:13.454706,-3.337517261505127,-7.532158374786377,5.152322292327881,0.04886921867728233,-0.00733038317412138,-0.06841690838336945,2025-07-01 17:32:13.465,1751371333465,-7560,-3107,-1365,216,532,-226
89,2025-07-01 17:32:13.892,2025-07-01 17:32:13.633536,-3.134010076522827,-7.630321025848389,5.169081687927246,-0.004886921960860491,0.04153883829712868,-0.05742133408784866,2025-07-01 17:32:13.657,1751371333657,-7793,-3106,-793,256,72,76
90,2025-07-01 17:32:13.997,2025-07-01 17:32:13.633536,-3.134010076522827,-7.630321025848389,5.169081687927246,-0.004886921960860491,0.04153883829712868,-0.05742133408784866,2025-07-01 17:32:13.657,1751371333657,-7793,-3106,-793,256,72,76
91,2025-07-01 17:32:15.002,2025-07-01 17:32:14.745345,-3.4787750244140625,-7.38132381439209,5.51624059677124,-0.03420845419168472,0.00733038317412138,0.0012217304902151227,2025-07-01 17:32:14.749,1751371334749,-7807,-3358,-304,331,279,-96
92,2025-07-01 17:32:15.300,2025-07-01 17:32:15.058007,-3.5721490383148193,-8.090007781982422,5.796362400054932,0.039095375686883926,-0.05253441259264946,0.09040805697441101,2025-07-01 17:32:15.071,1751371335071,-7626,-3033,-347,-2,321,1
93,2025-07-01 17:32:15.391,2025-07-01 17:32:15.155144,-3.5051112174987793,-7.706935405731201,5.07570743560791,-0.2932153046131134,0.010995574295520782,0.08918632566928864,2025-07-01 17:32:15.156,1751371335156,-7417,-3648,178,-1246,-1375,-1149
94,2025-07-01 17:32:15.505,2025-07-01 17:32:15.242418,-3.622427225112915,-7.671022415161133,4.707000732421875,-0.34086281061172485,-0.009773843921720982,0.07941248267889023,2025-07-01 17:32:15.267,1751371335267,-7692,-3457,532,-785,-1089,-1092
95,2025-07-01 17:32:15.691,2025-07-01 17:32:15.448219,-4.271255970001221,-8.061277389526367,4.134786128997803,-0.5852088928222656,-0.17470745742321014,0.66584312915802,2025-07-01 17:32:15.433,1751371335433,-7709,-3509,605,-423,-683,-693
96,2025-07-01 17:32:15.795,2025-07-01 17:32:15.535377,-4.876988887786865,-7.812280178070068,3.974374771118164,-0.5742133259773254,-0.24556782841682434,0.8674286603927612,2025-07-01 17:32:15.514,1751371335514,-7405,-3511,605,-401,-679,-652
97,2025-07-01 17:32:15.994,2025-07-01 17:32:15.655891,-5.410895824432373,-7.390900611877441,3.5673606395721436,-0.5534439086914062,-0.2932153046131134,0.8845328688621521,2025-07-01 17:32:15.640,1751371335640,-7536,-3766,488,100,380,-82
98,2025-07-01 17:32:16.299,2025-07-01 17:32:16.051668,-6.979097843170166,-6.31829833984375,3.3039982318878174,-0.4080579876899719,-0.5009095072746277,0.5729916095733643,2025-07-01 17:32:16.063,1751371336063,-7643,-3134,-48,1356,960,434
99,2025-07-01 17:32:16.391,2025-07-01 17:32:16.051668,-6.979097843170166,-6.31829833984375,3.3039982318878174,-0.4080579876899719,-0.5009095072746277,0.5729916095733643,2025-07-01 17:32:16.063,1751371336063,-7643,-3134,-48,1356,960,434
100,2025-07-01 17:32:16.591,2025-07-01 17:32:16.355486,-7.4316020011901855,-5.152322292327881,3.998316764831543,-0.08674286305904388,-0.4715879559516907,0.6133087277412415,2025-07-01 17:32:16.365,1751371336365,-7631,-3171,64,-77,391,86
101,2025-07-01 17:32:16.691,2025-07-01 17:32:16.355486,-7.4316020011901855,-5.152322292327881,3.998316764831543,-0.08674286305904388,-0.4715879559516907,0.6133087277412415,2025-07-01 17:32:16.365,1751371336365,-7631,-3171,64,-77,391,86
102,2025-07-01 17:32:16.892,2025-07-01 17:32:16.654260,-7.146692276000977,-4.525041103363037,4.230554580688477,0.08796459436416626,-0.17959438264369965,0.19058994948863983,2025-07-01 17:32:16.690,1751371336690,-7666,-2816,-325,351,593,-76
103,2025-07-01 17:32:17.191,2025-07-01 17:32:16.954102,-7.6111674308776855,-4.175487995147705,4.812345504760742,0.09407325088977814,-0.01710422709584236,0.0354301854968071,2025-07-01 17:32:16.960,1751371336960,-7954,-2739,-376,-88,342,-38
104,2025-07-01 17:32:17.294,2025-07-01 17:32:17.039880,-7.754819393157959,-4.2090067863464355,4.7405195236206055,0.11239920556545258,-0.05009094998240471,0.0403171069920063,2025-07-01 17:32:17.061,1751371337061,-7663,-2704,-346,-395,95,-1
105,2025-07-01 17:32:17.492,2025-07-01 17:32:17.252286,-7.711723804473877,-3.6583402156829834,5.044582843780518,0.2076941877603531,-0.05864306539297104,0.045204028487205505,2025-07-01 17:32:17.242,1751371337242,-7990,-2531,-573,-299,-19,177
106,2025-07-01 17:32:19.091,2025-07-01 17:32:18.854889,-7.058106422424316,-4.8937482833862305,4.034229755401611,0.3933972120285034,0.8344419002532959,-1.0128145217895508,2025-07-01 17:32:18.849,1751371338849,-8022,-2488,-207,-36,-90,73
107,2025-07-01 17:32:19.202,2025-07-01 17:32:18.958755,-7.086836814880371,-5.7556610107421875,3.643975019454956,0.42638394236564636,0.9737191796302795,-1.3756685256958008,2025-07-01 17:32:18.936,1751371338936,-7937,-2938,-368,101,-91,-350
108,2025-07-01 17:32:19.312,2025-07-01 17:32:19.050452,-6.4595561027526855,-6.301538944244385,3.60566782951355,1.1789699792861938,0.8906415104866028,-1.510058879852295,2025-07-01 17:32:19.034,1751371339034,-7560,-2985,256,-185,-949,-793
109,2025-07-01 17:32:19.703,2025-07-01 17:32:19.457303,-3.220201253890991,-8.169015884399414,5.216965675354004,0.35063666105270386,-0.01466076634824276,-0.5632177591323853,2025-07-01 17:32:19.491,1751371339491,-7572,-3402,138,-11,44,-513
110,2025-07-01 17:32:19.898,2025-07-01 17:32:19.657933,-3.359065055847168,-7.927201747894287,5.698200225830078,-0.5791002511978149,0.0403171069920063,-0.00733038317412138,2025-07-01 17:32:19.688,1751371339688,-7735,-3319,401,-116,241,-28
111,2025-07-01 17:32:19.998,2025-07-01 17:32:19.763549,-2.9328970909118652,-7.757213592529297,5.097255229949951,0.22479841113090515,-0.051312681287527084,-0.07696902006864548,2025-07-01 17:32:19.761,1751371339761,-7752,-3300,600,-107,576,-81
112,2025-07-01 17:32:20.197,2025-07-01 17:32:19.957850,-3.064578056335449,-7.8529815673828125,5.023035049438477,0.1820378452539444,0.06719517707824707,-0.1062905490398407,2025-07-01 17:32:19.942,1751371339942,-7793,-3212,201,572,442,-108
113,2025-07-01 17:32:20.398,2025-07-01 17:32:20.145438,-3.050212860107422,-7.623138427734375,5.580883979797363,0.04398229718208313,0.06108652427792549,-0.03420845419168472,2025-07-01 17:32:20.137,1751371340137,-7778,-3296,136,-184,261,-124
114,2025-07-01 17:32:20.592,2025-07-01 17:32:20.354035,-3.4787750244140625,-7.663839817047119,5.219359874725342,-0.1771509200334549,-0.01466076634824276,0.00855211354792118,2025-07-01 17:32:20.318,1751371340318,-7754,-3251,327,-334,-88,-80
115,2025-07-01 17:32:20.695,2025-07-01 17:32:20.459805,-3.1292216777801514,-7.94635534286499,4.845864295959473,-0.21502456068992615,-0.13072516024112701,0.15760323405265808,2025-07-01 17:32:20.483,1751371340483,-7561,-3205,-11,-306,338,99
116,2025-07-01 17:32:20.897,2025-07-01 17:32:20.554294,-3.19865345954895,-8.08282470703125,5.166687488555908,-0.5473352670669556,0.04764748737215996,0.11728613078594208,2025-07-01 17:32:20.514,1751371340514,-7579,-3434,-65,-200,98,121
117,2025-07-01 17:32:21.203,2025-07-01 17:32:20.933876,-4.7189717292785645,-7.795520782470703,3.758896589279175,-0.39706242084503174,-0.41172316670417786,0.8442157506942749,2025-07-01 17:32:20.932,1751371340932,-7575,-3391,325,-65,-83,298
118,2025-07-01 17:32:22.117,2025-07-01 17:32:21.853950,-7.560888767242432,-4.608838081359863,4.299986362457275,0.05009094998240471,-0.23090706765651703,0.3445279896259308,2025-07-01 17:32:21.854,1751371341854,-7974,-2747,83,-87,362,183
119,2025-07-01 17:32:22.391,2025-07-01 17:32:22.145511,-7.534552574157715,-4.005499362945557,4.671087741851807,0.0659734457731247,-0.0806342139840126,0.1160643994808197,2025-07-01 17:32:22.117,1751371342117,-8005,-2554,4,312,147,276
120,2025-07-01 17:32:22.492,2025-07-01 17:32:22.254235,-7.891288757324219,-3.9815573692321777,4.900930881500244,0.06475171446800232,-0.030543262138962746,0.045204028487205505,2025-07-01 17:32:22.279,1751371342279,-8024,-2555,-272,-307,-45,-128
121,2025-07-01 17:32:22.591,2025-07-01 17:32:22.356625,-7.762001991271973,-3.6320040225982666,4.908113479614258,0.2223549485206604,-0.02932153269648552,0.09651670604944229,2025-07-01 17:32:22.362,1751371342362,-8026,-2546,-281,-317,-91,-99
122,2025-07-01 17:32:22.691,2025-07-01 17:32:22.443759,-7.711723804473877,-3.397372245788574,4.970362663269043,0.1820378452539444,-0.00366519158706069,0.07330382615327835,2025-07-01 17:32:22.457,1751371342457,-8041,-2826,-287,85,75,-277
123,2025-07-01 17:32:22.794,2025-07-01 17:32:22.567466,-7.826645374298096,-3.318363666534424,4.879383087158203,0.17470745742321014,0.006108652334660292,0.0403171069920063,2025-07-01 17:32:22.542,1751371342542,-8017,-2834,-280,101,97,-342
124,2025-07-01 17:32:22.921,2025-07-01 17:32:22.630863,-7.754819393157959,-3.090914487838745,5.051765441894531,0.15515977144241333,-0.012217304669320583,0.05009094998240471,2025-07-01 17:32:22.646,1751371342646,-7999,-2920,4,46,110,-158
125,2025-07-01 17:32:22.991,2025-07-01 17:32:22.759895,-7.769184589385986,-3.1220390796661377,5.049371242523193,0.0757472887635231,-0.028099801391363144,0.009773843921720982,2025-07-01 17:32:22.725,1751371342725,-7956,-2936,8,98,-110,-300
126,2025-07-01 17:32:23.101,2025-07-01 17:32:22.759895,-7.769184589385986,-3.1220390796661377,5.049371242523193,0.0757472887635231,-0.028099801391363144,0.009773843921720982,2025-07-01 17:32:22.725,1751371342725,-7956,-2936,8,98,-110,-300
127,2025-07-01 17:32:23.193,2025-07-01 17:32:22.960184,-7.848193168640137,-3.0621838569641113,5.092466831207275,0.09651670604944229,0.00855211354792118,0.030543262138962746,2025-07-01 17:32:22.927,1751371342927,-7966,-2940,2,98,-16,115
128,2025-07-01 17:32:23.605,2025-07-01 17:32:23.359627,-7.745242595672607,-3.095702886581421,5.173870086669922,-0.21013765037059784,0.04398229718208313,-0.14905111491680145,2025-07-01 17:32:23.353,1751371343353,-8013,-2709,-273,30,-372,-166
129,2025-07-01 17:32:23.791,2025-07-01 17:32:23.559397,-7.671022415161133,-3.7181951999664307,4.9799394607543945,-0.34086281061172485,0.009773843921720982,-0.1319468915462494,2025-07-01 17:32:23.538,1751371343538,-7678,-2813,56,323,-6,-148
130,2025-07-01 17:32:23.915,2025-07-01 17:32:23.630660,-7.9415669441223145,-3.9432501792907715,5.020640850067139,-0.18570303916931152,0.06352998316287994,-0.05375614017248154,2025-07-01 17:32:23.625,1751371343625,-7649,-3147,79,197,356,-203
131,2025-07-01 17:32:24.202,2025-07-01 17:32:23.930076,-6.763619899749756,-4.14915132522583,4.261679172515869,-0.04886921867728233,0.5900958180427551,-0.8454375267028809,2025-07-01 17:32:23.890,1751371343890,-7591,-2959,64,206,293,-264
132,2025-07-01 17:32:24.299,2025-07-01 17:32:23.930076,-6.763619899749756,-4.14915132522583,4.261679172515869,-0.04886921867728233,0.5900958180427551,-0.8454375267028809,2025-07-01 17:32:23.921,1751371343921,-7939,-3135,77,184,360,-12
133,2025-07-01 17:32:24.591,2025-07-01 17:32:24.329990,-5.726930618286133,-7.728483200073242,3.5242648124694824,1.0396926403045654,0.37262779474258423,-1.4941763877868652,2025-07-01 17:32:24.298,1751371344298,-7785,-3341,-370,-316,213,-868
134,2025-07-01 17:32:24.720,2025-07-01 17:32:24.329990,-5.726930618286133,-7.728483200073242,3.5242648124694824,1.0396926403045654,0.37262779474258423,-1.4941763877868652,2025-07-01 17:32:24.363,1751371344363,-7740,-3545,-208,-977,533,-1122
135,2025-07-01 17:32:24.812,2025-07-01 17:32:24.429955,-4.611232280731201,-8.573636054992676,4.326322555541992,0.36529740691185,0.018325956538319588,-1.0005972385406494,2025-07-01 17:32:24.435,1751371344435,-7752,-3583,-227,-964,518,-1082
136,2025-07-01 17:32:24.894,2025-07-01 17:32:24.530130,-3.552995204925537,-8.662221908569336,4.4723687171936035,0.513126790523529,-0.039095375686883926,-0.5241223573684692,2025-07-01 17:32:24.540,1751371344540,-7445,-3754,-567,-1125,-162,-424
137,2025-07-01 17:32:25.000,2025-07-01 17:32:24.729977,-3.0095114707946777,-8.030152320861816,5.207388877868652,0.3933972120285034,-0.0757472887635231,-0.028099801391363144,2025-07-01 17:32:24.730,1751371344730,-7482,-3961,-167,-553,-629,365
138,2025-07-01 17:32:25.218,2025-07-01 17:32:24.957397,-3.337517261505127,-7.429207801818848,5.315127849578857,0.02687807008624077,0.00855211354792118,-0.07941248267889023,2025-07-01 17:32:24.967,1751371344967,-7512,-3871,-189,-350,-151,357
139,2025-07-01 17:32:25.497,2025-07-01 17:32:25.229912,-3.287238836288452,-7.800309181213379,5.245696067810059,-0.006108652334660292,0.05375614017248154,-0.07452555745840073,2025-07-01 17:32:25.254,1751371345254,-7316,-3635,-155,-144,29,281
140,2025-07-01 17:32:25.701,2025-07-01 17:32:25.430145,-3.3207578659057617,-7.91283655166626,5.353435039520264,0.1111774742603302,0.06475171446800232,-0.03176499158143997,2025-07-01 17:32:25.434,1751371345434,-7777,-3644,-549,42,521,324
141,2025-07-01 17:32:25.800,2025-07-01 17:32:25.554389,-3.4524388313293457,-8.195352554321289,4.728548526763916,-0.06963863968849182,0.04886921867728233,0.04642575979232788,2025-07-01 17:32:25.516,1751371345516,-7739,-3655,-561,56,227,301
142,2025-07-01 17:32:25.998,2025-07-01 17:32:25.730198,-3.224989652633667,-7.6997528076171875,5.228936672210693,0.50335294008255,0.1258382350206375,-0.07819075137376785,2025-07-01 17:32:25.703,1751371345703,-7405,-3286,-394,-264,-59,126
143,2025-07-01 17:32:26.094,2025-07-01 17:32:25.830323,-3.536235809326172,-7.46033239364624,5.351040840148926,0.16982053220272064,0.23090706765651703,-0.09529497474431992,2025-07-01 17:32:25.825,1751371345825,-7610,-3422,-206,10,-1059,-342
144,2025-07-01 17:32:26.291,2025-07-01 17:32:26.030204,-3.579331636428833,-7.4770917892456055,5.339069843292236,0.01710422709584236,0.1368338167667389,-0.06963863968849182,2025-07-01 17:32:26.054,1751371346054,-7316,-3713,205,-817,-1347,-788
145,2025-07-01 17:32:26.395,2025-07-01 17:32:26.130906,-3.397372245788574,-7.594407558441162,5.39174222946167,-0.1160643994808197,-0.03176499158143997,-0.0012217304902151227,2025-07-01 17:32:26.156,1751371346156,-7159,-3942,235,-300,-668,-792
146,2025-07-01 17:32:26.595,2025-07-01 17:32:26.329496,-3.665522813796997,-7.565677165985107,4.994304656982422,-0.14049901068210602,-0.06963863968849182,-0.012217304669320583,2025-07-01 17:32:26.335,1751371346335,-7518,-4129,406,-744,-1006,-792
147,2025-07-01 17:32:26.800,2025-07-01 17:32:26.429585,-3.4739866256713867,-7.575253963470459,5.293580055236816,0.12217304855585098,-0.09651670604944229,0.015882495790719986,2025-07-01 17:32:26.425,1751371346425,-7117,-4013,490,-395,-449,-452
148,2025-07-01 17:32:26.901,2025-07-01 17:32:26.630086,-3.4308910369873047,-8.034940719604492,5.102043628692627,-0.44104471802711487,-0.00855211354792118,0.1270599663257599,2025-07-01 17:32:26.600,1751371346600,-7292,-4436,684,-578,-410,-167
149,2025-07-01 17:32:27.391,2025-07-01 17:32:27.130242,-4.977545261383057,-7.501033782958984,4.49870491027832,-0.17470745742321014,-0.17592918872833252,0.6145304441452026,2025-07-01 17:32:27.164,1751371347164,-7298,-3814,579,216,871,186
150,2025-07-01 17:32:27.494,2025-07-01 17:32:27.230118,-5.3342814445495605,-7.089231014251709,4.268861770629883,-0.588874101638794,-0.1869247704744339,0.6963863968849182,2025-07-01 17:32:27.234,1751371347234,-7154,-4167,620,817,814,330
151,2025-07-01 17:32:27.591,2025-07-01 17:32:27.330945,-5.791574001312256,-7.043741226196289,3.7684733867645264,-0.3139847218990326,-0.12828169763088226,0.6597344875335693,2025-07-01 17:32:27.316,1751371347316,-7077,-4209,634,1098,1138,343
152,2025-07-01 17:32:27.910,2025-07-01 17:32:27.429992,-5.793968200683594,-6.842628479003906,3.579331636428833,-0.23457226157188416,-0.24068090319633484,0.5314527750015259,2025-07-01 17:32:27.406,1751371347406,-7071,-3987,387,1003,1365,358
153,2025-07-01 17:32:28.092,2025-07-01 17:32:27.829835,-7.115567684173584,-5.829881191253662,3.576937437057495,-0.18081611394882202,-0.4642575979232788,0.6499606370925903,2025-07-01 17:32:27.858,1751371347858,-7321,-3919,-288,-459,331,-81
154,2025-07-01 17:32:28.193,2025-07-01 17:32:27.930262,-7.398083209991455,-5.693411827087402,3.7924153804779053,-0.21502456068992615,-0.48747047781944275,0.7525860071182251,2025-07-01 17:32:27.948,1751371347948,-7524,-3951,-301,-511,-123,-62
155,2025-07-01 17:32:28.392,2025-07-01 17:32:28.130044,-6.936002254486084,-4.252102375030518,4.402936935424805,-0.33719760179519653,-0.2932153046131134,0.5143485069274902,2025-07-01 17:32:28.144,1751371348144,-7326,-3907,-189,-861,259,355
156,2025-07-01 17:32:29.291,2025-07-01 17:32:28.230332,-7.666234016418457,-4.347870349884033,4.563348293304443,-0.13316862285137177,-0.10873401165008545,0.37262779474258423,2025-07-01 17:32:28.208,1751371348208,-7368,-3577,-212,-835,-64,208
157,2025-07-01 17:32:29.594,2025-07-01 17:32:29.329592,-7.723694801330566,-2.4013843536376953,5.449203014373779,0.019547687843441963,-0.05253441259264946,-0.02321287989616394,2025-07-01 17:32:29.291,1751371349291,-7802,-3186,-431,-47,35,23
158,2025-07-01 17:32:29.800,2025-07-01 17:32:29.530270,-7.529764175415039,-2.4636335372924805,5.17626428604126,-0.1111774742603302,-0.013439035043120384,-0.025656340643763542,2025-07-01 17:32:29.490,1751371349490,-7561,-3027,-393,5,22,-336
159,2025-07-01 17:32:29.999,2025-07-01 17:32:29.730679,-7.718906402587891,-3.2321722507476807,5.274426460266113,-0.2528982162475586,-0.04764748737215996,-0.05619960278272629,2025-07-01 17:32:29.748,1751371349748,-7730,-3419,-609,-62,-261,-438
160,2025-07-01 17:32:30.105,2025-07-01 17:32:29.830396,-7.771578788757324,-3.251325845718384,5.224148273468018,-0.3689626157283783,-0.030543262138962746,-0.1111774742603302,2025-07-01 17:32:29.856,1751371349856,-7723,-3312,-573,-72,-212,-578
161,2025-07-01 17:32:30.199,2025-07-01 17:32:29.930077,-7.587224960327148,-3.6535518169403076,5.497087001800537,-0.37140607833862305,-0.04153883829712868,-0.03298672288656235,2025-07-01 17:32:29.940,1751371349940,-7395,-3314,-514,310,-92,-185
162,2025-07-01 17:32:30.403,2025-07-01 17:32:30.130074,-7.659051418304443,-3.0119056701660156,5.056553840637207,-0.09162978827953339,0.028099801391363144,0.13439035415649414,2025-07-01 17:32:30.113,1751371350113,-7418,-3622,-235,354,274,106
163,2025-07-01 17:32:30.797,2025-07-01 17:32:30.529476,-7.041347026824951,-4.982333660125732,3.5003228187561035,0.5265658497810364,1.0225883722305298,-1.635897159576416,2025-07-01 17:32:30.570,1751371350570,-7343,-3317,-170,-162,-19,-540
164,2025-07-01 17:32:30.908,2025-07-01 17:32:30.630042,-6.801927089691162,-6.256049156188965,3.734954595565796,1.301142930984497,0.7489207983016968,-1.8301522731781006,2025-07-01 17:32:30.650,1751371350650,-7334,-3666,-159,-495,77,-658
165,2025-07-01 17:32:31.006,2025-07-01 17:32:30.730332,-5.731719017028809,-7.558494567871094,4.010287761688232,1.0983357429504395,0.3445279896259308,-1.7458528280258179,2025-07-01 17:32:30.752,1751371350752,-7516,-3935,-187,-931,-147,-1079
166,2025-07-01 17:32:31.096,2025-07-01 17:32:30.830273,-3.845088005065918,-9.160215377807617,4.491522312164307,0.504574716091156,0.04886921867728233,-1.3463469743728638,2025-07-01 17:32:30.828,1751371350828,-7449,-3837,-623,-1015,-376,-956
167,2025-07-01 17:32:31.213,2025-07-01 17:32:30.930033,-3.4955344200134277,-9.617507934570312,4.551377296447754,0.5522221922874451,0.14294247329235077,-0.7867944240570068,2025-07-01 17:32:30.913,1751371350913,-7080,-4213,-435,-924,-203,-1130
168,2025-07-01 17:32:31.297,2025-07-01 17:32:31.030087,-3.8738183975219727,-7.800309181213379,4.896142482757568,0.6548475623130798,0.09773843735456467,-0.40683624148368835,2025-07-01 17:32:31.025,1751371351025,-6911,-4410,-411,-323,-22,-919
169,2025-07-01 17:32:31.396,2025-07-01 17:32:31.130083,-3.4093432426452637,-7.424419403076172,5.070919036865234,-0.07330382615327835,-0.14049901068210602,-0.28466320037841797,2025-07-01 17:32:31.099,1751371351099,-7244,-4247,-426,-73,215,-708
170,2025-07-01 17:32:31.496,2025-07-01 17:32:31.230107,-3.687070608139038,-7.364564418792725,5.585672378540039,-0.5595525503158569,0.02932153269648552,-0.036651913076639175,2025-07-01 17:32:31.219,1751371351219,-7285,-4245,-428,322,354,-518
171,2025-07-01 17:32:31.993,2025-07-01 17:32:31.530111,-2.9041666984558105,-7.886500358581543,5.018246650695801,-0.03420845419168472,0.0,-0.08429940044879913,2025-07-01 17:32:31.550,1751371351550,-7311,-3807,-777,-273,438,660
172,2025-07-01 17:32:32.091,2025-07-01 17:32:31.730282,-3.246537446975708,-7.773972988128662,5.2672438621521,0.06352998316287994,0.030543262138962746,-0.0708603709936142,2025-07-01 17:32:31.726,1751371351726,-7164,-4137,-460,-774,139,1222
173,2025-07-01 17:32:32.399,2025-07-01 17:32:32.130112,-1.800439715385437,-6.950367450714111,3.531447410583496,0.788016140460968,-0.31642818450927734,0.05619960278272629,2025-07-01 17:32:32.171,1751371352171,-7309,-3281,-954,-359,20,-231
174,2025-07-01 17:32:33.393,2025-07-01 17:32:33.130332,4.129997730255127,-4.98472785949707,7.175422668457031,-0.05864306539297104,0.05497787147760391,-0.045204028487205505,2025-07-01 17:32:33.091,1751371353091,-7485,-3484,-1023,-119,-118,-184
175,2025-07-01 17:32:33.494,2025-07-01 17:32:33.231287,4.003105163574219,-5.4013190269470215,7.261613845825195,-0.20525072515010834,0.04886921867728233,-0.036651913076639175,2025-07-01 17:32:33.261,1751371353261,-7440,-3903,-761,83,-125,-163
176,2025-07-01 17:32:33.702,2025-07-01 17:32:33.430171,4.0078935623168945,-5.0254292488098145,7.307103633880615,0.06963863968849182,0.08429940044879913,-0.00366519158706069,2025-07-01 17:32:33.469,1751371353469,-7456,-3878,-1041,-77,-117,23
177,2025-07-01 17:32:33.894,2025-07-01 17:32:33.631835,3.885789394378662,-5.801150798797607,8.118738174438477,0.19792033731937408,0.31031954288482666,0.21380282938480377,2025-07-01 17:32:33.609,1751371353609,-7462,-3561,-1074,-54,-49,57
178,2025-07-01 17:32:34.193,2025-07-01 17:32:33.930108,-3.0166940689086914,-3.1507694721221924,6.950367450714111,0.17104226350784302,1.9889771938323975,1.018923282623291,2025-07-01 17:32:33.900,1751371353900,-7076,-3643,-1083,-562,296,-436
179,2025-07-01 17:32:34.494,2025-07-01 17:32:34.230155,-2.5282769203186035,-6.00226354598999,6.512228488922119,-0.7538077235221863,-0.16249015927314758,-0.28955012559890747,2025-07-01 17:32:34.259,1751371354259,-7197,-4208,-1559,-545,354,150
180,2025-07-01 17:32:34.694,2025-07-01 17:32:34.430404,-3.1747114658355713,-6.6630635261535645,6.631938934326172,0.012217304669320583,0.013439035043120384,-0.051312681287527084,2025-07-01 17:32:34.433,1751371354433,-6836,-3997,-1021,-29,-268,-422
181,2025-07-01 17:32:34.891,2025-07-01 17:32:34.635287,-3.1531636714935303,-6.885724067687988,5.681440830230713,-0.3017674386501312,-0.05619960278272629,0.08185594528913498,2025-07-01 17:32:34.632,1751371354632,-7200,-4433,-1142,78,-234,-204
182,2025-07-01 17:32:35.405,2025-07-01 17:32:35.130510,-4.455609321594238,-7.060500621795654,4.6734819412231445,-0.5754350423812866,-0.3689626157283783,0.9346238374710083,2025-07-01 17:32:35.149,1751371355149,-7436,-3898,-950,598,274,-57
183,2025-07-01 17:32:35.505,2025-07-01 17:32:35.230160,-4.896142482757568,-7.086836814880371,4.714183330535889,-0.7806857824325562,-0.44226643443107605,0.8576548099517822,2025-07-01 17:32:35.239,1751371355239,-7140,-3573,-915,248,72,-91
184,2025-07-01 17:32:35.598,2025-07-01 17:32:35.329980,-5.449203014373779,-6.936002254486084,4.730942726135254,-0.8136724829673767,-0.4386012554168701,0.8539896011352539,2025-07-01 17:32:35.330,1751371355330,-7473,-3880,-1089,344,-88,-98
185,2025-07-01 17:32:35.704,2025-07-01 17:32:35.430153,-6.212953567504883,-6.787561893463135,4.395754337310791,-0.8112290501594543,-0.44593164324760437,0.8332201838493347,2025-07-01 17:32:35.409,1751371355409,-7434,-3864,-1110,159,120,-62
186,2025-07-01 17:32:35.791,2025-07-01 17:32:35.529871,-6.090848922729492,-6.710947513580322,4.54419469833374,-0.5094616413116455,-0.5277875661849976,0.8124507665634155,2025-07-01 17:32:35.509,1751371355509,-7468,-3859,-1072,343,-96,-120
187,2025-07-01 17:32:35.894,2025-07-01 17:32:35.529871,-6.090848922729492,-6.710947513580322,4.54419469833374,-0.5094616413116455,-0.5277875661849976,0.8124507665634155,2025-07-01 17:32:35.509,1751371355509,-7468,-3859,-1072,343,-96,-120
188,2025-07-01 17:32:36.001,2025-07-01 17:32:35.730157,-6.703764915466309,-6.110002517700195,4.304774761199951,-0.25534167885780334,-0.3640756905078888,0.7086036801338196,2025-07-01 17:32:35.769,1751371355769,-7323,-3624,-491,104,-562,153
189,2025-07-01 17:32:36.698,2025-07-01 17:32:36.432183,-7.242460250854492,-3.579331636428833,5.427655220031738,0.07941248267889023,-0.0012217304902151227,0.018325956538319588,2025-07-01 17:32:36.412,1751371356412,-7711,-3220,-624,166,277,266
190,2025-07-01 17:32:36.892,2025-07-01 17:32:36.630119,-7.266402244567871,-3.509899616241455,5.774814605712891,0.2272418737411499,-0.01466076634824276,0.06963863968849182,2025-07-01 17:32:36.593,1751371356593,-7756,-3335,-572,-284,-98,-39
191,2025-07-01 17:32:36.991,2025-07-01 17:32:36.630119,-7.266402244567871,-3.509899616241455,5.774814605712891,0.2272418737411499,-0.01466076634824276,0.06963863968849182,2025-07-01 17:32:36.594,1751371356594,-7559,-3044,-608,-260,-42,295
192,2025-07-01 17:32:37.091,2025-07-01 17:32:36.831547,-7.230489253997803,-2.9735984802246094,5.863399982452393,0.2223549485206604,-0.03176499158143997,0.04886921867728233,2025-07-01 17:32:36.796,1751371356796,-7574,-2969,-386,36,123,273
193,2025-07-01 17:32:37.299,2025-07-01 17:32:37.030356,-7.19936466217041,-2.734178304672241,5.870582580566406,0.1270599663257599,0.01710422709584236,0.04153883829712868,2025-07-01 17:32:36.991,1751371356991,-7795,-2980,-620,48,-112,-121
194,2025-07-01 17:32:37.392,2025-07-01 17:32:37.030356,-7.19936466217041,-2.734178304672241,5.870582580566406,0.1270599663257599,0.01710422709584236,0.04153883829712868,2025-07-01 17:32:37.026,1751371357026,-7557,-2957,-390,-40,-62,-263
195,2025-07-01 17:32:37.791,2025-07-01 17:32:37.131897,-7.3023152351379395,-2.585737943649292,6.121973514556885,0.16004669666290283,-0.00733038317412138,0.03176499158143997,2025-07-01 17:32:37.155,1751371357155,-7802,-3020,-629,-102,-97,-291
196,2025-07-01 17:32:37.991,2025-07-01 17:32:37.730983,-7.151480674743652,-3.4811692237854004,6.057330131530762,-0.41661009192466736,-0.05253441259264946,-0.13439035415649414,2025-07-01 17:32:37.755,1751371357755,-7716,-3239,-525,96,12,-218
197,2025-07-01 17:32:38.099,2025-07-01 17:32:37.830744,-7.151480674743652,-3.4811692237854004,6.057330131530762,-0.41661009192466736,-0.05253441259264946,-0.13439035415649414,2025-07-01 17:32:37.859,1751371357859,-7369,-3695,-230,-18,295,-226
198,2025-07-01 17:32:38.191,2025-07-01 17:32:37.931980,-6.955155849456787,-3.84269380569458,5.894524574279785,-0.16371189057826996,0.028099801391363144,-0.010995574295520782,2025-07-01 17:32:37.926,1751371357926,-7377,-3684,-244,309,328,-191
199,2025-07-01 17:32:38.299,2025-07-01 17:32:38.031210,-6.675034523010254,-3.8738183975219727,5.56173038482666,-0.16982053220272064,0.05375614017248154,-0.04764748737215996,2025-07-01 17:32:38.051,1751371358051,-7371,-3647,-571,299,353,-109
200,2025-07-01 17:32:38.492,2025-07-01 17:32:38.231867,-6.0836663246154785,-4.036623954772949,5.504269599914551,0.08429940044879913,0.7867944240570068,-0.979827880859375,2025-07-01 17:32:38.212,1751371358212,-7407,-3665,-555,-4,358,-101
201,2025-07-01 17:32:38.693,2025-07-01 17:32:38.432101,-6.588842868804932,-5.623979568481445,4.084507942199707,0.6194173693656921,0.9346238374710083,-1.7201964855194092,2025-07-01 17:32:38.412,1751371358412,-7315,-3427,-255,-601,-119,-187
202,2025-07-01 17:32:39.191,2025-07-01 17:32:38.929348,-2.7269957065582275,-7.728483200073242,5.477933406829834,0.46670106053352356,0.0,-0.23579397797584534,2025-07-01 17:32:38.915,1751371358915,-7244,-3832,-1158,-625,-1,-402
203,2025-07-01 17:32:39.792,2025-07-01 17:32:39.530412,-2.3056161403656006,-7.8529815673828125,5.767632007598877,0.21135938167572021,-0.039095375686883926,-0.036651913076639175,2025-07-01 17:32:39.491,1751371359491,-7256,-3717,-1608,182,249,18
204,2025-07-01 17:32:39.999,2025-07-01 17:32:39.729314,-1.292868971824646,-8.051700592041016,6.7492547035217285,0.37629300355911255,0.10506882518529892,-0.09407325088977814,2025-07-01 17:32:39.736,1751371359736,-7273,-3741,-1592,-369,-543,100
205,2025-07-01 17:32:40.101,2025-07-01 17:32:39.729314,-1.292868971824646,-8.051700592041016,6.7492547035217285,0.37629300355911255,0.10506882518529892,-0.09407325088977814,2025-07-01 17:32:39.736,1751371359736,-7273,-3741,-1592,-369,-543,100
206,2025-07-01 17:32:40.203,2025-07-01 17:32:39.931790,-2.3511061668395996,-3.4811692237854004,6.026205539703369,1.9743164777755737,0.1514945775270462,-0.2785545587539673,2025-07-01 17:32:39.927,1751371359927,-7098,-3932,-1266,-53,58,268
207,2025-07-01 17:32:40.304,2025-07-01 17:32:39.931790,-2.3511061668395996,-3.4811692237854004,6.026205539703369,1.9743164777755737,0.1514945775270462,-0.2785545587539673,2025-07-01 17:32:39.927,1751371359927,-7098,-3932,-1266,-53,58,268
208,2025-07-01 17:32:40.701,2025-07-01 17:32:40.432544,2.298433542251587,-6.871358871459961,7.429207801818848,-0.5949827432632446,-0.8515461683273315,-0.44593164324760437,2025-07-01 17:32:40.453,1751371360453,-7050,-3917,-1261,-10,-285,287
209,2025-07-01 17:32:40.799,2025-07-01 17:32:40.531696,3.3854012489318848,-6.308721542358398,9.583989143371582,0.12217304855585098,-0.6352998614311218,-0.34208452701568604,2025-07-01 17:32:40.554,1751371360554,-7212,-3905,-1233,-103,-570,-19
210,2025-07-01 17:32:40.891,2025-07-01 17:32:40.632583,4.469974517822266,-6.421248912811279,6.967126846313477,-0.4996877610683441,-0.7037167549133301,-0.5424483418464661,2025-07-01 17:32:40.637,1751371360637,-7205,-3902,-1251,-70,-611,-22
211,2025-07-01 17:32:41.111,2025-07-01 17:32:40.831802,3.5649664402008057,-5.0685248374938965,7.299921035766602,0.09407325088977814,0.036651913076639175,-0.05375614017248154,2025-07-01 17:32:40.833,1751371360833,-7293,-4160,961,949,-664,-122
212,2025-07-01 17:32:41.698,2025-07-01 17:32:41.233178,4.2975921630859375,-6.1315507888793945,7.180211067199707,-0.06230825558304787,-0.14538592100143433,-0.09529497474431992,2025-07-01 17:32:41.205,1751371361205,-7141,-4124,1380,337,97,267
213,2025-07-01 17:32:41.807,2025-07-01 17:32:41.531907,2.8203697204589844,-6.160281181335449,7.204153060913086,-0.3445279896259308,0.7476990818977356,0.2675589919090271,2025-07-01 17:32:41.531,1751371361531,-7405,-3561,757,-520,139,-47
214,2025-07-01 17:32:42.097,2025-07-01 17:32:41.834325,-3.5482068061828613,-4.752490520477295,4.72376012802124,-0.5143485069274902,1.7409659624099731,0.6059783101081848,2025-07-01 17:32:41.813,1751371361813,-7086,-3862,352,-1990,1518,-1041
215,2025-07-01 17:32:42.597,2025-07-01 17:32:42.330227,-3.1866824626922607,-6.689399719238281,6.629544734954834,-0.12950342893600464,-0.00366519158706069,-0.17470745742321014,2025-07-01 17:32:42.345,1751371362345,-7221,-3749,-1645,-145,112,521
216,2025-07-01 17:32:42.793,2025-07-01 17:32:42.530095,-3.026270866394043,-6.588842868804932,6.53377628326416,-0.15515977144241333,-0.1062905490398407,0.018325956538319588,2025-07-01 17:32:42.514,1751371362514,-7179,-3933,-1412,121,-18,350
217,2025-07-01 17:32:42.933,2025-07-01 17:32:42.630072,-2.736572504043579,-6.325480937957764,6.564900875091553,-0.06841690838336945,-0.08918632566928864,0.04886921867728233,2025-07-01 17:32:42.616,1751371362616,-7221,-3918,-1416,-66,346,344
218,2025-07-01 17:32:42.998,2025-07-01 17:32:42.730088,-2.8586769104003906,-6.54574728012085,6.782773494720459,-0.01710422709584236,0.0,-0.024434609338641167,2025-07-01 17:32:42.730,1751371362730,-7237,-3897,-1426,-113,-284,-257
219,2025-07-01 17:32:43.104,2025-07-01 17:32:42.830170,-2.801215887069702,-6.718130111694336,6.72531270980835,-0.2174680233001709,0.015882495790719986,0.04642575979232788,2025-07-01 17:32:42.795,1751371362795,-7223,-3935,-1631,86,-305,-335
220,2025-07-01 17:32:43.391,2025-07-01 17:32:43.129577,-3.9001545906066895,-6.75883150100708,5.564124584197998,-0.5681046843528748,-0.15760323405265808,0.8295549750328064,2025-07-01 17:32:43.157,1751371363157,-7194,-3806,-1248,122,-383,-213
221,2025-07-01 17:32:43.491,2025-07-01 17:32:43.233285,-4.6734819412231445,-6.754043102264404,5.202600479125977,-0.5974262356758118,-0.2736676335334778,0.8381071090698242,2025-07-01 17:32:43.267,1751371363267,-7243,-4171,-924,349,-880,-368
222,2025-07-01 17:32:43.691,2025-07-01 17:32:43.430182,-5.729324817657471,-6.763619899749756,5.284003257751465,-0.9138544201850891,-0.4386012554168701,0.998153805732727,2025-07-01 17:32:43.428,1751371363428,-7199,-4439,-405,600,-424,266
223,2025-07-01 17:32:43.917,2025-07-01 17:32:43.630195,-6.224924564361572,-6.050147533416748,4.757278919219971,-0.35185837745666504,-0.43737950921058655,0.9077457785606384,2025-07-01 17:32:43.617,1751371363617,-7070,-4188,-212,756,116,147
224,2025-07-01 17:32:44.109,2025-07-01 17:32:43.830471,-6.5696892738342285,-5.317522048950195,4.72376012802124,0.05619960278272629,-0.39584067463874817,0.6279694437980652,2025-07-01 17:32:43.868,1751371363868,-7065,-4183,63,1542,461,295
225,2025-07-01 17:32:44.491,2025-07-01 17:32:44.232513,-6.514622688293457,-4.022258758544922,5.571307182312012,0.27611109614372253,-0.18936823308467865,0.20525072515010834,2025-07-01 17:32:44.224,1751371364224,-7063,-4158,49,1172,451,277
226,2025-07-01 17:32:44.597,2025-07-01 17:32:44.330518,-6.418854713439941,-3.7708675861358643,5.856217384338379,0.05742133408784866,-0.11972958594560623,0.16737708449363708,2025-07-01 17:32:44.326,1751371364326,-7132,-4181,-277,282,227,116
227,2025-07-01 17:32:44.693,2025-07-01 17:32:44.330518,-6.418854713439941,-3.7708675861358643,5.856217384338379,0.05742133408784866,-0.11972958594560623,0.16737708449363708,2025-07-01 17:32:44.326,1751371364326,-7132,-4181,-277,282,227,116
228,2025-07-01 17:32:44.791,2025-07-01 17:32:44.330518,-6.418854713439941,-3.7708675861358643,5.856217384338379,0.05742133408784866,-0.11972958594560623,0.16737708449363708,2025-07-01 17:32:44.326,1751371364326,-7132,-4181,-277,282,227,116
229,2025-07-01 17:32:45.292,2025-07-01 17:32:45.030362,-6.821080684661865,-2.674323320388794,6.514622688293457,0.15393804013729095,0.0012217304902151227,0.02687807008624077,2025-07-01 17:32:45.040,1751371365040,-7354,-3705,-251,-383,9,271
230,2025-07-01 17:32:45.499,2025-07-01 17:32:45.229938,-6.943184852600098,-2.4372973442077637,6.390124320983887,0.05375614017248154,-0.00855211354792118,0.02076941914856434,2025-07-01 17:32:45.216,1751371365216,-7350,-3461,-205,3,126,81
231,2025-07-01 17:32:46.198,2025-07-01 17:32:45.932429,-6.840234279632568,-2.63362193107605,6.13633918762207,-0.3139847218990326,-0.018325956538319588,-0.13439035415649414,2025-07-01 17:32:45.948,1751371365948,-7421,-3634,-595,0,-139,-356
232,2025-07-01 17:32:46.402,2025-07-01 17:32:46.130504,-7.070077419281006,-3.7469255924224854,6.543353080749512,-0.5864306092262268,-0.010995574295520782,-0.10751228034496307,2025-07-01 17:32:46.125,1751371366125,-7342,-3698,-521,-356,-201,-163
233,2025-07-01 17:32:46.503,2025-07-01 17:32:46.230330,-6.845022678375244,-3.584120035171509,6.301538944244385,-0.37262779474258423,0.015882495790719986,0.07330382615327835,2025-07-01 17:32:46.218,1751371366218,-7318,-3467,-255,-316,-175,-220
234,2025-07-01 17:32:46.696,2025-07-01 17:32:46.430138,-6.615179061889648,-3.512293815612793,5.817910194396973,-0.21135938167572021,0.12095131725072861,-0.1258382350206375,2025-07-01 17:32:46.402,1751371366402,-7331,-3570,-193,-102,-284,-588
235,2025-07-01 17:32:47.102,2025-07-01 17:32:46.629709,-6.378153324127197,-4.185064792633057,5.161899089813232,0.19303341209888458,0.6572909951210022,-0.9456194043159485,2025-07-01 17:32:46.669,1751371366669,-7262,-4358,-86,-64,140,-105
236,2025-07-01 17:32:47.198,2025-07-01 17:32:46.629709,-6.378153324127197,-4.185064792633057,5.161899089813232,0.19303341209888458,0.6572909951210022,-0.9456194043159485,2025-07-01 17:32:46.669,1751371366669,-7262,-4358,-86,-64,140,-105
237,2025-07-01 17:32:47.296,2025-07-01 17:32:46.830527,-6.466738700866699,-5.758055210113525,4.587290287017822,0.7391469478607178,0.7428121566772461,-1.5796974897384644,2025-07-01 17:32:46.844,1751371366844,-7425,-4398,34,1075,423,-515
238,2025-07-01 17:32:47.398,2025-07-01 17:32:46.830527,-6.466738700866699,-5.758055210113525,4.587290287017822,0.7391469478607178,0.7428121566772461,-1.5796974897384644,2025-07-01 17:32:46.844,1751371366844,-7425,-4398,34,1075,423,-515
239,2025-07-01 17:32:47.724,2025-07-01 17:32:47.029399,-5.348646640777588,-6.873753070831299,4.970362663269043,0.14538592100143433,0.31520646810531616,-1.4233160018920898,2025-07-01 17:32:47.070,1751371367070,-7255,-4416,119,260,299,-376
240,2025-07-01 17:32:48.193,2025-07-01 17:32:47.930180,-2.0590133666992188,-7.723694801330566,5.949591159820557,0.08185594528913498,0.02687807008624077,-0.09162978827953339,2025-07-01 17:32:47.922,1751371367922,-6809,-4484,115,-240,550,282
241,2025-07-01 17:32:48.301,2025-07-01 17:32:47.930180,-2.0590133666992188,-7.723694801330566,5.949591159820557,0.08185594528913498,0.02687807008624077,-0.09162978827953339,2025-07-01 17:32:47.922,1751371367922,-6809,-4484,115,-240,550,282
242,2025-07-01 17:32:48.892,2025-07-01 17:32:48.630166,2.296039342880249,-4.041412353515625,8.882488250732422,-0.5448917746543884,-1.4831807613372803,-1.1410962343215942,2025-07-01 17:32:48.646,1751371368646,-6904,-4644,-214,35,508,76
243,2025-07-01 17:32:48.991,2025-07-01 17:32:48.730156,2.7461493015289307,-3.315969467163086,7.134721279144287,0.39584067463874817,-1.1203268766403198,-0.7232644557952881,2025-07-01 17:32:48.729,1751371368729,-6884,-4635,-226,53,481,109
244,2025-07-01 17:32:49.191,2025-07-01 17:32:48.930344,6.01423454284668,-5.3797712326049805,7.4555439949035645,-0.10995574295520782,-1.1936306953430176,-0.44226643443107605,2025-07-01 17:32:48.911,1751371368911,-6852,-4616,-513,88,446,109
245,2025-07-01 17:32:49.291,2025-07-01 17:32:49.030452,4.63517427444458,-2.1715409755706787,7.333439826965332,0.6890559792518616,-0.06108652427792549,-0.18081611394882202,2025-07-01 17:32:49.006,1751371369006,-6837,-4610,-538,118,431,92
246,2025-07-01 17:32:49.892,2025-07-01 17:32:49.630220,4.697423934936523,-3.7636849880218506,7.682993412017822,-0.03420845419168472,-0.0012217304902151227,-0.006108652334660292,2025-07-01 17:32:49.624,1751371369624,-6861,-4638,-559,12,601,32
247,2025-07-01 17:32:50.100,2025-07-01 17:32:49.830408,4.730942726135254,-4.127603530883789,7.565677165985107,-0.019547687843441963,0.0024434609804302454,0.00733038317412138,2025-07-01 17:32:49.827,1751371369827,-6646,-4574,-520,-776,-480,262
248,2025-07-01 17:32:51.003,2025-07-01 17:32:50.730261,3.7158010005950928,-6.366182327270508,6.658275127410889,0.1368338167667389,-0.1771509200334549,-0.04398229718208313,2025-07-01 17:32:50.744,1751371370744,-6936,-4901,-556,192,554,-597
249,2025-07-01 17:32:51.297,2025-07-01 17:32:51.030595,2.9520506858825684,-7.671022415161133,7.129932880401611,-0.5619960427284241,1.5308283567428589,0.799011766910553,2025-07-01 17:32:51.004,1751371371004,-6647,-4541,-429,336,534,-351
250,2025-07-01 17:32:51.496,2025-07-01 17:32:51.230125,-2.6001031398773193,-5.128379821777344,6.497863292694092,0.6487388610839844,1.6297885179519653,1.0433578491210938,2025-07-01 17:32:51.254,1751371371254,-6993,-4538,-887,-493,840,76
251,2025-07-01 17:32:51.606,2025-07-01 17:32:51.330013,-3.603273630142212,-5.161899089813232,5.324704647064209,-0.02321287989616394,0.7745771408081055,0.45326200127601624,2025-07-01 17:32:51.370,1751371371370,-7017,-4575,-856,-475,549,-65
252,2025-07-01 17:32:51.697,2025-07-01 17:32:51.430252,-3.4332852363586426,-4.663905143737793,5.082890033721924,-0.02932153269648552,-0.14294247329235077,-0.08429940044879913,2025-07-01 17:32:51.433,1751371371433,-6978,-4333,-442,376,-118,-353
253,2025-07-01 17:32:51.799,2025-07-01 17:32:51.530536,-2.9712042808532715,-6.090848922729492,6.801927089691162,0.16859880089759827,-0.21013765037059784,-0.3225368559360504,2025-07-01 17:32:51.524,1751371371524,-6937,-4932,-440,169,-123,-525
254,2025-07-01 17:32:51.897,2025-07-01 17:32:51.630383,-2.6001031398773193,-5.815515995025635,6.856993675231934,-0.3543018400669098,-0.2785545587539673,-0.2480112910270691,2025-07-01 17:32:51.610,1751371371610,-6776,-4936,-562,-19,-389,-171
255,2025-07-01 17:32:51.991,2025-07-01 17:32:51.630383,-2.6001031398773193,-5.815515995025635,6.856993675231934,-0.3543018400669098,-0.2785545587539673,-0.2480112910270691,2025-07-01 17:32:51.610,1751371371610,-6776,-4936,-562,-19,-389,-171
256,2025-07-01 17:32:52.392,2025-07-01 17:32:52.130583,-2.5258827209472656,-6.873753070831299,6.732495307922363,-0.22479841113090515,0.00366519158706069,0.08429940044879913,2025-07-01 17:32:52.150,1751371372150,-6642,-4915,-542,-346,376,545
257,2025-07-01 17:32:52.492,2025-07-01 17:32:52.230642,-2.8371291160583496,-7.843404769897461,6.916848659515381,-0.21991148591041565,0.12461651116609573,0.504574716091156,2025-07-01 17:32:52.235,1751371372235,-6929,-4911,-549,-310,162,593
258,2025-07-01 17:32:52.796,2025-07-01 17:32:52.530007,-5.858611583709717,-5.9974751472473145,5.4444146156311035,-0.7941248416900635,-0.24190263450145721,1.1533136367797852,2025-07-01 17:32:52.515,1751371372515,-6883,-4479,-420,266,608,451
259,2025-07-01 17:32:52.915,2025-07-01 17:32:52.530007,-5.858611583709717,-5.9974751472473145,5.4444146156311035,-0.7941248416900635,-0.24190263450145721,1.1533136367797852,2025-07-01 17:32:52.515,1751371372515,-6883,-4479,-420,266,608,451
260,2025-07-01 17:32:53.291,2025-07-01 17:32:53.030368,-7.086836814880371,-3.7229835987091064,5.224148273468018,-0.09773843735456467,-0.5937610268592834,0.6230825781822205,2025-07-01 17:32:53.064,1751371373064,-7431,-3958,-681,-24,158,201
261,2025-07-01 17:32:53.491,2025-07-01 17:32:53.229446,-6.48828649520874,-3.00711727142334,5.918466567993164,0.15882496535778046,-0.3445279896259308,0.46303585171699524,2025-07-01 17:32:53.249,1751371373249,-7490,-3548,-755,305,-31,172
262,2025-07-01 17:32:53.606,2025-07-01 17:32:53.229446,-6.48828649520874,-3.00711727142334,5.918466567993164,0.15882496535778046,-0.3445279896259308,0.46303585171699524,2025-07-01 17:32:53.249,1751371373249,-7490,-3548,-755,305,-31,172
263,2025-07-01 17:32:54.092,2025-07-01 17:32:53.630029,-6.586448669433594,-2.3056161403656006,6.689399719238281,0.19792033731937408,-0.1270599663257599,0.02076941914856434,2025-07-01 17:32:53.610,1751371373610,-7345,-3286,-1068,14,-33,-16
264,2025-07-01 17:32:54.392,2025-07-01 17:32:54.130265,-6.751648902893066,-1.7334020137786865,6.921637058258057,0.1111774742603302,0.012217304669320583,0.05009094998240471,2025-07-01 17:32:54.137,1751371374137,-7509,-3611,-1081,3,46,-203
265,2025-07-01 17:32:54.498,2025-07-01 17:32:54.130265,-6.751648902893066,-1.7334020137786865,6.921637058258057,0.1111774742603302,0.012217304669320583,0.05009094998240471,2025-07-01 17:32:54.137,1751371374137,-7509,-3611,-1081,3,46,-203
266,2025-07-01 17:32:54.691,2025-07-01 17:32:54.430879,-6.593631267547607,-1.3958195447921753,6.993463039398193,0.05864306539297104,-0.019547687843441963,0.00366519158706069,2025-07-01 17:32:54.408,1751371374408,-7515,-3634,-1069,43,107,-242
267,2025-07-01 17:32:55.291,2025-07-01 17:32:55.029931,-6.687005519866943,-1.6041151285171509,6.916848659515381,-0.2528982162475586,0.00855211354792118,-0.08674286305904388,2025-07-01 17:32:55.046,1751371375046,-7538,-3480,-752,36,-214,5
268,2025-07-01 17:32:55.493,2025-07-01 17:32:55.129900,-6.696582317352295,-1.9297266006469727,6.88332986831665,-0.36529740691185,-0.04398229718208313,-0.09285151958465576,2025-07-01 17:32:55.128,1751371375128,-7551,-3701,-722,68,-557,38
269,2025-07-01 17:32:56.402,2025-07-01 17:32:56.129802,-1.8291701078414917,-9.186552047729492,5.463568210601807,0.43737950921058655,0.05375614017248154,-0.9724974632263184,2025-07-01 17:32:56.114,1751371376114,-7138,-3939,-677,71,575,3
270,2025-07-01 17:32:56.712,2025-07-01 17:32:56.430726,-1.7070658206939697,-8.092401504516602,5.432443618774414,-0.07696902006864548,-0.04642575979232788,-0.14905111491680145,2025-07-01 17:32:56.471,1751371376471,-7008,-4272,-1233,-1069,275,-953
271,2025-07-01 17:32:56.896,2025-07-01 17:32:56.530244,-1.886630892753601,-8.506598472595215,5.384559631347656,-0.34574973583221436,0.04398229718208313,-0.11728613078594208,2025-07-01 17:32:56.562,1751371376562,-7026,-4312,-1569,-424,-343,-691
272,2025-07-01 17:32:57.097,2025-07-01 17:32:56.830106,-1.1899182796478271,-8.75080680847168,5.506663799285889,0.4508185386657715,0.13805554807186127,0.3885102868080139,2025-07-01 17:32:56.835,1751371376835,-6926,-4256,-1218,99,-118,257
273,2025-07-01 17:32:57.193,2025-07-01 17:32:56.929784,-1.9560627937316895,-6.452373504638672,5.166687488555908,1.4526375532150269,0.646295428276062,0.9321803450584412,2025-07-01 17:32:56.917,1751371376917,-6913,-4268,-1218,89,118,-38
274,2025-07-01 17:32:57.298,2025-07-01 17:32:57.030247,-3.318363666534424,-4.390965938568115,4.948814868927002,1.0531316995620728,-0.09285151958465576,0.6866125464439392,2025-07-01 17:32:57.015,1751371377015,-6646,-4293,-1202,104,115,-91
275,2025-07-01 17:32:57.501,2025-07-01 17:32:57.230774,-1.6615760326385498,-5.006275653839111,8.504204750061035,-1.7849482297897339,-1.8839083909988403,-1.2950342893600464,2025-07-01 17:32:57.193,1751371377193,-6960,-4247,-1388,118,52,277
276,2025-07-01 17:32:57.592,2025-07-01 17:32:57.330548,0.2968810200691223,-8.224082946777344,8.485051155090332,-0.8185594081878662,-1.4978415966033936,-1.4550809860229492,2025-07-01 17:32:57.370,1751371377370,-6976,-4259,-1344,7,-321,345
277,2025-07-01 17:32:57.793,2025-07-01 17:32:57.532349,3.201047658920288,-5.51624059677124,5.693411827087402,0.24068090319633484,-0.8881980776786804,-0.0806342139840126,2025-07-01 17:32:57.566,1751371377566,-7181,-4098,-1179,239,324,-15
278,2025-07-01 17:32:57.892,2025-07-01 17:32:57.632153,5.396530628204346,-5.147533416748047,4.5394062995910645,0.27611109614372253,-1.4306464195251465,-0.28466320037841797,2025-07-01 17:32:57.634,1751371377634,-6824,-4189,-1163,380,-18,-6
279,2025-07-01 17:32:58.093,2025-07-01 17:32:57.729891,5.154716491699219,-6.607996463775635,7.723694801330566,-0.7183775305747986,0.6548475623130798,0.3995058834552765,2025-07-01 17:32:57.751,1751371377751,-7229,-4003,-1093,829,-126,179
280,2025-07-01 17:32:58.202,2025-07-01 17:32:57.930541,4.757278919219971,-5.781997203826904,5.906495571136475,0.13927727937698364,-0.10751228034496307,-0.18570303916931152,2025-07-01 17:32:57.915,1751371377915,-7211,-4219,-677,453,-248,325
281,2025-07-01 17:32:58.291,2025-07-01 17:32:57.930541,4.757278919219971,-5.781997203826904,5.906495571136475,0.13927727937698364,-0.10751228034496307,-0.18570303916931152,2025-07-01 17:32:57.915,1751371377915,-7211,-4219,-677,453,-248,325
282,2025-07-01 17:32:58.591,2025-07-01 17:32:58.330964,4.668693542480469,-6.229712963104248,6.088454723358154,0.024434609338641167,-0.036651913076639175,-0.051312681287527084,2025-07-01 17:32:58.361,1751371378361,-7176,-4223,-878,392,-411,-11
283,2025-07-01 17:32:58.791,2025-07-01 17:32:58.530095,4.853046894073486,-6.172252178192139,6.0190229415893555,-0.039095375686883926,0.009773843921720982,-0.02321287989616394,2025-07-01 17:32:58.540,1751371378540,-6908,-3984,-839,573,-474,-28
284,2025-07-01 17:32:59.011,2025-07-01 17:32:58.731299,4.304774761199951,-6.110002517700195,6.308721542358398,0.010995574295520782,0.06352998316287994,0.028099801391363144,2025-07-01 17:32:58.728,1751371378728,-7178,-4223,-841,252,-417,170
285,2025-07-01 17:32:59.295,2025-07-01 17:32:59.029703,3.665522813796997,-7.113173484802246,7.891288757324219,-0.1062905490398407,2.180788993835449,0.788016140460968,2025-07-01 17:32:59.020,1751371379020,-7194,-4147,-965,-92,-27,11
286,2025-07-01 17:32:59.592,2025-07-01 17:32:59.331073,-4.587290287017822,-4.28322696685791,4.632780075073242,-0.5815436840057373,0.8100073337554932,-0.10384709388017654,2025-07-01 17:32:59.359,1751371379359,-6599,-4316,-1838,-356,318,-62
287,2025-07-01 17:32:59.791,2025-07-01 17:32:59.530454,-2.8993782997131348,-6.763619899749756,5.552153587341309,-0.3640756905078888,-0.042760565876960754,-0.3017674386501312,2025-07-01 17:32:59.540,1751371379540,-6558,-4283,-1830,-316,-258,-74
288,2025-07-01 17:33:00.392,2025-07-01 17:33:00.129378,-3.1292216777801514,-7.357381820678711,5.3127336502075195,-0.37751471996307373,-0.09529497474431992,0.06352998316287994,2025-07-01 17:33:00.160,1751371380160,-6562,-4635,-1412,-373,-217,-75
289,2025-07-01 17:33:00.801,2025-07-01 17:33:00.330215,-2.801215887069702,-8.17141056060791,5.035006046295166,-0.29077184200286865,-0.0757472887635231,0.2028072625398636,2025-07-01 17:33:00.338,1751371380338,-6568,-4635,-1642,-306,-222,-59
290,2025-07-01 17:33:00.908,2025-07-01 17:33:00.429993,-3.201047658920288,-8.506598472595215,5.317522048950195,0.00366519158706069,-0.05619960278272629,0.5558874011039734,2025-07-01 17:33:00.430,1751371380430,-6617,-4625,-1608,47,-210,269
291,2025-07-01 17:33:00.993,2025-07-01 17:33:00.730368,-5.719748020172119,-6.88332986831665,4.37420654296875,-0.5595525503158569,-0.4447098970413208,0.9590584635734558,2025-07-01 17:33:00.720,1751371380720,-6973,-4288,-948,-40,-80,-331
292,2025-07-01 17:33:01.198,2025-07-01 17:33:00.932545,-5.995080947875977,-6.691793918609619,4.003105163574219,-1.0250319242477417,-0.7147123217582703,1.1020009517669678,2025-07-01 17:33:00.971,1751371380971,-7006,-4346,-1152,28,-342,-67
293,2025-07-01 17:33:01.405,2025-07-01 17:33:01.129544,-6.708553314208984,-6.189011573791504,4.235342979431152,-0.4337143301963806,-0.6890559792518616,0.7195992469787598,2025-07-01 17:33:01.157,1751371381157,-6909,-4009,-1114,-289,-307,621
294,2025-07-01 17:33:01.497,2025-07-01 17:33:01.230215,-6.8378400802612305,-5.633556365966797,5.092466831207275,-0.4300491213798523,-0.7342600226402283,0.7354817390441895,2025-07-01 17:33:01.254,1751371381254,-7180,-4210,-1093,-467,-557,467
295,2025-07-01 17:33:01.599,2025-07-01 17:33:01.330631,-6.540958881378174,-5.360617637634277,4.750096321105957,0.2431243658065796,-0.5558874011039734,0.6279694437980652,2025-07-01 17:33:01.351,1751371381351,-7051,-4170,-1033,-570,-234,612
296,2025-07-01 17:33:01.699,2025-07-01 17:33:01.430682,-6.3949127197265625,-4.888959884643555,4.72376012802124,0.04398229718208313,-0.3017674386501312,0.4691445231437683,2025-07-01 17:33:01.420,1751371381420,-7042,-3784,-743,-422,-401,211
297,2025-07-01 17:33:01.800,2025-07-01 17:33:01.530759,-6.3302693367004395,-4.278438568115234,4.991910457611084,0.1966986060142517,-0.14905111491680145,0.3139847218990326,2025-07-01 17:33:01.509,1751371381509,-7288,-3782,-726,-475,-615,179
298,2025-07-01 17:33:01.904,2025-07-01 17:33:01.630680,-6.7923502922058105,-4.144362926483154,5.363011837005615,0.19058994948863983,-0.07208210229873657,0.2076941877603531,2025-07-01 17:33:01.602,1751371381602,-7046,-3768,-691,-512,-586,159
299,2025-07-01 17:33:02.399,2025-07-01 17:33:02.130196,-7.127538681030273,-3.4620156288146973,6.143521785736084,0.46181413531303406,0.019547687843441963,0.051312681287527084,2025-07-01 17:33:02.168,1751371382168,-7462,-3539,-1037,55,65,315
300,2025-07-01 17:33:02.501,2025-07-01 17:33:02.229788,-7.249642848968506,-2.849100112915039,5.726930618286133,0.22357667982578278,-0.030543262138962746,0.036651913076639175,2025-07-01 17:33:02.235,1751371382235,-7166,-3844,-728,-106,-79,331
301,2025-07-01 17:33:02.593,2025-07-01 17:33:02.330257,-7.1490864753723145,-2.832340717315674,5.746084213256836,-0.004886921960860491,0.03176499158143997,0.09285151958465576,2025-07-01 17:33:02.336,1751371382336,-7372,-3630,-1086,313,-351,-65
302,2025-07-01 17:33:02.794,2025-07-01 17:33:02.530052,-6.9455790519714355,-2.9257144927978516,6.1315507888793945,0.10506882518529892,0.030543262138962746,0.04153883829712868,2025-07-01 17:33:02.507,1751371382507,-7322,-3709,-679,-308,86,70
303,2025-07-01 17:33:02.901,2025-07-01 17:33:02.530052,-6.9455790519714355,-2.9257144927978516,6.1315507888793945,0.10506882518529892,0.030543262138962746,0.04153883829712868,2025-07-01 17:33:02.507,1751371382507,-7322,-3709,-679,-308,86,70
304,2025-07-01 17:33:03.391,2025-07-01 17:33:03.130224,-7.182605266571045,-1.9560627937316895,6.344634532928467,0.17837265133857727,-0.0024434609804302454,0.05742133408784866,2025-07-01 17:33:03.138,1751371383138,-7499,-3705,-662,119,-9,117
305,2025-07-01 17:33:03.493,2025-07-01 17:33:03.229592,-7.453149795532227,-2.0829553604125977,6.155492782592773,0.08552113175392151,0.06352998316287994,-0.00855211354792118,2025-07-01 17:33:03.232,1751371383232,-7443,-3861,-892,-43,30,-191
306,2025-07-01 17:33:03.895,2025-07-01 17:33:03.630161,-7.376535415649414,-2.1739351749420166,6.057330131530762,-0.23579397797584534,0.00733038317412138,-0.14416420459747314,2025-07-01 17:33:03.602,1751371383602,-7431,-3720,-790,85,-273,-291
307,2025-07-01 17:33:03.992,2025-07-01 17:33:03.730345,-7.352593421936035,-2.497152328491211,6.114790916442871,-0.29565876722335815,-0.08429940044879913,-0.09651670604944229,2025-07-01 17:33:03.761,1751371383761,-7162,-3961,-782,-120,5,-303
308,2025-07-01 17:33:04.291,2025-07-01 17:33:04.030324,-7.292738437652588,-3.6774938106536865,6.138733386993408,-0.43249258399009705,-0.012217304669320583,-0.10384709388017654,2025-07-01 17:33:04.041,1751371384041,-7107,-3753,-497,-126,32,36
309,2025-07-01 17:33:05.091,2025-07-01 17:33:04.829880,-5.710171222686768,-7.647080421447754,3.7636849880218506,0.7122688889503479,0.49846604466438293,-1.4611896276474,2025-07-01 17:33:04.795,1751371384795,-7018,-4294,-1353,231,833,-495
310,2025-07-01 17:33:05.191,2025-07-01 17:33:04.829880,-5.710171222686768,-7.647080421447754,3.7636849880218506,0.7122688889503479,0.49846604466438293,-1.4611896276474,2025-07-01 17:33:04.857,1751371384857,-6972,-4327,-1378,-22,570,-531
311,2025-07-01 17:33:05.291,2025-07-01 17:33:05.030185,-3.6128504276275635,-8.468291282653809,4.6734819412231445,0.7391469478607178,0.14538592100143433,-1.0299187898635864,2025-07-01 17:33:05.026,1751371385026,-7012,-4348,-1361,-321,-55,-373
312,2025-07-01 17:33:05.491,2025-07-01 17:33:05.230230,-2.5258827209472656,-8.33182144165039,5.200206279754639,0.19792033731937408,0.0708603709936142,-0.44593164324760437,2025-07-01 17:33:05.237,1751371385237,-6651,-4693,-1289,-595,-468,44
313,2025-07-01 17:33:05.592,2025-07-01 17:33:05.330035,-2.3511061668395996,-8.542511940002441,5.284003257751465,-0.015882495790719986,-0.01466076634824276,-0.2480112910270691,2025-07-01 17:33:05.323,1751371385323,-6948,-4350,-740,-112,58,107
314,2025-07-01 17:33:05.791,2025-07-01 17:33:05.530113,-2.0901381969451904,-7.838616371154785,5.284003257751465,0.028099801391363144,0.0,-0.15027284622192383,2025-07-01 17:33:05.569,1751371385569,-6795,-4248,-1106,-269,-375,325
315,2025-07-01 17:33:05.906,2025-07-01 17:33:05.630132,-2.1547815799713135,-7.845798969268799,5.406107425689697,0.21502456068992615,0.05009094998240471,-0.1062905490398407,2025-07-01 17:33:05.665,1751371385665,-6843,-4245,-1037,-71,103,-66
316,2025-07-01 17:33:06.003,2025-07-01 17:33:05.730151,-1.7334020137786865,-8.279149055480957,5.884947776794434,0.1062905490398407,0.0659734457731247,-0.05375614017248154,2025-07-01 17:33:05.752,1751371385752,-6796,-4254,-736,-60,-292,288
317,2025-07-01 17:33:06.095,2025-07-01 17:33:05.829957,-0.5147533416748047,-8.051700592041016,5.109226226806641,1.1374311447143555,0.19792033731937408,0.36651915311813354,2025-07-01 17:33:05.835,1751371385835,-6887,-4232,-674,285,-73,-76
318,2025-07-01 17:33:06.193,2025-07-01 17:33:05.930234,-2.650381326675415,-6.744466304779053,5.631162166595459,1.330464482307434,-0.2028072625398636,0.5607742667198181,2025-07-01 17:33:05.939,1751371385939,-7183,-4457,-889,-265,-195,771
319,2025-07-01 17:33:06.395,2025-07-01 17:33:06.030002,-3.397372245788574,-4.436455726623535,6.71334171295166,0.5180137157440186,-1.549154281616211,0.051312681287527084,2025-07-01 17:33:06.010,1751371386010,-7194,-4421,-877,-284,-134,692
320,2025-07-01 17:33:06.699,2025-07-01 17:33:06.430017,4.400542736053467,-5.339069843292236,4.855441093444824,-0.3225368559360504,-1.3487904071807861,-0.8698720932006836,2025-07-01 17:33:06.471,1751371386471,-7468,-3544,-592,395,594,223
321,2025-07-01 17:33:06.804,2025-07-01 17:33:06.530111,8.844181060791016,-8.346187591552734,7.814674377441406,-2.456900119781494,-0.47280970215797424,-0.7122688889503479,2025-07-01 17:33:06.554,1751371386554,-7337,-3649,-399,377,586,595
322,2025-07-01 17:33:06.999,2025-07-01 17:33:06.729904,4.496310710906982,-6.897695064544678,4.422090530395508,0.1869247704744339,0.04642575979232788,-0.13805554807186127,2025-07-01 17:33:06.753,1751371386753,-7332,-3267,-812,-87,-36,-58
323,2025-07-01 17:33:07.108,2025-07-01 17:33:06.830143,4.671087741851807,-6.852205276489258,5.070919036865234,-0.18936823308467865,0.0708603709936142,0.07452555745840073,2025-07-01 17:33:06.818,1751371386818,-7369,-3208,-678,43,567,116
324,2025-07-01 17:33:07.209,2025-07-01 17:33:06.929504,4.819528102874756,-6.888118267059326,5.286397457122803,0.1563815027475357,-0.04886921867728233,-0.0757472887635231,2025-07-01 17:33:06.936,1751371386936,-7760,-3212,-1057,-158,291,-258
325,2025-07-01 17:33:07.307,2025-07-01 17:33:07.029950,4.857835292816162,-6.873753070831299,5.130774021148682,-0.036651913076639175,0.01710422709584236,-0.0024434609804302454,2025-07-01 17:33:07.004,1751371387004,-7399,-3307,-671,-321,-273,-130
326,2025-07-01 17:33:07.795,2025-07-01 17:33:07.429477,-1.0414776802062988,-7.68538761138916,3.3662476539611816,-0.7195992469787598,0.9737191796302795,4.166100978851318,2025-07-01 17:33:07.390,1751371387390,-7456,-3524,-672,-236,349,-125
327,2025-07-01 17:33:07.895,2025-07-01 17:33:07.529792,-4.716577529907227,-3.550601005554199,3.4955344200134277,1.3964380025863647,0.50335294008255,3.3573153018951416,2025-07-01 17:33:07.551,1751371387551,-7307,-3057,-930,-339,706,971
328,2025-07-01 17:33:07.993,2025-07-01 17:33:07.730020,-6.387730121612549,0.7469909191131592,4.240131378173828,1.4489723443984985,0.3701843321323395,1.1313223838806152,2025-07-01 17:33:07.734,1751371387734,-7578,-2671,-1418,-410,1615,2271
329,2025-07-01 17:33:08.515,2025-07-01 17:33:08.229951,-6.971915245056152,1.558625340461731,4.060565948486328,-1.1203268766403198,-0.019547687843441963,-0.8087855577468872,2025-07-01 17:33:08.270,1751371388270,-7418,-2860,-1497,791,378,-1088
330,2025-07-01 17:33:08.798,2025-07-01 17:33:08.529972,-6.528987884521484,-4.999093055725098,7.017405033111572,-0.00366519158706069,-0.6951646208763123,-1.3866641521453857,2025-07-01 17:33:08.554,1751371388554,-7473,-3017,-1645,608,167,-1586
331,2025-07-01 17:33:08.895,2025-07-01 17:33:08.630622,-6.064512729644775,-5.762843608856201,6.830657482147217,0.06352998316287994,-0.20525072515010834,-1.187522053718567,2025-07-01 17:33:08.622,1751371388622,-7051,-3303,-1666,528,1132,-1293
332,2025-07-01 17:33:09.193,2025-07-01 17:33:08.930343,-5.188235282897949,-6.1530985832214355,5.793968200683594,-0.02932153269648552,0.14049901068210602,-0.21135938167572021,2025-07-01 17:33:08.897,1751371388897,-7272,-3646,-1688,238,1093,-900
333,2025-07-01 17:33:09.591,2025-07-01 17:33:09.330732,-4.608838081359863,-5.985504150390625,6.090848922729492,-0.024434609338641167,-0.07819075137376785,-0.07819075137376785,2025-07-01 17:33:09.349,1751371389349,-7736,-2298,-1579,-4793,-2106,-4937
334,2025-07-01 17:33:09.698,2025-07-01 17:33:09.430040,-4.728548526763916,-6.251260757446289,6.143521785736084,-0.11728613078594208,-0.045204028487205505,-0.06352998316287994,2025-07-01 17:33:09.453,1751371389453,-7500,-4252,-580,-5685,-8959,-6464
335,2025-07-01 17:33:09.897,2025-07-01 17:33:09.630005,-4.4723687171936035,-6.078877925872803,6.1770405769348145,-0.028099801391363144,0.00366519158706069,-0.0403171069920063,2025-07-01 17:33:09.625,1751371389625,-7793,-3338,69,-2755,1237,2233
336,2025-07-01 17:33:10.104,2025-07-01 17:33:09.831183,-4.422090530395508,-6.294356346130371,5.894524574279785,-0.1258382350206375,0.042760565876960754,-0.1771509200334549,2025-07-01 17:33:09.799,1751371389799,-7297,-3394,-274,2218,541,-2735
337,2025-07-01 17:33:10.292,2025-07-01 17:33:10.031489,-5.940014362335205,-6.555324077606201,6.892906665802002,0.1966986060142517,0.19058994948863983,-0.17104226350784302,2025-07-01 17:33:10.069,1751371390069,-7415,-3563,106,597,-595,-574
338,2025-07-01 17:33:10.592,2025-07-01 17:33:10.331011,-3.442862033843994,-6.430825710296631,5.30076265335083,0.24068090319633484,-0.24190263450145721,-0.46792277693748474,2025-07-01 17:33:10.337,1751371390337,-7350,-3865,-117,523,-418,-587
339,2025-07-01 17:33:10.695,2025-07-01 17:33:10.430981,-2.118868589401245,-6.540958881378174,6.244078159332275,0.17959438264369965,-0.4178318381309509,-0.6805039048194885,2025-07-01 17:33:10.421,1751371390421,-7304,-3751,891,618,-1108,-654
340,2025-07-01 17:33:10.792,2025-07-01 17:33:10.529615,-2.427720546722412,-6.900089263916016,6.94079065322876,0.15515977144241333,-0.2125810980796814,-0.3787364661693573,2025-07-01 17:33:10.509,1751371390509,-7058,-4146,1369,384,-932,-747
341,2025-07-01 17:33:10.891,2025-07-01 17:33:10.630,-2.96162748336792,-7.33583402633667,6.854599475860596,0.08307767659425735,0.01710422709584236,-0.28588494658470154,2025-07-01 17:33:10.625,1751371390625,-6814,-4307,1391,-250,-426,-1120
342,2025-07-01 17:33:11.200,2025-07-01 17:33:10.932181,-2.7006595134735107,-7.283161640167236,6.528987884521484,-0.045204028487205505,-0.04398229718208313,0.2028072625398636,2025-07-01 17:33:10.966,1751371390966,-7002,-4735,1181,-119,358,-217
343,2025-07-01 17:33:11.301,2025-07-01 17:33:11.031390,-2.8371291160583496,-7.996633529663086,6.856993675231934,-0.23090706765651703,0.2480112910270691,0.6768386960029602,2025-07-01 17:33:11.058,1751371391058,-6953,-4978,922,-632,-65,-320
344,2025-07-01 17:33:11.399,2025-07-01 17:33:11.130255,-3.6128504276275635,-7.062894821166992,5.839457988739014,-0.6817256212234497,0.02321287989616394,1.1129964590072632,2025-07-01 17:33:11.156,1751371391156,-7029,-4902,1002,-240,20,-108
345,2025-07-01 17:33:11.502,2025-07-01 17:33:11.230189,-4.563348293304443,-6.016628742218018,5.185841083526611,-0.979827880859375,-0.3897320330142975,1.2302825450897217,2025-07-01 17:33:11.239,1751371391239,-6973,-4596,935,-508,166,-101
346,2025-07-01 17:33:11.609,2025-07-01 17:33:11.330463,-5.801150798797607,-5.961562156677246,4.525041103363037,-1.205847978591919,-0.5119050741195679,1.0543533563613892,2025-07-01 17:33:11.339,1751371391339,-6984,-4898,735,-491,826,-288
347,2025-07-01 17:33:11.706,2025-07-01 17:33:11.431035,-6.162675380706787,-6.497863292694092,5.2911858558654785,-1.0311405658721924,-0.513126790523529,1.0250319242477417,2025-07-01 17:33:11.422,1751371391422,-7007,-4861,842,-486,477,-123
348,2025-07-01 17:33:11.892,2025-07-01 17:33:11.630347,-6.756437301635742,-5.485116004943848,3.9193081855773926,-0.22602014243602753,-0.43737950921058655,0.7770205736160278,2025-07-01 17:33:11.590,1751371391590,-6830,-4868,390,-1127,370,299
349,2025-07-01 17:33:12.098,2025-07-01 17:33:11.830954,-7.527369976043701,-4.4508209228515625,4.513070106506348,-0.13072516024112701,-0.2626720666885376,0.9847147464752197,2025-07-01 17:33:11.870,1751371391870,-7203,-4713,-14,-525,257,-171
350,2025-07-01 17:33:12.198,2025-07-01 17:33:11.929962,-7.252037048339844,-4.381389141082764,4.517858505249023,0.10751228034496307,-0.3274237811565399,0.7562511563301086,2025-07-01 17:33:11.950,1751371391950,-6863,-4544,278,-565,1,-151
351,2025-07-01 17:33:12.298,2025-07-01 17:33:12.029899,-7.19936466217041,-3.9240965843200684,4.699818134307861,0.05619960278272629,-0.3176499307155609,0.47280970215797424,2025-07-01 17:33:12.054,1751371392054,-6829,-4557,146,-339,-298,94
352,2025-07-01 17:33:12.493,2025-07-01 17:33:12.229882,-7.158663272857666,-3.6846764087677,5.281609058380127,0.17592918872833252,-0.1966986060142517,0.11972958594560623,2025-07-01 17:33:12.248,1751371392248,-6870,-4631,296,-198,-267,294
353,2025-07-01 17:33:12.601,2025-07-01 17:33:12.329821,-7.706935405731201,-3.1052796840667725,5.468356609344482,0.21502456068992615,-0.0757472887635231,0.019547687843441963,2025-07-01 17:33:12.320,1751371392320,-6854,-4650,281,-520,-266,-7
354,2025-07-01 17:33:12.706,2025-07-01 17:33:12.429989,-7.534552574157715,-2.8443117141723633,5.676652431488037,0.3530801236629486,-0.04886921867728233,0.0,2025-07-01 17:33:12.398,1751371392398,-6883,-4679,290,-256,25,-24
355,2025-07-01 17:33:12.818,2025-07-01 17:33:12.529895,-7.532158374786377,-2.9089550971984863,5.710171222686768,0.4337143301963806,-0.004886921960860491,-0.004886921960860491,2025-07-01 17:33:12.499,1751371392499,-7184,-4630,-22,13,-97,344
356,2025-07-01 17:33:13.000,2025-07-01 17:33:12.730037,-7.6566572189331055,-2.161964178085327,5.839457988739014,0.26022860407829285,0.01466076634824276,0.04642575979232788,2025-07-01 17:33:12.705,1751371392705,-7239,-4349,265,-4,-24,-100
357,2025-07-01 17:33:13.203,2025-07-01 17:33:12.932150,-7.802703380584717,-1.8291701078414917,5.872976779937744,0.21380282938480377,0.06230825558304787,0.036651913076639175,2025-07-01 17:33:12.941,1751371392941,-7200,-4622,215,283,-41,-372
358,2025-07-01 17:33:13.294,2025-07-01 17:33:13.032217,-7.374141216278076,-1.723825216293335,5.789179801940918,0.18448130786418915,0.0024434609804302454,0.051312681287527084,2025-07-01 17:33:13.066,1751371393066,-6909,-4616,150,305,-86,-183
359,2025-07-01 17:33:13.403,2025-07-01 17:33:13.130433,-7.580042362213135,-1.53707754611969,5.932831764221191,0.06475171446800232,-0.03176499158143997,0.05497787147760391,2025-07-01 17:33:13.120,1751371393120,-6911,-4644,380,-79,-87,-209
360,2025-07-01 17:33:13.497,2025-07-01 17:33:13.230269,-7.570465564727783,-1.4844050407409668,5.8203043937683105,0.12339477986097336,-0.012217304669320583,0.06963863968849182,2025-07-01 17:33:13.239,1751371393239,-6874,-4641,543,168,-268,-307
361,2025-07-01 17:33:13.601,2025-07-01 17:33:13.230269,-7.570465564727783,-1.4844050407409668,5.8203043937683105,0.12339477986097336,-0.012217304669320583,0.06963863968849182,2025-07-01 17:33:13.239,1751371393239,-6874,-4641,543,168,-268,-307
362,2025-07-01 17:33:13.798,2025-07-01 17:33:13.530287,-7.465120792388916,-1.41257905960083,5.935225963592529,-0.0012217304902151227,-0.013439035043120384,-0.028099801391363144,2025-07-01 17:33:13.501,1751371393501,-6879,-4724,598,-264,87,-304
363,2025-07-01 17:33:13.895,2025-07-01 17:33:13.630680,-7.620744228363037,-1.6136919260025024,5.882553577423096,-0.08674286305904388,0.010995574295520782,-0.045204028487205505,2025-07-01 17:33:13.605,1751371393605,-6850,-4721,589,-289,50,39
364,2025-07-01 17:33:14.092,2025-07-01 17:33:13.830193,-7.613561630249023,-1.9991583824157715,5.904101371765137,-0.3591887652873993,-0.015882495790719986,-0.20891591906547546,2025-07-01 17:33:13.807,1751371393807,-6865,-4500,598,-330,63,73
365,2025-07-01 17:33:14.291,2025-07-01 17:33:14.029713,-7.572859764099121,-2.782062292098999,6.045359134674072,-0.46303585171699524,-0.05619960278272629,-0.09896016865968704,2025-07-01 17:33:14.032,1751371394032,-6817,-4583,535,-74,534,-282
366,2025-07-01 17:33:14.392,2025-07-01 17:33:14.129966,-7.453149795532227,-3.2154128551483154,5.784391403198242,-0.37629300355911255,-0.0012217304902151227,-0.05253441259264946,2025-07-01 17:33:14.113,1751371394113,-6805,-4541,243,-74,252,-64
367,2025-07-01 17:33:14.608,2025-07-01 17:33:14.330064,-6.828263282775879,-2.6815059185028076,5.094861030578613,-0.02687807008624077,0.4434881806373596,-0.66584312915802,2025-07-01 17:33:14.290,1751371394290,-6853,-4682,165,-328,-65,114
368,2025-07-01 17:33:14.691,2025-07-01 17:33:14.430810,-6.890512466430664,-3.5194764137268066,5.018246650695801,0.20036379992961884,0.7586946487426758,-1.2559388875961304,2025-07-01 17:33:14.391,1751371394391,-6883,-4672,192,-161,17,19
369,2025-07-01 17:33:14.794,2025-07-01 17:33:14.530519,-7.026981830596924,-4.8267107009887695,4.764461517333984,0.41661009192466736,0.8002334833145142,-1.607797384262085,2025-07-01 17:33:14.571,1751371394571,-7023,-4542,360,-420,-361,-417
370,2025-07-01 17:33:14.891,2025-07-01 17:33:14.630086,-6.404489517211914,-5.975927352905273,4.683058738708496,0.4691445231437683,0.5876523852348328,-1.7055357694625854,2025-07-01 17:33:14.659,1751371394659,-6942,-4959,335,-459,-227,-744
371,2025-07-01 17:33:14.991,2025-07-01 17:33:14.729575,-4.730942726135254,-7.443572998046875,4.165910720825195,0.2822197377681732,0.394618958234787,-1.5112806558609009,2025-07-01 17:33:14.767,1751371394767,-6784,-4846,357,-405,-165,-708
372,2025-07-01 17:33:15.094,2025-07-01 17:33:14.829824,-4.299986362457275,-7.7763671875,4.278438568115234,0.6768386960029602,0.3286454975605011,-1.5027284622192383,2025-07-01 17:33:14.840,1751371394840,-6699,-5177,353,-216,-88,-894
373,2025-07-01 17:33:15.192,2025-07-01 17:33:14.929252,-3.7708675861358643,-8.559270858764648,5.190629482269287,0.13927727937698364,0.14416420459747314,-1.2693779468536377,2025-07-01 17:33:14.952,1751371394952,-6682,-5047,304,-242,-6,-502
374,2025-07-01 17:33:15.491,2025-07-01 17:33:15.230151,-2.387019157409668,-7.931990146636963,5.66228723526001,0.05497787147760391,-0.0354301854968071,-0.1722639948129654,2025-07-01 17:33:15.191,1751371395191,-6312,-5098,281,-262,14,78
375,2025-07-01 17:33:15.592,2025-07-01 17:33:15.330142,-2.121262788772583,-7.422025203704834,5.959167957305908,0.13805554807186127,-0.0354301854968071,-0.1820378452539444,2025-07-01 17:33:15.291,1751371395291,-6306,-5082,286,-315,84,-113
376,2025-07-01 17:33:15.791,2025-07-01 17:33:15.530556,-1.9345149993896484,-7.8745293617248535,5.9519853591918945,0.17837265133857727,0.059864792972803116,-0.11728613078594208,2025-07-01 17:33:15.549,1751371395549,-6706,-5007,-1,7,-262,120
377,2025-07-01 17:33:15.891,2025-07-01 17:33:15.630231,-1.4748282432556152,-7.659051418304443,6.088454723358154,0.5900958180427551,0.11484266817569733,0.039095375686883926,2025-07-01 17:33:15.642,1751371395642,-6691,-5247,258,106,97,22
378,2025-07-01 17:33:16.011,2025-07-01 17:33:15.729914,-0.5985504388809204,-6.282385349273682,5.353435039520264,1.5613715648651123,0.4251621961593628,0.5167919993400574,2025-07-01 17:33:15.737,1751371395737,-6719,-5026,289,89,-36,110
379,2025-07-01 17:33:16.091,2025-07-01 17:33:15.829479,-2.868253707885742,-6.184223175048828,5.094861030578613,0.32131510972976685,-0.24923302233219147,0.7831292152404785,2025-07-01 17:33:15.825,1751371395825,-6689,-5204,297,-304,-522,304
380,2025-07-01 17:33:16.604,2025-07-01 17:33:16.329942,6.299144744873047,-6.873753070831299,8.015787124633789,-0.2321287989616394,-0.646295428276062,-1.4819591045379639,2025-07-01 17:33:16.289,1751371396289,-6393,-5064,332,119,-170,-281
381,2025-07-01 17:33:16.702,2025-07-01 17:33:16.430080,3.9600095748901367,-8.508993148803711,1.577778935432434,0.7110471725463867,-0.3384193480014801,0.1820378452539444,2025-07-01 17:33:16.463,1751371396463,-6611,-4774,-18,-160,142,185
382,2025-07-01 17:33:16.798,2025-07-01 17:33:16.531358,4.2329487800598145,-7.91283655166626,3.976768970489502,0.5607742667198181,-0.059864792972803116,-0.3591887652873993,2025-07-01 17:33:16.540,1751371396540,-6589,-4804,-104,-115,505,-329
383,2025-07-01 17:33:16.901,2025-07-01 17:33:16.630906,4.649539470672607,-7.790732383728027,3.6727054119110107,-0.31154128909111023,-0.024434609338641167,-0.1014036312699318,2025-07-01 17:33:16.643,1751371396643,-6782,-4748,-321,-628,580,-249
384,2025-07-01 17:33:17.205,2025-07-01 17:33:16.929989,4.699818134307861,-7.886500358581543,3.6990416049957275,0.01710422709584236,0.00733038317412138,-0.07696902006864548,2025-07-01 17:33:16.918,1751371396918,-6733,-5183,91,369,-61,-68
385,2025-07-01 17:33:17.504,2025-07-01 17:33:17.230039,4.977545261383057,-7.891288757324219,3.5865142345428467,-0.09040805697441101,0.018325956538319588,-0.042760565876960754,2025-07-01 17:33:17.268,1751371397268,-6758,-5246,99,211,192,-459
386,2025-07-01 17:33:17.700,2025-07-01 17:33:17.430070,4.886565685272217,-7.769184589385986,3.5960910320281982,0.021991148591041565,0.0,-0.018325956538319588,2025-07-01 17:33:17.446,1751371397446,-6354,-5071,-126,119,25,-387
387,2025-07-01 17:33:17.800,2025-07-01 17:33:17.529850,4.90571928024292,-7.841010570526123,3.641580820083618,-0.00366519158706069,0.010995574295520782,-0.009773843921720982,2025-07-01 17:33:17.542,1751371397542,-6361,-5396,-103,-299,19,-134
388,2025-07-01 17:33:17.899,2025-07-01 17:33:17.630589,4.829104900360107,-7.769184589385986,3.624821424484253,0.0,0.02076941914856434,0.0,2025-07-01 17:33:17.643,1751371397643,-6273,-5437,-59,-106,-337,-379
389,2025-07-01 17:33:18.397,2025-07-01 17:33:18.130116,4.821922302246094,-7.920019149780273,3.643975019454956,-0.08674286305904388,0.010995574295520782,0.012217304669320583,2025-07-01 17:33:18.162,1751371398162,-6504,-5329,527,-93,-56,-106
390,2025-07-01 17:33:18.595,2025-07-01 17:33:18.329997,4.642356872558594,-7.953537940979004,3.6774938106536865,0.021991148591041565,0.0024434609804302454,0.00366519158706069,2025-07-01 17:33:18.350,1751371398350,-6504,-5251,566,379,266,283
391,2025-07-01 17:33:18.812,2025-07-01 17:33:18.530328,4.841075897216797,-7.8960771560668945,3.667917013168335,-0.08429940044879913,0.05009094998240471,0.2076941877603531,2025-07-01 17:33:18.530,1751371398530,-6304,-5379,558,305,183,204
392,2025-07-01 17:33:18.905,2025-07-01 17:33:18.630672,4.577713489532471,-8.482656478881836,3.976768970489502,0.3335324227809906,0.025656340643763542,0.2064724564552307,2025-07-01 17:33:18.637,1751371398637,-6661,-5028,519,116,355,-107
393,2025-07-01 17:33:19.011,2025-07-01 17:33:18.729809,5.8657941818237305,-9.030928611755371,5.810727596282959,1.2681562900543213,0.7257078886032104,-0.16982053220272064,2025-07-01 17:33:18.714,1751371398714,-6362,-5383,535,-565,-265,65
394,2025-07-01 17:33:19.295,2025-07-01 17:33:19.030016,-3.974374771118164,-7.450755596160889,2.9017724990844727,0.9101892113685608,0.06475171446800232,4.192978858947754,2025-07-01 17:33:19.061,1751371399061,-6708,-5387,366,-452,-89,810
395,2025-07-01 17:33:19.395,2025-07-01 17:33:19.130960,-6.236895561218262,-2.87064790725708,2.5761611461639404,0.5693264007568359,-0.2223549485206604,3.1899383068084717,2025-07-01 17:33:19.168,1751371399168,-7015,-4763,297,-169,29,1633
396,2025-07-01 17:33:19.496,2025-07-01 17:33:19.230851,-6.1530985832214355,-0.4596867263317108,3.308786630630493,2.233323335647583,-0.015882495790719986,1.860695481300354,2025-07-01 17:33:19.248,1751371399248,-6785,-4734,336,77,459,2387
397,2025-07-01 17:33:19.591,2025-07-01 17:33:19.330103,-6.67982292175293,1.6543933153152466,4.850652694702148,1.0983357429504395,0.23945917189121246,0.8332201838493347,2025-07-01 17:33:19.328,1751371399328,-7130,-4215,273,254,1309,2654
398,2025-07-01 17:33:19.692,2025-07-01 17:33:19.429844,-8.753201484680176,0.8810662031173706,4.6255974769592285,0.1368338167667389,0.38728857040405273,-0.08307767659425735,2025-07-01 17:33:19.430,1751371399430,-7421,-3694,92,203,811,1009
399,2025-07-01 17:33:19.791,2025-07-01 17:33:19.529799,-9.150638580322266,1.2401964664459229,4.54419469833374,0.2272418737411499,0.07330382615327835,0.07452555745840073,2025-07-01 17:33:19.506,1751371399506,-7697,-3619,45,170,393,1058
400,2025-07-01 17:33:19.893,2025-07-01 17:33:19.635248,-8.341399192810059,-0.2298433631658554,4.903325080871582,0.13561208546161652,0.251676470041275,-0.045204028487205505,2025-07-01 17:33:19.620,1751371399620,-7333,-3862,44,234,330,105
401,2025-07-01 17:33:20.192,2025-07-01 17:33:19.929852,-8.83939266204834,1.8076223134994507,3.0526070594787598,0.1918116807937622,0.16249015927314758,-0.3237585723400116,2025-07-01 17:33:19.961,1751371399961,-7488,-3930,-262,-283,-369,-793
402,2025-07-01 17:33:20.293,2025-07-01 17:33:20.030299,-7.733271598815918,2.049436569213867,3.026270866394043,0.22357667982578278,-0.02932153269648552,-1.5796974897384644,2025-07-01 17:33:20.062,1751371400062,-7055,-4132,-55,117,-326,-682
403,2025-07-01 17:33:20.403,2025-07-01 17:33:20.129828,-6.210559368133545,-2.161964178085327,2.31758713722229,-0.38728857040405273,-0.998153805732727,-3.21559476852417,2025-07-01 17:33:20.146,1751371400146,-7059,-4231,-33,-1081,-1252,-1691
404,2025-07-01 17:33:20.492,2025-07-01 17:33:20.230492,-5.319916248321533,-5.669469833374023,4.4723687171936035,-0.7574729323387146,-1.4367550611495972,-3.8252382278442383,2025-07-01 17:33:20.244,1751371400244,-6953,-4872,160,-658,-919,-1825
405,2025-07-01 17:33:20.614,2025-07-01 17:33:20.330117,-4.235342979431152,-8.221688270568848,5.6455278396606445,-0.41172316670417786,-1.7018705606460571,-3.032335042953491,2025-07-01 17:33:20.331,1751371400331,-6708,-4806,140,-887,-789,-1567
406,2025-07-01 17:33:20.691,2025-07-01 17:33:20.430417,-1.0438719987869263,-9.452308654785156,8.02536392211914,0.07208210229873657,-1.7482963800430298,-1.7898352146148682,2025-07-01 17:33:20.431,1751371400431,-6699,-5037,358,-735,-181,-1597
407,2025-07-01 17:33:20.791,2025-07-01 17:33:20.530677,1.6831238269805908,-9.277531623840332,7.062894821166992,-0.27977627515792847,-1.3072515726089478,-0.8381071090698242,2025-07-01 17:33:20.496,1751371400496,-6704,-5075,363,-735,-180,-1569
408,2025-07-01 17:33:21.191,2025-07-01 17:33:20.929950,4.098873138427734,-7.1921820640563965,5.647922039031982,0.2919935882091522,-0.04153883829712868,-0.14049901068210602,2025-07-01 17:33:20.955,1751371400955,-6233,-5752,223,198,290,-7
409,2025-07-01 17:33:21.291,2025-07-01 17:33:21.030213,4.0749311447143555,-6.943184852600098,6.098031520843506,0.018325956538319588,0.02687807008624077,0.03420845419168472,2025-07-01 17:33:21.051,1751371401051,-6079,-5736,181,-259,-52,-26
410,2025-07-01 17:33:21.391,2025-07-01 17:33:21.131946,4.441244125366211,-8.169015884399414,5.825092792510986,-0.7305948138237,0.3066543638706207,0.18570303916931152,2025-07-01 17:33:21.152,1751371401152,-6045,-5753,243,-249,96,352
411,2025-07-01 17:33:21.491,2025-07-01 17:33:21.231171,3.7684733867645264,-7.16584587097168,8.188169479370117,0.49724429845809937,1.5051720142364502,0.50335294008255,2025-07-01 17:33:21.242,1751371401242,-6245,-5670,589,-276,-23,70
412,2025-07-01 17:33:21.591,2025-07-01 17:33:21.334815,1.2976573705673218,-6.325480937957764,5.801150798797607,0.04642575979232788,1.4440854787826538,0.24068090319633484,2025-07-01 17:33:21.328,1751371401328,-5886,-5685,251,-422,-102,-536
413,2025-07-01 17:33:21.693,2025-07-01 17:33:21.430228,0.31842881441116333,-9.035717010498047,6.021417140960693,-0.0757472887635231,1.1997393369674683,0.5265658497810364,2025-07-01 17:33:21.431,1751371401431,-6268,-5929,365,-1364,137,104
414,2025-07-01 17:33:21.791,2025-07-01 17:33:21.535315,-1.920149803161621,-8.951920509338379,5.791574001312256,-0.8417723178863525,1.5833626985549927,1.1227703094482422,2025-07-01 17:33:21.530,1751371401530,-6231,-5572,-119,-381,210,-95
415,2025-07-01 17:33:22.098,2025-07-01 17:33:21.832346,-3.7469255924224854,-6.1770405769348145,5.801150798797607,0.675616979598999,0.13316862285137177,-0.34086281061172485,2025-07-01 17:33:21.852,1751371401852,-6441,-5494,66,372,-11,330
416,2025-07-01 17:33:22.191,2025-07-01 17:33:21.929922,-3.512293815612793,-6.258443355560303,6.586448669433594,0.4190535545349121,-0.18570303916931152,-0.4813618063926697,2025-07-01 17:33:21.955,1751371401955,-6142,-5290,33,76,13,-383
417,2025-07-01 17:33:22.400,2025-07-01 17:33:22.129888,-2.580949544906616,-6.653486728668213,7.103596210479736,0.0024434609804302454,0.00855211354792118,-0.2822197377681732,2025-07-01 17:33:22.133,1751371402133,-6132,-5369,-127,-118,25,86
418,2025-07-01 17:33:22.506,2025-07-01 17:33:22.229240,-3.557783842086792,-5.901707172393799,7.096413612365723,0.12095131725072861,-0.05497787147760391,-0.12828169763088226,2025-07-01 17:33:22.230,1751371402230,-6408,-5504,123,38,-269,-53
419,2025-07-01 17:33:22.605,2025-07-01 17:33:22.331109,-2.3918075561523438,-5.475539207458496,6.845022678375244,0.0708603709936142,-0.08552113175392151,0.04642575979232788,2025-07-01 17:33:22.302,1751371402302,-6466,-5263,97,-375,47,341
420,2025-07-01 17:33:22.901,2025-07-01 17:33:22.634051,-1.9776105880737305,-6.342240333557129,4.553771495819092,-0.39706242084503174,-0.11850785464048386,0.25534167885780334,2025-07-01 17:33:22.657,1751371402657,-6509,-5386,-105,-232,-372,-295
421,2025-07-01 17:33:22.999,2025-07-01 17:33:22.634051,-1.9776105880737305,-6.342240333557129,4.553771495819092,-0.39706242084503174,-0.11850785464048386,0.25534167885780334,2025-07-01 17:33:22.657,1751371402657,-6509,-5386,-105,-232,-372,-295
422,2025-07-01 17:33:23.301,2025-07-01 17:33:23.031256,0.0694318488240242,-6.840234279632568,8.863334655761719,-0.6951646208763123,-1.8264870643615723,-0.6108652353286743,2025-07-01 17:33:23.016,1751371403016,-6273,-5271,-29,57,-319,60
423,2025-07-01 17:33:23.408,2025-07-01 17:33:23.136363,0.7350199222564697,-7.702147006988525,7.872135162353516,-0.9969320893287659,-0.9248499870300293,-0.5510004758834839,2025-07-01 17:33:23.120,1751371403120,-6349,-5427,-51,648,157,75
424,2025-07-01 17:33:23.803,2025-07-01 17:33:23.531189,4.666299343109131,-6.402095317840576,5.980715751647949,0.2480112910270691,-0.05864306539297104,-0.059864792972803116,2025-07-01 17:33:23.566,1751371403566,-6085,-5437,872,775,-289,196
425,2025-07-01 17:33:23.892,2025-07-01 17:33:23.632282,4.776432514190674,-5.683835029602051,6.509834289550781,0.16004669666290283,-0.02076941914856434,-0.10384709388017654,2025-07-01 17:33:23.666,1751371403666,-6702,-5027,812,55,572,-107
426,2025-07-01 17:33:23.993,2025-07-01 17:33:23.732321,4.5394062995910645,-5.995080947875977,6.2847795486450195,-0.13316862285137177,0.06719517707824707,0.036651913076639175,2025-07-01 17:33:23.745,1751371403745,-6400,-5034,799,14,240,-121
427,2025-07-01 17:33:24.096,2025-07-01 17:33:23.831493,4.508281707763672,-5.770026206970215,6.490680694580078,0.03176499158143997,-0.03298672288656235,-0.04764748737215996,2025-07-01 17:33:23.866,1751371403866,-6735,-5381,551,-365,-249,-805
428,2025-07-01 17:33:24.200,2025-07-01 17:33:23.932874,4.51067590713501,-5.9735331535339355,6.48828649520874,-0.02932153269648552,0.019547687843441963,-0.004886921960860491,2025-07-01 17:33:23.917,1751371403917,-6716,-5492,601,-531,-431,-389
429,2025-07-01 17:33:24.416,2025-07-01 17:33:24.133292,4.568136692047119,-5.870582580566406,6.433219909667969,0.08185594528913498,0.06719517707824707,0.01710422709584236,2025-07-01 17:33:24.116,1751371404116,-6479,-5265,422,-247,-873,-315
430,2025-07-01 17:33:24.700,2025-07-01 17:33:24.432420,4.809951305389404,-6.050147533416748,7.175422668457031,0.27488934993743896,0.2590068578720093,0.25534167885780334,2025-07-01 17:33:24.462,1751371404462,-6287,-5260,341,-788,325,-295
431,2025-07-01 17:33:24.799,2025-07-01 17:33:24.531919,5.774814605712891,-9.035717010498047,8.951920509338379,-0.3445279896259308,1.5467108488082886,0.9651671051979065,2025-07-01 17:33:24.557,1751371404557,-6130,-5687,270,4,-349,-420
432,2025-07-01 17:33:24.891,2025-07-01 17:33:24.634400,0.272938996553421,-8.480262756347656,8.4108304977417,0.3274237811565399,2.012190103530884,2.850297212600708,2025-07-01 17:33:24.643,1751371404643,-6083,-5721,297,65,-374,-428
433,2025-07-01 17:33:24.992,2025-07-01 17:33:24.732684,-2.564189910888672,-6.033388137817383,5.535394191741943,0.15271630883216858,1.7641788721084595,3.3622024059295654,2025-07-01 17:33:24.735,1751371404735,-6009,-5957,374,303,-300,-688
434,2025-07-01 17:33:25.092,2025-07-01 17:33:24.835092,-8.549694061279297,-4.5154643058776855,5.880159378051758,1.0323622226715088,1.2119566202163696,3.2229249477386475,2025-07-01 17:33:24.814,1751371404814,-5824,-6001,342,326,40,-760
435,2025-07-01 17:33:25.207,2025-07-01 17:33:24.936134,-4.7836151123046875,-1.7908629179000854,3.4979286193847656,0.6316346526145935,0.5876523852348328,3.0689868927001953,2025-07-01 17:33:24.920,1751371404920,-6234,-5893,145,436,490,1149
436,2025-07-01 17:33:25.296,2025-07-01 17:33:25.036539,-4.532223701477051,2.2840683460235596,3.1052796840667725,1.2754865884780884,0.48869219422340393,1.4123204946517944,2025-07-01 17:33:25.043,1751371405043,-6626,-5102,-27,-40,1065,2144
437,2025-07-01 17:33:25.403,2025-07-01 17:33:25.133343,-7.714118003845215,1.1755530834197998,5.140350818634033,-0.7330383062362671,0.4960225820541382,0.26511552929878235,2025-07-01 17:33:25.115,1751371405115,-7001,-4270,217,-123,-226,1904
438,2025-07-01 17:33:25.691,2025-07-01 17:33:25.435053,-8.339004516601562,0.5099649429321289,4.314351558685303,-0.5681046843528748,0.08918632566928864,-0.3323107063770294,2025-07-01 17:33:25.402,1751371405402,-7237,-4015,-92,-433,646,2134
439,2025-07-01 17:33:25.794,2025-07-01 17:33:25.529355,-8.348581314086914,-0.06703764945268631,5.583278179168701,-1.1423180103302002,0.33719760179519653,-0.2968805134296417,2025-07-01 17:33:25.549,1751371405549,-7790,-3621,-447,700,407,-400
440,2025-07-01 17:33:25.891,2025-07-01 17:33:25.529355,-8.348581314086914,-0.06703764945268631,5.583278179168701,-1.1423180103302002,0.33719760179519653,-0.2968805134296417,2025-07-01 17:33:25.549,1751371405549,-7790,-3621,-447,700,407,-400
441,2025-07-01 17:33:26.091,2025-07-01 17:33:25.831940,-8.87291145324707,-0.6105214357376099,3.287238836288452,0.4056145250797272,-0.6426302194595337,0.04642575979232788,2025-07-01 17:33:25.852,1751371405852,-7488,-3697,-479,86,286,404
442,2025-07-01 17:33:26.191,2025-07-01 17:33:25.934594,-10.113107681274414,2.715024709701538,5.990292549133301,0.16982053220272064,0.6438519954681396,-0.9492846131324768,2025-07-01 17:33:25.894,1751371405894,-7183,-3899,-357,-174,-54,601
443,2025-07-01 17:33:26.491,2025-07-01 17:33:26.233854,-9.871294021606445,-0.42616790533065796,3.9264907836914062,0.7855727076530457,-0.9590584635734558,0.2321287989616394,2025-07-01 17:33:26.194,1751371406194,-7321,-3713,-807,342,436,581
444,2025-07-01 17:33:26.792,2025-07-01 17:33:26.529655,-8.01339340209961,1.2976573705673218,2.296039342880249,-0.2871066629886627,-1.0445796251296997,0.33108896017074585,2025-07-01 17:33:26.489,1751371406489,-7112,-3916,-777,21,-407,-187
445,2025-07-01 17:33:26.904,2025-07-01 17:33:26.635746,-7.82185697555542,0.3902548849582672,3.883395195007324,1.8411478996276855,-1.6920967102050781,-0.21502456068992615,2025-07-01 17:33:26.621,1751371406621,-7458,-4193,-511,105,11,-591
446,2025-07-01 17:33:26.991,2025-07-01 17:33:26.730842,-4.106055736541748,1.9823989868164062,6.540958881378174,-1.7299703359603882,-1.578475832939148,-2.2284364700317383,2025-07-01 17:33:26.718,1751371406718,-7097,-4159,-427,77,230,351
447,2025-07-01 17:33:27.201,2025-07-01 17:33:26.939443,-2.0661959648132324,-11.025299072265625,7.141903877258301,0.12950342893600464,-1.6872098445892334,-3.9193115234375,2025-07-01 17:33:26.904,1751371406904,-7067,-4021,-772,-1039,-923,-2090
448,2025-07-01 17:33:27.399,2025-07-01 17:33:27.136158,3.552995204925537,-7.544129371643066,8.336610794067383,-0.28099802136421204,-0.675616979598999,-0.6316346526145935,2025-07-01 17:33:27.173,1751371407173,-6018,-5559,-59,212,-444,-1573
449,2025-07-01 17:33:27.606,2025-07-01 17:33:27.330831,3.5913026332855225,-8.767566680908203,7.228095054626465,-0.2528982162475586,0.40683624148368835,0.17592918872833252,2025-07-01 17:33:27.355,1751371407355,-6269,-5474,356,61,495,887
450,2025-07-01 17:33:27.715,2025-07-01 17:33:27.429553,1.4508862495422363,-11.3269681930542,9.306262016296387,-0.16737708449363708,2.1038198471069336,1.3329079151153564,2025-07-01 17:33:27.431,1751371407431,-6239,-5290,199,-185,481,744
451,2025-07-01 17:33:27.808,2025-07-01 17:33:27.538666,-2.6408045291900635,-6.675034523010254,7.922413349151611,0.7024950385093689,2.6059510707855225,1.176526427268982,2025-07-01 17:33:27.520,1751371407520,-6256,-5463,135,-217,431,166
452,2025-07-01 17:33:27.901,2025-07-01 17:33:27.538666,-2.6408045291900635,-6.675034523010254,7.922413349151611,0.7024950385093689,2.6059510707855225,1.176526427268982,2025-07-01 17:33:27.520,1751371407520,-6256,-5463,135,-217,431,166
453,2025-07-01 17:33:28.298,2025-07-01 17:33:28.036425,-2.8850131034851074,-6.926425457000732,6.402095317840576,-0.01466076634824276,-0.045204028487205505,-0.20891591906547546,2025-07-01 17:33:28.062,1751371408062,-6109,-5265,-271,-29,24,-33
454,2025-07-01 17:33:28.399,2025-07-01 17:33:28.129727,-3.380612850189209,-6.797138690948486,6.315904140472412,-0.07452555745840073,0.00733038317412138,-0.08674286305904388,2025-07-01 17:33:28.149,1751371408149,-6093,-5249,-266,256,-124,101
455,2025-07-01 17:33:28.525,2025-07-01 17:33:28.230250,-2.6647465229034424,-7.338228225708008,6.746860504150391,-0.09285151958465576,-0.09651670604944229,-0.00366519158706069,2025-07-01 17:33:28.249,1751371408249,-6453,-5662,21,840,310,-181
456,2025-07-01 17:33:28.599,2025-07-01 17:33:28.332417,-3.2297780513763428,-7.42681360244751,5.995080947875977,-0.27122417092323303,-0.02321287989616394,0.02321287989616394,2025-07-01 17:33:28.340,1751371408340,-6439,-5302,-106,1080,-61,-177
457,2025-07-01 17:33:28.796,2025-07-01 17:33:28.534575,-2.7054479122161865,-7.970297336578369,6.655880928039551,-0.009773843921720982,0.14538592100143433,0.3836233615875244,2025-07-01 17:33:28.526,1751371408526,-6413,-5317,-88,746,-69,-371
458,2025-07-01 17:33:28.896,2025-07-01 17:33:28.631457,-3.222595453262329,-7.524975776672363,5.803544998168945,-0.4386012554168701,0.051312681287527084,0.799011766910553,2025-07-01 17:33:28.637,1751371408637,-6225,-5588,572,1321,-71,334
459,2025-07-01 17:33:29.394,2025-07-01 17:33:29.131526,-5.990292549133301,-5.928043365478516,4.632780075073242,-0.8026769161224365,-0.6963863968849182,0.8014551997184753,2025-07-01 17:33:29.146,1751371409146,-6727,-5046,-7,-1986,-1288,214
460,2025-07-01 17:33:29.593,2025-07-01 17:33:29.333471,-6.490680694580078,-6.2632317543029785,4.9799394607543945,-0.31642818450927734,-0.4899139404296875,0.7611380815505981,2025-07-01 17:33:29.330,1751371409330,-6364,-5049,199,-2507,-2197,1086
461,2025-07-01 17:33:29.694,2025-07-01 17:33:29.430632,-6.777985095977783,-5.851428985595703,5.027823448181152,0.07208210229873657,-0.4129449129104614,0.7452555894851685,2025-07-01 17:33:29.420,1751371409420,-6609,-4756,355,-1376,27,987
462,2025-07-01 17:33:29.801,2025-07-01 17:33:29.529674,-6.763619899749756,-5.1595048904418945,4.965574264526367,0.29565876722335815,-0.3445279896259308,0.66584312915802,2025-07-01 17:33:29.501,1751371409501,-6923,-4903,281,-740,-74,705
463,2025-07-01 17:33:29.894,2025-07-01 17:33:29.636714,-6.71334171295166,-4.434061527252197,5.137956619262695,0.4092797040939331,-0.3127630054950714,0.5143485069274902,2025-07-01 17:33:29.596,1751371409596,-6978,-4607,-5,-853,-6,795
464,2025-07-01 17:33:30.392,2025-07-01 17:33:30.130867,-6.907271862030029,-2.2625205516815186,6.50025749206543,0.3139847218990326,-0.0024434609804302454,0.015882495790719986,2025-07-01 17:33:30.142,1751371410142,-7095,-4092,-258,-70,-58,343
465,2025-07-01 17:33:30.496,2025-07-01 17:33:30.229332,-7.062894821166992,-2.013523578643799,6.552929878234863,0.14905111491680145,0.09285151958465576,0.042760565876960754,2025-07-01 17:33:30.226,1751371410226,-7292,-4093,80,-36,26,-259
466,2025-07-01 17:33:30.597,2025-07-01 17:33:30.330096,-7.029376029968262,-1.601720929145813,6.519411087036133,0.1661553531885147,0.03176499158143997,0.06108652427792549,2025-07-01 17:33:30.314,1751371410314,-7053,-4368,88,-43,42,25
467,2025-07-01 17:33:30.694,2025-07-01 17:33:30.434916,-6.912060260772705,-1.5394717454910278,6.308721542358398,0.1722639948129654,0.028099801391363144,0.00366519158706069,2025-07-01 17:33:30.397,1751371410397,-7042,-4377,99,-60,41,123
468,2025-07-01 17:33:30.994,2025-07-01 17:33:30.733913,-7.029376029968262,-1.1204863786697388,6.531382083892822,0.010995574295520782,-0.010995574295520782,-0.0024434609804302454,2025-07-01 17:33:30.770,1751371410770,-7257,-4244,-91,-74,93,-131
469,2025-07-01 17:33:31.095,2025-07-01 17:33:30.837529,-7.010222434997559,-1.3527239561080933,6.5696892738342285,-0.10506882518529892,-0.00366519158706069,-0.02687807008624077,2025-07-01 17:33:30.878,1751371410878,-7195,-4254,-76,-278,-360,-142
470,2025-07-01 17:33:31.191,2025-07-01 17:33:30.935171,-6.833051681518555,-1.3120225667953491,6.6127848625183105,-0.1270599663257599,-0.01466076634824276,-0.09285151958465576,2025-07-01 17:33:30.942,1751371410942,-7209,-4271,-49,-274,68,-113
471,2025-07-01 17:33:31.291,2025-07-01 17:33:31.034056,-6.718130111694336,-1.4293384552001953,6.607996463775635,-0.2736676335334778,-0.018325956538319588,-0.14416420459747314,2025-07-01 17:33:31.063,1751371411063,-7225,-4236,-73,49,-11,69
472,2025-07-01 17:33:31.391,2025-07-01 17:33:31.137262,-6.964732646942139,-1.9512743949890137,6.739677906036377,-0.3982841372489929,0.006108652334660292,-0.1368338167667389,2025-07-01 17:33:31.127,1751371411127,-7203,-4301,-43,80,-108,10
473,2025-07-01 17:33:31.491,2025-07-01 17:33:31.230033,-7.041347026824951,-2.3080103397369385,6.617573261260986,-0.49235737323760986,0.009773843921720982,-0.05619960278272629,2025-07-01 17:33:31.227,1751371411227,-6908,-4324,-68,127,305,-344
474,2025-07-01 17:33:31.991,2025-07-01 17:33:31.735108,-6.100425720214844,-4.3861775398254395,5.353435039520264,-0.23457226157188416,0.5754350423812866,-1.0580185651779175,2025-07-01 17:33:31.756,1751371411756,-6845,-4641,-330,-454,223,-410
475,2025-07-01 17:33:32.091,2025-07-01 17:33:31.836273,-5.992686748504639,-5.183446884155273,5.243301868438721,0.042760565876960754,0.8600982427597046,-1.431868076324463,2025-07-01 17:33:31.841,1751371411841,-6829,-4507,-146,-437,205,-402
476,2025-07-01 17:33:32.192,2025-07-01 17:33:31.931992,-5.932831764221191,-6.421248912811279,4.752490520477295,0.35063666105270386,0.9566149711608887,-1.8582520484924316,2025-07-01 17:33:31.937,1751371411937,-7020,-4981,-160,-175,217,-431
477,2025-07-01 17:33:32.305,2025-07-01 17:33:32.030273,-5.686229228973389,-8.10437297821045,4.285621166229248,0.18570303916931152,0.6536257863044739,-1.595579981803894,2025-07-01 17:33:32.042,1751371412042,-6962,-4886,-610,163,326,-152
478,2025-07-01 17:33:32.391,2025-07-01 17:33:32.139350,-5.262455463409424,-8.700529098510742,4.177882194519043,0.6511823534965515,0.685390830039978,-0.9908234477043152,2025-07-01 17:33:32.114,1751371412114,-6580,-4581,-631,-55,347,-174
479,2025-07-01 17:33:32.491,2025-07-01 17:33:32.231334,-3.952826976776123,-8.20492935180664,4.019864559173584,0.2675589919090271,0.5229006409645081,-1.016479730606079,2025-07-01 17:33:32.210,1751371412210,-6604,-4935,-408,-350,203,-567
480,2025-07-01 17:33:32.801,2025-07-01 17:33:32.535439,-2.403778553009033,-8.40843677520752,4.541800498962402,0.15027284622192383,0.06475171446800232,-0.21991148591041565,2025-07-01 17:33:32.572,1751371412572,-6690,-4805,-531,-328,-371,-299
481,2025-07-01 17:33:32.994,2025-07-01 17:33:32.731304,-1.7908629179000854,-7.85537576675415,4.965574264526367,0.40194934606552124,-0.06841690838336945,-0.1270599663257599,2025-07-01 17:33:32.754,1751371412754,-6600,-4759,-420,-58,451,-116
482,2025-07-01 17:33:33.099,2025-07-01 17:33:32.731304,-1.7908629179000854,-7.85537576675415,4.965574264526367,0.40194934606552124,-0.06841690838336945,-0.1270599663257599,2025-07-01 17:33:32.754,1751371412754,-6600,-4759,-420,-58,451,-116
483,2025-07-01 17:33:33.200,2025-07-01 17:33:32.944752,-0.7182605266571045,-7.15387487411499,4.63517427444458,0.43249258399009705,0.07696902006864548,0.12828169763088226,2025-07-01 17:33:32.921,1751371412921,-6569,-4947,-771,-314,266,-88
484,2025-07-01 17:33:33.296,2025-07-01 17:33:33.038106,-1.7262194156646729,-6.648698329925537,4.034229755401611,0.26633724570274353,-0.2565633952617645,0.06230825558304787,2025-07-01 17:33:33.005,1751371413005,-6545,-4940,-497,-341,283,-66
485,2025-07-01 17:33:33.394,2025-07-01 17:33:33.132739,-3.1244332790374756,-8.918401718139648,7.275979042053223,0.7086036801338196,-1.6322319507598877,-0.45814892649650574,2025-07-01 17:33:33.106,1751371413106,-6677,-4950,-861,-191,390,299
486,2025-07-01 17:33:33.604,2025-07-01 17:33:33.329445,-0.5841852426528931,-6.308721542358398,6.615179061889648,-2.207667112350464,-1.243721604347229,-0.24068090319633484,2025-07-01 17:33:33.369,1751371413369,-6717,-4939,-896,-167,780,272
487,2025-07-01 17:33:33.935,2025-07-01 17:33:33.636719,4.644751071929932,-7.939172744750977,7.649474620819092,0.9077457785606384,-1.1508700847625732,-1.3353514671325684,2025-07-01 17:33:33.651,1751371413651,-6940,-4526,-723,-312,-298,-12
488,2025-07-01 17:33:34.001,2025-07-01 17:33:33.636719,4.644751071929932,-7.939172744750977,7.649474620819092,0.9077457785606384,-1.1508700847625732,-1.3353514671325684,2025-07-01 17:33:33.651,1751371413651,-6940,-4526,-723,-312,-298,-12
489,2025-07-01 17:33:34.094,2025-07-01 17:33:33.837290,4.800374507904053,-7.374141216278076,6.026205539703369,0.33475416898727417,-0.030543262138962746,-0.13316862285137177,2025-07-01 17:33:33.837,1751371413837,-6824,-4254,-738,105,33,311
490,2025-07-01 17:33:34.291,2025-07-01 17:33:34.033342,4.089296340942383,-6.7277069091796875,5.702988624572754,-0.028099801391363144,-0.015882495790719986,-0.04764748737215996,2025-07-01 17:33:34.029,1751371414029,-6935,-4643,-746,302,200,-187
491,2025-07-01 17:33:34.394,2025-07-01 17:33:34.138856,4.331110954284668,-6.689399719238281,5.762843608856201,-0.07696902006864548,0.006108652334660292,-0.013439035043120384,2025-07-01 17:33:34.098,1751371414098,-6983,-4627,-1103,-76,-48,-290
492,2025-07-01 17:33:34.616,2025-07-01 17:33:34.340279,4.170699596405029,-6.833051681518555,5.688623428344727,-0.015882495790719986,0.0,-0.015882495790719986,2025-07-01 17:33:34.363,1751371414363,-6641,-4534,-796,408,-11,-351
493,2025-07-01 17:33:34.692,2025-07-01 17:33:34.434134,4.173093795776367,-6.830657482147217,5.676652431488037,-0.04642575979232788,-0.009773843921720982,-0.024434609338641167,2025-07-01 17:33:34.460,1751371414460,-6925,-4594,-461,861,151,-178
494,2025-07-01 17:33:34.799,2025-07-01 17:33:34.547569,4.206612586975098,-6.962338447570801,5.693411827087402,-0.0024434609804302454,-0.00855211354792118,-0.025656340643763542,2025-07-01 17:33:34.548,1751371414548,-6613,-4562,-449,594,-100,-328
495,2025-07-01 17:33:34.911,2025-07-01 17:33:34.643281,4.170699596405029,-7.0772600173950195,5.669469833374023,0.025656340643763542,0.07330382615327835,0.10506882518529892,2025-07-01 17:33:34.654,1751371414654,-6597,-4591,-405,103,317,-111
496,2025-07-01 17:33:35.003,2025-07-01 17:33:34.735365,4.4077253341674805,-7.3238630294799805,6.0621185302734375,0.06352998316287994,0.10018189996480942,0.23090706765651703,2025-07-01 17:33:34.735,1751371414735,-6625,-4601,-465,102,303,0
497,2025-07-01 17:33:35.114,2025-07-01 17:33:34.838141,5.013458251953125,-7.0126166343688965,6.964732646942139,0.1270599663257599,0.6133087277412415,-0.21991148591041565,2025-07-01 17:33:34.815,1751371414815,-6576,-4939,-484,-13,154,-140
498,2025-07-01 17:33:35.403,2025-07-01 17:33:35.137849,-3.383007049560547,-6.102819919586182,5.70777702331543,0.6279694437980652,2.188119411468506,0.6866125464439392,2025-07-01 17:33:35.113,1751371415113,-6531,-4840,-617,-174,122,-377
499,2025-07-01 17:33:35.692,2025-07-01 17:33:35.439251,-1.3982137441635132,-6.9240312576293945,5.635950565338135,-0.09285151958465576,-0.35552358627319336,-0.33108896017074585,2025-07-01 17:33:35.444,1751371415444,-6584,-4983,-404,124,-245,-370
500,2025-07-01 17:33:35.805,2025-07-01 17:33:35.540887,-2.360682964324951,-7.347805023193359,6.478709697723389,-0.19058994948863983,-0.0708603709936142,-0.23945917189121246,2025-07-01 17:33:35.551,1751371415551,-6677,-4850,-346,601,-382,-373
501,2025-07-01 17:33:35.892,2025-07-01 17:33:35.641379,-3.0406360626220703,-7.180211067199707,6.698976516723633,0.06841690838336945,0.08796459436416626,-0.09896016865968704,2025-07-01 17:33:35.625,1751371415625,-6711,-5125,-331,378,-375,-364
502,2025-07-01 17:33:35.997,2025-07-01 17:33:35.738778,-2.7054479122161865,-7.129932880401611,6.253654956817627,-0.13439035415649414,-0.018325956538319588,0.06963863968849182,2025-07-01 17:33:35.710,1751371415710,-6733,-4837,-348,80,-114,-6
503,2025-07-01 17:33:36.110,2025-07-01 17:33:35.829916,-2.7054479122161865,-7.204153060913086,6.186617374420166,-0.36529740691185,0.013439035043120384,0.05375614017248154,2025-07-01 17:33:35.809,1751371415809,-6567,-4747,-180,3,216,318
504,2025-07-01 17:33:36.492,2025-07-01 17:33:36.240311,-4.197035789489746,-7.184999465942383,5.274426460266113,-1.0140362977981567,-0.25045475363731384,1.0677924156188965,2025-07-01 17:33:36.261,1751371416261,-6769,-4775,-204,111,85,-90
505,2025-07-01 17:33:36.595,2025-07-01 17:33:36.339562,-4.865017890930176,-7.266402244567871,4.371812343597412,-0.6988298296928406,-0.46547931432724,1.1887437105178833,2025-07-01 17:33:36.346,1751371416346,-6532,-4754,-252,51,113,-88
506,2025-07-01 17:33:36.693,2025-07-01 17:33:36.442339,-5.616796970367432,-6.507440090179443,4.10366153717041,-0.7513642311096191,-0.5803219676017761,1.2986994981765747,2025-07-01 17:33:36.433,1751371416433,-6605,-4750,-518,44,97,-102
507,2025-07-01 17:33:36.791,2025-07-01 17:33:36.539977,-6.076483726501465,-5.87776517868042,4.381389141082764,-0.7134906053543091,-0.5302310585975647,1.3084733486175537,2025-07-01 17:33:36.524,1751371416524,-6591,-4967,-239,69,35,-102
508,2025-07-01 17:33:36.891,2025-07-01 17:33:36.636035,-6.62236213684082,-5.451597213745117,4.711789131164551,-0.5057964324951172,-0.5412266254425049,1.1814134120941162,2025-07-01 17:33:36.642,1751371416642,-6628,-4966,-219,-258,-321,267
509,2025-07-01 17:33:37.092,2025-07-01 17:33:36.841733,-7.297526836395264,-4.271255970001221,5.310339450836182,0.13561208546161652,-0.44104471802711487,0.9492846131324768,2025-07-01 17:33:36.815,1751371416815,-7012,-4531,-370,-114,-316,430
510,2025-07-01 17:33:37.407,2025-07-01 17:33:37.143412,-6.691793918609619,-2.736572504043579,5.69580602645874,0.3836233615875244,-0.31154128909111023,0.28588494658470154,2025-07-01 17:33:37.165,1751371417165,-6793,-4655,-315,109,-22,535
511,2025-07-01 17:33:37.591,2025-07-01 17:33:37.237358,-6.710947513580322,-2.7461493015289307,6.102819919586182,0.28466320037841797,-0.09040805697441101,0.0757472887635231,2025-07-01 17:33:37.255,1751371417255,-7200,-4458,-143,-307,281,96
512,2025-07-01 17:33:37.891,2025-07-01 17:33:37.530252,-6.933608055114746,-1.9632453918457031,6.493074893951416,0.1966986060142517,-0.013439035043120384,0.08918632566928864,2025-07-01 17:33:37.508,1751371417508,-7221,-4230,-177,-308,-4,55
513,2025-07-01 17:33:38.095,2025-07-01 17:33:37.844366,-7.137115478515625,-1.6328455209732056,6.531382083892822,0.19914206862449646,0.03787364438176155,0.07819075137376785,2025-07-01 17:33:37.879,1751371417879,-7035,-4505,-371,-101,-112,-161
514,2025-07-01 17:33:38.191,2025-07-01 17:33:37.929982,-7.189787864685059,-1.501164436340332,6.718130111694336,0.19058994948863983,0.006108652334660292,0.05742133408784866,2025-07-01 17:33:37.957,1751371417957,-7033,-4592,-336,-14,124,-203
515,2025-07-01 17:33:38.302,2025-07-01 17:33:38.039919,-6.943184852600098,-1.280897855758667,6.390124320983887,0.12339477986097336,-0.04886921867728233,0.1111774742603302,2025-07-01 17:33:38.057,1751371418057,-6957,-4578,-302,326,30,-211
516,2025-07-01 17:33:38.400,2025-07-01 17:33:38.039919,-6.943184852600098,-1.280897855758667,6.390124320983887,0.12339477986097336,-0.04886921867728233,0.1111774742603302,2025-07-01 17:33:38.057,1751371418057,-6957,-4578,-302,326,30,-211
517,2025-07-01 17:33:39.398,2025-07-01 17:33:39.151508,-6.411672115325928,-2.5498247146606445,6.275202751159668,-0.42760565876960754,0.19303341209888458,-0.24190263450145721,2025-07-01 17:33:39.144,1751371419144,-6934,-4931,-323,51,368,73
518,2025-07-01 17:33:39.492,2025-07-01 17:33:39.239584,-6.36378812789917,-2.9520506858825684,5.906495571136475,-0.19792033731937408,0.5229006409645081,-0.8845328688621521,2025-07-01 17:33:39.246,1751371419246,-6967,-4591,-132,-366,-102,-87
519,2025-07-01 17:33:39.604,2025-07-01 17:33:39.343104,-6.349422931671143,-3.6942532062530518,5.705382823944092,0.15393804013729095,0.7831292152404785,-1.5051720142364502,2025-07-01 17:33:39.346,1751371419346,-6961,-4548,-144,-196,-304,12
520,2025-07-01 17:33:39.700,2025-07-01 17:33:39.431252,-6.2632317543029785,-5.1331682205200195,5.082890033721924,0.09896016865968704,0.8979719281196594,-1.9633208513259888,2025-07-01 17:33:39.415,1751371419415,-6938,-4587,-161,-186,16,-350
521,2025-07-01 17:33:39.797,2025-07-01 17:33:39.553307,-4.934449672698975,-6.7708024978637695,4.0749311447143555,-0.17104226350784302,0.6890559792518616,-1.8741345405578613,2025-07-01 17:33:39.585,1751371419585,-6986,-4585,-231,-154,62,-140
522,2025-07-01 17:33:39.995,2025-07-01 17:33:39.746020,-2.4851813316345215,-10.417171478271484,4.225766181945801,0.12950342893600464,0.23335053026676178,-1.4587461948394775,2025-07-01 17:33:39.783,1751371419783,-6631,-4860,329,-29,-1056,-381
523,2025-07-01 17:33:40.391,2025-07-01 17:33:40.032497,-1.8411411046981812,-8.152256965637207,5.674258232116699,0.4593706727027893,0.015882495790719986,-0.26145032048225403,2025-07-01 17:33:40.033,1751371420033,-6718,-5171,380,306,-1282,-131
524,2025-07-01 17:33:40.508,2025-07-01 17:33:40.248690,-0.5003881454467773,-8.643068313598633,5.463568210601807,1.0152580738067627,0.15882496535778046,-0.030543262138962746,2025-07-01 17:33:40.217,1751371420217,-6566,-4943,304,-286,1291,61
525,2025-07-01 17:33:40.691,2025-07-01 17:33:40.448694,-2.671929121017456,-5.011064052581787,5.461174011230469,0.24678955972194672,-0.304210901260376,0.34086281061172485,2025-07-01 17:33:40.485,1751371420485,-6611,-4748,-70,-106,1850,-203
526,2025-07-01 17:33:40.814,2025-07-01 17:33:40.546518,-2.7078421115875244,-6.026205539703369,7.062894821166992,-0.37140607833862305,-1.3170254230499268,-0.7024950385093689,2025-07-01 17:33:40.578,1751371420578,-6443,-5171,-814,-527,656,-5
527,2025-07-01 17:33:40.892,2025-07-01 17:33:40.652139,-1.558625340461731,-7.977479934692383,8.44195556640625,-0.7293730974197388,-1.1704177856445312,-0.8124507665634155,2025-07-01 17:33:40.661,1751371420661,-6602,-4799,-759,26,1324,388
528,2025-07-01 17:33:41.091,2025-07-01 17:33:40.847797,0.667982280254364,-7.668628215789795,6.691793918609619,0.1466076523065567,-0.5192354321479797,-0.17837265133857727,2025-07-01 17:33:40.852,1751371420852,-6800,-4999,-1297,-716,269,-112
529,2025-07-01 17:33:41.392,2025-07-01 17:33:41.138462,1.6903064250946045,-7.4986395835876465,6.847416877746582,0.4960225820541382,-0.1062905490398407,-0.00366519158706069,2025-07-01 17:33:41.114,1751371421114,-6887,-4965,-1130,1069,-869,2130
530,2025-07-01 17:33:41.894,2025-07-01 17:33:41.648073,1.9153614044189453,-7.158663272857666,6.507440090179443,-0.19792033731937408,0.02076941914856434,-0.02321287989616394,2025-07-01 17:33:41.677,1751371421677,-7964,-2001,95,2833,757,827
531,2025-07-01 17:33:42.012,2025-07-01 17:33:41.745042,1.86508309841156,-7.220912456512451,6.445190906524658,-0.10751228034496307,-0.028099801391363144,-0.04398229718208313,2025-07-01 17:33:41.760,1751371421760,-7802,-2617,-208,5440,3222,-1071
532,2025-07-01 17:33:42.093,2025-07-01 17:33:41.851531,2.0039467811584473,-7.299921035766602,6.378153324127197,-0.045204028487205505,-0.01710422709584236,-0.00855211354792118,2025-07-01 17:33:41.848,1751371421848,-7602,-2748,-580,661,-279,-2025
533,2025-07-01 17:33:42.191,2025-07-01 17:33:41.942388,1.9560627937316895,-7.194576263427734,6.660669326782227,0.004886921960860491,0.0659734457731247,0.0354301854968071,2025-07-01 17:33:41.933,1751371421933,-7771,-3340,-292,-8,-249,-894
534,2025-07-01 17:33:42.291,2025-07-01 17:33:42.045577,1.0534487962722778,-8.10437297821045,7.881711959838867,-0.5632177591323853,0.3384193480014801,-0.012217304669320583,2025-07-01 17:33:42.015,1751371422015,-7808,-3366,-268,328,-196,-837
535,2025-07-01 17:33:42.620,2025-07-01 17:33:42.333471,-2.3582887649536133,-6.236895561218262,5.492298603057861,0.2076941877603531,1.1814134120941162,0.8796459436416626,2025-07-01 17:33:42.374,1751371422374,-7301,-3825,1048,547,-1269,-1114
536,2025-07-01 17:33:42.704,2025-07-01 17:33:42.445690,-2.631227731704712,-5.109226226806641,4.486733913421631,0.5852088928222656,0.5351179838180542,-0.03298672288656235,2025-07-01 17:33:42.458,1751371422458,-7444,-4170,1258,270,-959,-886
537,2025-07-01 17:33:42.818,2025-07-01 17:33:42.547372,-1.8722656965255737,-6.344634532928467,5.058948040008545,-0.16982053220272064,-0.12828169763088226,-0.43737950921058655,2025-07-01 17:33:42.558,1751371422558,-7266,-4035,1240,-236,-1018,-620
538,2025-07-01 17:33:42.891,2025-07-01 17:33:42.646423,-1.824381709098816,-8.1139497756958,5.87776517868042,-0.1258382350206375,-0.1014036312699318,-0.2736676335334778,2025-07-01 17:33:42.657,1751371422657,-7226,-4432,1662,-868,-879,-236
539,2025-07-01 17:33:42.991,2025-07-01 17:33:42.729240,-2.628833532333374,-7.769184589385986,6.189011573791504,-0.13927727937698364,-0.07330382615327835,-0.2638937830924988,2025-07-01 17:33:42.724,1751371422724,-7255,-4456,1460,-699,-693,-147
540,2025-07-01 17:33:43.109,2025-07-01 17:33:42.830936,-2.7916390895843506,-7.082048416137695,6.390124320983887,0.10018189996480942,0.02932153269648552,-0.05742133408784866,2025-07-01 17:33:42.850,1751371422850,-7257,-4059,1457,-1318,-447,464
541,2025-07-01 17:33:43.191,2025-07-01 17:33:42.946831,-2.387019157409668,-7.005434036254883,6.466738700866699,0.07941248267889023,0.0354301854968071,-0.08185594528913498,2025-07-01 17:33:42.919,1751371422919,-7237,-4040,1633,-904,77,498
542,2025-07-01 17:33:43.391,2025-07-01 17:33:43.148599,-2.5282769203186035,-6.751648902893066,6.756437301635742,0.10873401165008545,-0.06230825558304787,0.028099801391363144,2025-07-01 17:33:43.179,1751371423179,-7311,-3795,1203,-313,328,-38
543,2025-07-01 17:33:43.506,2025-07-01 17:33:43.241662,-2.5737667083740234,-6.789956092834473,6.514622688293457,-0.16249015927314758,0.0012217304902151227,0.06841690838336945,2025-07-01 17:33:43.266,1751371423266,-7347,-3800,1188,-321,295,-31
544,2025-07-01 17:33:43.808,2025-07-01 17:33:43.553565,-3.4739866256713867,-7.180211067199707,5.355829238891602,-0.8234463334083557,-0.09162978827953339,1.0714576244354248,2025-07-01 17:33:43.555,1751371423555,-7510,-3784,1346,257,490,-122
545,2025-07-01 17:33:43.917,2025-07-01 17:33:43.646240,-4.742913722991943,-6.490680694580078,4.496310710906982,-0.8649851679801941,-0.16493362188339233,0.9993755221366882,2025-07-01 17:33:43.637,1751371423637,-7320,-3759,958,21,613,112
546,2025-07-01 17:33:44.002,2025-07-01 17:33:43.749164,-5.944802761077881,-6.572083473205566,4.982333660125732,-0.8833111524581909,-0.3274237811565399,0.8869763612747192,2025-07-01 17:33:43.721,1751371423721,-7550,-3745,1134,-344,519,117
547,2025-07-01 17:33:44.191,2025-07-01 17:33:43.947664,-6.557718276977539,-5.87776517868042,4.654327869415283,-0.6304129362106323,-0.49235737323760986,1.0054842233657837,2025-07-01 17:33:43.956,1751371423956,-7541,-3768,723,-152,583,-58
548,2025-07-01 17:33:44.391,2025-07-01 17:33:44.157206,-6.672640323638916,-5.8203043937683105,5.085284233093262,-0.28588494658470154,-0.5253441333770752,0.7305948138237,2025-07-01 17:33:44.190,1751371424190,-7299,-3719,798,-118,192,288
549,2025-07-01 17:33:44.798,2025-07-01 17:33:44.448313,-6.952761650085449,-3.957615375518799,4.790797710418701,0.19058994948863983,-0.29565876722335815,0.626747727394104,2025-07-01 17:33:44.452,1751371424452,-7406,-3528,535,-242,240,189
550,2025-07-01 17:33:44.900,2025-07-01 17:33:44.553660,-7.022193431854248,-3.5889084339141846,4.994304656982422,0.27122417092323303,-0.20891591906547546,0.40683624148368835,2025-07-01 17:33:44.534,1751371424534,-7740,-3702,183,-155,547,223
551,2025-07-01 17:33:44.996,2025-07-01 17:33:44.754516,-7.108384609222412,-3.0119056701660156,5.544970989227295,0.19303341209888458,-0.09529497474431992,0.10995574295520782,2025-07-01 17:33:44.719,1751371424719,-7805,-3239,259,-325,245,168
552,2025-07-01 17:33:45.096,2025-07-01 17:33:44.845301,-7.41484260559082,-2.80361008644104,5.894524574279785,0.2968805134296417,-0.013439035043120384,0.08185594528913498,2025-07-01 17:33:44.886,1751371424886,-7584,-3444,-46,31,326,313
553,2025-07-01 17:33:45.391,2025-07-01 17:33:45.149938,-7.407660007476807,-2.382230758666992,6.234501361846924,0.30054569244384766,-0.024434609338641167,0.05009094998240471,2025-07-01 17:33:45.167,1751371425167,-7565,-3372,-105,-264,63,57
554,2025-07-01 17:33:45.491,2025-07-01 17:33:45.237897,-7.249642848968506,-2.0638017654418945,6.098031520843506,0.2919935882091522,-0.04642575979232788,0.07208210229873657,2025-07-01 17:33:45.270,1751371425270,-7567,-3375,-116,58,13,-322
555,2025-07-01 17:33:45.597,2025-07-01 17:33:45.340427,-7.285555839538574,-1.6089035272598267,6.251260757446289,0.2675589919090271,-0.012217304669320583,0.07208210229873657,2025-07-01 17:33:45.353,1751371425353,-7788,-3433,-44,-111,-261,-178
556,2025-07-01 17:33:45.696,2025-07-01 17:33:45.450084,-7.295132637023926,-1.4460978507995605,6.392518520355225,0.21991148591041565,0.025656340643763542,0.04398229718208313,2025-07-01 17:33:45.457,1751371425457,-7758,-3209,-18,-72,69,-549
557,2025-07-01 17:33:45.807,2025-07-01 17:33:45.547785,-7.297526836395264,-1.2114660739898682,6.251260757446289,0.23945917189121246,0.06352998316287994,0.04886921867728233,2025-07-01 17:33:45.524,1751371425524,-7763,-3276,-9,301,-38,-413
558,2025-07-01 17:33:45.997,2025-07-01 17:33:45.645860,-7.534552574157715,-1.1420341730117798,6.133944988250732,0.1722639948129654,0.05619960278272629,0.0354301854968071,2025-07-01 17:33:45.634,1751371425634,-7719,-3678,-29,160,-2,-588
559,2025-07-01 17:33:46.103,2025-07-01 17:33:45.844036,-7.1251444816589355,-0.8212111592292786,6.023811340332031,-0.0024434609804302454,-0.051312681287527084,-0.00855211354792118,2025-07-01 17:33:45.885,1751371425885,-7335,-3894,322,-77,-152,-552
560,2025-07-01 17:33:46.192,2025-07-01 17:33:45.952145,-7.309497833251953,-1.2114660739898682,6.1052141189575195,-0.10873401165008545,0.006108652334660292,-0.06719517707824707,2025-07-01 17:33:45.984,1751371425984,-7361,-3865,368,-102,14,-234
561,2025-07-01 17:33:46.292,2025-07-01 17:33:46.049966,-7.393294811248779,-1.1827356815338135,5.925649166107178,-0.16249015927314758,0.028099801391363144,-0.09162978827953339,2025-07-01 17:33:46.078,1751371426078,-7313,-3915,128,58,-302,-380
562,2025-07-01 17:33:46.393,2025-07-01 17:33:46.151076,-7.364564418792725,-1.4053963422775269,6.1052141189575195,-0.3274237811565399,-0.02687807008624077,-0.14905111491680145,2025-07-01 17:33:46.153,1751371426153,-7298,-3751,156,-307,-268,22
563,2025-07-01 17:33:46.494,2025-07-01 17:33:46.250871,-7.572859764099121,-2.1595699787139893,6.189011573791504,-0.4141666293144226,-0.028099801391363144,-0.1612684279680252,2025-07-01 17:33:46.246,1751371426246,-7551,-3955,163,80,-286,112
564,2025-07-01 17:33:46.591,2025-07-01 17:33:46.330706,-7.328651428222656,-2.31758713722229,6.457161903381348,-0.44226643443107605,-0.05864306539297104,-0.09162978827953339,2025-07-01 17:33:46.328,1751371426328,-7523,-3733,212,76,88,112
565,2025-07-01 17:33:46.697,2025-07-01 17:33:46.453108,-7.225700855255127,-2.434903144836426,6.414066314697266,-0.40072759985923767,0.009773843921720982,-0.07208210229873657,2025-07-01 17:33:46.437,1751371426437,-7526,-3727,141,99,192,276
566,2025-07-01 17:33:46.792,2025-07-01 17:33:46.551265,-6.926425457000732,-2.3247697353363037,5.825092792510986,-0.26145032048225403,0.051312681287527084,-0.14538592100143433,2025-07-01 17:33:46.512,1751371426512,-7313,-3956,383,97,239,325
567,2025-07-01 17:33:46.898,2025-07-01 17:33:46.649665,-6.277596950531006,-2.851494312286377,5.250484466552734,-0.5204572081565857,0.3543018400669098,-0.5668829679489136,2025-07-01 17:33:46.620,1751371426620,-7408,-3899,347,9,214,370
568,2025-07-01 17:33:47.494,2025-07-01 17:33:47.150564,-5.279214859008789,-8.164227485656738,3.7660791873931885,1.0286970138549805,0.6230825781822205,-1.29381263256073,2025-07-01 17:33:47.163,1751371427163,-7398,-3656,91,24,-49,-363
569,2025-07-01 17:33:47.619,2025-07-01 17:33:47.342892,-2.580949544906616,-8.573636054992676,3.998316764831543,0.4129449129104614,0.12461651116609573,-1.3243558406829834,2025-07-01 17:33:47.323,1751371427323,-7501,-3744,-311,-246,204,-671
570,2025-07-01 17:33:47.693,2025-07-01 17:33:47.440808,-1.9057846069335938,-9.998186111450195,4.575319290161133,0.07941248267889023,-0.009773843921720982,-0.6768386960029602,2025-07-01 17:33:47.430,1751371427430,-7481,-4184,-334,-180,315,-402
571,2025-07-01 17:33:47.991,2025-07-01 17:33:47.751386,-1.4748282432556152,-7.965508937835693,5.760449409484863,0.27488934993743896,0.006108652334660292,-0.02321287989616394,2025-07-01 17:33:47.780,1751371427780,-7164,-4142,-179,-57,355,56
572,2025-07-01 17:33:48.091,2025-07-01 17:33:47.850738,-0.5027823448181152,-9.952696800231934,6.495469093322754,0.5253441333770752,0.5400048494338989,0.5534439086914062,2025-07-01 17:33:47.875,1751371427875,-7509,-4149,-141,-93,72,-54
573,2025-07-01 17:33:48.191,2025-07-01 17:33:47.951635,-4.113238334655762,-8.762778282165527,6.36378812789917,-0.769690215587616,0.9896016716957092,1.6762142181396484,2025-07-01 17:33:47.960,1751371427960,-7293,-4203,-342,22,-212,-107
574,2025-07-01 17:33:48.491,2025-07-01 17:33:48.248729,-8.348581314086914,-5.147533416748047,1.7166426181793213,-2.783102035522461,-2.03540301322937,1.7055357694625854,2025-07-01 17:33:48.230,1751371428230,-7519,-3703,-571,455,1046,2873
575,2025-07-01 17:33:48.598,2025-07-01 17:33:48.349049,-7.139509677886963,-3.7876269817352295,2.7030537128448486,-1.3292428255081177,-1.5894713401794434,1.0653489828109741,2025-07-01 17:33:48.357,1751371428357,-7735,-2966,-433,1041,948,2425
576,2025-07-01 17:33:48.694,2025-07-01 17:33:48.433606,-7.2783732414245605,-3.8953661918640137,2.7892448902130127,-0.6621779203414917,-0.45204028487205505,0.2822197377681732,2025-07-01 17:33:48.405,1751371428405,-7662,-2529,-803,666,1143,1516
577,2025-07-01 17:33:48.901,2025-07-01 17:33:48.650640,-8.276755332946777,-4.285621166229248,2.2242133617401123,-0.41172316670417786,-0.15271630883216858,0.03176499158143997,2025-07-01 17:33:48.674,1751371428674,-8034,-2413,-837,-337,-602,300
578,2025-07-01 17:33:48.992,2025-07-01 17:33:48.749486,-8.614337921142578,-4.630385875701904,1.9297266006469727,-0.47769662737846375,-0.00366519158706069,-0.07452555745840073,2025-07-01 17:33:48.783,1751371428783,-7810,-2366,-816,77,359,-125
579,2025-07-01 17:33:49.101,2025-07-01 17:33:48.852342,-8.81784439086914,-4.489128112792969,1.2689268589019775,-0.4703662395477295,-0.10995574295520782,0.030543262138962746,2025-07-01 17:33:48.854,1751371428854,-7966,-2364,-856,-233,-585,33
580,2025-07-01 17:33:49.200,2025-07-01 17:33:48.955573,-7.989450931549072,-4.917690277099609,1.1563993692398071,-0.2431243658065796,-0.05742133408784866,-0.05619960278272629,2025-07-01 17:33:48.969,1751371428969,-8058,-2181,-837,-528,-73,117
581,2025-07-01 17:33:49.300,2025-07-01 17:33:49.048405,-8.628703117370605,-4.948814868927002,1.048660397529602,0.04642575979232788,0.015882495790719986,-0.04886921867728233,2025-07-01 17:33:49.036,1751371429036,-7908,-1998,-791,-561,-261,282
582,2025-07-01 17:33:49.399,2025-07-01 17:33:49.158372,-8.403648376464844,-4.596867084503174,0.13168109953403473,0.05497787147760391,0.10751228034496307,-0.036651913076639175,2025-07-01 17:33:49.121,1751371429121,-8049,-2347,-785,-231,380,-113
583,2025-07-01 17:33:49.915,2025-07-01 17:33:49.651855,-5.3342814445495605,-7.9846625328063965,0.4381389021873474,-2.9272663593292236,0.6585127115249634,-3.698178291320801,2025-07-01 17:33:49.668,1751371429668,-7791,-3449,-96,-985,-1109,-1882
584,2025-07-01 17:33:50.031,2025-07-01 17:33:49.750591,-3.5003228187561035,-11.046846389770508,0.35434186458587646,1.8167132139205933,0.4996877610683441,-3.2180380821228027,2025-07-01 17:33:49.760,1751371429760,-7361,-3853,114,-942,-315,-1245
585,2025-07-01 17:33:50.196,2025-07-01 17:33:49.949693,2.9233202934265137,-10.120290756225586,4.757278919219971,1.2388347387313843,-1.1252137422561646,-1.1288789510726929,2025-07-01 17:33:49.940,1751371429940,-7550,-4144,-73,-824,-798,-395
586,2025-07-01 17:33:50.303,2025-07-01 17:33:50.053717,4.1874589920043945,-7.795520782470703,5.432443618774414,0.1966986060142517,-0.04153883829712868,-0.8429940342903137,2025-07-01 17:33:50.033,1751371430033,-7444,-4014,381,-216,-679,-184
587,2025-07-01 17:33:50.429,2025-07-01 17:33:50.152079,3.5027170181274414,-8.616731643676758,3.24414324760437,0.09651670604944229,-0.16737708449363708,-0.26633724570274353,2025-07-01 17:33:50.122,1751371430122,-7332,-4092,567,-36,-890,-94
588,2025-07-01 17:33:50.506,2025-07-01 17:33:50.230271,3.5410242080688477,-8.145073890686035,3.974374771118164,0.44837507605552673,0.012217304669320583,-0.12339477986097336,2025-07-01 17:33:50.205,1751371430205,-7329,-3924,423,370,-697,534
589,2025-07-01 17:33:50.591,2025-07-01 17:33:50.353146,3.7397429943084717,-8.070854187011719,4.484339714050293,-0.05009094998240471,0.045204028487205505,0.009773843921720982,2025-07-01 17:33:50.375,1751371430375,-7490,-3877,499,352,96,294
590,2025-07-01 17:33:50.800,2025-07-01 17:33:50.536300,4.091690540313721,-8.006210327148438,4.24970817565918,-0.10995574295520782,0.03420845419168472,-0.10262536257505417,2025-07-01 17:33:50.506,1751371430506,-7337,-3937,453,268,418,-7
591,2025-07-01 17:33:50.896,2025-07-01 17:33:50.652614,3.976768970489502,-8.039729118347168,4.307168960571289,-0.06841690838336945,0.045204028487205505,-0.03176499158143997,2025-07-01 17:33:50.657,1751371430657,-7350,-3947,441,-26,328,123
592,2025-07-01 17:33:51.002,2025-07-01 17:33:50.759130,4.094084739685059,-8.058882713317871,4.151545524597168,-0.06230825558304787,-0.0012217304902151227,-0.02321287989616394,2025-07-01 17:33:50.748,1751371430748,-7327,-3921,416,309,142,-89
593,2025-07-01 17:33:51.099,2025-07-01 17:33:50.850523,3.9911341667175293,-8.226476669311523,4.050989151000977,-0.09040805697441101,0.030543262138962746,0.010995574295520782,2025-07-01 17:33:50.856,1751371430856,-7419,-3523,636,294,90,-3
594,2025-07-01 17:33:51.193,2025-07-01 17:33:50.955409,3.971980571746826,-8.056488990783691,4.125209331512451,-0.07941248267889023,0.018325956538319588,0.00733038317412138,2025-07-01 17:33:50.927,1751371430927,-7409,-3488,409,-50,23,96
595,2025-07-01 17:33:51.499,2025-07-01 17:33:51.257177,4.333505153656006,-8.71728801727295,4.426878929138184,0.04764748737215996,0.1661553531885147,0.3530801236629486,2025-07-01 17:33:51.289,1751371431289,-7325,-3463,158,-224,1234,-1057
596,2025-07-01 17:33:51.591,2025-07-01 17:33:51.350908,3.7900211811065674,-9.083600997924805,6.404489517211914,1.1374311447143555,0.9969320893287659,0.9859365224838257,2025-07-01 17:33:51.386,1751371431386,-7516,-3964,-53,-363,1821,-1319
597,2025-07-01 17:33:51.691,2025-07-01 17:33:51.456673,0.9983820915222168,-9.466673851013184,7.156269073486328,-0.0659734457731247,2.328618288040161,1.1545352935791016,2025-07-01 17:33:51.481,1751371431481,-7097,-4186,-208,-331,1435,-1246
598,2025-07-01 17:33:51.795,2025-07-01 17:33:51.555714,-2.183511972427368,-7.216124057769775,6.145915985107422,0.21135938167572021,2.41413950920105,1.1716395616531372,2025-07-01 17:33:51.591,1751371431591,-7291,-4434,-786,119,1477,-1114
599,2025-07-01 17:33:51.897,2025-07-01 17:33:51.656800,-3.270479440689087,-5.947196960449219,4.529829502105713,0.5754350423812866,1.4477506875991821,0.5949827432632446,2025-07-01 17:33:51.647,1751371431647,-7058,-4403,-1100,197,973,-607
600,2025-07-01 17:33:51.993,2025-07-01 17:33:51.751467,-3.756502389907837,-6.035782337188721,4.338293552398682,0.3933972120285034,0.7904596328735352,-0.26145032048225403,2025-07-01 17:33:51.729,1751371431729,-7204,-4461,-1079,543,555,-299
601,2025-07-01 17:33:52.195,2025-07-01 17:33:51.952425,-2.832340717315674,-7.0557122230529785,5.365406036376953,-0.09407325088977814,-0.2015855312347412,-0.5106833577156067,2025-07-01 17:33:51.920,1751371431920,-6806,-4469,-1082,525,264,22
602,2025-07-01 17:33:52.301,2025-07-01 17:33:52.055676,-2.4827871322631836,-8.688557624816895,6.294356346130371,0.394618958234787,-0.05009094998240471,-0.27000242471694946,2025-07-01 17:33:52.039,1751371432039,-6942,-4607,-726,-251,47,-556
603,2025-07-01 17:33:52.491,2025-07-01 17:33:52.263516,-2.8227639198303223,-7.048529624938965,5.987898349761963,0.08185594528913498,0.019547687843441963,-0.039095375686883926,2025-07-01 17:33:52.271,1751371432271,-6845,-4243,-691,340,-104,338
604,2025-07-01 17:33:52.592,2025-07-01 17:33:52.347833,-2.911349296569824,-7.848193168640137,6.172252178192139,-0.12828169763088226,-0.0708603709936142,0.1771509200334549,2025-07-01 17:33:52.380,1751371432380,-6880,-4446,-874,376,-97,-46
605,2025-07-01 17:33:52.791,2025-07-01 17:33:52.553069,-2.691082715988159,-8.413225173950195,6.268020153045654,0.10018189996480942,0.1368338167667389,0.5473352670669556,2025-07-01 17:33:52.545,1751371432545,-6849,-4297,-880,-257,-318,54
606,2025-07-01 17:33:52.891,2025-07-01 17:33:52.637538,-3.529053211212158,-7.544129371643066,5.702988624572754,-0.5473352670669556,-0.05375614017248154,1.0910053253173828,2025-07-01 17:33:52.636,1751371432636,-6804,-4650,-797,62,-517,-288
607,2025-07-01 17:33:53.192,2025-07-01 17:33:52.956507,-6.830657482147217,-6.5265936851501465,4.3406877517700195,-0.9663888216018677,-0.44104471802711487,1.1020009517669678,2025-07-01 17:33:52.934,1751371432934,-7028,-4634,-440,257,-559,107
608,2025-07-01 17:33:53.391,2025-07-01 17:33:53.157838,-7.644686222076416,-5.504269599914551,4.20421838760376,-0.4703662395477295,-0.7684684991836548,1.1239920854568481,2025-07-01 17:33:53.176,1751371433176,-7257,-4421,-345,580,-45,565
609,2025-07-01 17:33:53.491,2025-07-01 17:33:53.252662,-7.285555839538574,-5.202600479125977,4.1156325340271,-0.2541199326515198,-0.7195992469787598,0.9480628371238708,2025-07-01 17:33:53.271,1751371433271,-7290,-4088,-331,570,-17,575
610,2025-07-01 17:33:53.592,2025-07-01 17:33:53.330131,-7.228095054626465,-4.627991676330566,4.235342979431152,0.0757472887635231,-0.49724429845809937,0.7550294399261475,2025-07-01 17:33:53.359,1751371433359,-7097,-4117,-331,86,269,225
611,2025-07-01 17:33:53.691,2025-07-01 17:33:53.456113,-7.3454108238220215,-3.847482204437256,4.486733913421631,0.2968805134296417,-0.38606682419776917,0.6316346526145935,2025-07-01 17:33:53.440,1751371433440,-7122,-4173,-271,-283,149,290
612,2025-07-01 17:33:53.796,2025-07-01 17:33:53.554265,-7.4316020011901855,-3.4404678344726562,4.888959884643555,0.26633724570274353,-0.2773328125476837,0.48380526900291443,2025-07-01 17:33:53.534,1751371433534,-7113,-4185,-301,68,139,139
613,2025-07-01 17:33:53.892,2025-07-01 17:33:53.659674,-6.993463039398193,-3.248931646347046,5.04218864440918,0.22602014243602753,-0.22357667982578278,0.3591887652873993,2025-07-01 17:33:53.622,1751371433622,-7484,-3811,-376,86,148,193
614,2025-07-01 17:33:53.991,2025-07-01 17:33:53.754100,-7.5632829666137695,-3.0382418632507324,5.590460777282715,0.1111774742603302,-0.1612684279680252,0.1612684279680252,2025-07-01 17:33:53.720,1751371433720,-7489,-3953,-188,-352,-52,211
615,2025-07-01 17:33:54.094,2025-07-01 17:33:53.859176,-7.501033782958984,-2.626439332962036,5.523423194885254,0.34208452701568604,-0.13805554807186127,0.12095131725072861,2025-07-01 17:33:53.890,1751371433890,-7309,-3859,-204,35,2,81
616,2025-07-01 17:33:54.294,2025-07-01 17:33:54.053961,-7.508216381072998,-1.920149803161621,6.0405707359313965,0.21991148591041565,0.0024434609804302454,0.025656340643763542,2025-07-01 17:33:54.074,1751371434074,-7551,-3927,-169,-376,-281,54
617,2025-07-01 17:33:54.401,2025-07-01 17:33:54.158560,-7.783549785614014,-2.1116859912872314,5.793968200683594,0.2675589919090271,0.021991148591041565,0.07452555745840073,2025-07-01 17:33:54.166,1751371434166,-7544,-3870,-180,86,72,-17
618,2025-07-01 17:33:54.496,2025-07-01 17:33:54.257626,-7.580042362213135,-1.867477297782898,5.75326681137085,0.08918632566928864,0.030543262138962746,0.10873401165008545,2025-07-01 17:33:54.260,1751371434260,-7546,-3881,-143,100,-92,82
619,2025-07-01 17:33:54.801,2025-07-01 17:33:54.536498,-7.795520782470703,-1.381454348564148,5.7341132164001465,0.14782938361167908,0.0024434609804302454,0.03420845419168472,2025-07-01 17:33:54.531,1751371434531,-7543,-3882,-366,80,94,-266
620,2025-07-01 17:33:54.901,2025-07-01 17:33:54.652222,-7.671022415161133,-1.5418659448623657,5.75326681137085,0.00366519158706069,-0.06719517707824707,0.02932153269648552,2025-07-01 17:33:54.618,1751371434618,-7319,-3911,-377,114,33,-364