id,ActualTime,WatchTimeStamp,Ax watch,Ay watch,Az watch,Gx watch,Gy watch,Gz watch,Esense TimeStamp,Time in Epochs (ignore),Ax esense,Ay esense,Az esense,Gx esense,Gy esense,Gz esense
1,2025-07-01 17:16:54.289,2025-07-01 17:16:54.041850,0.10773907601833344,-8.26239013671875,5.884947776794434,0.26145032048225403,-0.12217304855585098,-0.08918632566928864,2025-07-01 17:16:54.015,1751370414015,-7146,408,-3426,321,122,-369
2,2025-07-01 17:16:54.502,2025-07-01 17:16:54.245050,-0.5602431893348694,-8.793902397155762,5.489904403686523,-0.6279694437980652,0.1918116807937622,0.02932153269648552,2025-07-01 17:16:54.286,1751370414286,-7403,425,-3335,-34,-37,90
3,2025-07-01 17:16:54.599,2025-07-01 17:16:54.245050,-0.5602431893348694,-8.793902397155762,5.489904403686523,-0.6279694437980652,0.1918116807937622,0.02932153269648552,2025-07-01 17:16:54.286,1751370414286,-7403,425,-3335,-34,-37,90
4,2025-07-01 17:16:54.700,2025-07-01 17:16:54.442962,-0.1388636976480484,-8.26239013671875,5.341464042663574,-0.1820378452539444,0.0806342139840126,0.24434609711170197,2025-07-01 17:16:54.471,1751370414471,-7114,220,-3357,-165,-9,-364
5,2025-07-01 17:16:54.803,2025-07-01 17:16:54.532667,0.9911994934082031,-7.934384346008301,5.793968200683594,0.20402899384498596,-0.09407325088977814,-0.15882496535778046,2025-07-01 17:16:54.546,1751370414546,-7134,172,-3377,-370,-4,-354
6,2025-07-01 17:16:54.901,2025-07-01 17:16:54.648747,-0.3758896589279175,-8.573636054992676,5.1595048904418945,-0.07696902006864548,0.17837265133857727,0.3543018400669098,2025-07-01 17:16:54.652,1751370414652,-7520,565,-3349,-96,43,-4
7,2025-07-01 17:16:55.197,2025-07-01 17:16:54.838636,-0.014365210197865963,-8.188169479370117,5.585672378540039,-0.7745771408081055,0.37140607833862305,0.39706242084503174,2025-07-01 17:16:54.820,1751370414820,-7397,629,-3017,-83,-198,-75
8,2025-07-01 17:16:55.598,2025-07-01 17:16:55.344217,1.0103530883789062,-8.271966934204102,5.612008571624756,0.025656340643763542,-0.3127630054950714,-0.43615779280662537,2025-07-01 17:16:55.360,1751370415360,-7685,425,-2793,-96,-194,287
9,2025-07-01 17:16:55.698,2025-07-01 17:16:55.440050,0.8427590131759644,-7.723694801330566,5.1116204261779785,-0.44104471802711487,0.2223549485206604,0.43615779280662537,2025-07-01 17:16:55.456,1751370415456,-7343,448,-3079,-70,-517,263
10,2025-07-01 17:16:55.797,2025-07-01 17:16:55.538736,-0.021547814831137657,-9.765948295593262,4.513070106506348,0.0012217304902151227,-0.08307767659425735,-0.039095375686883926,2025-07-01 17:16:55.552,1751370415552,-7349,616,-3161,105,-118,-36
11,2025-07-01 17:16:55.992,2025-07-01 17:16:55.743007,0.9361328482627869,-8.439560890197754,5.1595048904418945,-0.03787364438176155,-0.0012217304902151227,0.11484266817569733,2025-07-01 17:16:55.720,1751370415720,-7684,454,-3114,70,-97,-48
12,2025-07-01 17:16:56.293,2025-07-01 17:16:56.046446,0.2082955539226532,-9.923966407775879,4.0749311447143555,-0.16004669666290283,-0.02687807008624077,-0.24556782841682434,2025-07-01 17:16:56.078,1751370416078,-7485,448,-2975,-113,17,-85
13,2025-07-01 17:16:56.691,2025-07-01 17:16:56.440348,0.28730419278144836,-9.150638580322266,4.831499099731445,0.27977627515792847,-0.004886921960860491,-0.38728857040405273,2025-07-01 17:16:56.445,1751370416445,-7527,439,-2809,-287,-248,114
14,2025-07-01 17:16:57.391,2025-07-01 17:16:57.146807,-0.5171475410461426,-9.41400146484375,4.2760443687438965,0.23945917189121246,0.00366519158706069,0.16493362188339233,2025-07-01 17:16:57.158,1751370417158,-7513,-13,-3029,-575,440,-335
15,2025-07-01 17:16:57.496,2025-07-01 17:16:57.240765,1.4053963422775269,-7.694964408874512,5.7341132164001465,0.294437050819397,-0.06719517707824707,-0.3066543638706207,2025-07-01 17:16:57.254,1751370417254,-7352,292,-3330,-233,444,106
16,2025-07-01 17:16:57.589,2025-07-01 17:16:57.240765,1.4053963422775269,-7.694964408874512,5.7341132164001465,0.294437050819397,-0.06719517707824707,-0.3066543638706207,2025-07-01 17:16:57.254,1751370417254,-7352,292,-3330,-233,444,106
17,2025-07-01 17:16:57.791,2025-07-01 17:16:57.442921,1.2832920551300049,-7.469909191131592,5.710171222686768,0.26511552929878235,-0.16493362188339233,-0.4178318381309509,2025-07-01 17:16:57.442,1751370417442,-7321,423,-3360,224,332,-6
18,2025-07-01 17:16:57.989,2025-07-01 17:16:57.734050,-0.47884035110473633,-8.736441612243652,4.656722068786621,0.04886921867728233,0.07452555745840073,0.11728613078594208,2025-07-01 17:16:57.697,1751370417697,-7419,449,-2992,-42,-222,-38
19,2025-07-01 17:16:58.391,2025-07-01 17:16:58.149183,-0.9528923034667969,-9.739612579345703,4.048594951629639,-0.025656340643763542,-0.05864306539297104,-0.4251621961593628,2025-07-01 17:16:58.156,1751370418156,-7511,220,-3148,-41,95,22
20,2025-07-01 17:16:58.790,2025-07-01 17:16:58.531780,2.1499931812286377,-7.496245384216309,5.937620162963867,0.6255260109901428,-0.15515977144241333,-0.6902777552604675,2025-07-01 17:16:58.518,1751370418518,-7784,180,-2715,-33,-144,-290
21,2025-07-01 17:16:58.989,2025-07-01 17:16:58.742669,-0.10055647045373917,-9.588777542114258,3.663128614425659,0.7464773058891296,-0.3139847218990326,-0.4349360466003418,2025-07-01 17:16:58.706,1751370418706,-7638,576,-2697,43,316,-115
22,2025-07-01 17:16:59.289,2025-07-01 17:16:59.045891,1.2306196689605713,-2.9927520751953125,-1.0534487962722778,0.8381071090698242,-0.2565633952617645,-0.48380526900291443,2025-07-01 17:16:59.045,1751370419045,-7939,782,-2952,21,285,-622
23,2025-07-01 17:16:59.598,2025-07-01 17:16:59.244581,0.19393034279346466,-8.26239013671875,5.415684223175049,0.08674286305904388,-0.05619960278272629,-0.06352998316287994,2025-07-01 17:16:59.250,1751370419250,-7372,-869,-2473,-666,549,-1176
24,2025-07-01 17:16:59.702,2025-07-01 17:16:59.437111,0.08379705995321274,-9.083600997924805,4.55616569519043,-1.1374311447143555,0.33719760179519653,0.8491026759147644,2025-07-01 17:16:59.419,1751370419419,-7149,-385,-3025,102,79,174
25,2025-07-01 17:16:59.801,2025-07-01 17:16:59.547896,-0.38307225704193115,-8.621520042419434,5.219359874725342,1.1753047704696655,-0.3274237811565399,-0.34697145223617554,2025-07-01 17:16:59.586,1751370419586,-7654,-287,-3128,290,365,411
26,2025-07-01 17:17:00.400,2025-07-01 17:17:00.146156,0.933738648891449,-7.3669586181640625,5.8442463874816895,0.23335053026676178,0.1771509200334549,0.4080579876899719,2025-07-01 17:17:00.146,1751370420146,-7703,98,-3148,70,28,641
27,2025-07-01 17:17:00.796,2025-07-01 17:17:00.542906,0.9528923034667969,-7.948749542236328,5.461174011230469,-0.3396410644054413,0.1771509200334549,0.3628539443016052,2025-07-01 17:17:00.529,1751370420529,-7519,129,-2808,-18,-230,371
28,2025-07-01 17:17:01.097,2025-07-01 17:17:00.833154,0.17956513166427612,-7.728483200073242,5.228936672210693,-0.11362093687057495,-0.0403171069920063,-0.4495968222618103,2025-07-01 17:17:00.863,1751370420863,-7519,345,-3108,-11,92,107
29,2025-07-01 17:17:01.689,2025-07-01 17:17:01.452466,1.403002142906189,-7.412448406219482,5.837063789367676,0.1661553531885147,-0.06352998316287994,-0.012217304669320583,2025-07-01 17:17:01.474,1751370421474,-7410,199,-3190,317,156,29
30,2025-07-01 17:17:01.892,2025-07-01 17:17:01.548034,-0.47405192255973816,-10.113107681274414,4.280832767486572,-0.3090978264808655,0.11728613078594208,-0.22968533635139465,2025-07-01 17:17:01.576,1751370421576,-7720,218,-3156,-1,150,79
31,2025-07-01 17:17:01.989,2025-07-01 17:17:01.747046,0.3208230137825012,-8.470685958862305,4.853046894073486,0.5852088928222656,-0.1368338167667389,-0.5644394755363464,2025-07-01 17:17:01.749,1751370421749,-7563,522,-3076,-118,312,103
32,2025-07-01 17:17:02.189,2025-07-01 17:17:01.942289,1.2234370708465576,-7.350199222564697,5.272032260894775,0.5229006409645081,-0.10384709388017654,-0.598647952079773,2025-07-01 17:17:01.936,1751370421936,-7568,239,-2709,-102,-26,-344
33,2025-07-01 17:17:02.393,2025-07-01 17:17:02.146785,0.8906430602073669,-8.106766700744629,5.224148273468018,-0.18814650177955627,0.09285151958465576,0.2590068578720093,2025-07-01 17:17:02.124,1751370422124,-7683,357,-2777,-342,-100,-332
34,2025-07-01 17:17:02.692,2025-07-01 17:17:02.452050,0.5027823448181152,-8.877699851989746,4.434061527252197,0.19547687470912933,-0.16004669666290283,-0.6914994716644287,2025-07-01 17:17:02.473,1751370422473,-7684,31,-2743,-133,-325,-587
35,2025-07-01 17:17:02.794,2025-07-01 17:17:02.542354,0.3256114423274994,-8.939949035644531,4.278438568115234,-0.37140607833862305,0.2675589919090271,0.8319984674453735,2025-07-01 17:17:02.560,1751370422560,-7400,-279,-2765,-325,-312,-589
36,2025-07-01 17:17:02.889,2025-07-01 17:17:02.648616,0.31603461503982544,-10.474632263183594,2.432508945465088,-0.03787364438176155,-0.24068090319633484,-0.8124507665634155,2025-07-01 17:17:02.655,1751370422655,-7316,-355,-3104,-96,-275,-517
37,2025-07-01 17:17:03.089,2025-07-01 17:17:02.832582,-0.45489832758903503,-9.299078941345215,4.446032524108887,-0.21380282938480377,0.015882495790719986,-0.02076941914856434,2025-07-01 17:17:02.849,1751370422849,-7952,-375,-2869,-132,113,-113
38,2025-07-01 17:17:03.589,2025-07-01 17:17:03.351930,0.8762778043746948,-8.564059257507324,4.206612586975098,0.24923302233219147,0.3237585723400116,0.7415903806686401,2025-07-01 17:17:03.372,1751370423372,-7405,-268,-2803,125,578,-321
39,2025-07-01 17:17:03.689,2025-07-01 17:17:03.449808,-0.12689268589019775,-9.44991397857666,4.448426723480225,-0.6352998614311218,-0.2015855312347412,-0.31031954288482666,2025-07-01 17:17:03.472,1751370423472,-7714,81,-3179,15,272,-185
40,2025-07-01 17:17:03.789,2025-07-01 17:17:03.535716,0.05267243832349777,-7.062894821166992,6.971915245056152,-1.7898352146148682,0.18570303916931152,-0.12950342893600464,2025-07-01 17:17:03.552,1751370423552,-7390,-335,-3024,-295,357,-571
41,2025-07-01 17:17:03.989,2025-07-01 17:17:03.750440,0.16759411990642548,-8.401253700256348,5.145139217376709,0.04642575979232788,-0.05619960278272629,-0.10262536257505417,2025-07-01 17:17:03.737,1751370423737,-7502,-745,-2792,-855,433,-807
42,2025-07-01 17:17:04.189,2025-07-01 17:17:03.947045,-0.6775590777397156,-9.023746490478516,4.857835292816162,0.036651913076639175,0.1661553531885147,0.6243042945861816,2025-07-01 17:17:03.922,1751370423922,-7155,-842,-3662,-186,599,102
43,2025-07-01 17:17:04.406,2025-07-01 17:17:04.149935,-1.4532804489135742,-10.99656867980957,3.9408559799194336,-0.38117989897727966,0.09162978827953339,0.4202753007411957,2025-07-01 17:17:04.121,1751370424121,-7203,-475,-3635,-140,53,-108
44,2025-07-01 17:17:04.503,2025-07-01 17:17:04.251456,0.849941611289978,-8.7484130859375,4.486733913421631,0.02932153269648552,0.02687807008624077,0.1258382350206375,2025-07-01 17:17:04.266,1751370424266,-7046,-508,-3681,-336,272,63
45,2025-07-01 17:17:04.697,2025-07-01 17:17:04.451061,0.3280056416988373,-7.876923561096191,5.621585369110107,-0.05009094998240471,-0.0708603709936142,-0.1661553531885147,2025-07-01 17:17:04.446,1751370424446,-7452,-462,-3653,-275,269,76
46,2025-07-01 17:17:04.789,2025-07-01 17:17:04.556294,0.49320554733276367,-7.726089000701904,5.456385612487793,-0.01466076634824276,0.21135938167572021,0.3494149148464203,2025-07-01 17:17:04.550,1751370424550,-7251,-412,-3540,-380,-231,125
47,2025-07-01 17:17:04.895,2025-07-01 17:17:04.556294,0.49320554733276367,-7.726089000701904,5.456385612487793,-0.01466076634824276,0.21135938167572021,0.3494149148464203,2025-07-01 17:17:04.550,1751370424550,-7251,-412,-3540,-380,-231,125
48,2025-07-01 17:17:05.095,2025-07-01 17:17:04.847414,0.8427590131759644,-11.154585838317871,1.9584569931030273,-0.3799581825733185,-0.2174680233001709,-0.02076941914856434,2025-07-01 17:17:04.833,1751370424833,-7127,-892,-3126,75,111,-247
49,2025-07-01 17:17:05.393,2025-07-01 17:17:05.149764,-0.031124621629714966,-8.271966934204102,5.4444146156311035,0.5803219676017761,-0.013439035043120384,-0.09896016865968704,2025-07-01 17:17:05.184,1751370425184,-7538,-562,-3211,-99,-74,349
50,2025-07-01 17:17:05.789,2025-07-01 17:17:05.549536,1.048660397529602,-7.445967197418213,5.75326681137085,0.6511823534965515,-0.0708603709936142,-0.4691445231437683,2025-07-01 17:17:05.534,1751370425534,-7313,-158,-3072,121,69,323
51,2025-07-01 17:17:06.090,2025-07-01 17:17:05.833900,0.9145850539207458,-9.191340446472168,4.513070106506348,-0.05864306539297104,-0.04886921867728233,-0.05619960278272629,2025-07-01 17:17:05.795,1751370425795,-7454,-543,-3417,-61,-122,-22
52,2025-07-01 17:17:06.190,2025-07-01 17:17:05.944789,-0.05027823522686958,-7.5848307609558105,5.30076265335083,-0.7012733221054077,0.2028072625398636,0.5375614166259766,2025-07-01 17:17:05.919,1751370425919,-7446,-528,-3426,-111,122,263
53,2025-07-01 17:17:06.292,2025-07-01 17:17:06.047978,1.0342950820922852,-7.802703380584717,5.214571475982666,0.38240164518356323,-0.015882495790719986,-0.5363397002220154,2025-07-01 17:17:06.088,1751370426088,-7308,-340,-3072,244,20,854
54,2025-07-01 17:17:06.494,2025-07-01 17:17:06.250554,0.9481038451194763,-8.355764389038086,4.908113479614258,0.9615018963813782,-0.13316862285137177,-0.41172316670417786,2025-07-01 17:17:06.247,1751370426247,-7434,116,-3399,158,-269,193
55,2025-07-01 17:17:06.789,2025-07-01 17:17:06.452318,1.2282254695892334,-7.036558628082275,5.446808815002441,0.17592918872833252,0.03787364438176155,-0.37262779474258423,2025-07-01 17:17:06.433,1751370426433,-7491,85,-3047,269,58,158
56,2025-07-01 17:17:06.989,2025-07-01 17:17:06.749434,-0.8690952062606812,-9.576807022094727,4.05817174911499,-0.1368338167667389,0.10018189996480942,-0.3078760802745819,2025-07-01 17:17:06.789,1751370426789,-7533,96,-2987,269,50,147
57,2025-07-01 17:17:07.089,2025-07-01 17:17:06.849663,0.9672574996948242,-8.47786808013916,4.137180328369141,-0.44226643443107605,0.1466076523065567,0.15882496535778046,2025-07-01 17:17:06.876,1751370426876,-7552,287,-3132,80,39,-5
58,2025-07-01 17:17:07.190,2025-07-01 17:17:06.960340,0.13407529890537262,-9.394847869873047,3.9193081855773926,0.5571091175079346,0.03787364438176155,-0.3543018400669098,2025-07-01 17:17:06.975,1751370426975,-7706,322,-3161,7,-39,37
59,2025-07-01 17:17:07.290,2025-07-01 17:17:07.047404,0.9457096457481384,-8.439560890197754,4.838681697845459,-0.025656340643763542,0.08918632566928864,0.27488934993743896,2025-07-01 17:17:07.065,1751370427065,-7693,315,-3159,-275,109,65
60,2025-07-01 17:17:07.392,2025-07-01 17:17:07.136117,-0.5937620401382446,-10.716446876525879,3.584120035171509,-0.5791002511978149,0.1722639948129654,-0.14905111491680145,2025-07-01 17:17:07.145,1751370427145,-7342,284,-3168,-270,-262,96
61,2025-07-01 17:17:07.596,2025-07-01 17:17:07.345180,0.31842881441116333,-10.27591323852539,2.403778553009033,-1.8545868396759033,0.07696902006864548,0.5265658497810364,2025-07-01 17:17:07.327,1751370427327,-7465,269,-3027,-69,114,124
62,2025-07-01 17:17:07.889,2025-07-01 17:17:07.552083,-0.181959331035614,-10.802638053894043,3.7445313930511475,0.8649851679801941,-0.45692721009254456,0.39095374941825867,2025-07-01 17:17:07.524,1751370427524,-7007,-651,-3028,-428,809,-1925
63,2025-07-01 17:17:08.089,2025-07-01 17:17:07.851507,-0.1867477297782898,-9.17697525024414,3.998316764831543,-0.9639453291893005,0.15515977144241333,0.7244861721992493,2025-07-01 17:17:07.888,1751370427888,-7236,-507,-3505,-169,206,-354
64,2025-07-01 17:17:08.389,2025-07-01 17:17:08.146797,0.6536170840263367,-9.069235801696777,4.2090067863464355,0.34086281061172485,-0.2272418737411499,-0.3604104816913605,2025-07-01 17:17:08.147,1751370428147,-7292,-440,-3868,-254,329,-286
65,2025-07-01 17:17:08.489,2025-07-01 17:17:08.146797,0.6536170840263367,-9.069235801696777,4.2090067863464355,0.34086281061172485,-0.2272418737411499,-0.3604104816913605,2025-07-01 17:17:08.147,1751370428147,-7292,-440,-3868,-254,329,-286
66,2025-07-01 17:17:08.990,2025-07-01 17:17:08.732135,0.3495534360408783,-10.139444351196289,2.9305028915405273,0.0024434609804302454,-0.10018189996480942,-0.5094616413116455,2025-07-01 17:17:08.768,1751370428768,-6861,-572,-3754,29,-143,-34
67,2025-07-01 17:17:09.097,2025-07-01 17:17:08.835138,-0.1604115068912506,-9.373299598693848,3.88818359375,-0.07208210229873657,0.1062905490398407,0.50335294008255,2025-07-01 17:17:08.868,1751370428868,-7251,-426,-3682,-5,-309,-36
68,2025-07-01 17:17:09.200,2025-07-01 17:17:08.835138,-0.1604115068912506,-9.373299598693848,3.88818359375,-0.07208210229873657,0.1062905490398407,0.50335294008255,2025-07-01 17:17:08.868,1751370428868,-7251,-426,-3682,-5,-309,-36
69,2025-07-01 17:17:09.498,2025-07-01 17:17:09.240613,0.6823474764823914,-9.560047149658203,3.708618402481079,-0.6719517707824707,0.21502456068992615,0.35185837745666504,2025-07-01 17:17:09.217,1751370429217,-7518,-635,-3610,356,-90,102
70,2025-07-01 17:17:09.793,2025-07-01 17:17:09.554529,0.8403648138046265,-8.252813339233398,4.216189384460449,-0.44104471802711487,0.10506882518529892,0.5644394755363464,2025-07-01 17:17:09.579,1751370429579,-7524,-468,-3521,-111,105,-284
71,2025-07-01 17:17:09.892,2025-07-01 17:17:09.658932,0.4429273009300232,-9.433155059814453,4.079719543457031,-1.0409144163131714,-0.04153883829712868,0.45326200127601624,2025-07-01 17:17:09.683,1751370429683,-7399,-799,-2722,180,-926,-414
72,2025-07-01 17:17:09.994,2025-07-01 17:17:09.753653,-0.40940847992897034,-9.605537414550781,3.224989652633667,-1.1081095933914185,-0.07696902006864548,-0.47769662737846375,2025-07-01 17:17:09.764,1751370429764,-6846,-1236,-2619,267,-578,-978
73,2025-07-01 17:17:10.202,2025-07-01 17:17:09.953710,0.5003881454467773,-5.367800235748291,3.600879430770874,2.1062633991241455,0.18448130786418915,-0.17592918872833252,2025-07-01 17:17:09.950,1751370429950,-7090,-1680,-2928,393,198,-483
74,2025-07-01 17:17:10.298,2025-07-01 17:17:09.953710,0.5003881454467773,-5.367800235748291,3.600879430770874,2.1062633991241455,0.18448130786418915,-0.17592918872833252,2025-07-01 17:17:09.950,1751370429950,-7090,-1680,-2928,393,198,-483
75,2025-07-01 17:17:10.398,2025-07-01 17:17:10.136945,0.44532153010368347,-8.959102630615234,4.644751071929932,-0.14538592100143433,-0.11362093687057495,-0.14416420459747314,2025-07-01 17:17:10.130,1751370430130,-7188,-1473,-2826,317,413,-121
76,2025-07-01 17:17:10.689,2025-07-01 17:17:10.451933,1.3407529592514038,-7.297526836395264,6.739677906036377,1.2021827697753906,-0.18814650177955627,-0.46303585171699524,2025-07-01 17:17:10.489,1751370430489,-7146,-706,-3662,-237,-184,610
77,2025-07-01 17:17:10.891,2025-07-01 17:17:10.654491,1.7741034030914307,-6.689399719238281,5.882553577423096,0.4080579876899719,0.04764748737215996,-0.14049901068210602,2025-07-01 17:17:10.656,1751370430656,-7128,-1076,-3287,36,110,323
78,2025-07-01 17:17:10.990,2025-07-01 17:17:10.753429,-0.27054479718208313,-9.421183586120605,4.517858505249023,-0.2076941877603531,0.05864306539297104,0.07452555745840073,2025-07-01 17:17:10.746,1751370430746,-7457,-669,-3603,-35,-94,345
79,2025-07-01 17:17:11.093,2025-07-01 17:17:10.753429,-0.27054479718208313,-9.421183586120605,4.517858505249023,-0.2076941877603531,0.05864306539297104,0.07452555745840073,2025-07-01 17:17:10.746,1751370430746,-7457,-669,-3603,-35,-94,345
80,2025-07-01 17:17:11.492,2025-07-01 17:17:11.154636,0.08140286058187485,-10.316615104675293,3.2297780513763428,-0.05497787147760391,-0.1270599663257599,-0.32131510972976685,2025-07-01 17:17:11.123,1751370431123,-7062,-718,-3039,-44,-229,247
81,2025-07-01 17:17:11.689,2025-07-01 17:17:11.461263,0.2825157940387726,-8.53293514251709,4.185064792633057,-0.38606682419776917,0.26633724570274353,0.4813618063926697,2025-07-01 17:17:11.480,1751370431480,-7328,-373,-3394,-276,-100,16
82,2025-07-01 17:17:12.197,2025-07-01 17:17:11.843372,0.8595184087753296,-8.621520042419434,4.505887508392334,-0.07941248267889023,0.04886921867728233,0.17470745742321014,2025-07-01 17:17:11.843,1751370431843,-7263,-155,-2992,-128,-292,-148
83,2025-07-01 17:17:12.289,2025-07-01 17:17:12.055314,2.1045033931732178,-7.948749542236328,5.169081687927246,0.025656340643763542,0.019547687843441963,-0.37629300355911255,2025-07-01 17:17:12.017,1751370432017,-7305,-306,-3016,-363,632,-60
84,2025-07-01 17:17:12.889,2025-07-01 17:17:12.656164,0.22744916379451752,-9.536105155944824,3.466804027557373,0.13805554807186127,0.006108652334660292,-0.39584067463874817,2025-07-01 17:17:12.637,1751370432637,-7156,-466,-3340,-126,-383,-554
85,2025-07-01 17:17:12.989,2025-07-01 17:17:12.761638,0.8643068075180054,-8.463502883911133,4.6950297355651855,-0.28588494658470154,0.028099801391363144,0.2541199326515198,2025-07-01 17:17:12.773,1751370432773,-7509,-861,-3290,-63,273,-291
86,2025-07-01 17:17:13.289,2025-07-01 17:17:13.058338,-0.36152446269989014,-10.285490036010742,2.6862943172454834,-0.5461135506629944,-0.004886921960860491,-0.24068090319633484,2025-07-01 17:17:13.088,1751370433088,-7254,-762,-3251,126,-126,-176
87,2025-07-01 17:17:13.489,2025-07-01 17:17:13.230269,1.3742717504501343,-8.111555099487305,4.6255974769592285,0.14294247329235077,0.059864792972803116,-0.33108896017074585,2025-07-01 17:17:13.269,1751370433269,-7435,-744,-3403,97,-23,-146
88,2025-07-01 17:17:13.591,2025-07-01 17:17:13.356751,0.2944868206977844,-9.14345645904541,3.383007049560547,0.50335294008255,0.025656340643763542,-0.21624629199504852,2025-07-01 17:17:13.359,1751370433359,-7149,-1107,-3368,-342,123,-356
89,2025-07-01 17:17:13.690,2025-07-01 17:17:13.440039,1.414973258972168,-7.975085735321045,4.742913722991943,0.01710422709584236,-0.04642575979232788,0.1966986060142517,2025-07-01 17:17:13.448,1751370433448,-7278,-1008,-3438,38,50,-352
90,2025-07-01 17:17:13.796,2025-07-01 17:17:13.440039,1.414973258972168,-7.975085735321045,4.742913722991943,0.01710422709584236,-0.04642575979232788,0.1966986060142517,2025-07-01 17:17:13.448,1751370433448,-7278,-1008,-3438,38,50,-352
91,2025-07-01 17:17:13.889,2025-07-01 17:17:13.440039,1.414973258972168,-7.975085735321045,4.742913722991943,0.01710422709584236,-0.04642575979232788,0.1966986060142517,2025-07-01 17:17:13.448,1751370433448,-7278,-1008,-3438,38,50,-352
92,2025-07-01 17:17:13.994,2025-07-01 17:17:13.762573,0.7972691655158997,-8.149862289428711,4.6471452713012695,0.3176499307155609,0.1612684279680252,0.37629300355911255,2025-07-01 17:17:13.727,1751370433727,-7256,-964,-3229,45,101,-367
93,2025-07-01 17:17:14.097,2025-07-01 17:17:13.856339,-0.07900865375995636,-8.681375503540039,4.991910457611084,-0.9578366875648499,-0.06352998316287994,0.21624629199504852,2025-07-01 17:17:13.819,1751370433819,-7081,-920,-3251,366,341,375
94,2025-07-01 17:17:14.400,2025-07-01 17:17:14.165358,1.1779472827911377,-8.35336971282959,4.314351558685303,-0.33597588539123535,0.045204028487205505,-0.19425514340400696,2025-07-01 17:17:14.189,1751370434189,-7109,-1389,-3294,-636,610,-369
95,2025-07-01 17:17:14.596,2025-07-01 17:17:14.329916,1.3862427473068237,-7.773972988128662,5.341464042663574,0.4789183437824249,0.03298672288656235,-0.2015855312347412,2025-07-01 17:17:14.349,1751370434349,-7284,-1019,-3710,-554,338,-59
96,2025-07-01 17:17:15.194,2025-07-01 17:17:14.863755,-0.028730420395731926,-9.493009567260742,4.201824188232422,0.11850785464048386,-0.021991148591041565,-0.13072516024112701,2025-07-01 17:17:14.900,1751370434900,-7291,-943,-3614,291,-50,299
97,2025-07-01 17:17:15.495,2025-07-01 17:17:15.256425,1.580173134803772,-5.920860767364502,6.342240333557129,0.5742133259773254,0.24678955972194672,0.10873401165008545,2025-07-01 17:17:15.246,1751370435246,-7495,-1094,-3444,300,-314,-22
98,2025-07-01 17:17:15.593,2025-07-01 17:17:15.352544,-1.091755986213684,-9.148244857788086,3.9863457679748535,-0.5338962078094482,0.10506882518529892,0.37629300355911255,2025-07-01 17:17:15.347,1751370435347,-7251,-754,-3589,-398,-200,-35
99,2025-07-01 17:17:15.794,2025-07-01 17:17:15.541746,-0.31364041566848755,-10.682928085327148,2.4372973442077637,-0.16493362188339233,-0.10262536257505417,-0.3982841372489929,2025-07-01 17:17:15.530,1751370435530,-7459,-503,-3333,-93,-516,269
100,2025-07-01 17:17:15.889,2025-07-01 17:17:15.663131,1.1109095811843872,-9.945513725280762,3.3016040325164795,-0.5229006409645081,0.07452555745840073,0.48869219422340393,2025-07-01 17:17:15.697,1751370435697,-7061,-764,-3433,92,-36,-575
101,2025-07-01 17:17:16.303,2025-07-01 17:17:15.958242,-0.44532153010368347,-10.788272857666016,3.9217023849487305,0.00855211354792118,0.11484266817569733,0.33597588539123535,2025-07-01 17:17:15.981,1751370435981,-7234,-1049,-3400,-77,-156,140
102,2025-07-01 17:17:16.492,2025-07-01 17:17:16.060106,0.6607996821403503,-9.083600997924805,4.0749311447143555,0.3029891550540924,-0.03420845419168472,0.00366519158706069,2025-07-01 17:17:16.076,1751370436076,-7095,-684,-3356,-114,-293,99
103,2025-07-01 17:17:16.599,2025-07-01 17:17:16.359952,1.4197616577148438,-10.848128318786621,-0.5027823448181152,0.18936823308467865,-0.45692721009254456,-0.11972958594560623,2025-07-01 17:17:16.344,1751370436344,-7321,-510,-2956,-368,33,-680
104,2025-07-01 17:17:16.690,2025-07-01 17:17:16.460127,-0.912190854549408,-9.299078941345215,4.194641590118408,0.1918116807937622,0.07452555745840073,0.1258382350206375,2025-07-01 17:17:16.423,1751370436423,-6887,-975,-3207,-772,227,-1083
105,2025-07-01 17:17:16.791,2025-07-01 17:17:16.529568,1.1827356815338135,-8.647856712341309,4.529829502105713,0.04153883829712868,-0.21013765037059784,-0.00855211354792118,2025-07-01 17:17:16.508,1751370436508,-7153,-1336,-3398,-161,243,-1027
106,2025-07-01 17:17:17.189,2025-07-01 17:17:16.959322,0.9959878921508789,-7.891288757324219,5.020640850067139,0.06230825558304787,0.03176499158143997,0.02076941914856434,2025-07-01 17:17:16.957,1751370436957,-7128,-984,-3301,-182,256,-280
107,2025-07-01 17:17:17.289,2025-07-01 17:17:17.030525,0.24660277366638184,-9.641449928283691,3.7038300037384033,-0.1722639948129654,-0.0012217304902151227,-0.06230825558304787,2025-07-01 17:17:17.050,1751370437050,-7069,-979,-3592,-371,102,81
108,2025-07-01 17:17:17.489,2025-07-01 17:17:17.255479,0.7829039692878723,-9.062053680419922,3.957615375518799,-0.0757472887635231,-0.015882495790719986,-0.03420845419168472,2025-07-01 17:17:17.251,1751370437251,-7074,-1059,-3248,116,-126,-75
109,2025-07-01 17:17:17.594,2025-07-01 17:17:17.353296,0.933738648891449,-8.465897560119629,4.395754337310791,-0.006108652334660292,-0.0012217304902151227,-0.05497787147760391,2025-07-01 17:17:17.331,1751370437331,-7108,-1071,-3232,83,103,-120
110,2025-07-01 17:17:17.990,2025-07-01 17:17:17.763928,0.6727706789970398,-8.47786808013916,4.857835292816162,0.9346238374710083,-0.02687807008624077,-0.2773328125476837,2025-07-01 17:17:17.773,1751370437773,-7447,-1061,-3426,124,-282,-58
111,2025-07-01 17:17:18.090,2025-07-01 17:17:17.830347,0.24899697303771973,-9.033323287963867,4.3191399574279785,-0.5155702829360962,0.13316862285137177,0.2981022298336029,2025-07-01 17:17:17.868,1751370437868,-7245,-1102,-3249,327,-325,-113
112,2025-07-01 17:17:18.189,2025-07-01 17:17:17.958123,1.1994950771331787,-8.858546257019043,4.177882194519043,0.6291912198066711,-0.0403171069920063,-0.37629300355911255,2025-07-01 17:17:17.949,1751370437949,-7292,-728,-3287,269,-127,37
113,2025-07-01 17:17:18.289,2025-07-01 17:17:18.056372,-0.5770025849342346,-9.337387084960938,3.426102638244629,-0.35674530267715454,0.11362093687057495,0.1319468915462494,2025-07-01 17:17:18.055,1751370438055,-7249,-1059,-3249,-99,-275,35
114,2025-07-01 17:17:18.695,2025-07-01 17:17:18.468121,2.209848165512085,-9.435548782348633,3.533841609954834,-0.23090706765651703,-0.1514945775270462,0.1270599663257599,2025-07-01 17:17:18.487,1751370438487,-7079,-1127,-3397,307,0,-278
115,2025-07-01 17:17:18.994,2025-07-01 17:17:18.755032,-0.07422025501728058,-9.459490776062012,4.101267337799072,0.3481931984424591,0.08429940044879913,-0.0024434609804302454,2025-07-01 17:17:18.770,1751370438770,-7452,-1014,-3162,110,-20,-335
116,2025-07-01 17:17:19.097,2025-07-01 17:17:18.830408,1.8387469053268433,-8.176198959350586,5.415684223175049,0.30543261766433716,-0.09285151958465576,0.15271630883216858,2025-07-01 17:17:18.846,1751370438846,-7337,-942,-3118,-101,-12,43
117,2025-07-01 17:17:19.199,2025-07-01 17:17:18.958679,-0.026336219161748886,-9.375694274902344,4.821922302246094,-0.2919935882091522,0.08552113175392151,0.059864792972803116,2025-07-01 17:17:18.957,1751370438957,-7416,-749,-3053,-38,133,-277
118,2025-07-01 17:17:19.400,2025-07-01 17:17:19.155558,0.13407529890537262,-9.713275909423828,3.021482467651367,0.24190263450145721,-0.0354301854968071,-0.4178318381309509,2025-07-01 17:17:19.119,1751370439119,-7574,-669,-3018,-84,-2,-271
119,2025-07-01 17:17:19.489,2025-07-01 17:17:19.256618,1.2090718746185303,-8.180987358093262,4.927267074584961,-0.27488934993743896,0.19425514340400696,0.36529740691185,2025-07-01 17:17:19.224,1751370439224,-7382,-1031,-3186,43,-342,-519
120,2025-07-01 17:17:19.895,2025-07-01 17:17:19.630697,0.8212111592292786,-8.769960403442383,4.491522312164307,0.3481931984424591,-0.07330382615327835,-0.09407325088977814,2025-07-01 17:17:19.659,1751370439659,-7047,-1347,-3204,-266,329,-307
121,2025-07-01 17:17:19.992,2025-07-01 17:17:19.729357,1.0773907899856567,-8.765172004699707,4.376600742340088,0.24556782841682434,0.1869247704744339,0.34697145223617554,2025-07-01 17:17:19.749,1751370439749,-7277,-1315,-3239,-379,324,-151
122,2025-07-01 17:17:20.197,2025-07-01 17:17:19.930248,1.072602391242981,-11.058817863464355,2.051830768585205,-0.14294247329235077,0.030543262138962746,0.788016140460968,2025-07-01 17:17:19.934,1751370439934,-6867,-1347,-3312,-500,-39,-161
123,2025-07-01 17:17:20.405,2025-07-01 17:17:20.136735,1.4676456451416016,-7.862558364868164,5.135562419891357,-0.5497786998748779,0.14905111491680145,0.22479841113090515,2025-07-01 17:17:20.129,1751370440129,-7486,-1305,-3286,-375,178,-200
124,2025-07-01 17:17:20.501,2025-07-01 17:17:20.251276,0.0,-10.716446876525879,2.3942017555236816,-0.27977627515792847,-0.018325956538319588,-0.07330382615327835,2025-07-01 17:17:20.217,1751370440217,-7385,-1104,-3314,-375,162,-621
125,2025-07-01 17:17:21.090,2025-07-01 17:17:20.729535,0.9624691009521484,-8.899248123168945,3.998316764831543,-0.5057964324951172,-0.13072516024112701,-0.02321287989616394,2025-07-01 17:17:20.734,1751370440734,-7181,-1193,-3474,-30,285,267
126,2025-07-01 17:17:21.193,2025-07-01 17:17:20.829897,1.094150185585022,-8.992621421813965,4.0533833503723145,-0.04153883829712868,0.06719517707824707,0.24068090319633484,2025-07-01 17:17:20.831,1751370440831,-7285,-1156,-3686,-19,334,278
127,2025-07-01 17:17:21.290,2025-07-01 17:17:20.930137,0.44532153010368347,-10.101137161254883,2.8802247047424316,-0.8161159753799438,0.009773843921720982,-0.16859880089759827,2025-07-01 17:17:20.929,1751370440929,-7073,-1398,-3302,-91,51,469
128,2025-07-01 17:17:21.389,2025-07-01 17:17:21.131,1.0223240852355957,-9.150638580322266,4.264073371887207,0.5241223573684692,0.018325956538319588,-0.08307767659425735,2025-07-01 17:17:21.117,1751370441117,-7369,-916,-3417,557,-291,863
129,2025-07-01 17:17:21.492,2025-07-01 17:17:21.230047,1.0821791887283325,-7.994239330291748,4.4508209228515625,0.09773843735456467,-0.05619960278272629,0.05497787147760391,2025-07-01 17:17:21.208,1751370441208,-7283,-879,-3361,264,33,601
130,2025-07-01 17:17:21.589,2025-07-01 17:17:21.357053,1.6615760326385498,-8.248024940490723,4.41969633102417,-0.012217304669320583,0.05497787147760391,-0.3579670190811157,2025-07-01 17:17:21.392,1751370441392,-7508,-811,-3254,-34,-70,346
131,2025-07-01 17:17:21.789,2025-07-01 17:17:21.559308,0.9528923034667969,-10.654197692871094,0.7254431247711182,0.4508185386657715,-0.4043927788734436,1.794722080230713,2025-07-01 17:17:21.557,1751370441557,-7738,-435,-3283,-55,-62,290
132,2025-07-01 17:17:21.989,2025-07-01 17:17:21.730650,-2.3750481605529785,-7.240066051483154,5.616796970367432,-0.9566149711608887,-1.5063936710357666,-0.3225368559360504,2025-07-01 17:17:21.740,1751370441740,-7974,-598,-3254,-60,58,332
133,2025-07-01 17:17:22.189,2025-07-01 17:17:21.929911,0.6105214357376099,-8.547300338745117,3.2106244564056396,0.8210029006004333,-0.4337143301963806,-0.20036379992961884,2025-07-01 17:17:21.925,1751370441925,-7296,-1136,-2947,-1137,745,806
134,2025-07-01 17:17:22.289,2025-07-01 17:17:21.929911,0.6105214357376099,-8.547300338745117,3.2106244564056396,0.8210029006004333,-0.4337143301963806,-0.20036379992961884,2025-07-01 17:17:21.925,1751370441925,-7296,-1136,-2947,-1137,745,806
135,2025-07-01 17:17:22.689,2025-07-01 17:17:22.430294,0.9050082564353943,-6.66785192489624,6.311115741729736,0.4153883755207062,-0.05253441259264946,0.06230825558304787,2025-07-01 17:17:22.449,1751370442449,-7282,49,-3737,-866,237,177
136,2025-07-01 17:17:22.792,2025-07-01 17:17:22.558710,-1.01753568649292,-9.888052940368652,4.546588897705078,-0.0659734457731247,0.08552113175392151,0.4288274049758911,2025-07-01 17:17:22.555,1751370442555,-6888,309,-3770,-273,-327,514
137,2025-07-01 17:17:23.494,2025-07-01 17:17:23.230039,0.950498104095459,-7.790732383728027,4.685452938079834,-0.42271876335144043,0.2541199326515198,0.5277875661849976,2025-07-01 17:17:23.200,1751370443200,-6885,229,-3541,126,-326,283
138,2025-07-01 17:17:23.702,2025-07-01 17:17:23.430152,0.3519476354122162,-8.176198959350586,5.578489780426025,0.0403171069920063,-0.0806342139840126,0.02321287989616394,2025-07-01 17:17:23.435,1751370443435,-7068,412,-3526,77,96,286
139,2025-07-01 17:17:23.904,2025-07-01 17:17:23.530126,0.31124621629714966,-8.829815864562988,5.3582234382629395,0.4801400899887085,0.09162978827953339,0.3127630054950714,2025-07-01 17:17:23.527,1751370443527,-7204,626,-3578,-69,-348,342
140,2025-07-01 17:17:24.700,2025-07-01 17:17:24.430269,0.47884035110473633,-8.279149055480957,4.991910457611084,-0.0403171069920063,-0.14049901068210602,-0.5290092825889587,2025-07-01 17:17:24.450,1751370444450,-7128,252,-3342,484,-331,56
141,2025-07-01 17:17:24.994,2025-07-01 17:17:24.730251,-1.1659762859344482,-9.6989107131958,4.927267074584961,-0.475253164768219,0.2822197377681732,-0.0806342139840126,2025-07-01 17:17:24.704,1751370444704,-7094,566,-3359,768,-368,16
142,2025-07-01 17:17:25.092,2025-07-01 17:17:24.830125,0.47405192255973816,-8.413225173950195,4.73573112487793,-0.21502456068992615,0.059864792972803116,0.2883284091949463,2025-07-01 17:17:24.798,1751370444798,-7195,385,-3280,127,42,2
143,2025-07-01 17:17:25.395,2025-07-01 17:17:25.141962,-0.31842881441116333,-8.825027465820312,5.152322292327881,-0.22846360504627228,-0.17592918872833252,-0.10506882518529892,2025-07-01 17:17:25.148,1751370445148,-7115,419,-3264,266,-317,289
144,2025-07-01 17:17:25.589,2025-07-01 17:17:25.343881,1.4748282432556152,-7.908048152923584,4.594472885131836,-0.39095374941825867,0.1417207419872284,0.34697145223617554,2025-07-01 17:17:25.332,1751370445332,-7084,736,-3343,584,101,1146
145,2025-07-01 17:17:25.691,2025-07-01 17:17:25.343881,1.4748282432556152,-7.908048152923584,4.594472885131836,-0.39095374941825867,0.1417207419872284,0.34697145223617554,2025-07-01 17:17:25.332,1751370445332,-7084,736,-3343,584,101,1146
146,2025-07-01 17:17:25.899,2025-07-01 17:17:25.630039,-0.6177040338516235,-8.166622161865234,2.913743495941162,0.6023131608963013,0.39095374941825867,-0.05375614017248154,2025-07-01 17:17:25.596,1751370445596,-7125,688,-3197,-271,-211,-370
147,2025-07-01 17:17:26.090,2025-07-01 17:17:25.830413,0.0454898327589035,-9.107542991638184,3.8953661918640137,-0.23457226157188416,0.04764748737215996,0.0012217304902151227,2025-07-01 17:17:25.865,1751370445865,-7078,528,-2793,-201,417,-1513
148,2025-07-01 17:17:26.189,2025-07-01 17:17:25.929769,0.7541735172271729,-8.616731643676758,5.2480902671813965,0.5473352670669556,-0.2431243658065796,-0.38117989897727966,2025-07-01 17:17:25.963,1751370445963,-7353,343,-3030,-548,-101,-474
149,2025-07-01 17:17:26.290,2025-07-01 17:17:26.029348,-0.8834604024887085,-8.858546257019043,4.410119533538818,-0.2883284091949463,0.3640756905078888,0.6780604124069214,2025-07-01 17:17:26.052,1751370446052,-7472,115,-3038,-251,-282,-596
150,2025-07-01 17:17:26.592,2025-07-01 17:17:26.330584,1.623268723487854,-8.159439086914062,5.286397457122803,0.11972958594560623,-0.32131510972976685,-0.7318165898323059,2025-07-01 17:17:26.327,1751370446327,-7491,322,-3200,365,-461,-208
151,2025-07-01 17:17:26.691,2025-07-01 17:17:26.430187,-1.764526605606079,-10.055646896362305,4.908113479614258,-0.4251621961593628,0.1563815027475357,0.36163222789764404,2025-07-01 17:17:26.422,1751370446422,-7317,-344,-3018,-69,-214,45
152,2025-07-01 17:17:26.889,2025-07-01 17:17:26.630484,-0.06703764945268631,-8.937555313110352,4.383783340454102,-0.025656340643763542,-0.009773843921720982,-0.18081611394882202,2025-07-01 17:17:26.608,1751370446608,-7382,-274,-2959,-48,-301,39
153,2025-07-01 17:17:27.590,2025-07-01 17:17:27.329574,0.08379705995321274,-9.591172218322754,4.553771495819092,0.5302310585975647,0.5803219676017761,0.20036379992961884,2025-07-01 17:17:27.316,1751370447316,-7515,-194,-2744,-63,-168,107
154,2025-07-01 17:17:27.689,2025-07-01 17:17:27.430255,-0.043095629662275314,-8.932766914367676,4.402936935424805,0.6670648455619812,0.09651670604944229,0.039095375686883926,2025-07-01 17:17:27.408,1751370447408,-7548,-370,-2729,374,29,98
155,2025-07-01 17:17:27.889,2025-07-01 17:17:27.630482,0.5554547905921936,-9.880870819091797,3.3877954483032227,-0.23579397797584534,0.08918632566928864,0.375071257352829,2025-07-01 17:17:27.670,1751370447670,-7690,-104,-2908,-222,267,-372
156,2025-07-01 17:17:28.190,2025-07-01 17:17:27.929452,0.11971008777618408,-9.423578262329102,3.6942532062530518,0.23457226157188416,-0.051312681287527084,-0.394618958234787,2025-07-01 17:17:27.948,1751370447948,-7065,-346,-3302,-1150,701,-125
157,2025-07-01 17:17:28.406,2025-07-01 17:17:28.029750,0.26336219906806946,-9.248801231384277,3.998316764831543,-0.2565633952617645,0.06352998316287994,0.3787364661693573,2025-07-01 17:17:28.032,1751370448032,-7080,-204,-3228,-1151,758,-45
158,2025-07-01 17:17:28.591,2025-07-01 17:17:28.330265,0.23942017555236816,-8.099584579467773,4.20421838760376,0.49846604466438293,-0.15882496535778046,-0.8808676600456238,2025-07-01 17:17:28.324,1751370448324,-7047,-607,-3299,-480,679,-72
159,2025-07-01 17:17:28.701,2025-07-01 17:17:28.330265,0.23942017555236816,-8.099584579467773,4.20421838760376,0.49846604466438293,-0.15882496535778046,-0.8808676600456238,2025-07-01 17:17:28.324,1751370448324,-7047,-607,-3299,-480,679,-72
160,2025-07-01 17:17:28.803,2025-07-01 17:17:28.529715,-0.4165911078453064,-9.536105155944824,3.7684733867645264,0.042760565876960754,0.35674530267715454,-0.1111774742603302,2025-07-01 17:17:28.498,1751370448498,-7240,17,-3912,-241,-217,-307
161,2025-07-01 17:17:29.098,2025-07-01 17:17:28.830063,-0.19153612852096558,-9.301473617553711,4.158728122711182,0.3481931984424591,0.05009094998240471,0.14294247329235077,2025-07-01 17:17:28.846,1751370448846,-7197,-310,-3890,-280,119,-114
162,2025-07-01 17:17:29.495,2025-07-01 17:17:29.129532,0.16519992053508759,-8.719682693481445,4.7836151123046875,0.03176499158143997,-0.07330382615327835,-0.13316862285137177,2025-07-01 17:17:29.120,1751370449120,-7177,14,-3501,283,-293,-126
163,2025-07-01 17:17:29.997,2025-07-01 17:17:29.729878,1.7118542194366455,-7.975085735321045,5.130774021148682,0.7122688889503479,-0.1661553531885147,-0.8136724829673767,2025-07-01 17:17:29.745,1751370449745,-7044,296,-3701,-83,-269,-21
164,2025-07-01 17:17:30.393,2025-07-01 17:17:30.129952,0.15801730751991272,-9.028534889221191,4.264073371887207,0.2993239760398865,-0.00733038317412138,0.07208210229873657,2025-07-01 17:17:30.112,1751370450112,-7249,335,-3711,127,-200,90
165,2025-07-01 17:17:30.589,2025-07-01 17:17:30.330073,-0.09576806426048279,-8.180987358093262,4.745307922363281,-0.2125810980796814,0.09773843735456467,0.5009095072746277,2025-07-01 17:17:30.294,1751370450294,-7437,313,-3677,-109,281,-360
166,2025-07-01 17:17:30.689,2025-07-01 17:17:30.330073,-0.09576806426048279,-8.180987358093262,4.745307922363281,-0.2125810980796814,0.09773843735456467,0.5009095072746277,2025-07-01 17:17:30.294,1751370450294,-7437,313,-3677,-109,281,-360
167,2025-07-01 17:17:30.790,2025-07-01 17:17:30.430666,0.3495534360408783,-8.437167167663574,4.0964789390563965,0.3481931984424591,0.006108652334660292,-0.6963863968849182,2025-07-01 17:17:30.462,1751370450462,-7140,277,-3592,-321,-102,380
168,2025-07-01 17:17:30.890,2025-07-01 17:17:30.630454,0.35673606395721436,-9.313444137573242,3.536235809326172,0.475253164768219,-0.07208210229873657,-0.46303585171699524,2025-07-01 17:17:30.657,1751370450657,-7272,363,-3284,-93,-361,-97
169,2025-07-01 17:17:30.989,2025-07-01 17:17:30.729867,0.5171475410461426,-8.920795440673828,3.8522706031799316,-0.09651670604944229,0.08552113175392151,0.3787364661693573,2025-07-01 17:17:30.751,1751370450751,-7103,184,-3261,-72,-320,-82
170,2025-07-01 17:17:31.197,2025-07-01 17:17:30.931524,0.10534487664699554,-8.973467826843262,4.067748546600342,-0.15393804013729095,0.14294247329235077,0.5143485069274902,2025-07-01 17:17:30.917,1751370450917,-7489,351,-3205,-307,-54,70
171,2025-07-01 17:17:31.394,2025-07-01 17:17:31.130368,-0.5123591423034668,-9.083600997924805,3.8570590019226074,0.13439035415649414,0.24923302233219147,0.6963863968849182,2025-07-01 17:17:31.093,1751370451093,-7526,222,-3455,-92,49,108
172,2025-07-01 17:17:31.695,2025-07-01 17:17:31.430288,0.395043283700943,-11.54244613647461,2.719813108444214,1.6175711154937744,0.19547687470912933,0.6939429044723511,2025-07-01 17:17:31.455,1751370451455,-7092,341,-3312,107,-299,-237
173,2025-07-01 17:17:31.790,2025-07-01 17:17:31.430288,0.395043283700943,-11.54244613647461,2.719813108444214,1.6175711154937744,0.19547687470912933,0.6939429044723511,2025-07-01 17:17:31.455,1751370451455,-7092,341,-3312,107,-299,-237
174,2025-07-01 17:17:32.093,2025-07-01 17:17:31.829814,0.15801730751991272,-8.087613105773926,3.1292216777801514,0.7464773058891296,-0.19058994948863983,-0.394618958234787,2025-07-01 17:17:31.816,1751370451816,-7636,840,-3289,-66,329,-659
175,2025-07-01 17:17:32.190,2025-07-01 17:17:31.929747,-1.0079588890075684,-10.034099578857422,3.2082302570343018,-1.0592403411865234,0.26511552929878235,0.5351179838180542,2025-07-01 17:17:31.910,1751370451910,-7329,536,-3445,-149,-383,-1655
176,2025-07-01 17:17:32.293,2025-07-01 17:17:32.029668,-0.3280056416988373,-6.088454723358154,4.05817174911499,1.176526427268982,-0.1563815027475357,-0.6914994716644287,2025-07-01 17:17:32.010,1751370452010,-6905,-814,-3626,309,-376,308
177,2025-07-01 17:17:32.489,2025-07-01 17:17:32.230070,1.0007762908935547,-8.702922821044922,4.240131378173828,0.9236282706260681,-0.22602014243602753,-0.5852088928222656,2025-07-01 17:17:32.267,1751370452267,-7120,-605,-3422,299,-242,-38
178,2025-07-01 17:17:32.590,2025-07-01 17:17:32.329360,0.07900865375995636,-9.246406555175781,3.8163576126098633,0.9321803450584412,-0.1258382350206375,-0.27122417092323303,2025-07-01 17:17:32.358,1751370452358,-7243,-578,-3203,-41,-209,-77
179,2025-07-01 17:17:32.798,2025-07-01 17:17:32.530105,0.3734954595565796,-9.907206535339355,2.9017724990844727,-0.004886921960860491,-0.22357667982578278,-0.6206390857696533,2025-07-01 17:17:32.540,1751370452540,-7236,-501,-3640,-49,-266,-11
180,2025-07-01 17:17:33.190,2025-07-01 17:17:32.930527,-0.0454898327589035,-9.516951560974121,3.3255462646484375,0.39095374941825867,-0.02076941914856434,-0.3701843321323395,2025-07-01 17:17:32.933,1751370452933,-7070,-611,-3446,21,-98,73
181,2025-07-01 17:17:33.699,2025-07-01 17:17:33.429988,-0.2059013396501541,-9.904812812805176,2.762908697128296,-0.2382374405860901,0.1062905490398407,0.24190263450145721,2025-07-01 17:17:33.450,1751370453450,-7434,-247,-3243,-63,-109,94
182,2025-07-01 17:17:33.800,2025-07-01 17:17:33.429988,-0.2059013396501541,-9.904812812805176,2.762908697128296,-0.2382374405860901,0.1062905490398407,0.24190263450145721,2025-07-01 17:17:33.450,1751370453450,-7434,-247,-3243,-63,-109,94
183,2025-07-01 17:17:33.890,2025-07-01 17:17:33.630251,-0.47644615173339844,-9.100360870361328,3.485957622528076,-0.08307767659425735,0.12095131725072861,0.05864306539297104,2025-07-01 17:17:33.619,1751370453619,-7102,-715,-2690,-361,-111,-699
184,2025-07-01 17:17:34.097,2025-07-01 17:17:33.830641,0.7398083209991455,-9.464279174804688,2.7964274883270264,-0.4337143301963806,-0.00366519158706069,0.11484266817569733,2025-07-01 17:17:33.799,1751370453799,-7167,-886,-3441,-526,450,122
185,2025-07-01 17:17:34.194,2025-07-01 17:17:33.930580,-0.033518824726343155,-8.42040729522705,4.410119533538818,0.24923302233219147,-0.04642575979232788,0.3433062732219696,2025-07-01 17:17:33.891,1751370453891,-7388,-614,-3439,-137,534,266
186,2025-07-01 17:17:34.292,2025-07-01 17:17:34.030041,-0.4884171485900879,-9.797073364257812,2.3918075561523438,-0.26633724570274353,0.27488934993743896,-0.2223549485206604,2025-07-01 17:17:34.071,1751370454071,-7041,-493,-3292,-262,268,-104
187,2025-07-01 17:17:34.395,2025-07-01 17:17:34.130190,0.12449848651885986,-9.493009567260742,2.719813108444214,0.08918632566928864,-0.0024434609804302454,-0.0354301854968071,2025-07-01 17:17:34.151,1751370454151,-7145,-478,-3598,20,382,-74
188,2025-07-01 17:17:34.492,2025-07-01 17:17:34.230262,0.9193734526634216,-8.38449478149414,3.952826976776123,-0.015882495790719986,0.024434609338641167,0.030543262138962746,2025-07-01 17:17:34.269,1751370454269,-7487,-835,-3288,83,-108,157
189,2025-07-01 17:17:34.591,2025-07-01 17:17:34.330237,-0.15322890877723694,-9.071630477905273,3.5482068061828613,0.4129449129104614,0.08429940044879913,-0.4593706727027893,2025-07-01 17:17:34.354,1751370454354,-7131,-565,-3220,5,66,70
190,2025-07-01 17:17:34.796,2025-07-01 17:17:34.530241,-0.016759412363171577,-9.023746490478516,3.773261785507202,0.004886921960860491,0.018325956538319588,-0.5595525503158569,2025-07-01 17:17:34.522,1751370454522,-7166,-433,-3430,81,3,-91
191,2025-07-01 17:17:34.889,2025-07-01 17:17:34.630158,0.7781155705451965,-9.971850395202637,2.913743495941162,-0.4337143301963806,0.04642575979232788,0.6047565937042236,2025-07-01 17:17:34.601,1751370454601,-7338,-616,-3361,14,-45,-285
192,2025-07-01 17:17:35.197,2025-07-01 17:17:34.930834,-0.043095629662275314,-9.557653427124023,2.9951462745666504,-0.10506882518529892,0.05742133408784866,0.44226643443107605,2025-07-01 17:17:34.959,1751370454959,-7461,-574,-3014,-282,2,-268
193,2025-07-01 17:17:35.292,2025-07-01 17:17:35.029960,1.1851298809051514,-8.789113998413086,4.707000732421875,0.11728613078594208,0.1160643994808197,0.004886921960860491,2025-07-01 17:17:35.046,1751370455046,-7165,-619,-3031,-358,40,-313
194,2025-07-01 17:17:35.598,2025-07-01 17:17:35.130290,0.2346317619085312,-9.32302188873291,2.7988216876983643,-0.2370157092809677,0.03787364438176155,0.12095131725072861,2025-07-01 17:17:35.146,1751370455146,-7122,-459,-3384,-157,-26,-133
195,2025-07-01 17:17:36.092,2025-07-01 17:17:35.430190,0.07661445438861847,-10.247182846069336,2.1380221843719482,-0.3433062732219696,-0.019547687843441963,-0.3701843321323395,2025-07-01 17:17:35.426,1751370455426,-7499,-580,-3227,62,362,-125
196,2025-07-01 17:17:36.194,2025-07-01 17:17:35.933814,0.9552865028381348,-9.619902610778809,2.8586769104003906,0.14905111491680145,-0.0012217304902151227,-0.024434609338641167,2025-07-01 17:17:35.959,1751370455959,-7298,-235,-3344,-65,-359,-110
197,2025-07-01 17:17:36.299,2025-07-01 17:17:36.030646,0.08140286058187485,-8.513781547546387,4.359841346740723,-0.17592918872833252,-0.02932153269648552,0.1771509200334549,2025-07-01 17:17:36.038,1751370456038,-7510,-559,-3068,99,-359,78
198,2025-07-01 17:17:36.393,2025-07-01 17:17:36.131497,-0.016759412363171577,-9.648633003234863,2.5689783096313477,-0.1612684279680252,0.1563815027475357,-0.39217549562454224,2025-07-01 17:17:36.136,1751370456136,-7464,-531,-3451,-39,365,591
199,2025-07-01 17:17:36.500,2025-07-01 17:17:36.230106,0.7972691655158997,-8.887276649475098,2.6671407222747803,0.09407325088977814,-0.00366519158706069,-0.11850785464048386,2025-07-01 17:17:36.222,1751370456222,-7549,-245,-3163,-98,-125,89
200,2025-07-01 17:17:36.590,2025-07-01 17:17:36.330579,-1.0414776802062988,-9.981427192687988,2.52109432220459,-0.0708603709936142,0.024434609338641167,0.01710422709584236,2025-07-01 17:17:36.326,1751370456326,-7066,-635,-3227,35,276,26
201,2025-07-01 17:17:36.889,2025-07-01 17:17:36.631723,-0.1388636976480484,-10.74996566772461,3.5218706130981445,-0.6328563690185547,0.09162978827953339,0.28955012559890747,2025-07-01 17:17:36.671,1751370456671,-7377,-249,-3441,285,321,287
202,2025-07-01 17:17:36.990,2025-07-01 17:17:36.730126,0.1364694982767105,-10.043676376342773,1.7381904125213623,0.28955012559890747,-0.05253441259264946,-0.39095374941825867,2025-07-01 17:17:36.759,1751370456759,-7731,-142,-3424,359,332,284
203,2025-07-01 17:17:37.089,2025-07-01 17:17:36.829799,1.4676456451416016,-6.744466304779053,4.359841346740723,-0.1319468915462494,0.1258382350206375,0.05864306539297104,2025-07-01 17:17:36.858,1751370456858,-7708,40,-3439,155,-54,-111
204,2025-07-01 17:17:37.292,2025-07-01 17:17:37.030436,-0.038307227194309235,-7.438784599304199,2.4181437492370605,1.8961256742477417,0.22602014243602753,0.0806342139840126,2025-07-01 17:17:37.025,1751370457025,-7399,60,-3436,299,-114,-281
205,2025-07-01 17:17:37.389,2025-07-01 17:17:37.131302,0.05985504388809204,-10.26394271850586,2.1715409755706787,0.09651670604944229,-0.024434609338641167,-0.09529497474431992,2025-07-01 17:17:37.133,1751370457133,-7494,-513,-3377,115,-43,-1188
206,2025-07-01 17:17:37.489,2025-07-01 17:17:37.230046,0.5817909836769104,-9.586383819580078,3.205836057662964,0.1319468915462494,0.07452555745840073,-0.3176499307155609,2025-07-01 17:17:37.227,1751370457227,-7288,-986,-3007,-409,590,-731
207,2025-07-01 17:17:37.590,2025-07-01 17:17:37.330306,-0.016759412363171577,-9.8784761428833,2.7437551021575928,0.28588494658470154,-0.11239920556545258,-0.16859880089759827,2025-07-01 17:17:37.304,1751370457304,-7110,-909,-3059,-568,610,-825
208,2025-07-01 17:17:38.099,2025-07-01 17:17:37.830236,1.1061211824417114,-9.239224433898926,4.07014274597168,-0.4764748811721802,-0.2541199326515198,-0.44104471802711487,2025-07-01 17:17:37.856,1751370457856,-7120,-588,-3478,23,-91,137
209,2025-07-01 17:17:38.189,2025-07-01 17:17:37.930023,-1.338358759880066,-9.198522567749023,3.4835634231567383,-0.3604104816913605,0.4386012554168701,0.23335053026676178,2025-07-01 17:17:37.943,1751370457943,-6900,-455,-3910,17,-57,-27
210,2025-07-01 17:17:38.297,2025-07-01 17:17:38.030372,0.24181437492370605,-9.57441234588623,3.399766445159912,0.07330382615327835,-0.09162978827953339,-0.43615779280662537,2025-07-01 17:17:38.019,1751370458019,-7486,-212,-3703,-102,39,349
211,2025-07-01 17:17:38.407,2025-07-01 17:17:38.130143,0.6009446382522583,-9.485827445983887,3.1651346683502197,-0.26145032048225403,0.04642575979232788,0.07208210229873657,2025-07-01 17:17:38.104,1751370458104,-7467,-166,-3664,-75,-310,380
212,2025-07-01 17:17:38.496,2025-07-01 17:17:38.230245,0.40701428055763245,-10.089165687561035,3.1507694721221924,0.5119050741195679,-0.015882495790719986,-0.4789183437824249,2025-07-01 17:17:38.202,1751370458202,-7277,-138,-3633,-85,-186,301
213,2025-07-01 17:17:38.800,2025-07-01 17:17:38.530063,0.3016694188117981,-10.086771965026855,2.229001760482788,-0.3433062732219696,0.03787364438176155,0.09285151958465576,2025-07-01 17:17:38.561,1751370458561,-7044,-628,-3648,-128,-182,40
214,2025-07-01 17:17:38.900,2025-07-01 17:17:38.630002,-1.0749965906143188,-8.219294548034668,2.920926094055176,-0.294437050819397,0.11239920556545258,0.06963863968849182,2025-07-01 17:17:38.650,1751370458650,-7221,-415,-3693,-69,-133,-116
215,2025-07-01 17:17:39.095,2025-07-01 17:17:38.730312,0.3734954595565796,-9.962273597717285,2.513911724090576,0.1966986060142517,-0.06352998316287994,-0.23945917189121246,2025-07-01 17:17:38.755,1751370458755,-7250,-578,-3478,259,-91,-90
216,2025-07-01 17:17:39.297,2025-07-01 17:17:39.030436,0.7015010714530945,-8.851364135742188,3.4739866256713867,0.12950342893600464,-0.07330382615327835,-0.15882496535778046,2025-07-01 17:17:39.036,1751370459036,-7459,-579,-3595,119,83,-101
217,2025-07-01 17:17:39.404,2025-07-01 17:17:39.130356,-0.10295066982507706,-9.847352027893066,2.5234885215759277,0.1820378452539444,-0.12950342893600464,0.006108652334660292,2025-07-01 17:17:39.097,1751370459097,-7280,-601,-3289,91,-274,-80
218,2025-07-01 17:17:39.793,2025-07-01 17:17:39.530059,0.9361328482627869,-9.373299598693848,3.339911460876465,-0.2577851414680481,0.03176499158143997,0.08185594528913498,2025-07-01 17:17:39.562,1751370459562,-7443,-242,-3645,51,2,-102
219,2025-07-01 17:17:39.895,2025-07-01 17:17:39.630204,0.17238251864910126,-9.911994934082031,2.4157495498657227,0.17592918872833252,0.1160643994808197,-0.2626720666885376,2025-07-01 17:17:39.640,1751370459640,-7283,-571,-3665,31,-343,93
220,2025-07-01 17:17:39.998,2025-07-01 17:17:39.730188,0.6991068720817566,-9.473855972290039,2.9879636764526367,-0.11972958594560623,-0.00855211354792118,0.1160643994808197,2025-07-01 17:17:39.728,1751370459728,-7043,-629,-3646,-55,-12,-293
221,2025-07-01 17:17:40.092,2025-07-01 17:17:39.830522,0.16759411990642548,-10.517727851867676,2.535459518432617,0.304210901260376,0.09529497474431992,-0.19547687470912933,2025-07-01 17:17:39.832,1751370459832,-7101,-597,-3603,-82,279,-293
222,2025-07-01 17:17:40.193,2025-07-01 17:17:39.830522,0.16759411990642548,-10.517727851867676,2.535459518432617,0.304210901260376,0.09529497474431992,-0.19547687470912933,2025-07-01 17:17:39.832,1751370459832,-7101,-597,-3603,-82,279,-293
223,2025-07-01 17:17:40.693,2025-07-01 17:17:40.430011,-1.50355863571167,-8.901641845703125,0.8068459630012512,-0.09285151958465576,0.04153883829712868,0.0757472887635231,2025-07-01 17:17:40.448,1751370460448,-7113,-792,-3282,336,-175,-847
224,2025-07-01 17:17:40.790,2025-07-01 17:17:40.530219,-0.272938996553421,-9.823410034179688,3.0142998695373535,0.2480112910270691,-0.656069278717041,-0.4129449129104614,2025-07-01 17:17:40.549,1751370460549,-7054,-839,-3221,368,-367,-681
225,2025-07-01 17:17:41.099,2025-07-01 17:17:40.830465,0.16998831927776337,-9.368511199951172,2.9472622871398926,0.1160643994808197,0.0403171069920063,0.051312681287527084,2025-07-01 17:17:40.818,1751370460818,-7113,-1365,-3367,-366,-273,-313
226,2025-07-01 17:17:41.591,2025-07-01 17:17:41.332042,0.043095629662275314,-9.591172218322754,2.365471363067627,-0.1014036312699318,0.006108652334660292,-0.20891591906547546,2025-07-01 17:17:41.354,1751370461354,-7081,-1367,-3371,-383,-119,72
227,2025-07-01 17:17:41.903,2025-07-01 17:17:41.630338,0.7924807667732239,-9.093177795410156,2.96162748336792,-0.3274237811565399,-0.06963863968849182,0.2174680233001709,2025-07-01 17:17:41.618,1751370461618,-7089,-1344,-3381,-161,-101,68
228,2025-07-01 17:17:41.989,2025-07-01 17:17:41.730121,0.6416460275650024,-9.136273384094238,3.3734302520751953,0.08185594528913498,0.0012217304902151227,-0.17104226350784302,2025-07-01 17:17:41.727,1751370461727,-7127,-1089,-3444,-63,-160,-29
229,2025-07-01 17:17:42.089,2025-07-01 17:17:41.830319,0.4165911078453064,-9.196128845214844,3.622427225112915,0.06719517707824707,-0.051312681287527084,-0.21502456068992615,2025-07-01 17:17:41.807,1751370461807,-7095,-1063,-3227,-117,-104,107
230,2025-07-01 17:17:42.189,2025-07-01 17:17:41.930441,1.2018892765045166,-8.992621421813965,3.1531636714935303,0.5619960427284241,-0.04764748737215996,0.18448130786418915,2025-07-01 17:17:41.909,1751370461909,-7123,-916,-3365,-71,62,102
231,2025-07-01 17:17:42.415,2025-07-01 17:17:42.129521,0.7326257228851318,-8.212111473083496,2.920926094055176,0.2382374405860901,-0.05009094998240471,-0.32498031854629517,2025-07-01 17:17:42.163,1751370462163,-7537,-1055,-3045,185,117,291
232,2025-07-01 17:17:42.489,2025-07-01 17:17:42.230727,-0.2968810200691223,-9.68933391571045,2.2912509441375732,-0.0708603709936142,0.009773843921720982,0.08185594528913498,2025-07-01 17:17:42.250,1751370462250,-7530,-688,-3057,227,70,-30
233,2025-07-01 17:17:42.690,2025-07-01 17:17:42.431240,0.16759411990642548,-9.397241592407227,2.7557260990142822,-0.5717698931694031,0.1466076523065567,0.5668829679489136,2025-07-01 17:17:42.446,1751370462446,-7516,-732,-3338,88,-33,120
234,2025-07-01 17:17:42.889,2025-07-01 17:17:42.630235,0.9744400978088379,-9.030928611755371,2.078166961669922,-0.2541199326515198,0.059864792972803116,0.27488934993743896,2025-07-01 17:17:42.638,1751370462638,-7444,-746,-2976,-123,-382,-97
235,2025-07-01 17:17:43.191,2025-07-01 17:17:42.830622,1.170764684677124,-9.744400978088379,1.9057846069335938,-0.17959438264369965,0.05619960278272629,0.18570303916931152,2025-07-01 17:17:42.790,1751370462790,-7105,-744,-3384,-114,291,-266
236,2025-07-01 17:17:43.401,2025-07-01 17:17:43.129934,1.5107412338256836,-9.885659217834473,2.382230758666992,-0.13927727937698364,0.04398229718208313,0.6401867866516113,2025-07-01 17:17:43.154,1751370463154,-7511,-736,-3029,-124,41,91
237,2025-07-01 17:17:43.500,2025-07-01 17:17:43.230310,-0.38307225704193115,-9.787496566772461,1.8555063009262085,-0.6414085030555725,0.14905111491680145,0.07452555745840073,2025-07-01 17:17:43.250,1751370463250,-7084,-1145,-3407,-529,123,342
238,2025-07-01 17:17:43.600,2025-07-01 17:17:43.330538,1.4724340438842773,-9.847352027893066,1.987187385559082,0.004886921960860491,-0.11239920556545258,0.375071257352829,2025-07-01 17:17:43.333,1751370463333,-7496,-809,-3341,281,-258,-43
239,2025-07-01 17:17:43.804,2025-07-01 17:17:43.530341,0.08619125932455063,-9.272743225097656,2.4660277366638184,-0.6841690540313721,0.16249015927314758,0.6585127115249634,2025-07-01 17:17:43.522,1751370463522,-7081,-691,-3437,80,-258,101
240,2025-07-01 17:17:43.906,2025-07-01 17:17:43.630102,-0.0933738648891449,-6.957550048828125,2.535459518432617,-0.015882495790719986,-0.12217304855585098,-0.598647952079773,2025-07-01 17:17:43.601,1751370463601,-7110,-721,-3390,18,-112,111
241,2025-07-01 17:17:44.210,2025-07-01 17:17:43.930456,1.1516109704971313,-10.630255699157715,2.7030537128448486,-0.251676470041275,0.0012217304902151227,0.02076941914856434,2025-07-01 17:17:43.964,1751370463964,-7314,-674,-3183,-102,46,99
242,2025-07-01 17:17:44.393,2025-07-01 17:17:44.130109,0.48602294921875,-9.684545516967773,2.9041666984558105,-0.1869247704744339,-0.06963863968849182,-0.015882495790719986,2025-07-01 17:17:44.146,1751370464146,-7531,-687,-3165,-107,-257,105
243,2025-07-01 17:17:44.497,2025-07-01 17:17:44.230325,1.3263877630233765,-9.402029991149902,2.669534921646118,0.015882495790719986,0.0708603709936142,0.11972958594560623,2025-07-01 17:17:44.233,1751370464233,-7438,-1049,-3429,117,-28,-325
244,2025-07-01 17:17:44.598,2025-07-01 17:17:44.330006,-1.2425906658172607,-9.39245319366455,5.339069843292236,-0.018325956538319588,0.17959438264369965,0.08429940044879913,2025-07-01 17:17:44.316,1751370464316,-7159,-753,-3150,-78,9,105
245,2025-07-01 17:17:44.789,2025-07-01 17:17:44.530138,0.1388636976480484,-9.512163162231445,2.5067291259765625,-0.08307767659425735,0.04153883829712868,-0.11362093687057495,2025-07-01 17:17:44.515,1751370464515,-7513,-717,-3045,89,-78,-150
246,2025-07-01 17:17:45.190,2025-07-01 17:17:44.730100,0.3998316824436188,-9.47146224975586,2.695871114730835,0.19792033731937408,0.015882495790719986,-0.1111774742603302,2025-07-01 17:17:44.696,1751370464696,-7783,-804,-3033,-49,265,-314
247,2025-07-01 17:17:45.491,2025-07-01 17:17:45.230464,0.004788403399288654,-10.718840599060059,1.778891921043396,-1.0616837739944458,0.0024434609804302454,0.22113321721553802,2025-07-01 17:17:45.230,1751370465230,-7498,-904,-2969,306,62,43
248,2025-07-01 17:17:45.594,2025-07-01 17:17:45.330207,1.3215993642807007,-8.877699851989746,3.825934410095215,0.39217549562454224,0.059864792972803116,-0.05497787147760391,2025-07-01 17:17:45.309,1751370465309,-7519,-1300,-2962,-21,115,629
249,2025-07-01 17:17:45.691,2025-07-01 17:17:45.430095,0.3016694188117981,-10.170568466186523,1.9704279899597168,0.33475416898727417,0.06475171446800232,-0.17470745742321014,2025-07-01 17:17:45.397,1751370465397,-7381,-1103,-2958,607,-91,639
250,2025-07-01 17:17:45.790,2025-07-01 17:17:45.530082,0.3016694188117981,-10.170568466186523,1.9704279899597168,0.33475416898727417,0.06475171446800232,-0.17470745742321014,2025-07-01 17:17:45.494,1751370465494,-7699,-755,-2948,434,-61,561
251,2025-07-01 17:17:46.192,2025-07-01 17:17:45.930310,0.363918662071228,-9.730035781860352,2.2816741466522217,0.34208452701568604,0.02321287989616394,-0.0757472887635231,2025-07-01 17:17:45.942,1751370465942,-7736,-865,-2838,913,-527,913
252,2025-07-01 17:17:46.392,2025-07-01 17:17:46.030872,0.8020575642585754,-9.399636268615723,1.824381709098816,-0.4544837474822998,0.009773843921720982,0.06108652427792549,2025-07-01 17:17:46.025,1751370466025,-7729,-802,-2861,967,-529,925
253,2025-07-01 17:17:46.489,2025-07-01 17:17:46.230551,0.9768342971801758,-8.688557624816895,2.1475989818573,-0.4764748811721802,0.07941248267889023,0.04153883829712868,2025-07-01 17:17:46.206,1751370466206,-7548,-777,-2924,1041,-389,1078
254,2025-07-01 17:17:46.590,2025-07-01 17:17:46.329339,-0.06464344263076782,-10.99896240234375,0.2944868206977844,-0.2577851414680481,-0.024434609338641167,-0.08307767659425735,2025-07-01 17:17:46.304,1751370466304,-7409,-457,-2867,866,-184,775
255,2025-07-01 17:17:46.889,2025-07-01 17:17:46.630068,-0.6584054827690125,-10.11789608001709,2.434903144836426,0.35674530267715454,-0.47769662737846375,-0.5229006409645081,2025-07-01 17:17:46.590,1751370466590,-7636,-534,-2017,-274,-191,128
256,2025-07-01 17:17:46.991,2025-07-01 17:17:46.730122,2.5522189140319824,-7.687781810760498,1.900996208190918,0.8881980776786804,-0.004886921960860491,-0.32986724376678467,2025-07-01 17:17:46.754,1751370466754,-8251,-58,-2006,-349,-520,-1459
257,2025-07-01 17:17:47.189,2025-07-01 17:17:46.930102,0.6512228846549988,-8.774748802185059,3.7469255924224854,0.39706242084503174,-0.11484266817569733,-0.5534439086914062,2025-07-01 17:17:46.944,1751370466944,-7208,-1108,-1925,-1327,-123,-3050
258,2025-07-01 17:17:47.289,2025-07-01 17:17:47.030106,0.0071826050989329815,-9.610325813293457,3.404554843902588,-0.34574973583221436,-0.20891591906547546,0.21135938167572021,2025-07-01 17:17:47.025,1751370467025,-7014,-2356,-2816,-1874,1200,-985
259,2025-07-01 17:17:47.389,2025-07-01 17:17:47.129876,0.507570743560791,-10.062829971313477,2.363077163696289,0.24923302233219147,0.059864792972803116,-0.14294247329235077,2025-07-01 17:17:47.122,1751370467122,-7222,-1792,-3066,-1170,1120,-339
260,2025-07-01 17:17:47.790,2025-07-01 17:17:47.529959,0.47165772318840027,-11.034875869750977,0.790086567401886,-0.039095375686883926,-0.12095131725072861,-0.5607742667198181,2025-07-01 17:17:47.496,1751370467496,-7135,-1521,-3878,-515,229,-26
261,2025-07-01 17:17:47.889,2025-07-01 17:17:47.633651,0.47165772318840027,-11.034875869750977,0.790086567401886,-0.039095375686883926,-0.12095131725072861,-0.5607742667198181,2025-07-01 17:17:47.653,1751370467653,-7442,-1439,-3515,-384,-8,319
262,2025-07-01 17:17:47.989,2025-07-01 17:17:47.729706,0.5602431893348694,-9.435548782348633,3.1507694721221924,0.4495968222618103,0.05253441259264946,-0.06841690838336945,2025-07-01 17:17:47.752,1751370467752,-6656,-1490,-3697,-32,-281,-67
263,2025-07-01 17:17:48.096,2025-07-01 17:17:47.830091,0.40222588181495667,-9.062053680419922,3.555389642715454,-0.15027284622192383,-0.03787364438176155,-0.01466076634824276,2025-07-01 17:17:47.855,1751370467855,-7264,-1444,-3204,373,17,-12
264,2025-07-01 17:17:48.198,2025-07-01 17:17:47.930147,0.7805097699165344,-9.370905876159668,3.1004912853240967,0.20891591906547546,-0.03787364438176155,0.06719517707824707,2025-07-01 17:17:47.923,1751370467923,-7198,-1263,-3588,342,258,-108
265,2025-07-01 17:17:48.290,2025-07-01 17:17:48.029949,0.31124621629714966,-8.528146743774414,3.804386615753174,-0.3274237811565399,0.09162978827953339,0.02076941914856434,2025-07-01 17:17:48.009,1751370468009,-7278,-1243,-3318,-43,264,-76
266,2025-07-01 17:17:48.800,2025-07-01 17:17:48.529825,-0.2944868206977844,-9.84256362915039,1.6543933153152466,-0.2675589919090271,-0.10995574295520782,-0.29565876722335815,2025-07-01 17:17:48.547,1751370468547,-7052,-1155,-3455,-47,-150,-78
267,2025-07-01 17:17:48.898,2025-07-01 17:17:48.631461,0.17717093229293823,-9.05247688293457,0.9289502501487732,-0.4398229718208313,-0.019547687843441963,0.05497787147760391,2025-07-01 17:17:48.654,1751370468654,-7515,-1318,-3356,-120,120,-61
268,2025-07-01 17:17:48.997,2025-07-01 17:17:48.729983,1.4484920501708984,-9.126696586608887,4.022258758544922,0.32009339332580566,0.02076941914856434,-0.05742133408784866,2025-07-01 17:17:48.746,1751370468746,-7687,-931,-3192,-18,-74,256
269,2025-07-01 17:17:49.203,2025-07-01 17:17:48.932179,2.1954829692840576,-9.265560150146484,3.1292216777801514,-0.07819075137376785,0.0024434609804302454,-0.06719517707824707,2025-07-01 17:17:48.924,1751370468924,-7451,-1254,-2971,555,-604,-9
270,2025-07-01 17:17:49.303,2025-07-01 17:17:49.032361,-0.19871874153614044,-10.292673110961914,2.1164743900299072,0.028099801391363144,0.02076941914856434,0.028099801391363144,2025-07-01 17:17:48.999,1751370468999,-7057,-1259,-3040,505,-637,297
271,2025-07-01 17:17:49.693,2025-07-01 17:17:49.431220,0.2753331959247589,-10.137049674987793,1.8626888990402222,-0.6108652353286743,0.036651913076639175,-0.31520646810531616,2025-07-01 17:17:49.451,1751370469451,-7566,-1142,-2618,362,-886,254
272,2025-07-01 17:17:49.792,2025-07-01 17:17:49.531130,1.7142484188079834,-10.99896240234375,3.2561142444610596,-0.455705463886261,0.05864306539297104,-0.1062905490398407,2025-07-01 17:17:49.546,1751370469546,-7412,-1315,-2448,258,-427,267
273,2025-07-01 17:17:50.005,2025-07-01 17:17:49.731444,0.40701428055763245,-9.370905876159668,3.0190882682800293,0.00855211354792118,-0.010995574295520782,-0.04886921867728233,2025-07-01 17:17:49.714,1751370469714,-7578,-1148,-2653,-12,16,-2
274,2025-07-01 17:17:50.108,2025-07-01 17:17:49.831314,1.4293384552001953,-9.406818389892578,3.7038300037384033,0.37751471996307373,0.21502456068992615,0.3396410644054413,2025-07-01 17:17:49.863,1751370469863,-7793,-1136,-2419,272,-311,-292
275,2025-07-01 17:17:50.194,2025-07-01 17:17:49.931423,-0.2825157940387726,-10.350133895874023,2.8586769104003906,-0.8210029006004333,0.06963863968849182,0.7929030656814575,2025-07-01 17:17:49.895,1751370469895,-7802,-1111,-2198,290,-300,19
276,2025-07-01 17:17:50.790,2025-07-01 17:17:50.529611,0.45250412821769714,-9.979032516479492,4.663905143737793,0.17592918872833252,-0.18325957655906677,-0.49235737323760986,2025-07-01 17:17:50.539,1751370470539,-7116,-1066,-3533,-924,1144,21
277,2025-07-01 17:17:51.089,2025-07-01 17:17:50.730906,0.9097966551780701,-7.354987621307373,5.513846397399902,0.004886921960860491,0.10873401165008545,0.04642575979232788,2025-07-01 17:17:50.723,1751370470723,-7182,-532,-3726,-194,134,585
278,2025-07-01 17:17:51.193,2025-07-01 17:17:50.831843,0.12449848651885986,-9.002198219299316,4.745307922363281,0.04764748737215996,0.025656340643763542,-0.08796459436416626,2025-07-01 17:17:50.810,1751370470810,-7218,-187,-3772,-157,351,623
279,2025-07-01 17:17:51.492,2025-07-01 17:17:51.232575,-0.1388636976480484,-8.485051155090332,4.757278919219971,-0.12095131725072861,0.09529497474431992,0.08552113175392151,2025-07-01 17:17:51.193,1751370471193,-6824,-375,-3759,36,-26,60
280,2025-07-01 17:17:51.594,2025-07-01 17:17:51.331001,0.31364041566848755,-8.889671325683594,4.395754337310791,0.0012217304902151227,0.0,0.004886921960860491,2025-07-01 17:17:51.352,1751370471352,-7282,-262,-3875,-8,56,311
281,2025-07-01 17:17:51.689,2025-07-01 17:17:51.432190,0.5386953949928284,-9.459490776062012,4.273650169372559,-0.33719760179519653,-0.1014036312699318,-0.15027284622192383,2025-07-01 17:17:51.439,1751370471439,-6813,-278,-3734,-20,110,69
282,2025-07-01 17:17:51.789,2025-07-01 17:17:51.532004,0.4668693244457245,-7.920019149780273,4.982333660125732,0.0708603709936142,0.2675589919090271,0.37262779474258423,2025-07-01 17:17:51.521,1751370471521,-7034,14,-3828,79,-116,363
283,2025-07-01 17:17:51.889,2025-07-01 17:17:51.632228,0.4668693244457245,-7.920019149780273,4.982333660125732,0.0708603709936142,0.2675589919090271,0.37262779474258423,2025-07-01 17:17:51.617,1751370471617,-7021,10,-3792,-266,-123,471
284,2025-07-01 17:17:52.190,2025-07-01 17:17:51.929298,0.3064578175544739,-8.482656478881836,4.78122091293335,-0.03298672288656235,0.06719517707824707,0.31154128909111023,2025-07-01 17:17:51.889,1751370471889,-6828,-124,-3928,266,-372,297
285,2025-07-01 17:17:52.502,2025-07-01 17:17:52.234808,0.2322375625371933,-9.229647636413574,4.367023944854736,0.12217304855585098,-0.04764748737215996,-0.3384193480014801,2025-07-01 17:17:52.255,1751370472255,-6858,-74,-3911,-122,-87,52
286,2025-07-01 17:17:52.605,2025-07-01 17:17:52.329535,0.4429273009300232,-8.676587104797363,4.570530891418457,-0.018325956538319588,0.07941248267889023,0.31154128909111023,2025-07-01 17:17:52.337,1751370472337,-7102,-3,-3861,-88,-331,-119
287,2025-07-01 17:17:52.689,2025-07-01 17:17:52.429569,-0.0454898327589035,-9.399636268615723,3.9001545906066895,-0.09407325088977814,-0.03176499158143997,-0.3604104816913605,2025-07-01 17:17:52.420,1751370472420,-6855,121,-3572,119,-271,32
288,2025-07-01 17:17:52.789,2025-07-01 17:17:52.529387,1.0558429956436157,-8.348581314086914,4.807557106018066,-0.07941248267889023,0.05864306539297104,0.3433062732219696,2025-07-01 17:17:52.536,1751370472536,-7459,-11,-3491,9,-356,102
289,2025-07-01 17:17:53.299,2025-07-01 17:17:53.031616,0.4908113479614258,-9.9000244140625,3.1962592601776123,-0.018325956538319588,-0.1062905490398407,-0.30543261766433716,2025-07-01 17:17:53.054,1751370473054,-7247,106,-3521,23,9,277
290,2025-07-01 17:17:53.499,2025-07-01 17:17:53.231389,0.38546648621559143,-9.801861763000488,3.4165258407592773,0.24068090319633484,-0.0708603709936142,-0.43737950921058655,2025-07-01 17:17:53.238,1751370473238,-7121,-111,-3328,-79,-197,273
291,2025-07-01 17:17:53.706,2025-07-01 17:17:53.430448,0.49559974670410156,-9.272743225097656,3.936067581176758,0.15393804013729095,-0.05375614017248154,-0.43249258399009705,2025-07-01 17:17:53.451,1751370473451,-7222,266,-3242,611,-458,332
292,2025-07-01 17:17:53.994,2025-07-01 17:17:53.731918,0.9385270476341248,-8.520963668823242,4.455609321594238,-0.08796459436416626,0.07330382615327835,0.39706242084503174,2025-07-01 17:17:53.706,1751370473706,-7562,137,-3130,78,50,125
293,2025-07-01 17:17:54.197,2025-07-01 17:17:53.932016,-0.9624691009521484,-7.841010570526123,2.75812029838562,-0.6719517707824707,0.3836233615875244,-0.06963863968849182,2025-07-01 17:17:53.949,1751370473949,-7679,553,-3178,345,-267,-240
294,2025-07-01 17:17:54.389,2025-07-01 17:17:54.131913,0.5770025849342346,-13.029245376586914,2.367865562438965,-0.18325957655906677,-0.3701843321323395,0.004886921960860491,2025-07-01 17:17:54.134,1751370474134,-7303,-134,-2990,-154,337,-1657
295,2025-07-01 17:17:54.494,2025-07-01 17:17:54.232022,-0.38067805767059326,-10.103530883789062,3.737348794937134,0.3274237811565399,-0.38240164518356323,0.02321287989616394,2025-07-01 17:17:54.226,1751370474226,-7392,-197,-3266,-172,104,-1385
296,2025-07-01 17:17:54.897,2025-07-01 17:17:54.630959,0.8667010068893433,-8.092401504516602,3.4141316413879395,0.4862487316131592,-0.1918116807937622,-0.11239920556545258,2025-07-01 17:17:54.599,1751370474599,-7217,-1718,-2239,-69,87,-922
297,2025-07-01 17:17:55.096,2025-07-01 17:17:54.832398,1.1252747774124146,-9.275136947631836,3.6511576175689697,0.05742133408784866,-0.05253441259264946,-0.23579397797584534,2025-07-01 17:17:54.846,1751370474846,-7043,-1322,-2514,-332,735,585
298,2025-07-01 17:17:55.193,2025-07-01 17:17:54.931698,0.811634361743927,-9.045293807983398,4.218583583831787,0.021991148591041565,0.006108652334660292,-0.12217304855585098,2025-07-01 17:17:54.948,1751370474948,-7469,-704,-3493,-624,1291,810
299,2025-07-01 17:17:55.293,2025-07-01 17:17:55.034026,1.0007762908935547,-8.269572257995605,4.501099109649658,0.13927727937698364,0.09651670604944229,0.13805554807186127,2025-07-01 17:17:55.046,1751370475046,-7273,-503,-3775,-358,131,555
300,2025-07-01 17:17:55.392,2025-07-01 17:17:55.132738,0.5506663918495178,-9.114726066589355,3.8115692138671875,-0.028099801391363144,-0.1111774742603302,-0.2174680233001709,2025-07-01 17:17:55.119,1751370475119,-7069,-511,-3947,-289,-7,524
301,2025-07-01 17:17:55.500,2025-07-01 17:17:55.232662,0.5506663918495178,-9.114726066589355,3.8115692138671875,-0.028099801391363144,-0.1111774742603302,-0.2174680233001709,2025-07-01 17:17:55.211,1751370475211,-7124,-810,-3501,-270,-309,269
302,2025-07-01 17:17:55.592,2025-07-01 17:17:55.334096,0.24420857429504395,-8.458714485168457,4.81473970413208,0.23579397797584534,0.015882495790719986,-0.05864306539297104,2025-07-01 17:17:55.308,1751370475308,-7237,-887,-3476,27,-160,-94
303,2025-07-01 17:17:55.696,2025-07-01 17:17:55.432670,0.6584054827690125,-8.851364135742188,4.197035789489746,-0.44593164324760437,-0.13439035415649414,-0.15760323405265808,2025-07-01 17:17:55.397,1751370475397,-7392,-775,-3630,48,29,431
304,2025-07-01 17:17:55.790,2025-07-01 17:17:55.538404,1.3718775510787964,-9.907206535339355,2.8586769104003906,-0.11850785464048386,0.06352998316287994,0.07696902006864548,2025-07-01 17:17:55.574,1751370475574,-7170,-575,-3615,-33,-551,381
305,2025-07-01 17:17:56.091,2025-07-01 17:17:55.832854,0.033518824726343155,-9.454702377319336,3.361459255218506,0.5204572081565857,0.05742133408784866,-0.05009094998240471,2025-07-01 17:17:55.863,1751370475863,-7122,112,-3281,214,-138,232
306,2025-07-01 17:17:56.189,2025-07-01 17:17:55.933086,0.033518824726343155,-9.454702377319336,3.361459255218506,0.5204572081565857,0.05742133408784866,-0.05009094998240471,2025-07-01 17:17:55.946,1751370475946,-7392,-104,-3060,143,-309,-62
307,2025-07-01 17:17:56.290,2025-07-01 17:17:56.031598,1.3215993642807007,-8.281543731689453,4.443638324737549,0.039095375686883926,-0.02932153269648552,-0.04398229718208313,2025-07-01 17:17:56.020,1751370476020,-7141,-379,-3372,456,-592,290
308,2025-07-01 17:17:56.489,2025-07-01 17:17:56.231980,1.1252747774124146,-9.100360870361328,3.8786067962646484,-0.030543262138962746,-0.31031954288482666,-0.6438519954681396,2025-07-01 17:17:56.210,1751370476210,-7111,-356,-3377,455,-178,331
309,2025-07-01 17:17:56.593,2025-07-01 17:17:56.329824,1.6974890232086182,-8.707711219787598,3.3207578659057617,-0.18325957655906677,0.1417207419872284,0.35552358627319336,2025-07-01 17:17:56.311,1751370476311,-7760,99,-3149,247,84,-1
310,2025-07-01 17:17:56.689,2025-07-01 17:17:56.534579,-0.090979665517807,-10.33098030090332,2.7437551021575928,-0.042760565876960754,-0.2076941877603531,-0.2834414839744568,2025-07-01 17:17:56.574,1751370476574,-7370,-357,-2877,-321,-321,-283
311,2025-07-01 17:17:56.889,2025-07-01 17:17:56.633091,0.9911994934082031,-9.162610054016113,3.5386300086975098,-0.38117989897727966,0.19303341209888458,0.0708603709936142,2025-07-01 17:17:56.655,1751370476655,-7345,-134,-2697,-163,59,-357
312,2025-07-01 17:17:57.390,2025-07-01 17:17:57.133301,0.5841852426528931,-8.257601737976074,4.352658748626709,0.0,0.2871066629886627,0.5632177591323853,2025-07-01 17:17:57.103,1751370477103,-7532,-133,-2786,-42,101,-263
313,2025-07-01 17:17:57.794,2025-07-01 17:17:57.537352,-0.181959331035614,-10.805032730102539,2.094926595687866,0.11728613078594208,-0.10384709388017654,-0.27122417092323303,2025-07-01 17:17:57.549,1751370477549,-7284,-1103,-3043,-430,525,-1186
314,2025-07-01 17:17:57.889,2025-07-01 17:17:57.636359,-0.181959331035614,-10.805032730102539,2.094926595687866,0.11728613078594208,-0.10384709388017654,-0.27122417092323303,2025-07-01 17:17:57.664,1751370477664,-7117,-1055,-3624,-217,221,120
315,2025-07-01 17:17:58.006,2025-07-01 17:17:57.730028,0.569819986820221,-10.20887565612793,2.6168625354766846,-0.30054569244384766,0.10873401165008545,0.09896016865968704,2025-07-01 17:17:57.734,1751370477734,-7466,-823,-3299,-175,211,35
316,2025-07-01 17:17:58.113,2025-07-01 17:17:57.830716,0.2059013396501541,-9.840168952941895,2.6455929279327393,0.15027284622192383,-0.21013765037059784,-0.27122417092323303,2025-07-01 17:17:57.834,1751370477834,-7136,-644,-3302,19,48,-108
317,2025-07-01 17:17:58.189,2025-07-01 17:17:57.934037,0.9097966551780701,-7.424419403076172,2.5761611461639404,0.07819075137376785,0.15393804013729095,0.2125810980796814,2025-07-01 17:17:57.914,1751370477914,-7101,-654,-3712,-127,-43,-80
318,2025-07-01 17:17:58.495,2025-07-01 17:17:58.230141,1.0223240852355957,-8.324639320373535,3.60566782951355,0.20525072515010834,0.21380282938480377,0.17470745742321014,2025-07-01 17:17:58.207,1751370478207,-7452,-880,-3239,292,-373,631
319,2025-07-01 17:17:58.699,2025-07-01 17:17:58.430341,2.1380221843719482,-10.002974510192871,2.8850131034851074,-0.12217304855585098,0.04642575979232788,0.3286454975605011,2025-07-01 17:17:58.450,1751370478450,-7531,-612,-2945,471,-732,461
320,2025-07-01 17:17:58.802,2025-07-01 17:17:58.530498,0.043095629662275314,-9.749189376831055,2.9520506858825684,0.2528982162475586,0.03298672288656235,-0.13439035415649414,2025-07-01 17:17:58.560,1751370478560,-7388,-578,-2736,187,-523,309
321,2025-07-01 17:17:58.912,2025-07-01 17:17:58.634982,1.113303780555725,-9.588777542114258,3.2776620388031006,-0.17959438264369965,-0.00366519158706069,0.13927727937698364,2025-07-01 17:17:58.633,1751370478633,-7711,-575,-2695,253,-516,337
322,2025-07-01 17:17:59.004,2025-07-01 17:17:58.730394,0.0933738648891449,-9.248801231384277,3.627215623855591,0.06230825558304787,0.036651913076639175,-0.19303341209888458,2025-07-01 17:17:58.719,1751370478719,-7403,-385,-2939,534,-603,300
323,2025-07-01 17:17:59.291,2025-07-01 17:17:59.032761,0.8978256583213806,-9.181763648986816,3.1531636714935303,-0.26145032048225403,0.17837265133857727,-0.010995574295520782,2025-07-01 17:17:59.004,1751370479004,-7379,-421,-2695,535,-631,277
324,2025-07-01 17:17:59.592,2025-07-01 17:17:59.329399,0.667982280254364,-8.83699893951416,2.274491548538208,-0.16371189057826996,-0.04153883829712868,-0.024434609338641167,2025-07-01 17:17:59.354,1751370479354,-7949,-456,-1816,-279,-585,-193
325,2025-07-01 17:17:59.689,2025-07-01 17:17:59.430295,0.33758243918418884,-9.916783332824707,2.5522189140319824,-0.1918116807937622,0.08918632566928864,0.07696902006864548,2025-07-01 17:17:59.448,1751370479448,-7812,-469,-1813,92,-172,-158
326,2025-07-01 17:17:59.791,2025-07-01 17:17:59.531152,0.1173158809542656,-9.490615844726562,2.9759926795959473,-0.02687807008624077,-0.024434609338641167,-0.06230825558304787,2025-07-01 17:17:59.540,1751370479540,-7870,-418,-1708,-384,-115,-371
327,2025-07-01 17:17:59.999,2025-07-01 17:17:59.729974,1.7956513166427612,-9.169792175292969,3.354276657104492,-0.11850785464048386,0.05497787147760391,0.12339477986097336,2025-07-01 17:17:59.728,1751370479728,-8036,-771,-2122,-288,273,-101
328,2025-07-01 17:18:00.200,2025-07-01 17:17:59.929616,0.9648633003234863,-8.779537200927734,2.47560453414917,-0.2785545587539673,-0.10018189996480942,-0.19547687470912933,2025-07-01 17:17:59.933,1751370479933,-7612,-486,-1685,-161,67,-215
329,2025-07-01 17:18:00.392,2025-07-01 17:18:00.130949,3.469198226928711,-11.042057991027832,2.1284453868865967,0.33719760179519653,-0.3787364661693573,1.1032226085662842,2025-07-01 17:18:00.160,1751370480160,-7641,-841,-1990,-172,-119,-186
330,2025-07-01 17:18:00.495,2025-07-01 17:18:00.230806,0.16519992053508759,-9.485827445983887,3.5721490383148193,0.09896016865968704,-0.0024434609804302454,-0.0708603709936142,2025-07-01 17:18:00.247,1751370480247,-7672,-848,-2026,-162,316,-254
331,2025-07-01 17:18:00.689,2025-07-01 17:18:00.430898,0.2801215946674347,-9.837775230407715,3.203441858291626,0.18081611394882202,-0.04764748737215996,0.11728613078594208,2025-07-01 17:18:00.446,1751370480446,-7807,-723,-1934,674,1015,-256
332,2025-07-01 17:18:00.791,2025-07-01 17:18:00.530346,-0.4884171485900879,-8.334216117858887,3.021482467651367,-0.4960225820541382,0.11239920556545258,0.16371189057826996,2025-07-01 17:18:00.523,1751370480523,-7734,-659,-2228,278,881,-611
333,2025-07-01 17:18:00.891,2025-07-01 17:18:00.634903,0.8164227604866028,-10.235212326049805,1.5466543436050415,0.20525072515010834,-0.11728613078594208,-0.4813618063926697,2025-07-01 17:18:00.622,1751370480622,-7751,-967,-2995,-1031,970,-1135
334,2025-07-01 17:18:01.092,2025-07-01 17:18:00.829992,2.231395959854126,-10.414777755737305,3.134010076522827,-0.1466076523065567,-0.025656340643763542,0.1062905490398407,2025-07-01 17:18:00.816,1751370480816,-7072,-1231,-3278,-452,-65,-778
335,2025-07-01 17:18:01.390,2025-07-01 17:18:01.130274,-0.4118026793003082,-9.543288230895996,2.875436305999756,0.0757472887635231,0.08552113175392151,-0.13316862285137177,2025-07-01 17:18:01.154,1751370481154,-7085,-1221,-3252,267,309,-419
336,2025-07-01 17:18:01.490,2025-07-01 17:18:01.230007,0.9217676520347595,-9.758766174316406,3.1292216777801514,-0.13072516024112701,0.02076941914856434,0.11362093687057495,2025-07-01 17:18:01.260,1751370481260,-6911,-1525,-3262,-49,-91,-425
337,2025-07-01 17:18:01.590,2025-07-01 17:18:01.330357,-0.2585737705230713,-9.739612579345703,3.0526070594787598,0.32009339332580566,0.2015855312347412,-0.4691445231437683,2025-07-01 17:18:01.344,1751370481344,-7533,-1484,-3343,-326,-311,-182
338,2025-07-01 17:18:01.689,2025-07-01 17:18:01.430044,1.5107412338256836,-8.793902397155762,3.6822822093963623,-0.28955012559890747,0.0024434609804302454,0.4043927788734436,2025-07-01 17:18:01.420,1751370481420,-6816,-1908,-3252,-37,348,-178
339,2025-07-01 17:18:01.790,2025-07-01 17:18:01.530379,-0.3926490843296051,-9.406818389892578,2.9328970909118652,-0.7672467231750488,0.27611109614372253,-0.17959438264369965,2025-07-01 17:18:01.515,1751370481515,-7506,-1449,-3240,-257,137,125
340,2025-07-01 17:18:01.889,2025-07-01 17:18:01.630333,2.341529369354248,-8.564059257507324,3.995922565460205,1.0726794004440308,0.0757472887635231,0.35185837745666504,2025-07-01 17:18:01.614,1751370481614,-7118,-1499,-3264,-264,-101,51
341,2025-07-01 17:18:02.389,2025-07-01 17:18:02.130421,0.6871358752250671,-9.368511199951172,2.717418909072876,0.2028072625398636,-0.03420845419168472,-0.38606682419776917,2025-07-01 17:18:02.154,1751370482154,-7187,-1882,-3336,-98,-104,-259
342,2025-07-01 17:18:02.598,2025-07-01 17:18:02.330377,0.7015010714530945,-9.945513725280762,3.380612850189209,-0.47769662737846375,-0.17348572611808777,-0.021991148591041565,2025-07-01 17:18:02.319,1751370482319,-7215,-1807,-3443,87,104,-79
343,2025-07-01 17:18:02.689,2025-07-01 17:18:02.430462,-0.06224924325942993,-7.0126166343688965,1.764526605606079,0.9529497623443604,0.3799581825733185,0.1612684279680252,2025-07-01 17:18:02.439,1751370482439,-7177,-1457,-3350,-354,-291,-157
344,2025-07-01 17:18:02.808,2025-07-01 17:18:02.530326,0.33997663855552673,-9.634267807006836,1.6543933153152466,0.35063666105270386,0.02076941914856434,0.7770205736160278,2025-07-01 17:18:02.499,1751370482499,-7259,-1844,-3212,-212,84,-590
345,2025-07-01 17:18:03.297,2025-07-01 17:18:03.030442,1.256955862045288,-9.131484985351562,2.8371291160583496,-0.3689626157283783,-0.09529497474431992,-0.12095131725072861,2025-07-01 17:18:03.042,1751370483042,-6879,-1569,-3630,-113,-52,-105
346,2025-07-01 17:18:03.398,2025-07-01 17:18:03.130205,0.05267243832349777,-9.402029991149902,3.4835634231567383,0.836885392665863,0.0757472887635231,0.5057964324951172,2025-07-01 17:18:03.150,1751370483150,-7247,-1551,-3292,277,9,181
347,2025-07-01 17:18:03.501,2025-07-01 17:18:03.230149,0.7015010714530945,-9.691728591918945,2.892195701599121,-0.8307767510414124,-0.00733038317412138,0.05253441259264946,2025-07-01 17:18:03.217,1751370483217,-7237,-1217,-3270,224,-273,300
348,2025-07-01 17:18:03.599,2025-07-01 17:18:03.330351,0.6057330369949341,-9.349357604980469,2.410961151123047,0.42271876335144043,-0.10995574295520782,-0.3836233615875244,2025-07-01 17:18:03.347,1751370483347,-7100,-1218,-3260,343,277,-84
349,2025-07-01 17:18:03.697,2025-07-01 17:18:03.429376,-0.1604115068912506,-8.734047889709473,1.5131354331970215,-0.01466076634824276,-0.0024434609804302454,0.07819075137376785,2025-07-01 17:18:03.400,1751370483400,-7123,-1210,-3289,363,116,295
350,2025-07-01 17:18:03.791,2025-07-01 17:18:03.530289,0.9983820915222168,-8.808267593383789,3.4524388313293457,0.6572909951210022,-0.0024434609804302454,-0.44226643443107605,2025-07-01 17:18:03.524,1751370483524,-7140,-1339,-3226,115,-48,-108
351,2025-07-01 17:18:04.001,2025-07-01 17:18:03.730905,1.4891934394836426,-7.496245384216309,3.332728862762451,0.10751228034496307,0.00366519158706069,-0.2883284091949463,2025-07-01 17:18:03.766,1751370483766,-7125,-1208,-3434,-28,124,-80
352,2025-07-01 17:18:04.090,2025-07-01 17:18:03.830382,-0.11971008777618408,-9.813833236694336,2.7748796939849854,0.5864306092262268,0.1722639948129654,-0.26145032048225403,2025-07-01 17:18:03.846,1751370483846,-7315,-1190,-3057,312,81,-15
353,2025-07-01 17:18:04.303,2025-07-01 17:18:04.030244,-0.10534487664699554,-10.60391902923584,1.4748282432556152,-0.3836233615875244,-0.03298672288656235,-0.34086281061172485,2025-07-01 17:18:04.035,1751370484035,-7155,-1305,-3019,390,-562,306
354,2025-07-01 17:18:04.591,2025-07-01 17:18:04.330368,-1.4532804489135742,-9.35893440246582,1.9488801956176758,-0.059864792972803116,0.08918632566928864,0.13072516024112701,2025-07-01 17:18:04.306,1751370484306,-7113,-1454,-2764,272,-172,-283
355,2025-07-01 17:18:04.689,2025-07-01 17:18:04.330368,-1.4532804489135742,-9.35893440246582,1.9488801956176758,-0.059864792972803116,0.08918632566928864,0.13072516024112701,2025-07-01 17:18:04.306,1751370484306,-7113,-1454,-2764,272,-172,-283
356,2025-07-01 17:18:04.996,2025-07-01 17:18:04.730394,-0.24899697303771973,-9.739612579345703,2.6671407222747803,-0.8210029006004333,0.0659734457731247,-0.10018189996480942,2025-07-01 17:18:04.759,1751370484759,-7455,-1543,-2698,133,71,103
357,2025-07-01 17:18:05.089,2025-07-01 17:18:04.830466,1.7621324062347412,-8.518569946289062,3.620033025741577,1.1606439352035522,0.13561208546161652,0.8332201838493347,2025-07-01 17:18:04.843,1751370484843,-7458,-1567,-2835,-148,-357,47
358,2025-07-01 17:18:05.202,2025-07-01 17:18:04.930250,-1.0654197931289673,-11.037269592285156,3.028665065765381,-0.513126790523529,0.25534167885780334,0.49724429845809937,2025-07-01 17:18:04.943,1751370484943,-7671,-1384,-2484,-245,350,-101
359,2025-07-01 17:18:05.310,2025-07-01 17:18:05.029379,0.5051765441894531,-10.127472877502441,3.0119056701660156,0.9651671051979065,-0.21624629199504852,-0.720820963382721,2025-07-01 17:18:05.026,1751370485026,-7165,-1154,-2849,-623,288,-157
360,2025-07-01 17:18:05.390,2025-07-01 17:18:05.130244,-0.08379705995321274,-10.342951774597168,2.1475989818573,-0.06230825558304787,0.10262536257505417,-0.06230825558304787,2025-07-01 17:18:05.112,1751370485112,-7714,-1249,-2933,-638,614,-339
361,2025-07-01 17:18:05.590,2025-07-01 17:18:05.230329,0.7206547260284424,-11.200075149536133,1.53707754611969,-0.6316346526145935,-0.019547687843441963,0.8051204085350037,2025-07-01 17:18:05.205,1751370485205,-7325,-1632,-2514,-224,348,36
362,2025-07-01 17:18:05.896,2025-07-01 17:18:05.630191,-0.20111294090747833,-9.6989107131958,4.9368438720703125,-0.19303341209888458,0.03298672288656235,0.1160643994808197,2025-07-01 17:18:05.656,1751370485656,-7425,-1217,-3060,-136,184,-363
363,2025-07-01 17:18:05.995,2025-07-01 17:18:05.730402,1.5658079385757446,-8.729259490966797,-1.6663644313812256,-0.25534167885780334,-0.1966986060142517,-0.12339477986097336,2025-07-01 17:18:05.744,1751370485744,-7271,-1174,-3193,-784,558,-816
364,2025-07-01 17:18:06.091,2025-07-01 17:18:05.830481,-0.15801730751991272,-12.804190635681152,1.9847931861877441,-0.34086281061172485,-0.06719517707824707,-0.00855211354792118,2025-07-01 17:18:05.842,1751370485842,-7166,-1266,-3236,-512,523,-589
365,2025-07-01 17:18:06.291,2025-07-01 17:18:06.029625,-0.8643068075180054,-11.60948371887207,2.889801502227783,-0.48747047781944275,0.13439035415649414,0.4447098970413208,2025-07-01 17:18:06.027,1751370486027,-7124,-1238,-3284,1,547,-270
366,2025-07-01 17:18:06.389,2025-07-01 17:18:06.130317,0.12449848651885986,-6.390124320983887,4.8937482833862305,0.7843509912490845,0.08185594528913498,-0.2736676335334778,2025-07-01 17:18:06.107,1751370486107,-7526,-1356,-3400,-109,66,-93
367,2025-07-01 17:18:06.589,2025-07-01 17:18:06.330378,2.604891538619995,-9.44752025604248,3.205836057662964,-0.12461651116609573,-0.16249015927314758,0.4178318381309509,2025-07-01 17:18:06.293,1751370486293,-7226,-1185,-3644,-181,27,266
368,2025-07-01 17:18:06.789,2025-07-01 17:18:06.530273,0.706289529800415,-9.68694019317627,2.7461493015289307,0.10384709388017654,-0.04153883829712868,-0.3078760802745819,2025-07-01 17:18:06.545,1751370486545,-7183,-1005,-3236,341,-332,-75
369,2025-07-01 17:18:06.889,2025-07-01 17:18:06.629478,1.8483237028121948,-9.952696800231934,2.8395233154296875,-0.5338962078094482,0.17104226350784302,0.04398229718208313,2025-07-01 17:18:06.648,1751370486648,-7458,-1347,-3601,357,78,-18
370,2025-07-01 17:18:07.090,2025-07-01 17:18:06.730229,0.07422025501728058,-9.821015357971191,1.7334020137786865,-1.2986994981765747,-0.021991148591041565,0.16982053220272064,2025-07-01 17:18:06.728,1751370486728,-7384,-1317,-3418,1091,-605,-368
371,2025-07-01 17:18:07.195,2025-07-01 17:18:06.930282,-0.5626373887062073,-10.426748275756836,-0.33039984107017517,-0.10018189996480942,-0.2382374405860901,-0.2223549485206604,2025-07-01 17:18:06.917,1751370486917,-7280,-1262,-3135,800,-586,-137
372,2025-07-01 17:18:07.406,2025-07-01 17:18:07.130024,0.1388636976480484,-9.557653427124023,2.999934673309326,-0.23335053026676178,0.04886921867728233,0.12950342893600464,2025-07-01 17:18:07.119,1751370487119,-7533,-1419,-2907,-260,-257,-365
373,2025-07-01 17:18:07.500,2025-07-01 17:18:07.230421,-0.1628057211637497,-10.338163375854492,2.561795711517334,0.2480112910270691,-0.00366519158706069,-0.3995058834552765,2025-07-01 17:18:07.270,1751370487270,-7118,-1508,-2788,-880,-42,-156
374,2025-07-01 17:18:07.602,2025-07-01 17:18:07.330548,0.0933738648891449,-9.727641105651855,2.3558945655822754,-0.1258382350206375,0.025656340643763542,0.045204028487205505,2025-07-01 17:18:07.369,1751370487369,-7537,-1495,-2769,-823,225,-515
375,2025-07-01 17:18:07.711,2025-07-01 17:18:07.430901,0.3064578175544739,-9.526528358459473,2.7293899059295654,0.1160643994808197,0.00855211354792118,-0.1612684279680252,2025-07-01 17:18:07.450,1751370487450,-7407,-1459,-2800,-485,138,-136
376,2025-07-01 17:18:07.803,2025-07-01 17:18:07.530400,0.08140286058187485,-9.713275909423828,2.6671407222747803,0.06108652427792549,-0.0012217304902151227,0.18081611394882202,2025-07-01 17:18:07.559,1751370487559,-7118,-1425,-3017,-592,331,21
377,2025-07-01 17:18:07.889,2025-07-01 17:18:07.630541,0.08858546614646912,-9.502586364746094,3.162740468978882,0.16004669666290283,0.16493362188339233,-0.3029891550540924,2025-07-01 17:18:07.644,1751370487644,-7467,-1633,-3007,-305,296,-50
378,2025-07-01 17:18:07.993,2025-07-01 17:18:07.730118,0.6320692300796509,-9.354146003723145,2.8203697204589844,-0.1514945775270462,-0.021991148591041565,0.0659734457731247,2025-07-01 17:18:07.740,1751370487740,-7426,-1639,-3057,103,320,266
379,2025-07-01 17:18:08.100,2025-07-01 17:18:07.830321,0.569819986820221,-9.38048267364502,2.786850690841675,0.006108652334660292,-0.006108652334660292,-0.02076941914856434,2025-07-01 17:18:07.845,1751370487845,-7167,-1248,-2975,-127,28,296
380,2025-07-01 17:18:08.195,2025-07-01 17:18:07.930344,0.4812345504760742,-9.50737476348877,2.5713725090026855,-0.2015855312347412,-0.024434609338641167,0.00855211354792118,2025-07-01 17:18:07.899,1751370487899,-7135,-1537,-3167,121,126,-28
381,2025-07-01 17:18:08.608,2025-07-01 17:18:08.330408,0.17477671802043915,-10.182539939880371,2.032677173614502,0.02321287989616394,0.028099801391363144,-0.09407325088977814,2025-07-01 17:18:08.348,1751370488348,-7386,-1241,-3129,296,269,261
382,2025-07-01 17:18:08.701,2025-07-01 17:18:08.430437,0.7158663272857666,-9.536105155944824,2.4468741416931152,-0.5424483418464661,-0.18570303916931152,0.15271630883216858,2025-07-01 17:18:08.454,1751370488454,-7144,-1180,-3199,-119,-265,-119
383,2025-07-01 17:18:08.800,2025-07-01 17:18:08.530528,0.06703764945268631,-9.330204010009766,3.603273630142212,0.5400048494338989,0.042760565876960754,-0.27977627515792847,2025-07-01 17:18:08.550,1751370488550,-7360,-1305,-2806,-123,-137,120
384,2025-07-01 17:18:08.899,2025-07-01 17:18:08.630347,0.8403648138046265,-8.635885238647461,3.622427225112915,-0.2577851414680481,0.0012217304902151227,0.3127630054950714,2025-07-01 17:18:08.635,1751370488635,-7202,-1574,-2975,173,-291,14
385,2025-07-01 17:18:08.995,2025-07-01 17:18:08.730362,-0.22266076505184174,-11.233593940734863,0.6775590777397156,-0.3995058834552765,0.06719517707824707,-0.40072759985923767,2025-07-01 17:18:08.708,1751370488708,-7209,-1555,-3019,169,127,-317
386,2025-07-01 17:18:09.189,2025-07-01 17:18:08.830356,0.7422025203704834,-9.423578262329102,2.0183119773864746,-0.09651670604944229,-0.01710422709584236,0.04764748737215996,2025-07-01 17:18:08.804,1751370488804,-7475,-1186,-2998,339,367,-352
387,2025-07-01 17:18:09.290,2025-07-01 17:18:09.030216,-0.10055647045373917,-10.043676376342773,2.6862943172454834,-1.1728612184524536,0.13561208546161652,0.5558874011039734,2025-07-01 17:18:08.995,1751370488995,-7702,-1174,-3145,-112,63,120
388,2025-07-01 17:18:09.495,2025-07-01 17:18:09.230126,0.24660277366638184,-9.995792388916016,2.5953147411346436,0.3481931984424591,0.010995574295520782,-0.2675589919090271,2025-07-01 17:18:09.252,1751370489252,-7338,-1389,-2710,242,-543,291
389,2025-07-01 17:18:09.590,2025-07-01 17:18:09.330352,0.3471592366695404,-9.607931137084961,2.87064790725708,-0.3738495409488678,0.019547687843441963,0.5302310585975647,2025-07-01 17:18:09.353,1751370489353,-7562,-1359,-2852,288,274,50
390,2025-07-01 17:18:09.689,2025-07-01 17:18:09.430165,-0.31842881441116333,-6.931213855743408,5.135562419891357,0.7672467231750488,0.06352998316287994,-0.4813618063926697,2025-07-01 17:18:09.429,1751370489429,-7373,-1206,-2875,309,-162,99
391,2025-07-01 17:18:09.789,2025-07-01 17:18:09.530575,-0.6344634294509888,-9.53849983215332,2.169146776199341,-1.214400053024292,0.2687807083129883,0.16982053220272064,2025-07-01 17:18:09.525,1751370489525,-7739,-1367,-2869,294,365,-291
392,2025-07-01 17:18:09.894,2025-07-01 17:18:09.630170,0.9720458984375,-9.72285270690918,2.0925323963165283,0.6805039048194885,-0.18570303916931152,-0.6585127115249634,2025-07-01 17:18:09.619,1751370489619,-7422,-1241,-2446,90,-267,-42
393,2025-07-01 17:18:09.992,2025-07-01 17:18:09.729460,0.3734954595565796,-8.01339340209961,2.248155355453491,-0.6218608021736145,0.2382374405860901,-0.22968533635139465,2025-07-01 17:18:09.698,1751370489698,-7319,-1273,-2541,107,-293,-122
394,2025-07-01 17:18:10.190,2025-07-01 17:18:09.929948,0.6823474764823914,-9.983820915222168,1.5705963373184204,-0.6157521605491638,0.17592918872833252,0.10506882518529892,2025-07-01 17:18:09.894,1751370489894,-7522,-1267,-2857,-121,6,106
395,2025-07-01 17:18:10.289,2025-07-01 17:18:10.030541,1.4053963422775269,-8.865729331970215,3.4572272300720215,0.7562511563301086,-0.0659734457731247,-0.3139847218990326,2025-07-01 17:18:10.061,1751370490061,-7298,-1275,-2689,49,-112,-312
396,2025-07-01 17:18:10.489,2025-07-01 17:18:10.229574,0.8068459630012512,-9.806650161743164,2.406172752380371,0.15027284622192383,-0.009773843921720982,-0.19914206862449646,2025-07-01 17:18:10.260,1751370490260,-7541,-1556,-2483,321,75,-362
397,2025-07-01 17:18:10.589,2025-07-01 17:18:10.330095,1.436521053314209,-10.383652687072754,1.9369091987609863,0.1319468915462494,-0.11728613078594208,0.4495968222618103,2025-07-01 17:18:10.337,1751370490337,-7534,-1474,-2474,113,107,-256
398,2025-07-01 17:18:10.695,2025-07-01 17:18:10.430376,-0.07661445438861847,-10.563218116760254,2.049436569213867,-0.8100073337554932,0.02687807008624077,0.1820378452539444,2025-07-01 17:18:10.431,1751370490431,-7967,-1404,-2504,562,899,-1718
399,2025-07-01 17:18:10.789,2025-07-01 17:18:10.530027,0.545877993106842,-9.59835433959961,1.9297266006469727,0.8759807348251343,-0.019547687843441963,-0.16982053220272064,2025-07-01 17:18:10.509,1751370490509,-7366,-1873,-2905,78,369,-1095
400,2025-07-01 17:18:11.289,2025-07-01 17:18:11.030129,0.2298433631658554,-10.366893768310547,2.2601263523101807,0.024434609338641167,0.06230825558304787,-0.030543262138962746,2025-07-01 17:18:11.052,1751370491052,-7166,-2101,-2898,-632,4,-861
401,2025-07-01 17:18:11.690,2025-07-01 17:18:11.430112,-0.05746084079146385,-11.307814598083496,0.4118026793003082,-0.07208210229873657,-0.02687807008624077,-0.09651670604944229,2025-07-01 17:18:11.420,1751370491420,-7336,-1776,-2727,254,287,-101
402,2025-07-01 17:18:11.889,2025-07-01 17:18:11.629951,1.137245774269104,-9.885659217834473,2.9903578758239746,0.2968805134296417,-0.03176499158143997,-0.0354301854968071,2025-07-01 17:18:11.611,1751370491611,-7485,-1790,-2703,101,75,-69
403,2025-07-01 17:18:12.200,2025-07-01 17:18:11.929929,1.1204863786697388,-9.564835548400879,2.164358377456665,0.1319468915462494,0.05864306539297104,0.009773843921720982,2025-07-01 17:18:11.948,1751370491948,-7495,-2057,-2887,-49,-233,291
404,2025-07-01 17:18:12.297,2025-07-01 17:18:12.029950,0.11013327538967133,-8.760383605957031,3.445256233215332,-0.4202753007411957,-0.11972958594560623,0.1722639948129654,2025-07-01 17:18:12.053,1751370492053,-7305,-1772,-2895,430,-376,1290
405,2025-07-01 17:18:12.398,2025-07-01 17:18:12.130243,0.15801730751991272,-10.235212326049805,0.5841852426528931,0.19303341209888458,0.06475171446800232,-0.3445279896259308,2025-07-01 17:18:12.136,1751370492136,-7796,-1630,-2612,824,-767,739
406,2025-07-01 17:18:12.496,2025-07-01 17:18:12.230353,1.6927006244659424,-9.821015357971191,2.0446481704711914,-0.14538592100143433,-0.024434609338641167,0.17104226350784302,2025-07-01 17:18:12.252,1751370492252,-7692,-1232,-2579,461,-220,742
407,2025-07-01 17:18:12.601,2025-07-01 17:18:12.329712,-0.11252748221158981,-10.857705116271973,1.647210717201233,-0.616973876953125,0.08552113175392151,0.22846360504627228,2025-07-01 17:18:12.318,1751370492318,-7885,-1000,-1974,373,-869,705
408,2025-07-01 17:18:12.695,2025-07-01 17:18:12.430080,1.3048399686813354,-8.793902397155762,2.5282769203186035,0.006108652334660292,0.09896016865968704,-0.036651913076639175,2025-07-01 17:18:12.400,1751370492400,-7976,-1310,-2172,305,-1089,687
409,2025-07-01 17:18:12.809,2025-07-01 17:18:12.530204,0.3926490843296051,-9.854534149169922,2.1763293743133545,-1.3487904071807861,0.02932153269648552,0.22357667982578278,2025-07-01 17:18:12.498,1751370492498,-7658,-900,-2372,229,-394,146
410,2025-07-01 17:18:12.899,2025-07-01 17:18:12.630118,0.2298433631658554,-12.51209831237793,1.0007762908935547,0.2919935882091522,0.35185837745666504,0.675616979598999,2025-07-01 17:18:12.668,1751370492668,-7553,-1183,-1271,368,-667,-1475
411,2025-07-01 17:18:13.295,2025-07-01 17:18:13.030358,0.023942016065120697,-15.852009773254395,3.7038300037384033,0.48747047781944275,0.2577851414680481,0.7525860071182251,2025-07-01 17:18:13.040,1751370493040,-7334,-2879,-1558,-1094,456,-692
412,2025-07-01 17:18:13.401,2025-07-01 17:18:13.130174,0.4884171485900879,-9.409213066101074,2.846705913543701,0.2064724564552307,-0.015882495790719986,-0.3433062732219696,2025-07-01 17:18:13.130,1751370493130,-7341,-2151,-2184,-1329,951,404
413,2025-07-01 17:18:13.496,2025-07-01 17:18:13.230170,1.6352397203445435,-10.577583312988281,2.535459518432617,-0.3139847218990326,-0.294437050819397,1.0580185651779175,2025-07-01 17:18:13.214,1751370493214,-7570,-1725,-2913,-1364,1392,522
414,2025-07-01 17:18:13.700,2025-07-01 17:18:13.430054,1.3239935636520386,-10.230423927307129,1.9512743949890137,0.39217549562454224,0.01710422709584236,0.18814650177955627,2025-07-01 17:18:13.405,1751370493405,-7307,-1698,-2793,-913,897,139
415,2025-07-01 17:18:13.798,2025-07-01 17:18:13.530221,-1.0749965906143188,-10.14902114868164,2.4181437492370605,-0.04398229718208313,-0.04764748737215996,-0.015882495790719986,2025-07-01 17:18:13.500,1751370493500,-7748,-1788,-2708,-477,847,67
416,2025-07-01 17:18:13.993,2025-07-01 17:18:13.733616,1.0079588890075684,-9.17697525024414,2.33913516998291,1.19607412815094,-0.20402899384498596,-0.018325956538319588,2025-07-01 17:18:13.745,1751370493745,-7492,-1869,-3149,-122,-83,-32
417,2025-07-01 17:18:14.097,2025-07-01 17:18:13.830289,-0.4620809257030487,-10.618284225463867,2.188300371170044,-0.08185594528913498,0.10506882518529892,0.1563815027475357,2025-07-01 17:18:13.844,1751370493844,-7375,-1473,-3076,159,82,266
418,2025-07-01 17:18:14.189,2025-07-01 17:18:13.930742,0.4908113479614258,-9.526528358459473,3.0166940689086914,0.06841690838336945,-0.05619960278272629,-0.025656340643763542,2025-07-01 17:18:13.941,1751370493941,-7090,-1681,-3120,169,76,69
419,2025-07-01 17:18:14.298,2025-07-01 17:18:14.030617,0.8140285611152649,-9.512163162231445,2.188300371170044,0.46181413531303406,-0.0024434609804302454,0.08674286305904388,2025-07-01 17:18:14.036,1751370494036,-7461,-1878,-3120,-55,64,267
420,2025-07-01 17:18:14.595,2025-07-01 17:18:14.330525,-0.21547815203666687,-9.299078941345215,1.2234370708465576,-0.08552113175392151,0.00855211354792118,0.051312681287527084,2025-07-01 17:18:14.298,1751370494298,-7497,-1691,-3096,120,-287,161
421,2025-07-01 17:18:14.691,2025-07-01 17:18:14.429421,0.1604115068912506,-9.44991397857666,2.126051187515259,0.2883284091949463,0.015882495790719986,-0.10262536257505417,2025-07-01 17:18:14.470,1751370494470,-7943,-1664,-2609,619,-855,461
422,2025-07-01 17:18:14.900,2025-07-01 17:18:14.630217,-0.8044517636299133,-11.085153579711914,0.5267243981361389,0.00855211354792118,0.04886921867728233,-0.12339477986097336,2025-07-01 17:18:14.660,1751370494660,-8194,-991,-2157,1344,-1141,1003
423,2025-07-01 17:18:15.089,2025-07-01 17:18:14.830280,-1.173158884048462,-10.228029251098633,0.011971008032560349,0.04886921867728233,0.12095131725072861,-0.4300491213798523,2025-07-01 17:18:14.825,1751370494825,-8207,-652,-1857,644,-1082,145
424,2025-07-01 17:18:15.202,2025-07-01 17:18:14.933350,1.5155296325683594,-8.81784439086914,2.7533318996429443,-0.6536257863044739,0.07819075137376785,0.22479841113090515,2025-07-01 17:18:14.929,1751370494929,-7900,-753,-1802,497,-1014,299
425,2025-07-01 17:18:15.291,2025-07-01 17:18:15.030165,-0.363918662071228,-10.759542465209961,-0.2059013396501541,0.3176499307155609,-0.00855211354792118,-0.4593706727027893,2025-07-01 17:18:15.027,1751370495027,-7823,-1393,-538,1794,-1230,1439
426,2025-07-01 17:18:15.389,2025-07-01 17:18:15.130170,1.2114660739898682,-9.47146224975586,2.2385785579681396,0.10018189996480942,-0.05497787147760391,-0.021991148591041565,2025-07-01 17:18:15.106,1751370495106,-7570,-931,-249,1892,-1004,2164
427,2025-07-01 17:18:15.490,2025-07-01 17:18:15.230542,-0.7661445140838623,-9.892841339111328,1.01753568649292,-0.19914206862449646,0.11239920556545258,0.08796459436416626,2025-07-01 17:18:15.206,1751370495206,-7637,93,-637,436,215,1984
428,2025-07-01 17:18:15.589,2025-07-01 17:18:15.330155,1.6065093278884888,-9.349357604980469,3.426102638244629,0.3237585723400116,-0.006108652334660292,-0.06963863968849182,2025-07-01 17:18:15.315,1751370495315,-8377,197,-856,-471,877,1226
429,2025-07-01 17:18:15.789,2025-07-01 17:18:15.529532,-0.26096799969673157,-10.527304649353027,0.790086567401886,-1.1203268766403198,0.16249015927314758,0.16493362188339233,2025-07-01 17:18:15.547,1751370495547,-8104,413,-1316,-1700,816,-145
430,2025-07-01 17:18:15.889,2025-07-01 17:18:15.630038,-0.5003881454467773,-12.138602256774902,1.357512354850769,1.2217304706573486,0.08552113175392151,0.5681046843528748,2025-07-01 17:18:15.653,1751370495653,-8226,965,-1892,-756,2236,76
431,2025-07-01 17:18:16.007,2025-07-01 17:18:15.730146,0.2849099934101105,-7.122750282287598,0.8930372595787048,-0.6866125464439392,-0.24678955972194672,-0.5192354321479797,2025-07-01 17:18:15.731,1751370495731,-7501,-98,-1737,-744,3529,-2084
432,2025-07-01 17:18:16.089,2025-07-01 17:18:15.830309,0.1173158809542656,-10.450690269470215,0.9217676520347595,-0.34574973583221436,-0.03787364438176155,0.22357667982578278,2025-07-01 17:18:15.842,1751370495842,-7829,-287,-2419,-878,1470,-1467
433,2025-07-01 17:18:16.204,2025-07-01 17:18:15.930939,0.08140286058187485,-10.78587818145752,1.6831238269805908,-0.051312681287527084,-0.03176499158143997,0.02321287989616394,2025-07-01 17:18:15.924,1751370495924,-8125,-2818,-1661,-2631,1357,-2253
434,2025-07-01 17:18:16.289,2025-07-01 17:18:16.030970,-0.06464344263076782,-9.909601211547852,1.0223240852355957,-0.024434609338641167,0.0708603709936142,-0.0012217304902151227,2025-07-01 17:18:16.013,1751370496013,-7516,-608,-2959,4431,-3953,-5435
435,2025-07-01 17:18:16.598,2025-07-01 17:18:16.330253,0.07900865375995636,-9.84495735168457,1.2880805730819702,-0.09529497474431992,0.006108652334660292,0.06230825558304787,2025-07-01 17:18:16.316,1751370496316,-7616,-2019,-1111,1900,-1971,-1739
436,2025-07-01 17:18:16.712,2025-07-01 17:18:16.430409,0.10773907601833344,-9.526528358459473,1.7980455160140991,0.01466076634824276,-0.03298672288656235,0.01466076634824276,2025-07-01 17:18:16.454,1751370496454,-8208,-2280,-391,3581,-139,3078
437,2025-07-01 17:18:16.800,2025-07-01 17:18:16.529581,-0.1604115068912506,-10.158597946166992,1.0438719987869263,0.1612684279680252,-0.07330382615327835,0.15271630883216858,2025-07-01 17:18:16.538,1751370496538,-8240,-2597,-417,3916,-192,4105
438,2025-07-01 17:18:16.894,2025-07-01 17:18:16.630059,-1.113303780555725,-7.970297336578369,3.047818660736084,1.3842206001281738,-0.08918632566928864,-0.11850785464048386,2025-07-01 17:18:16.650,1751370496650,-6590,-3698,-2465,-5685,4049,1106
439,2025-07-01 17:18:16.993,2025-07-01 17:18:16.730532,0.507570743560791,-8.96149730682373,1.9033904075622559,0.12339477986097336,0.37629300355911255,0.1160643994808197,2025-07-01 17:18:16.719,1751370496719,-6993,-3606,-2776,-598,2503,2188
440,2025-07-01 17:18:17.091,2025-07-01 17:18:16.830191,0.3016694188117981,-10.230423927307129,2.4899697303771973,0.20402899384498596,-0.012217304669320583,-0.17959438264369965,2025-07-01 17:18:16.842,1751370496842,-7162,-3470,-2580,4271,-4011,-350
441,2025-07-01 17:18:17.293,2025-07-01 17:18:17.030162,0.0694318488240242,-10.012551307678223,4.376600742340088,-0.1918116807937622,0.036651913076639175,-0.05375614017248154,2025-07-01 17:18:16.999,1751370496999,-6884,-3917,-1787,373,-317,-974
442,2025-07-01 17:18:17.494,2025-07-01 17:18:17.230226,-0.7829039692878723,-9.469067573547363,1.9273324012756348,-0.4251621961593628,0.21624629199504852,0.1062905490398407,2025-07-01 17:18:17.268,1751370497268,-6923,-4152,-1754,-135,-159,-769
443,2025-07-01 17:18:17.594,2025-07-01 17:18:17.330222,0.7445967197418213,-8.702922821044922,4.520252704620361,0.8283332586288452,0.07452555745840073,-0.22357667982578278,2025-07-01 17:18:17.365,1751370497365,-7006,-3796,-1904,18,14,-794
444,2025-07-01 17:18:17.697,2025-07-01 17:18:17.430042,0.2992752194404602,-9.588777542114258,2.999934673309326,-0.607200026512146,0.1270599663257599,-0.030543262138962746,2025-07-01 17:18:17.447,1751370497447,-6985,-3746,-1772,-378,-154,-176
445,2025-07-01 17:18:17.794,2025-07-01 17:18:17.530347,0.8379706144332886,-9.351752281188965,3.203441858291626,0.17837265133857727,-0.09651670604944229,-0.05742133408784866,2025-07-01 17:18:17.551,1751370497551,-6561,-4057,-2067,-684,-358,-607
446,2025-07-01 17:18:17.899,2025-07-01 17:18:17.630055,-0.19871874153614044,-9.66539192199707,3.6391866207122803,-0.1111774742603302,0.09529497474431992,-0.08185594528913498,2025-07-01 17:18:17.617,1751370497617,-6766,-4386,-2106,-679,-346,-619
447,2025-07-01 17:18:18.097,2025-07-01 17:18:17.730416,0.6392518281936646,-9.667786598205566,3.7038300037384033,-0.05253441259264946,-0.09529497474431992,0.6120869517326355,2025-07-01 17:18:17.724,1751370497724,-6414,-4693,-1693,-63,37,-489
448,2025-07-01 17:18:18.190,2025-07-01 17:18:17.730416,0.6392518281936646,-9.667786598205566,3.7038300037384033,-0.05253441259264946,-0.09529497474431992,0.6120869517326355,2025-07-01 17:18:17.724,1751370497724,-6414,-4693,-1693,-63,37,-489
449,2025-07-01 17:18:18.296,2025-07-01 17:18:18.030426,-0.3998316824436188,-8.619126319885254,2.2385785579681396,-0.7391469478607178,0.21991148591041565,0.15271630883216858,2025-07-01 17:18:17.995,1751370497995,-6294,-4417,-2402,94,47,592
450,2025-07-01 17:18:18.395,2025-07-01 17:18:18.130281,0.5841852426528931,-9.102754592895508,4.616020679473877,0.8991936445236206,0.015882495790719986,-0.3445279896259308,2025-07-01 17:18:18.097,1751370498097,-6973,-3990,-1958,-306,-271,388
451,2025-07-01 17:18:18.490,2025-07-01 17:18:18.230105,0.9888052940368652,-9.38048267364502,2.851494312286377,-0.27488934993743896,-0.10384709388017654,0.35552358627319336,2025-07-01 17:18:18.246,1751370498246,-6996,-3780,-2347,-339,-56,161
452,2025-07-01 17:18:18.593,2025-07-01 17:18:18.329546,1.7573440074920654,-13.781024932861328,-0.8092401623725891,-1.4379768371582031,-0.3591887652873993,1.2999212741851807,2025-07-01 17:18:18.345,1751370498345,-7014,-3835,-2110,-636,-108,466
453,2025-07-01 17:18:18.691,2025-07-01 17:18:18.430442,-2.008735179901123,-8.018181800842285,-0.8547300100326538,0.7305948138237,-1.0775662660598755,0.9773843884468079,2025-07-01 17:18:18.465,1751370498465,-6778,-3932,-2078,-606,235,431
454,2025-07-01 17:18:18.817,2025-07-01 17:18:18.430442,-2.008735179901123,-8.018181800842285,-0.8547300100326538,0.7305948138237,-1.0775662660598755,0.9773843884468079,2025-07-01 17:18:18.465,1751370498465,-6778,-3932,-2078,-606,235,431
455,2025-07-01 17:18:18.889,2025-07-01 17:18:18.630030,-1.0462661981582642,-9.919178009033203,3.1028854846954346,-1.2034045457839966,-0.9847147464752197,-0.09040805697441101,2025-07-01 17:18:18.623,1751370498623,-6619,-3659,-2569,-858,-42,863
456,2025-07-01 17:18:19.090,2025-07-01 17:18:18.830077,0.5841852426528931,-11.736376762390137,4.252102375030518,0.789237916469574,-0.1869247704744339,-0.44593164324760437,2025-07-01 17:18:18.816,1751370498816,-6842,-2998,-2595,-1282,588,986
457,2025-07-01 17:18:19.189,2025-07-01 17:18:18.830077,0.5841852426528931,-11.736376762390137,4.252102375030518,0.789237916469574,-0.1869247704744339,-0.44593164324760437,2025-07-01 17:18:18.822,1751370498822,-7233,-2843,-2448,-849,612,668
458,2025-07-01 17:18:19.590,2025-07-01 17:18:19.330269,-0.7015010714530945,-9.983820915222168,3.6104562282562256,0.26022860407829285,0.05619960278272629,0.2272418737411499,2025-07-01 17:18:19.344,1751370499344,-7443,-2484,-2922,-267,116,137
459,2025-07-01 17:18:19.690,2025-07-01 17:18:19.430437,-0.10055647045373917,-9.50498104095459,3.485957622528076,-0.34574973583221436,-0.024434609338641167,-0.16859880089759827,2025-07-01 17:18:19.426,1751370499426,-7153,-2257,-2779,-178,-322,-74
460,2025-07-01 17:18:20.189,2025-07-01 17:18:19.930220,-0.10055647045373917,-9.239224433898926,3.2632968425750732,-0.08185594528913498,-0.02687807008624077,-0.1966986060142517,2025-07-01 17:18:19.967,1751370499967,-7257,-3396,-1673,2806,-1536,445
461,2025-07-01 17:18:20.289,2025-07-01 17:18:20.030116,-0.05506663769483566,-9.428366661071777,3.112462282180786,-0.059864792972803116,-0.00855211354792118,-0.051312681287527084,2025-07-01 17:18:20.057,1751370500057,-6994,-3171,-1475,3704,-1230,193
462,2025-07-01 17:18:20.389,2025-07-01 17:18:20.130112,0.1388636976480484,-9.167398452758789,3.397372245788574,0.13316862285137177,-0.010995574295520782,-0.03176499158143997,2025-07-01 17:18:20.155,1751370500155,-7193,-2615,-1118,4187,108,138
463,2025-07-01 17:18:20.596,2025-07-01 17:18:20.330183,-0.07900865375995636,-9.23682975769043,3.49314022064209,0.09773843735456467,0.015882495790719986,0.045204028487205505,2025-07-01 17:18:20.340,1751370500340,-8231,-3084,-2329,1048,1112,-1758
464,2025-07-01 17:18:20.699,2025-07-01 17:18:20.430781,-0.16759411990642548,-9.27034854888916,3.4620156288146973,-0.12950342893600464,0.01466076634824276,0.02076941914856434,2025-07-01 17:18:20.407,1751370500407,-8498,-4275,-1501,1312,-654,-1679
465,2025-07-01 17:18:20.789,2025-07-01 17:18:20.530067,-0.10773907601833344,-9.349357604980469,3.184288263320923,0.006108652334660292,-0.0012217304902151227,-0.00733038317412138,2025-07-01 17:18:20.505,1751370500505,-7533,-2743,-1841,399,-5306,1191
466,2025-07-01 17:18:20.889,2025-07-01 17:18:20.630069,-0.13407529890537262,-9.41400146484375,3.071760892868042,-0.019547687843441963,0.004886921960860491,0.018325956538319588,2025-07-01 17:18:20.604,1751370500604,-7163,-3458,-644,3604,3261,-539
467,2025-07-01 17:18:21.290,2025-07-01 17:18:21.031123,-0.22505496442317963,-9.32302188873291,3.2321722507476807,-0.14294247329235077,0.05009094998240471,-0.012217304669320583,2025-07-01 17:18:21.070,1751370501070,-7184,-4267,1572,-10466,-3613,-8863
468,2025-07-01 17:18:21.389,2025-07-01 17:18:21.130243,-0.4357447028160095,-9.251194953918457,3.265691041946411,0.006108652334660292,0.0403171069920063,0.06230825558304787,2025-07-01 17:18:21.139,1751370501139,-4826,-6369,16,-6631,-79,-6053
469,2025-07-01 17:18:21.498,2025-07-01 17:18:21.230150,0.9097966551780701,-10.678139686584473,4.833893299102783,-0.19547687470912933,0.0,0.030543262138962746,2025-07-01 17:18:21.230,1751370501230,-5168,-6556,-656,-2613,838,2319
470,2025-07-01 17:18:21.600,2025-07-01 17:18:21.330004,-0.4405331015586853,-9.466673851013184,2.918531894683838,-0.22113321721553802,0.024434609338641167,-0.0659734457731247,2025-07-01 17:18:21.328,1751370501328,-5770,-6198,-830,4109,-1747,6033
471,2025-07-01 17:18:21.700,2025-07-01 17:18:21.431535,-0.3734954595565796,-9.5624418258667,2.5785553455352783,0.0659734457731247,-0.006108652334660292,0.025656340643763542,2025-07-01 17:18:21.402,1751370501402,-5878,-5414,-395,6036,-2145,6040
472,2025-07-01 17:18:21.994,2025-07-01 17:18:21.730059,-0.40701428055763245,-9.437943458557129,2.846705913543701,-0.030543262138962746,0.018325956538319588,-0.018325956538319588,2025-07-01 17:18:21.768,1751370501768,-5670,-6095,1535,710,638,-1251
473,2025-07-01 17:18:22.090,2025-07-01 17:18:21.830108,-0.3878606855869293,-9.569623947143555,2.583343744277954,-0.13072516024112701,0.019547687843441963,-0.004886921960860491,2025-07-01 17:18:21.867,1751370501867,-5060,-6422,1818,859,632,-926
474,2025-07-01 17:18:22.201,2025-07-01 17:18:21.930791,-0.3519476354122162,-9.603142738342285,2.5546131134033203,-0.08552113175392151,0.012217304669320583,-0.0354301854968071,2025-07-01 17:18:21.951,1751370501951,-5061,-6463,1811,1038,803,-936
475,2025-07-01 17:18:22.305,2025-07-01 17:18:22.029883,-0.2537853717803955,-9.473855972290039,2.647987127304077,0.019547687843441963,0.00855211354792118,-0.006108652334660292,2025-07-01 17:18:22.061,1751370502061,-5225,-6510,1882,1202,445,524
476,2025-07-01 17:18:22.390,2025-07-01 17:18:22.129533,-0.28969839215278625,-9.536105155944824,2.492363929748535,-0.09285151958465576,0.0,0.0012217304902151227,2025-07-01 17:18:22.132,1751370502132,-4846,-6565,1522,-947,1672,-219
477,2025-07-01 17:18:22.493,2025-07-01 17:18:22.230294,-0.19871874153614044,-9.648633003234863,2.31758713722229,-0.08307767659425735,0.010995574295520782,-0.012217304669320583,2025-07-01 17:18:22.215,1751370502215,-5073,-6726,988,-485,1429,1203
478,2025-07-01 17:18:22.594,2025-07-01 17:18:22.330080,-0.2513911724090576,-9.600749015808105,2.3965959548950195,-0.030543262138962746,0.0012217304902151227,-0.02932153269648552,2025-07-01 17:18:22.307,1751370502307,-5461,-6735,1307,-490,976,2099
479,2025-07-01 17:18:22.897,2025-07-01 17:18:22.630407,-0.3256114423274994,-9.646238327026367,2.3080103397369385,0.00366519158706069,0.0,-0.00366519158706069,2025-07-01 17:18:22.665,1751370502665,-5013,-6775,1334,-31,736,2526
480,2025-07-01 17:18:22.996,2025-07-01 17:18:22.731155,-0.3471592366695404,-9.59835433959961,2.3056161403656006,0.01710422709584236,0.004886921960860491,-0.013439035043120384,2025-07-01 17:18:22.764,1751370502764,-5643,-6429,1287,1313,1676,3053
481,2025-07-01 17:18:23.093,2025-07-01 17:18:22.829633,-0.2825157940387726,-9.639056205749512,2.343923568725586,0.00733038317412138,0.004886921960860491,-0.015882495790719986,2025-07-01 17:18:22.844,1751370502844,-8521,-435,97,-1139,810,4278
482,2025-07-01 17:18:23.189,2025-07-01 17:18:22.930243,-0.26575639843940735,-9.627084732055664,2.2864625453948975,-0.019547687843441963,0.0012217304902151227,-0.00855211354792118,2025-07-01 17:18:22.943,1751370502943,-8549,53,42,-3352,-236,-3381
483,2025-07-01 17:18:23.293,2025-07-01 17:18:22.930243,-0.26575639843940735,-9.627084732055664,2.2864625453948975,-0.019547687843441963,0.0012217304902151227,-0.00855211354792118,2025-07-01 17:18:22.943,1751370502943,-8549,53,42,-3352,-236,-3381
484,2025-07-01 17:18:23.391,2025-07-01 17:18:23.130863,-0.3711012601852417,-9.653421401977539,2.3582887649536133,-0.004886921960860491,0.0,0.01710422709584236,2025-07-01 17:18:23.121,1751370503121,-8150,-1706,192,-2106,-1055,-1727
485,2025-07-01 17:18:23.593,2025-07-01 17:18:23.230783,-0.3423708379268646,-9.677363395690918,2.3032219409942627,-0.010995574295520782,0.0024434609804302454,-0.00366519158706069,2025-07-01 17:18:23.196,1751370503196,-8076,-1753,138,-1425,-1038,-989
486,2025-07-01 17:18:23.992,2025-07-01 17:18:23.730391,-0.43335050344467163,-9.588777542114258,2.3918075561523438,0.0,0.0012217304902151227,0.013439035043120384,2025-07-01 17:18:23.751,1751370503751,-8365,-1032,-47,-743,924,-2332
487,2025-07-01 17:18:24.199,2025-07-01 17:18:23.930210,-0.42616790533065796,-9.641449928283691,2.2433669567108154,-0.04398229718208313,-0.0012217304902151227,0.025656340643763542,2025-07-01 17:18:23.920,1751370503920,-8437,-912,-54,-479,786,-2210
488,2025-07-01 17:18:24.401,2025-07-01 17:18:24.130197,-0.363918662071228,-9.744400978088379,2.1787235736846924,-0.02687807008624077,0.0012217304902151227,-0.02932153269648552,2025-07-01 17:18:24.099,1751370504099,-8425,-752,51,-765,-158,-2829
489,2025-07-01 17:18:24.489,2025-07-01 17:18:24.231640,-0.4405331015586853,-9.804255485534668,2.183511972427368,-0.06108652427792549,-0.0012217304902151227,0.0,2025-07-01 17:18:24.203,1751370504203,-8753,-965,290,-3146,-2167,-3283
490,2025-07-01 17:18:24.694,2025-07-01 17:18:24.430214,-0.45010992884635925,-9.62947940826416,2.209848165512085,-0.00733038317412138,-0.009773843921720982,0.004886921960860491,2025-07-01 17:18:24.460,1751370504460,-7814,-1192,640,2185,1033,-45
491,2025-07-01 17:18:24.889,2025-07-01 17:18:24.629507,-0.26575639843940735,-9.550470352172852,2.322375535964966,0.039095375686883926,0.0012217304902151227,-0.00366519158706069,2025-07-01 17:18:24.642,1751370504642,-8118,-1362,227,794,438,-426
492,2025-07-01 17:18:24.990,2025-07-01 17:18:24.730145,-0.3878606855869293,-9.605537414550781,2.27209734916687,0.00733038317412138,0.00366519158706069,-0.00855211354792118,2025-07-01 17:18:24.739,1751370504739,-8255,-1807,544,116,1052,-138
493,2025-07-01 17:18:25.089,2025-07-01 17:18:24.830151,-0.3734954595565796,-9.591172218322754,2.209848165512085,-0.01710422709584236,0.0012217304902151227,0.00733038317412138,2025-07-01 17:18:24.838,1751370504838,-8155,-1485,132,852,121,-29
494,2025-07-01 17:18:25.189,2025-07-01 17:18:24.929955,-0.35913026332855225,-9.617507934570312,2.1811177730560303,-0.012217304669320583,-0.0012217304902151227,0.015882495790719986,2025-07-01 17:18:24.920,1751370504920,-6989,-3046,667,13581,11052,-389
495,2025-07-01 17:18:25.699,2025-07-01 17:18:25.430201,-0.1364694982767105,-9.617507934570312,2.2840683460235596,0.006108652334660292,0.00733038317412138,-0.04153883829712868,2025-07-01 17:18:25.455,1751370505455,-1242,-635,-8562,-9030,6557,395
496,2025-07-01 17:18:25.799,2025-07-01 17:18:25.529846,-0.31603461503982544,-9.648633003234863,2.207453966140747,-0.10262536257505417,-0.0024434609804302454,0.01466076634824276,2025-07-01 17:18:25.554,1751370505554,-2568,-3353,-6843,-3514,2955,5867
497,2025-07-01 17:18:25.895,2025-07-01 17:18:25.633469,-0.2753331959247589,-9.677363395690918,2.252943754196167,0.05009094998240471,-0.018325956538319588,0.02932153269648552,2025-07-01 17:18:25.650,1751370505650,595,-508,-7630,-4627,7370,6498
498,2025-07-01 17:18:25.994,2025-07-01 17:18:25.730342,-0.33997663855552673,-9.679757118225098,2.233790159225464,-0.019547687843441963,-0.0012217304902151227,-0.00733038317412138,2025-07-01 17:18:25.735,1751370505735,3035,-191,-7640,-3149,7528,6161
499,2025-07-01 17:18:26.094,2025-07-01 17:18:25.829451,-0.3471592366695404,-9.691728591918945,2.2218191623687744,-0.07330382615327835,-0.006108652334660292,0.039095375686883926,2025-07-01 17:18:25.817,1751370505817,2564,151,-7967,-1929,-4592,6494
500,2025-07-01 17:18:26.395,2025-07-01 17:18:25.929764,-0.31124621629714966,-9.715670585632324,2.142810583114624,-0.04398229718208313,-0.004886921960860491,0.02932153269648552,2025-07-01 17:18:25.902,1751370505902,1677,98,-7801,-1204,-3736,5543
501,2025-07-01 17:18:26.491,2025-07-01 17:18:26.230695,-0.31124621629714966,-9.667786598205566,2.231395959854126,-0.00366519158706069,0.006108652334660292,0.02321287989616394,2025-07-01 17:18:26.267,1751370506267,-3807,151,-6572,-6225,-12199,-8480
502,2025-07-01 17:18:26.603,2025-07-01 17:18:26.330226,-0.15801730751991272,-9.677363395690918,1.9800047874450684,-0.04764748737215996,0.02321287989616394,-0.019547687843441963,2025-07-01 17:18:26.353,1751370506353,-4478,-299,-6507,-3784,-12191,-7155
503,2025-07-01 17:18:26.701,2025-07-01 17:18:26.430858,-0.17717093229293823,-9.670180320739746,1.987187385559082,-0.1062905490398407,0.006108652334660292,-0.0708603709936142,2025-07-01 17:18:26.458,1751370506458,-6527,-926,-4486,-492,-2511,-1275
504,2025-07-01 17:18:26.790,2025-07-01 17:18:26.530849,-0.5291185975074768,-9.57201862335205,2.4588451385498047,-0.02687807008624077,-0.0403171069920063,-0.009773843921720982,2025-07-01 17:18:26.533,1751370506533,-6564,-413,-4470,2112,-2454,-947
505,2025-07-01 17:18:26.905,2025-07-01 17:18:26.630006,-0.31842881441116333,-9.775525093078613,2.0254945755004883,0.1820378452539444,0.05742133408784866,0.09529497474431992,2025-07-01 17:18:26.631,1751370506631,-6943,-1322,-4549,4815,5134,7731
506,2025-07-01 17:18:27.096,2025-07-01 17:18:26.730235,-1.3407529592514038,-10.160991668701172,2.0422539710998535,-0.7538077235221863,0.41661009192466736,-0.5277875661849976,2025-07-01 17:18:26.716,1751370506716,-6088,-747,-5727,3450,5227,7779
507,2025-07-01 17:18:27.196,2025-07-01 17:18:26.931144,-0.768538773059845,-9.210494041442871,1.3192051649093628,-0.10506882518529892,0.45326200127601624,-0.05253441259264946,2025-07-01 17:18:26.901,1751370506901,-7152,992,-6290,-1161,-1254,2648
508,2025-07-01 17:18:27.494,2025-07-01 17:18:27.230018,-0.6775590777397156,-9.964667320251465,0.9457096457481384,-0.1722639948129654,0.21868975460529327,0.013439035043120384,2025-07-01 17:18:27.246,1751370507246,-6725,1296,-2186,2022,-2309,257
509,2025-07-01 17:18:27.598,2025-07-01 17:18:27.330567,-0.7613561153411865,-9.780313491821289,1.015141487121582,0.02321287989616394,0.015882495790719986,0.015882495790719986,2025-07-01 17:18:27.346,1751370507346,-6842,1061,-2072,-1340,-956,-3872
510,2025-07-01 17:18:27.700,2025-07-01 17:18:27.430137,-0.44532153010368347,-9.967061996459961,1.403002142906189,-0.025656340643763542,0.10018189996480942,-0.030543262138962746,2025-07-01 17:18:27.448,1751370507448,-8303,-1420,-2991,-2228,-1682,-9685
511,2025-07-01 17:18:27.796,2025-07-01 17:18:27.530398,-0.6703764796257019,-9.732429504394531,0.9576807022094727,-0.03298672288656235,0.1869247704744339,0.02076941914856434,2025-07-01 17:18:27.528,1751370507528,-7139,-3103,-1473,-1929,-1048,-5811
512,2025-07-01 17:18:27.889,2025-07-01 17:18:27.630164,-0.6105214357376099,-10.1753568649292,1.170764684677124,0.042760565876960754,0.08185594528913498,0.04398229718208313,2025-07-01 17:18:27.614,1751370507614,-6997,-3387,-1255,-3552,-938,1136
513,2025-07-01 17:18:28.091,2025-07-01 17:18:27.830115,-1.1348515748977661,-9.210494041442871,1.9608511924743652,0.2932153046131134,0.6621779203414917,0.06230825558304787,2025-07-01 17:18:27.814,1751370507814,-7591,-2392,-2414,-3779,-1041,-556
514,2025-07-01 17:18:28.290,2025-07-01 17:18:28.030254,-1.3431471586227417,-9.909601211547852,2.427720546722412,1.490511178970337,0.23335053026676178,-0.03176499158143997,2025-07-01 17:18:28.068,1751370508068,-7401,-1545,-1977,-129,284,868
515,2025-07-01 17:18:28.396,2025-07-01 17:18:28.130932,-0.8858546018600464,-9.959878921508789,6.301538944244385,3.7030651569366455,0.3176499307155609,-0.17348572611808777,2025-07-01 17:18:28.155,1751370508155,-7540,-1552,-1939,-595,378,870
516,2025-07-01 17:18:28.490,2025-07-01 17:18:28.230260,-1.7334020137786865,-4.687847137451172,8.226476669311523,2.75500226020813,0.485027015209198,-0.5705481171607971,2025-07-01 17:18:28.244,1751370508244,-7533,-1307,-2008,-722,285,717
517,2025-07-01 17:18:28.892,2025-07-01 17:18:28.430279,-2.0159177780151367,-3.5889084339141846,8.667010307312012,0.19547687470912933,0.46670106053352356,-0.2785545587539673,2025-07-01 17:18:28.438,1751370508438,-7693,-280,-2581,-1273,346,2357
518,2025-07-01 17:18:29.289,2025-07-01 17:18:29.030010,-2.049436569213867,-6.2392897605896,7.117961883544922,-0.24068090319633484,-0.00366519158706069,0.0659734457731247,2025-07-01 17:18:29.067,1751370509067,-7592,1328,-2484,115,-380,-283
519,2025-07-01 17:18:29.603,2025-07-01 17:18:29.333125,-1.7812861204147339,-6.809109687805176,7.295132637023926,0.16493362188339233,-0.1319468915462494,-0.00855211354792118,2025-07-01 17:18:29.344,1751370509344,-7346,1020,-2757,260,-57,-356
520,2025-07-01 17:18:29.789,2025-07-01 17:18:29.530143,-1.2737152576446533,-6.7708024978637695,7.352593421936035,0.03298672288656235,-0.11239920556545258,-0.07452555745840073,2025-07-01 17:18:29.506,1751370509506,-7349,939,-2895,-42,-107,-338
521,2025-07-01 17:18:30.190,2025-07-01 17:18:29.930088,-1.3670891523361206,-6.823474884033203,7.0988078117370605,-0.10018189996480942,0.01466076634824276,-0.009773843921720982,2025-07-01 17:18:29.952,1751370509952,-7682,-287,-2691,1243,790,-1366
522,2025-07-01 17:18:30.294,2025-07-01 17:18:30.029412,-1.3910311460494995,-7.1706342697143555,6.9240312576293945,0.11362093687057495,0.03787364438176155,0.0757472887635231,2025-07-01 17:18:30.046,1751370510046,-7360,-221,-2526,-108,-109,-952
523,2025-07-01 17:18:30.398,2025-07-01 17:18:30.130053,-1.5107412338256836,-6.62236213684082,7.350199222564697,0.3445279896259308,0.019547687843441963,0.16982053220272064,2025-07-01 17:18:30.134,1751370510134,-7411,-610,-3149,-1230,-360,-591
524,2025-07-01 17:18:30.496,2025-07-01 17:18:30.229859,-1.357512354850769,-6.562506675720215,7.728483200073242,0.5338962078094482,0.02076941914856434,0.2565633952617645,2025-07-01 17:18:30.246,1751370510246,-7797,-558,-3000,-1269,-143,-230
525,2025-07-01 17:18:30.607,2025-07-01 17:18:30.329441,-1.7573440074920654,-5.04218864440918,7.948749542236328,0.6572909951210022,0.030543262138962746,0.4642575979232788,2025-07-01 17:18:30.319,1751370510319,-7454,-385,-2758,-1104,37,63
526,2025-07-01 17:18:30.697,2025-07-01 17:18:30.430069,-3.002328872680664,-5.813121795654297,8.712499618530273,0.6059783101081848,0.5070181488990784,0.3701843321323395,2025-07-01 17:18:30.404,1751370510404,-7426,-612,-2774,-1099,31,127
527,2025-07-01 17:18:30.999,2025-07-01 17:18:30.729824,-2.1308395862579346,-4.388571739196777,8.494627952575684,0.07696902006864548,-0.09773843735456467,-0.14294247329235077,2025-07-01 17:18:30.701,1751370510701,-7406,-4,-3170,-363,-64,-43
528,2025-07-01 17:18:31.093,2025-07-01 17:18:30.829952,-2.1715409755706787,-4.800374507904053,8.17141056060791,-0.00366519158706069,-0.021991148591041565,0.02932153269648552,2025-07-01 17:18:30.851,1751370510851,-7421,272,-2988,-354,-90,-96
529,2025-07-01 17:18:31.194,2025-07-01 17:18:30.929939,-2.1954829692840576,-4.4723687171936035,8.401253700256348,0.1270599663257599,-0.013439035043120384,0.07819075137376785,2025-07-01 17:18:30.948,1751370510948,-7501,-67,-2958,67,-59,-98
530,2025-07-01 17:18:31.295,2025-07-01 17:18:31.030240,-2.1571757793426514,-4.359841346740723,8.379706382751465,0.13561208546161652,0.00366519158706069,0.1111774742603302,2025-07-01 17:18:31.032,1751370511032,-7407,312,-3068,71,-85,-22
531,2025-07-01 17:18:31.398,2025-07-01 17:18:31.130019,-2.2649147510528564,-4.003105163574219,8.44434928894043,0.08796459436416626,0.0012217304902151227,0.16004669666290283,2025-07-01 17:18:31.127,1751370511127,-7543,326,-3039,127,325,280
532,2025-07-01 17:18:31.495,2025-07-01 17:18:31.229536,-2.2457611560821533,-4.213795185089111,8.362946510314941,0.01466076634824276,-0.04886921867728233,0.15271630883216858,2025-07-01 17:18:31.229,1751370511229,-7476,323,-2994,58,281,308
533,2025-07-01 17:18:31.609,2025-07-01 17:18:31.330022,-2.2170307636260986,-4.036623954772949,9.100360870361328,-0.00733038317412138,-0.10995574295520782,0.15515977144241333,2025-07-01 17:18:31.299,1751370511299,-7477,362,-2954,-259,-20,283
534,2025-07-01 17:18:31.997,2025-07-01 17:18:31.731037,-1.9033904075622559,-4.54419469833374,8.822632789611816,-0.18448130786418915,-0.08674286305904388,-0.15760323405265808,2025-07-01 17:18:31.748,1751370511748,-6035,-2580,-2086,3608,-1344,-10596
535,2025-07-01 17:18:32.089,2025-07-01 17:18:31.830055,-1.5897499322891235,-5.3127336502075195,8.346187591552734,-0.15515977144241333,0.00855211354792118,-0.05619960278272629,2025-07-01 17:18:31.845,1751370511845,-7768,-3428,-4525,3648,1418,-12240
536,2025-07-01 17:18:32.295,2025-07-01 17:18:32.031104,-1.5634137392044067,-5.2049946784973145,8.195352554321289,-0.021991148591041565,-0.0403171069920063,0.015882495790719986,2025-07-01 17:18:32.028,1751370512028,-2793,-6175,-1007,4576,445,4973
537,2025-07-01 17:18:32.392,2025-07-01 17:18:32.130837,-1.4987702369689941,-4.946420669555664,8.092401504516602,0.021991148591041565,-0.13439035415649414,0.042760565876960754,2025-07-01 17:18:32.110,1751370512110,-6061,-4890,-1095,3970,6645,7935
538,2025-07-01 17:18:32.503,2025-07-01 17:18:32.229347,-1.2856862545013428,-4.9368438720703125,8.379706382751465,0.01466076634824276,-0.08307767659425735,0.021991148591041565,2025-07-01 17:18:32.220,1751370512220,-5622,-4481,-1927,3660,5181,6865
539,2025-07-01 17:18:32.889,2025-07-01 17:18:32.631249,-1.0678139925003052,-5.104437828063965,8.44195556640625,0.03176499158143997,-0.06108652427792549,0.009773843921720982,2025-07-01 17:18:32.657,1751370512657,-6556,-2868,99,-196,519,42
540,2025-07-01 17:18:32.990,2025-07-01 17:18:32.730976,-1.1444283723831177,-5.035006046295166,8.04691219329834,0.006108652334660292,-0.045204028487205505,-0.04153883829712868,2025-07-01 17:18:32.751,1751370512751,-6703,-3039,-3332,-5259,4772,784
541,2025-07-01 17:18:33.089,2025-07-01 17:18:32.830763,-0.9720458984375,-5.367800235748291,8.446743965148926,-0.039095375686883926,0.04398229718208313,0.08429940044879913,2025-07-01 17:18:32.856,1751370512856,-6956,-2633,-5170,-4904,2177,-26
542,2025-07-01 17:18:33.191,2025-07-01 17:18:32.930482,-1.0869675874710083,-4.955997467041016,8.616731643676758,-0.0354301854968071,0.2626720666885376,0.015882495790719986,2025-07-01 17:18:32.930,1751370512930,-6748,-1988,-4820,-3709,638,-148
543,2025-07-01 17:18:33.291,2025-07-01 17:18:33.031027,-1.173158884048462,-6.210559368133545,7.587224960327148,-0.779464066028595,0.5143485069274902,-0.2174680233001709,2025-07-01 17:18:33.039,1751370513039,-6533,-1754,-3931,-4092,-2082,21
544,2025-07-01 17:18:33.391,2025-07-01 17:18:33.131155,-1.8507179021835327,-6.035782337188721,7.151480674743652,0.02687807008624077,0.13072516024112701,-0.16371189057826996,2025-07-01 17:18:33.106,1751370513106,-7145,67,-5693,-3285,-750,-27
545,2025-07-01 17:18:33.489,2025-07-01 17:18:33.231330,-1.4915876388549805,-5.540182590484619,7.936778545379639,0.08552113175392151,-0.15027284622192383,-0.0757472887635231,2025-07-01 17:18:33.223,1751370513223,-7359,101,-5510,466,186,884
546,2025-07-01 17:18:33.689,2025-07-01 17:18:33.429473,-1.3335703611373901,-5.7125654220581055,7.759607791900635,0.09773843735456467,-0.09896016865968704,0.05497787147760391,2025-07-01 17:18:33.391,1751370513391,-7264,-1576,-4241,839,-1211,-30
547,2025-07-01 17:18:33.792,2025-07-01 17:18:33.529381,-1.3670891523361206,-5.552153587341309,7.924807548522949,0.025656340643763542,-0.004886921960860491,0.042760565876960754,2025-07-01 17:18:33.554,1751370513554,-6009,-5214,-395,-777,-5445,-956
548,2025-07-01 17:18:33.989,2025-07-01 17:18:33.730562,-1.2713210582733154,-5.772420406341553,7.778761386871338,-0.02076941914856434,-0.06719517707824707,-0.019547687843441963,2025-07-01 17:18:33.735,1751370513735,-7642,-2125,-2318,4365,1236,-954
549,2025-07-01 17:18:34.091,2025-07-01 17:18:33.830071,-1.2449848651885986,-5.719748020172119,7.936778545379639,0.01710422709584236,-0.045204028487205505,-0.012217304669320583,2025-07-01 17:18:33.832,1751370513832,-7753,-2215,-2251,4540,-545,-2439
550,2025-07-01 17:18:34.189,2025-07-01 17:18:33.929885,-1.3287819623947144,-5.8442463874816895,7.905653953552246,0.0,-0.0024434609804302454,-0.02321287989616394,2025-07-01 17:18:33.942,1751370513942,-8063,-2208,-1173,-1330,853,1298
551,2025-07-01 17:18:34.789,2025-07-01 17:18:34.529825,-1.3694833517074585,-5.750872611999512,7.824251174926758,-0.02076941914856434,0.012217304669320583,-0.00733038317412138,2025-07-01 17:18:34.536,1751370514536,-7192,3398,-2620,-4749,165,302
552,2025-07-01 17:18:34.899,2025-07-01 17:18:34.629822,-1.335964560508728,-5.657498836517334,7.9176249504089355,0.0403171069920063,-0.009773843921720982,0.006108652334660292,2025-07-01 17:18:34.652,1751370514652,-7802,641,-956,-8055,-306,-15269
553,2025-07-01 17:18:35.000,2025-07-01 17:18:34.729771,-1.359906554222107,-5.7341132164001465,7.754819393157959,0.019547687843441963,-0.02687807008624077,-0.00366519158706069,2025-07-01 17:18:34.718,1751370514718,-8200,-1677,-1293,-6449,-2155,-7503
554,2025-07-01 17:18:35.108,2025-07-01 17:18:34.832140,-1.2665326595306396,-5.722142219543457,7.8098859786987305,0.006108652334660292,0.00366519158706069,0.0012217304902151227,2025-07-01 17:18:34.817,1751370514817,-7813,-3401,-710,-5073,-3555,-6627
555,2025-07-01 17:18:35.498,2025-07-01 17:18:35.131782,-1.3862427473068237,-5.839457988739014,7.843404769897461,0.025656340643763542,0.010995574295520782,0.042760565876960754,2025-07-01 17:18:35.113,1751370515113,-7625,-2754,778,2122,-3571,394
556,2025-07-01 17:18:35.689,2025-07-01 17:18:35.429521,-1.4700398445129395,-5.74129581451416,7.702147006988525,-0.010995574295520782,0.04764748737215996,0.02687807008624077,2025-07-01 17:18:35.450,1751370515450,-7309,-1514,2633,-678,-930,898
557,2025-07-01 17:18:35.894,2025-07-01 17:18:35.630231,-1.3934253454208374,-5.738901615142822,7.934384346008301,0.009773843921720982,-0.006108652334660292,0.004886921960860491,2025-07-01 17:18:35.630,1751370515630,-8305,-1759,2191,1074,2436,422
558,2025-07-01 17:18:35.995,2025-07-01 17:18:35.730778,-1.3670891523361206,-5.767632007598877,7.759607791900635,-0.025656340643763542,0.02321287989616394,-0.03176499158143997,2025-07-01 17:18:35.722,1751370515722,-7868,-2127,1807,-22,1008,-456
559,2025-07-01 17:18:36.089,2025-07-01 17:18:35.830107,-1.3623007535934448,-5.784391403198242,7.771578788757324,0.006108652334660292,-0.012217304669320583,0.0012217304902151227,2025-07-01 17:18:35.798,1751370515798,-7871,-2149,1799,-50,1153,-737
560,2025-07-01 17:18:36.194,2025-07-01 17:18:35.930818,-1.3503297567367554,-5.829881191253662,7.766790390014648,-0.030543262138962746,-0.0024434609804302454,-0.025656340643763542,2025-07-01 17:18:35.919,1751370515919,-8260,-2020,1477,-72,1827,-1299
561,2025-07-01 17:18:36.397,2025-07-01 17:18:36.130222,-1.3000515699386597,-5.746084213256836,7.759607791900635,-0.012217304669320583,-0.004886921960860491,-0.010995574295520782,2025-07-01 17:18:36.161,1751370516161,-7794,-2446,960,67,-1000,-869
562,2025-07-01 17:18:36.494,2025-07-01 17:18:36.230123,-1.2473790645599365,-5.774814605712891,7.766790390014648,0.00733038317412138,-0.03420845419168472,-0.01710422709584236,2025-07-01 17:18:36.245,1751370516245,-7809,-2700,1623,-276,-905,-755
563,2025-07-01 17:18:36.796,2025-07-01 17:18:36.530075,-1.280897855758667,-5.748478412628174,7.728483200073242,0.02076941914856434,-0.00733038317412138,0.0024434609804302454,2025-07-01 17:18:36.528,1751370516528,-7965,-2904,1518,-9,15,-376
564,2025-07-01 17:18:37.097,2025-07-01 17:18:36.829839,-1.2282254695892334,-5.894524574279785,8.10437297821045,0.11362093687057495,-0.1111774742603302,0.036651913076639175,2025-07-01 17:18:36.796,1751370516796,-7823,-2829,1493,-14,-297,-290
565,2025-07-01 17:18:37.193,2025-07-01 17:18:36.930223,-1.2210428714752197,-5.65031623840332,8.020575523376465,0.059864792972803116,0.03176499158143997,0.03298672288656235,2025-07-01 17:18:36.894,1751370516894,-7895,-2544,1496,91,-248,-311
566,2025-07-01 17:18:37.289,2025-07-01 17:18:37.030163,-1.2090718746185303,-5.566518783569336,7.747636795043945,0.06841690838336945,-0.04764748737215996,0.04398229718208313,2025-07-01 17:18:36.991,1751370516991,-7715,-2756,2678,844,-1583,-1344
567,2025-07-01 17:18:37.390,2025-07-01 17:18:37.130206,-1.1659762859344482,-5.430049419403076,8.446743965148926,0.3029891550540924,-0.13316862285137177,0.18570303916931152,2025-07-01 17:18:37.147,1751370517147,-7084,-3690,2773,-258,-948,-1114
568,2025-07-01 17:18:37.491,2025-07-01 17:18:37.230158,-1.4772224426269531,-4.623203277587891,8.027758598327637,0.49235737323760986,-0.10018189996480942,0.2174680233001709,2025-07-01 17:18:37.254,1751370517254,-7213,-3951,3014,-620,-611,-443
569,2025-07-01 17:18:37.610,2025-07-01 17:18:37.330410,-1.2066776752471924,-4.2329487800598145,8.731653213500977,0.8967501521110535,0.07696902006864548,-0.028099801391363144,2025-07-01 17:18:37.329,1751370517329,-6879,-3789,3001,-579,-256,-524
570,2025-07-01 17:18:37.692,2025-07-01 17:18:37.429847,-1.2761094570159912,-4.163516521453857,8.793902397155762,0.16004669666290283,-0.18448130786418915,-0.0806342139840126,2025-07-01 17:18:37.423,1751370517423,-6794,-4015,3345,-597,-281,-608
571,2025-07-01 17:18:37.790,2025-07-01 17:18:37.530018,-1.1899182796478271,-3.6846764087677,8.78432559967041,0.3689626157283783,0.013439035043120384,-0.012217304669320583,2025-07-01 17:18:37.506,1751370517506,-7022,-4062,3338,-253,-302,-397
572,2025-07-01 17:18:38.094,2025-07-01 17:18:37.830352,-1.3958195447921753,-3.0813376903533936,9.349357604980469,0.03420845419168472,0.12828169763088226,0.0,2025-07-01 17:18:37.792,1751370517792,-7266,-3759,3044,503,-209,671
573,2025-07-01 17:18:38.189,2025-07-01 17:18:37.930396,-0.8355764150619507,-3.3949780464172363,9.255983352661133,-0.1111774742603302,0.0024434609804302454,-0.05497787147760391,2025-07-01 17:18:37.961,1751370517961,-7156,-3538,3415,631,-254,1192
574,2025-07-01 17:18:38.390,2025-07-01 17:18:38.129863,-1.292868971824646,-2.9017724990844727,9.600749015808105,-1.2400563955307007,0.18081611394882202,0.10751228034496307,2025-07-01 17:18:38.137,1751370518137,-7165,-3635,3202,384,-624,1624
575,2025-07-01 17:18:38.489,2025-07-01 17:18:38.229959,-1.7070658206939697,-6.689399719238281,6.89530086517334,-2.107485055923462,0.08429940044879913,0.1270599663257599,2025-07-01 17:18:38.225,1751370518225,-7060,-3236,3438,627,-456,1657
576,2025-07-01 17:18:38.591,2025-07-01 17:18:38.330398,-1.4173674583435059,-7.180211067199707,6.806715488433838,-1.4697418212890625,-0.2015855312347412,0.0354301854968071,2025-07-01 17:18:38.318,1751370518318,-7051,-3040,3385,375,-361,909
577,2025-07-01 17:18:38.800,2025-07-01 17:18:38.530387,-1.8052281141281128,-7.876923561096191,5.51624059677124,-0.4031710624694824,0.2480112910270691,0.06230825558304787,2025-07-01 17:18:38.528,1751370518528,-7495,-3043,3433,-16,-54,649
578,2025-07-01 17:18:38.889,2025-07-01 17:18:38.629730,-1.7310078144073486,-8.573636054992676,5.22175407409668,0.02321287989616394,0.04764748737215996,0.018325956538319588,2025-07-01 17:18:38.592,1751370518592,-7525,-3053,3439,-58,-11,865
579,2025-07-01 17:18:39.104,2025-07-01 17:18:38.830324,-1.6831238269805908,-8.039729118347168,5.4228668212890625,0.14416420459747314,-0.025656340643763542,-0.04642575979232788,2025-07-01 17:18:38.801,1751370518801,-7434,-3544,3241,-570,-196,-54
580,2025-07-01 17:18:39.289,2025-07-01 17:18:39.030055,-1.6687586307525635,-7.8314337730407715,5.578489780426025,-0.10018189996480942,0.02321287989616394,-0.00733038317412138,2025-07-01 17:18:39.038,1751370519038,-6812,-3930,3258,-635,36,-366
581,2025-07-01 17:18:39.389,2025-07-01 17:18:39.129910,-1.5682021379470825,-8.121131896972656,5.501875400543213,-0.22357667982578278,0.05009094998240471,0.06719517707824707,2025-07-01 17:18:39.142,1751370519142,-7175,-3584,3365,-370,-118,30
582,2025-07-01 17:18:39.612,2025-07-01 17:18:39.330213,-1.6112977266311646,-7.515398979187012,5.303156852722168,-0.3933972120285034,0.042760565876960754,0.07330382615327835,2025-07-01 17:18:39.304,1751370519304,-7177,-3930,3340,-166,-92,50
583,2025-07-01 17:18:39.900,2025-07-01 17:18:39.630053,-1.3623007535934448,-9.99100399017334,5.078101634979248,-0.17959438264369965,-0.1270599663257599,0.08796459436416626,2025-07-01 17:18:39.667,1751370519667,-7231,-3744,3154,70,-118,-41
584,2025-07-01 17:18:39.990,2025-07-01 17:18:39.730143,-1.6639702320098877,-9.157821655273438,5.329493045806885,0.22479841113090515,0.7134906053543091,0.06108652427792549,2025-07-01 17:18:39.763,1751370519763,-7186,-3856,3072,-786,1654,53
585,2025-07-01 17:18:40.096,2025-07-01 17:18:39.830374,-2.3989901542663574,-8.248024940490723,3.624821424484253,2.9944615364074707,1.176526427268982,-0.304210901260376,2025-07-01 17:18:39.851,1751370519851,-7386,-3723,2855,-404,1671,-315
586,2025-07-01 17:18:40.395,2025-07-01 17:18:40.130038,-1.4532804489135742,-10.83855152130127,2.434903144836426,-1.643227458000183,-1.2082914113998413,-0.14782938361167908,2025-07-01 17:18:40.119,1751370520119,-7076,-3906,2257,-549,136,-117
587,2025-07-01 17:18:40.501,2025-07-01 17:18:40.229935,-0.3974374830722809,-9.720458984375,2.7676970958709717,-1.351233959197998,-1.5149458646774292,0.36651915311813354,2025-07-01 17:18:40.209,1751370520209,-7296,-3960,2564,-362,322,-95
588,2025-07-01 17:18:40.893,2025-07-01 17:18:40.629613,0.3256114423274994,-7.85537576675415,2.8850131034851074,0.740368664264679,0.20891591906547546,-0.059864792972803116,2025-07-01 17:18:40.662,1751370520662,-7390,-3390,1822,-496,2204,1363
589,2025-07-01 17:18:41.293,2025-07-01 17:18:41.029919,0.42616790533065796,-9.579200744628906,5.307945251464844,-0.6878342628479004,0.2076941877603531,0.11728613078594208,2025-07-01 17:18:41.030,1751370521030,-7677,-2442,-717,-715,83,146
590,2025-07-01 17:18:41.401,2025-07-01 17:18:41.129871,-0.5554547905921936,-9.509769439697266,3.383007049560547,-0.9150761365890503,0.9712757468223572,-0.12461651116609573,2025-07-01 17:18:41.114,1751370521114,-7982,-2588,-1042,-681,317,561
591,2025-07-01 17:18:41.506,2025-07-01 17:18:41.129871,-0.5554547905921936,-9.509769439697266,3.383007049560547,-0.9150761365890503,0.9712757468223572,-0.12461651116609573,2025-07-01 17:18:41.114,1751370521114,-7982,-2588,-1042,-681,317,561
592,2025-07-01 17:18:41.989,2025-07-01 17:18:41.729786,0.0933738648891449,-9.102754592895508,3.6152446269989014,0.3982841372489929,0.042760565876960754,-0.08918632566928864,2025-07-01 17:18:41.741,1751370521741,-8062,-1764,-1171,-551,554,151
593,2025-07-01 17:18:42.392,2025-07-01 17:18:42.130688,0.4141969084739685,-8.549694061279297,5.851428985595703,0.43249258399009705,-0.08185594528913498,0.0354301854968071,2025-07-01 17:18:42.117,1751370522117,-7812,-1777,-1369,-394,206,235
594,2025-07-01 17:18:42.589,2025-07-01 17:18:42.330413,0.38067805767059326,-8.24084186553955,5.758055210113525,-0.024434609338641167,-0.009773843921720982,-0.018325956538319588,2025-07-01 17:18:42.300,1751370522300,-8048,-1736,-1377,-403,155,548
595,2025-07-01 17:18:42.789,2025-07-01 17:18:42.529407,0.35434186458587646,-8.281543731689453,5.47075080871582,0.0659734457731247,-0.01710422709584236,-0.04642575979232788,2025-07-01 17:18:42.558,1751370522558,-7856,-1205,-1438,37,-319,-25
596,2025-07-01 17:18:42.903,2025-07-01 17:18:42.629351,0.8643068075180054,-8.10437297821045,5.231330871582031,-0.1062905490398407,-0.06230825558304787,-0.12461651116609573,2025-07-01 17:18:42.635,1751370522635,-8064,-1392,-1271,-385,99,55
597,2025-07-01 17:18:42.990,2025-07-01 17:18:42.729605,-0.019153613597154617,-8.465897560119629,5.4228668212890625,-0.3933972120285034,0.15271630883216858,0.1918116807937622,2025-07-01 17:18:42.728,1751370522728,-7912,-1364,-1612,-89,-357,120
598,2025-07-01 17:18:43.089,2025-07-01 17:18:42.829778,1.5849615335464478,-7.489062786102295,6.658275127410889,0.9993755221366882,-0.3433062732219696,-0.38240164518356323,2025-07-01 17:18:42.833,1751370522833,-8260,-1256,-1567,638,-576,-50
599,2025-07-01 17:18:43.701,2025-07-01 17:18:43.229543,1.1061211824417114,-8.051700592041016,6.169857978820801,0.6243042945861816,-0.18936823308467865,-0.4691445231437683,2025-07-01 17:18:43.189,1751370523189,-8479,-727,147,614,-273,-13
600,2025-07-01 17:18:43.789,2025-07-01 17:18:43.529507,0.47405192255973816,-8.470685958862305,5.396530628204346,-0.2577851414680481,-0.0024434609804302454,-0.3017674386501312,2025-07-01 17:18:43.549,1751370523549,-8154,-761,235,366,-555,-13
601,2025-07-01 17:18:43.889,2025-07-01 17:18:43.529507,0.47405192255973816,-8.470685958862305,5.396530628204346,-0.2577851414680481,-0.0024434609804302454,-0.3017674386501312,2025-07-01 17:18:43.549,1751370523549,-8154,-761,235,366,-555,-13
602,2025-07-01 17:18:44.089,2025-07-01 17:18:43.830643,0.6129156351089478,-7.881711959838867,5.518634796142578,-0.1319468915462494,0.025656340643763542,0.23945917189121246,2025-07-01 17:18:43.816,1751370523816,-8121,-1137,205,367,-384,-114
603,2025-07-01 17:18:44.289,2025-07-01 17:18:44.029499,0.6368576288223267,-8.662221908569336,4.709394931793213,-0.3188716471195221,0.06475171446800232,0.34574973583221436,2025-07-01 17:18:43.989,1751370523989,-8464,-733,255,2,48,-116
604,2025-07-01 17:18:44.590,2025-07-01 17:18:44.331816,0.10295066982507706,-8.453926086425781,5.197812080383301,0.39217549562454224,0.0659734457731247,0.09651670604944229,2025-07-01 17:18:44.352,1751370524352,-8418,-466,422,-317,103,67
605,2025-07-01 17:18:44.697,2025-07-01 17:18:44.429815,0.5913678407669067,-8.188169479370117,5.331887245178223,-0.29077184200286865,-0.1612684279680252,-0.19058994948863983,2025-07-01 17:18:44.442,1751370524442,-8298,-1070,590,-258,-298,110
606,2025-07-01 17:18:44.792,2025-07-01 17:18:44.530890,0.7565677165985107,-8.248024940490723,5.137956619262695,0.08918632566928864,0.1258382350206375,0.2076941877603531,2025-07-01 17:18:44.530,1751370524530,-8323,-786,424,109,379,126
607,2025-07-01 17:18:44.896,2025-07-01 17:18:44.630607,-0.4429273009300232,-8.851364135742188,5.190629482269287,-0.8442157506942749,0.14782938361167908,-0.012217304669320583,2025-07-01 17:18:44.624,1751370524624,-8458,-715,593,68,-279,296
608,2025-07-01 17:18:45.001,2025-07-01 17:18:44.730369,0.3902548849582672,-8.956708908081055,4.548983097076416,0.0024434609804302454,0.04764748737215996,0.17837265133857727,2025-07-01 17:18:44.713,1751370524713,-8150,-849,443,-383,-244,534
609,2025-07-01 17:18:45.194,2025-07-01 17:18:44.930738,0.3280056416988373,-8.252813339233398,4.932055473327637,-0.5436700582504272,0.1869247704744339,0.4544837474822998,2025-07-01 17:18:44.898,1751370524898,-8142,-507,624,-303,277,123
610,2025-07-01 17:18:45.408,2025-07-01 17:18:45.130227,0.4620809257030487,-10.218452453613281,3.1723172664642334,-0.20402899384498596,-0.021991148591041565,0.07696902006864548,2025-07-01 17:18:45.100,1751370525100,-8364,-232,508,272,-102,260
611,2025-07-01 17:18:45.700,2025-07-01 17:18:45.430183,1.0845733880996704,-8.856152534484863,5.035006046295166,-0.20525072515010834,-0.10873401165008545,-0.17959438264369965,2025-07-01 17:18:45.440,1751370525440,-8159,-856,551,358,-36,-322
612,2025-07-01 17:18:45.910,2025-07-01 17:18:45.630085,1.5682021379470825,-7.903259754180908,5.03021764755249,0.06108652427792549,-0.09407325088977814,-0.07819075137376785,2025-07-01 17:18:45.609,1751370525609,-8144,-788,386,326,1,-274
613,2025-07-01 17:18:45.994,2025-07-01 17:18:45.730322,-0.3758896589279175,-10.69489860534668,3.1962592601776123,-0.3017674386501312,-0.08429940044879913,-0.2638937830924988,2025-07-01 17:18:45.705,1751370525705,-8459,-421,576,138,116,1
614,2025-07-01 17:18:46.394,2025-07-01 17:18:46.132404,0.5147533416748047,-8.121131896972656,4.711789131164551,0.10751228034496307,0.13561208546161652,0.4141666293144226,2025-07-01 17:18:46.158,1751370526158,-8510,-866,625,-253,267,-380
615,2025-07-01 17:18:46.589,2025-07-01 17:18:46.329757,0.17956513166427612,-10.986991882324219,4.402936935424805,-1.0128145217895508,-0.39095374941825867,-0.46792277693748474,2025-07-01 17:18:46.350,1751370526350,-8367,-461,423,40,144,-177
616,2025-07-01 17:18:46.792,2025-07-01 17:18:46.530447,1.5298948287963867,-7.905653953552246,5.140350818634033,-0.5705481171607971,-0.15882496535778046,0.3225368559360504,2025-07-01 17:18:46.520,1751370526520,-8384,-465,492,-380,-9,-177
617,2025-07-01 17:18:46.897,2025-07-01 17:18:46.630475,-0.47884035110473633,-9.08838939666748,4.175487995147705,0.4141666293144226,0.06963863968849182,0.10506882518529892,2025-07-01 17:18:46.617,1751370526617,-8295,-916,639,-586,-338,-308
618,2025-07-01 17:18:47.289,2025-07-01 17:18:47.029582,-0.22026655077934265,-8.731653213500977,5.008669853210449,0.030543262138962746,0.004886921960860491,-0.19303341209888458,2025-07-01 17:18:47.046,1751370527046,-7857,-1169,462,-1085,189,-920
619,2025-07-01 17:18:47.489,2025-07-01 17:18:47.229938,0.5506663918495178,-8.762778282165527,4.395754337310791,-0.1368338167667389,-0.10018189996480942,-0.08796459436416626,2025-07-01 17:18:47.226,1751370527226,-8385,-1218,584,152,629,291
620,2025-07-01 17:18:47.592,2025-07-01 17:18:47.330670,0.06224924325942993,-8.35097599029541,4.505887508392334,0.2577851414680481,0.16859880089759827,0.504574716091156,2025-07-01 17:18:47.323,1751370527323,-8252,-1374,561,147,15,90
621,2025-07-01 17:18:47.691,2025-07-01 17:18:47.431152,0.42377370595932007,-9.315838813781738,3.869029998779297,0.1062905490398407,-0.05864306539297104,-0.43615779280662537,2025-07-01 17:18:47.426,1751370527426,-8493,-1366,231,-376,365,115
622,2025-07-01 17:18:47.910,2025-07-01 17:18:47.633626,1.335964560508728,-7.556100368499756,5.861005783081055,0.636521577835083,-0.1417207419872284,-0.26633724570274353,2025-07-01 17:18:47.593,1751370527593,-8076,-1247,329,-307,32,-87
623,2025-07-01 17:18:47.996,2025-07-01 17:18:47.730501,0.05506663769483566,-8.233659744262695,5.051765441894531,-0.15882496535778046,0.3225368559360504,0.32620203495025635,2025-07-01 17:18:47.767,1751370527767,-8141,-1373,574,-64,-222,-57
624,2025-07-01 17:18:48.191,2025-07-01 17:18:47.932171,-0.011971008032560349,-8.463502883911133,4.991910457611084,0.09773843735456467,0.16859880089759827,0.3127630054950714,2025-07-01 17:18:47.952,1751370527952,-8153,-1338,218,260,-118,273
625,2025-07-01 17:18:48.389,2025-07-01 17:18:48.129979,0.30885201692581177,-9.469067573547363,3.8115692138671875,0.08674286305904388,0.16371189057826996,0.39584067463874817,2025-07-01 17:18:48.132,1751370528132,-8503,-1296,424,153,-271,533
626,2025-07-01 17:18:48.489,2025-07-01 17:18:48.234604,-0.1843535304069519,-8.765172004699707,4.6255974769592285,-0.028099801391363144,-0.07208210229873657,-0.12461651116609573,2025-07-01 17:18:48.218,1751370528218,-8534,-1131,494,515,-310,343
627,2025-07-01 17:18:48.689,2025-07-01 17:18:48.333196,0.5793967843055725,-8.935160636901855,4.256890773773193,-0.6572909951210022,-0.11850785464048386,-0.20036379992961884,2025-07-01 17:18:48.322,1751370528322,-8386,-768,470,78,120,83
628,2025-07-01 17:18:49.099,2025-07-01 17:18:48.830038,-0.5410895943641663,-8.868123054504395,4.879383087158203,-0.2528982162475586,0.27488934993743896,0.2370157092809677,2025-07-01 17:18:48.864,1751370528864,-8550,-720,895,268,92,-544
629,2025-07-01 17:18:49.200,2025-07-01 17:18:48.933264,1.1420341730117798,-8.343792915344238,4.316745758056641,-0.16493362188339233,0.0403171069920063,0.08796459436416626,2025-07-01 17:18:48.950,1751370528950,-8557,-1075,651,92,-258,-243
630,2025-07-01 17:18:49.396,2025-07-01 17:18:49.130607,0.23942017555236816,-8.616731643676758,4.896142482757568,0.4080579876899719,0.15027284622192383,0.2993239760398865,2025-07-01 17:18:49.122,1751370529122,-8546,-903,650,69,-307,-199
631,2025-07-01 17:18:49.504,2025-07-01 17:18:49.229900,0.3208230137825012,-9.32541561126709,3.40216064453125,-1.197295904159546,-0.04642575979232788,0.01710422709584236,2025-07-01 17:18:49.217,1751370529217,-8162,-1383,752,365,-43,142
632,2025-07-01 17:18:50.097,2025-07-01 17:18:49.830480,-0.751779317855835,-8.276755332946777,4.311957359313965,0.2590068578720093,0.1014036312699318,-0.2736676335334778,2025-07-01 17:18:49.844,1751370529844,-8808,-1075,677,527,-37,-232
633,2025-07-01 17:18:50.194,2025-07-01 17:18:49.930453,1.3646949529647827,-8.130708694458008,3.2561142444610596,-0.04642575979232788,-0.00855211354792118,0.11728613078594208,2025-07-01 17:18:49.951,1751370529951,-8277,-1922,240,-3518,2614,-1531
634,2025-07-01 17:18:50.403,2025-07-01 17:18:50.137308,0.7445967197418213,-8.322244644165039,3.9001545906066895,0.05864306539297104,-0.0708603709936142,-0.15027284622192383,2025-07-01 17:18:50.142,1751370530142,-7625,-2894,-932,-974,254,-665
635,2025-07-01 17:18:50.502,2025-07-01 17:18:50.230386,0.43335050344467163,-10.043676376342773,2.382230758666992,0.35185837745666504,0.03298672288656235,0.09651670604944229,2025-07-01 17:18:50.214,1751370530214,-7604,-2843,-1314,-792,186,-434
636,2025-07-01 17:18:50.612,2025-07-01 17:18:50.329954,0.2561795711517334,-9.557653427124023,4.173093795776367,-0.7073819637298584,0.028099801391363144,0.11850785464048386,2025-07-01 17:18:50.297,1751370530297,-7590,-2532,-1330,-245,344,100
637,2025-07-01 17:18:50.894,2025-07-01 17:18:50.631930,0.8475474119186401,-9.461885452270508,4.402936935424805,-0.2321287989616394,-0.05253441259264946,0.16737708449363708,2025-07-01 17:18:50.659,1751370530659,-7731,-2620,-1214,-228,-34,367
638,2025-07-01 17:18:51.191,2025-07-01 17:18:50.831830,0.608127236366272,-9.435548782348633,3.5194764137268066,-0.1966986060142517,0.045204028487205505,0.21868975460529327,2025-07-01 17:18:50.859,1751370530859,-7576,-2202,-1556,115,-103,177
639,2025-07-01 17:18:51.301,2025-07-01 17:18:50.831830,0.608127236366272,-9.435548782348633,3.5194764137268066,-0.1966986060142517,0.045204028487205505,0.21868975460529327,2025-07-01 17:18:50.859,1751370530859,-7576,-2202,-1556,115,-103,177
640,2025-07-01 17:18:51.703,2025-07-01 17:18:51.430482,0.15801730751991272,-10.1753568649292,3.155557870864868,0.39706242084503174,-0.04642575979232788,-0.08796459436416626,2025-07-01 17:18:51.396,1751370531396,-7557,-2414,-1255,354,-185,90
641,2025-07-01 17:18:51.900,2025-07-01 17:18:51.630199,0.18914192914962769,-9.794678688049316,3.002328872680664,0.31154128909111023,0.015882495790719986,-0.18325957655906677,2025-07-01 17:18:51.667,1751370531667,-7949,-2400,-1331,223,8,69
642,2025-07-01 17:18:51.992,2025-07-01 17:18:51.732099,0.6991068720817566,-10.079588890075684,2.513911724090576,-0.28466320037841797,0.07696902006864548,0.34574973583221436,2025-07-01 17:18:51.726,1751370531726,-7906,-2033,-948,138,-405,-67
643,2025-07-01 17:18:52.091,2025-07-01 17:18:51.830402,1.4748282432556152,-9.255983352661133,3.8283286094665527,0.3628539443016052,-0.1417207419872284,-0.26633724570274353,2025-07-01 17:18:51.835,1751370531835,-7886,-2342,-659,261,-568,54
644,2025-07-01 17:18:52.389,2025-07-01 17:18:52.131639,0.38307225704193115,-9.660603523254395,2.9065608978271484,-0.01710422709584236,0.025656340643763542,0.35674530267715454,2025-07-01 17:18:52.121,1751370532121,-7971,-2406,-785,523,-254,-39
645,2025-07-01 17:18:52.689,2025-07-01 17:18:52.434027,0.5602431893348694,-9.694122314453125,2.561795711517334,-0.6511823534965515,0.22968533635139465,0.059864792972803116,2025-07-01 17:18:52.453,1751370532453,-8247,-1947,-376,284,44,38
646,2025-07-01 17:18:52.790,2025-07-01 17:18:52.530644,1.1755530834197998,-8.705317497253418,3.0119056701660156,0.03420845419168472,0.09651670604944229,-0.018325956538319588,2025-07-01 17:18:52.557,1751370532557,-7852,-1985,-337,227,-192,-69
647,2025-07-01 17:18:52.889,2025-07-01 17:18:52.632247,-0.3711012601852417,-10.08437728881836,3.3063924312591553,0.21013765037059784,0.0,-0.2480112910270691,2025-07-01 17:18:52.640,1751370532640,-8144,-1921,110,160,61,-121
648,2025-07-01 17:18:52.990,2025-07-01 17:18:52.735964,1.0630255937576294,-9.181763648986816,4.182670593261719,-0.5412266254425049,0.07941248267889023,0.4960225820541382,2025-07-01 17:18:52.742,1751370532742,-7837,-2258,-368,576,-154,59
649,2025-07-01 17:18:53.089,2025-07-01 17:18:52.830264,0.20350714027881622,-10.316615104675293,1.4867992401123047,0.9920451641082764,-0.2028072625398636,-0.09285151958465576,2025-07-01 17:18:52.825,1751370532825,-8146,-2060,-30,1305,-435,366
650,2025-07-01 17:18:53.189,2025-07-01 17:18:52.930411,0.9624691009521484,-8.370129585266113,3.665522813796997,-0.40072759985923767,0.2528982162475586,0.16982053220272064,2025-07-01 17:18:52.909,1751370532909,-8218,-2010,259,1006,-490,332
651,2025-07-01 17:18:53.489,2025-07-01 17:18:53.234163,-0.304063618183136,-15.792154312133789,4.726154327392578,0.051312681287527084,0.15027284622192383,0.06841690838336945,2025-07-01 17:18:53.270,1751370533270,-8062,-2187,401,-1495,962,-748
652,2025-07-01 17:18:53.589,2025-07-01 17:18:53.329343,-0.031124621629714966,-9.042900085449219,3.1675288677215576,0.21502456068992615,0.010995574295520782,-0.4288274049758911,2025-07-01 17:18:53.354,1751370533354,-7854,-2254,584,-1525,1022,-698
653,2025-07-01 17:18:53.900,2025-07-01 17:18:53.638102,0.6775590777397156,-9.974244117736816,3.471592426300049,0.2015855312347412,-0.0012217304902151227,0.00855211354792118,2025-07-01 17:18:53.632,1751370533632,-7903,-2461,-575,-1628,1097,-160
654,2025-07-01 17:18:54.002,2025-07-01 17:18:53.730795,-0.5530605912208557,-8.96389102935791,2.9089550971984863,0.32131510972976685,0.059864792972803116,0.013439035043120384,2025-07-01 17:18:53.713,1751370533713,-7785,-2399,-677,-1139,1555,1308
655,2025-07-01 17:18:54.396,2025-07-01 17:18:54.134233,-1.3096283674240112,-11.42752456665039,2.4851813316345215,-0.1270599663257599,0.3494149148464203,0.28099802136421204,2025-07-01 17:18:54.156,1751370534156,-8019,-2007,-1440,-466,75,-607
656,2025-07-01 17:18:54.496,2025-07-01 17:18:54.229537,0.48602294921875,-7.781155586242676,4.51067590713501,0.12217304855585098,-0.039095375686883926,-0.5558874011039734,2025-07-01 17:18:54.249,1751370534249,-7834,-2010,-1218,-222,56,-217
657,2025-07-01 17:18:54.597,2025-07-01 17:18:54.329571,0.35434186458587646,-8.83939266204834,4.240131378173828,0.7709119319915771,0.018325956538319588,-0.03298672288656235,2025-07-01 17:18:54.366,1751370534366,-7973,-2350,-1572,83,-2,-73
658,2025-07-01 17:18:54.793,2025-07-01 17:18:54.529305,1.0271124839782715,-9.583989143371582,3.576937437057495,0.08307767659425735,0.039095375686883926,0.02076941914856434,2025-07-01 17:18:54.532,1751370534532,-7575,-2374,-1653,-56,-23,-37
659,2025-07-01 17:18:54.991,2025-07-01 17:18:54.738141,0.9385270476341248,-8.487444877624512,4.343081951141357,-0.18448130786418915,-0.18448130786418915,0.2968805134296417,2025-07-01 17:18:54.730,1751370534730,-7817,-1962,-1544,-32,270,17
660,2025-07-01 17:18:55.397,2025-07-01 17:18:55.131110,-0.5650315880775452,-8.992621421813965,1.9632453918457031,0.14049901068210602,0.08796459436416626,-0.05864306539297104,2025-07-01 17:18:55.093,1751370535093,-7599,-2030,-1637,229,278,-337
661,2025-07-01 17:18:55.498,2025-07-01 17:18:55.229899,1.1492167711257935,-8.834604263305664,5.0014872550964355,0.039095375686883926,-0.06719517707824707,0.07941248267889023,2025-07-01 17:18:55.246,1751370535246,-8015,-2301,-1547,40,62,-72
662,2025-07-01 17:18:55.692,2025-07-01 17:18:55.429421,0.5841852426528931,-8.667010307312012,3.825934410095215,-0.24434609711170197,0.010995574295520782,-0.08185594528913498,2025-07-01 17:18:55.438,1751370535438,-7795,-2586,-1616,348,270,97
663,2025-07-01 17:18:55.998,2025-07-01 17:18:55.739161,1.8722656965255737,-9.765948295593262,-0.08140286058187485,-1.0238101482391357,-0.10506882518529892,0.009773843921720982,2025-07-01 17:18:55.717,1751370535717,-7922,-2250,-963,328,-129,-432
664,2025-07-01 17:18:56.189,2025-07-01 17:18:55.929622,-0.31364041566848755,-9.14585018157959,2.365471363067627,-0.6230825781822205,0.07941248267889023,0.04764748737215996,2025-07-01 17:18:55.900,1751370535900,-7543,-2887,-1021,-355,-293,-465
665,2025-07-01 17:18:56.293,2025-07-01 17:18:56.030783,0.040701430290937424,-10.42195987701416,2.7317841053009033,0.21013765037059784,-0.010995574295520782,-0.06841690838336945,2025-07-01 17:18:56.059,1751370536059,-7584,-2879,-1286,297,118,141
666,2025-07-01 17:18:56.396,2025-07-01 17:18:56.129755,-0.667982280254364,-9.100360870361328,3.071760892868042,0.11850785464048386,0.14782938361167908,-0.01466076634824276,2025-07-01 17:18:56.142,1751370536142,-7597,-2476,-1295,317,273,-50
667,2025-07-01 17:18:56.594,2025-07-01 17:18:56.332235,1.1994950771331787,-7.888894557952881,2.7509377002716064,-0.5668829679489136,0.2919935882091522,0.05009094998240471,2025-07-01 17:18:56.328,1751370536328,-7738,-2824,-1342,374,84,-66
668,2025-07-01 17:18:57.092,2025-07-01 17:18:56.744291,1.5083470344543457,-13.285425186157227,2.188300371170044,0.2370157092809677,-0.0708603709936142,0.18570303916931152,2025-07-01 17:18:56.706,1751370536706,-7726,-2922,-779,408,-797,-386
669,2025-07-01 17:18:57.189,2025-07-01 17:18:56.933559,0.16998831927776337,-9.569623947143555,3.1890766620635986,0.1417207419872284,0.01466076634824276,-0.009773843921720982,2025-07-01 17:18:56.957,1751370536957,-7956,-2869,-473,-187,374,382
670,2025-07-01 17:18:57.289,2025-07-01 17:18:57.031580,1.580173134803772,-8.317456245422363,4.469974517822266,-0.09040805697441101,0.1661553531885147,-0.01466076634824276,2025-07-01 17:18:57.041,1751370537041,-7679,-2873,-685,22,83,171
671,2025-07-01 17:18:57.389,2025-07-01 17:18:57.131673,0.06464344263076782,-8.916007041931152,2.80361008644104,0.4398229718208313,-0.05864306539297104,-0.24068090319633484,2025-07-01 17:18:57.129,1751370537129,-7959,-2837,-680,82,-104,185
672,2025-07-01 17:18:57.490,2025-07-01 17:18:57.230053,1.0055646896362305,-7.773972988128662,4.402936935424805,-0.8796459436416626,-0.018325956538319588,-0.04642575979232788,2025-07-01 17:18:57.227,1751370537227,-8205,-2831,-417,-20,115,188
673,2025-07-01 17:18:57.589,2025-07-01 17:18:57.332222,0.2059013396501541,-9.6989107131958,3.00711727142334,0.4740314185619354,-0.10995574295520782,-0.35185837745666504,2025-07-01 17:18:57.324,1751370537324,-7670,-2614,-619,578,-226,157
674,2025-07-01 17:18:57.689,2025-07-01 17:18:57.431270,3.2130186557769775,-10.975020408630371,2.229001760482788,-0.455705463886261,-0.45204028487205505,0.3677408695220947,2025-07-01 17:18:57.408,1751370537408,-7942,-2276,-594,516,-174,-92
675,2025-07-01 17:18:57.889,2025-07-01 17:18:57.636837,-0.09816227108240128,-9.342175483703613,3.7876269817352295,-0.26022860407829285,-0.006108652334660292,-0.006108652334660292,2025-07-01 17:18:57.669,1751370537669,-7818,-2610,16,277,122,95
676,2025-07-01 17:18:57.989,2025-07-01 17:18:57.734382,0.9409212470054626,-9.785101890563965,2.2816741466522217,0.26633724570274353,0.05009094998240471,0.036651913076639175,2025-07-01 17:18:57.769,1751370537769,-7836,-2614,-285,307,-301,417
677,2025-07-01 17:18:58.289,2025-07-01 17:18:58.033625,0.6751648783683777,-11.645397186279297,2.5091233253479004,0.96883225440979,0.0354301854968071,-0.2993239760398865,2025-07-01 17:18:58.040,1751370538040,-7832,-2629,-260,342,-308,798
678,2025-07-01 17:18:58.404,2025-07-01 17:18:58.130578,0.8427590131759644,-8.446743965148926,4.314351558685303,-0.17592918872833252,0.0012217304902151227,0.2993239760398865,2025-07-01 17:18:58.122,1751370538122,-8288,-2346,-48,725,-287,1093
679,2025-07-01 17:18:58.489,2025-07-01 17:18:58.231420,-0.6009446382522583,-9.837775230407715,3.579331636428833,-0.9040805697441101,0.0757472887635231,-0.1319468915462494,2025-07-01 17:18:58.215,1751370538215,-8260,-1997,-85,1057,-299,907
680,2025-07-01 17:18:58.697,2025-07-01 17:18:58.432191,-0.05267243832349777,-9.837775230407715,2.846705913543701,0.5717698931694031,0.1368338167667389,-0.24923302233219147,2025-07-01 17:18:58.404,1751370538404,-7923,-1642,374,600,-428,350
681,2025-07-01 17:18:58.900,2025-07-01 17:18:58.629818,0.16519992053508759,-9.682151794433594,3.0382418632507324,0.24923302233219147,-0.018325956538319588,-0.46792277693748474,2025-07-01 17:18:58.669,1751370538669,-8292,-1851,441,374,-382,125
682,2025-07-01 17:18:59.199,2025-07-01 17:18:58.933415,-0.5410895943641663,-9.619902610778809,1.173158884048462,-0.20525072515010834,0.11728613078594208,0.03420845419168472,2025-07-01 17:18:58.942,1751370538942,-8140,-1577,145,275,-266,164
683,2025-07-01 17:18:59.294,2025-07-01 17:18:59.035616,1.01753568649292,-8.674192428588867,4.101267337799072,0.06230825558304787,-0.08674286305904388,0.1062905490398407,2025-07-01 17:18:59.015,1751370539015,-8490,-1326,537,372,115,308
684,2025-07-01 17:18:59.397,2025-07-01 17:18:59.130581,-1.2258312702178955,-9.706093788146973,2.3487119674682617,-0.3897320330142975,0.2565633952617645,0.08185594528913498,2025-07-01 17:18:59.115,1751370539115,-8455,-1355,240,296,287,59
685,2025-07-01 17:18:59.498,2025-07-01 17:18:59.231216,0.38307225704193115,-9.394847869873047,2.6815059185028076,0.07941248267889023,0.10506882518529892,-0.16249015927314758,2025-07-01 17:18:59.202,1751370539202,-8574,-1307,566,-84,-36,-95
686,2025-07-01 17:18:59.897,2025-07-01 17:18:59.630116,0.19871874153614044,-9.603142738342285,2.10210919380188,-0.4239404797554016,0.021991148591041565,-0.29565876722335815,2025-07-01 17:18:59.666,1751370539666,-8175,-1234,438,-225,-311,-253
687,2025-07-01 17:19:00.000,2025-07-01 17:18:59.731673,1.482010841369629,-10.053253173828125,4.323928356170654,-0.12217304855585098,0.03176499158143997,0.3323107063770294,2025-07-01 17:18:59.769,1751370539769,-8241,-1809,554,-332,17,-573
688,2025-07-01 17:19:00.106,2025-07-01 17:18:59.831390,-0.3663128614425659,-9.785101890563965,2.760514497756958,-0.2932153046131134,0.14905111491680145,-0.23945917189121246,2025-07-01 17:18:59.847,1751370539847,-8569,-1619,795,-167,73,-373
689,2025-07-01 17:19:00.195,2025-07-01 17:18:59.934491,0.6200982332229614,-9.476250648498535,1.941697597503662,-0.28099802136421204,0.02076941914856434,0.0354301854968071,2025-07-01 17:18:59.927,1751370539927,-7924,-1825,460,-306,-71,-277
690,2025-07-01 17:19:00.398,2025-07-01 17:19:00.129501,1.3862427473068237,-9.265560150146484,3.598485231399536,-0.1258382350206375,-0.16859880089759827,0.18570303916931152,2025-07-01 17:19:00.140,1751370540140,-8092,-1677,405,15,-329,-26
691,2025-07-01 17:19:00.493,2025-07-01 17:19:00.229793,-1.192312479019165,-10.251971244812012,2.382230758666992,-1.147204875946045,0.2626720666885376,0.09529497474431992,2025-07-01 17:19:00.198,1751370540198,-8193,-1708,600,285,22,320
692,2025-07-01 17:19:00.791,2025-07-01 17:19:00.538045,0.26575639843940735,-8.856152534484863,1.9273324012756348,0.09407325088977814,0.16493362188339233,0.1612684279680252,2025-07-01 17:19:00.555,1751370540555,-8364,-1329,464,-446,92,-1407
693,2025-07-01 17:19:00.896,2025-07-01 17:19:00.634272,0.7805097699165344,-9.502586364746094,2.806004285812378,0.43127086758613586,-0.04764748737215996,-0.16371189057826996,2025-07-01 17:19:00.638,1751370540638,-7968,-1488,787,-1402,-274,-2386
694,2025-07-01 17:19:00.989,2025-07-01 17:19:00.737256,-0.2537853717803955,-9.607931137084961,2.4181437492370605,-0.08185594528913498,0.09285151958465576,0.05742133408784866,2025-07-01 17:19:00.730,1751370540730,-8038,-2867,622,-2130,946,-2040
695,2025-07-01 17:19:01.089,2025-07-01 17:19:00.835139,0.047884032130241394,-9.691728591918945,2.233790159225464,-0.05009094998240471,0.05253441259264946,-0.02687807008624077,2025-07-01 17:19:00.829,1751370540829,-7869,-2724,-26,-1598,693,-902
696,2025-07-01 17:19:01.493,2025-07-01 17:19:01.232631,1.4413094520568848,-9.706093788146973,3.77565598487854,0.28099802136421204,0.13316862285137177,-0.05619960278272629,2025-07-01 17:19:01.196,1751370541196,-8041,-2117,-502,-542,141,-604
697,2025-07-01 17:19:01.597,2025-07-01 17:19:01.331841,0.07182604819536209,-10.967838287353516,3.2992098331451416,0.7122688889503479,0.051312681287527084,-0.05619960278272629,2025-07-01 17:19:01.355,1751370541355,-7897,-1937,-650,-839,778,-506
698,2025-07-01 17:19:01.994,2025-07-01 17:19:01.729507,0.011971008032560349,-8.487444877624512,3.469198226928711,0.4813618063926697,-0.04153883829712868,-0.1160643994808197,2025-07-01 17:19:01.718,1751370541718,-7842,-2258,-1134,-574,204,-187
699,2025-07-01 17:19:02.089,2025-07-01 17:19:01.834694,1.3958195447921753,-8.667010307312012,3.19865345954895,0.05009094998240471,0.009773843921720982,0.0403171069920063,2025-07-01 17:19:01.829,1751370541829,-7620,-2490,-973,-296,56,-209
700,2025-07-01 17:19:02.190,2025-07-01 17:19:01.934608,0.07661445438861847,-9.0859956741333,3.2154128551483154,0.12339477986097336,0.006108652334660292,-0.00855211354792118,2025-07-01 17:19:01.900,1751370541900,-7802,-2542,-1007,-283,7,-516
701,2025-07-01 17:19:02.789,2025-07-01 17:19:02.537222,-0.0071826050989329815,-9.095572471618652,2.315192937850952,-0.7061602473258972,0.2015855312347412,-0.0659734457731247,2025-07-01 17:19:02.544,1751370542544,-7467,-2911,-1077,-203,-23,-701
702,2025-07-01 17:19:02.889,2025-07-01 17:19:02.634731,-0.035913024097681046,-11.444284439086914,3.624821424484253,0.11728613078594208,-0.4129449129104614,-0.5400048494338989,2025-07-01 17:19:02.621,1751370542621,-7451,-2738,-908,-482,223,-449
703,2025-07-01 17:19:03.292,2025-07-01 17:19:03.035620,1.9512743949890137,-9.23682975769043,3.8594532012939453,0.1417207419872284,-0.045204028487205505,0.030543262138962746,2025-07-01 17:19:03.016,1751370543016,-7439,-2889,-1793,-460,62,-501
704,2025-07-01 17:19:03.496,2025-07-01 17:19:03.230906,1.3311761617660522,-8.662221908569336,4.314351558685303,0.030543262138962746,-0.015882495790719986,0.19547687470912933,2025-07-01 17:19:03.264,1751370543264,-7786,-2467,-1709,74,586,-39
705,2025-07-01 17:19:03.696,2025-07-01 17:19:03.434976,1.4772224426269531,-8.643068313598633,3.8139634132385254,0.03420845419168472,0.2687807083129883,-0.43737950921058655,2025-07-01 17:19:03.435,1751370543435,-7507,-2872,-1703,-113,-269,87
706,2025-07-01 17:19:03.808,2025-07-01 17:19:03.531807,-1.8722656965255737,-9.955090522766113,2.959233283996582,1.1032226085662842,0.20525072515010834,0.26511552929878235,2025-07-01 17:19:03.531,1751370543531,-7406,-2531,-1751,605,566,-89
707,2025-07-01 17:19:03.898,2025-07-01 17:19:03.634371,0.8307880163192749,-8.070854187011719,3.0765492916107178,-0.3628539443016052,0.1111774742603302,0.04764748737215996,2025-07-01 17:19:03.616,1751370543616,-7538,-2555,-1907,-28,-119,-70
708,2025-07-01 17:19:04.099,2025-07-01 17:19:03.829605,0.9696516990661621,-9.265560150146484,2.6192567348480225,-0.7000515460968018,0.2028072625398636,0.09285151958465576,2025-07-01 17:19:03.809,1751370543809,-7755,-2824,-1805,-56,316,-6
709,2025-07-01 17:19:04.394,2025-07-01 17:19:04.135694,0.4189853072166443,-9.006986618041992,2.698265314102173,-0.07819075137376785,-0.012217304669320583,-0.08674286305904388,2025-07-01 17:19:04.165,1751370544165,-7766,-2535,-1454,68,-78,-281
710,2025-07-01 17:19:04.493,2025-07-01 17:19:04.135694,0.4189853072166443,-9.006986618041992,2.698265314102173,-0.07819075137376785,-0.012217304669320583,-0.08674286305904388,2025-07-01 17:19:04.165,1751370544165,-7766,-2535,-1454,68,-78,-281
711,2025-07-01 17:19:04.594,2025-07-01 17:19:04.335928,0.009576806798577309,-8.564059257507324,3.2848446369171143,-0.5668829679489136,-0.0708603709936142,0.13927727937698364,2025-07-01 17:19:04.351,1751370544351,-7653,-2921,-1231,663,-514,836
712,2025-07-01 17:19:04.793,2025-07-01 17:19:04.535071,0.0454898327589035,-9.6989107131958,2.499546527862549,0.06719517707824707,0.13072516024112701,-0.0659734457731247,2025-07-01 17:19:04.514,1751370544514,-7965,-2555,-1225,1074,-571,860
713,2025-07-01 17:19:04.896,2025-07-01 17:19:04.629285,1.2689268589019775,-9.026140213012695,3.272873640060425,0.3066543638706207,-0.24923302233219147,0.12095131725072861,2025-07-01 17:19:04.612,1751370544612,-7643,-2415,-1381,503,-403,799
714,2025-07-01 17:19:05.289,2025-07-01 17:19:05.035032,-0.5291185975074768,-10.431536674499512,-0.08858546614646912,0.1820378452539444,-0.4153883755207062,0.8112290501594543,2025-07-01 17:19:05.066,1751370545066,-7836,-2565,514,2687,-1869,1355
715,2025-07-01 17:19:05.390,2025-07-01 17:19:05.139362,-2.10210919380188,-7.331045627593994,-0.49799394607543945,0.7305948138237,-0.9920451641082764,0.6010913848876953,2025-07-01 17:19:05.146,1751370545146,-8025,-2076,1078,2014,-1882,1350
716,2025-07-01 17:19:05.489,2025-07-01 17:19:05.236285,-3.1890766620635986,-7.754819393157959,2.054224967956543,-0.36529740691185,-2.0146336555480957,0.28466320037841797,2025-07-01 17:19:05.246,1751370545246,-7774,-1823,1848,462,-1374,1061
717,2025-07-01 17:19:05.598,2025-07-01 17:19:05.333135,0.9002198576927185,-7.074865818023682,4.158728122711182,0.08918632566928864,-1.2107349634170532,-0.3225368559360504,2025-07-01 17:19:05.314,1751370545314,-7773,-1800,2135,-101,-1111,665
718,2025-07-01 17:19:05.692,2025-07-01 17:19:05.434257,-0.4165911078453064,-9.524134635925293,4.388571739196777,0.304210901260376,-0.49846604466438293,-0.6829473376274109,2025-07-01 17:19:05.424,1751370545424,-7717,-1913,2369,-1035,126,597
719,2025-07-01 17:19:05.798,2025-07-01 17:19:05.543998,0.9481038451194763,-11.125855445861816,4.410119533538818,0.8478809595108032,-0.1466076523065567,-0.0024434609804302454,2025-07-01 17:19:05.512,1751370545512,-8205,-1340,1453,-1981,1233,344
720,2025-07-01 17:19:05.889,2025-07-01 17:19:05.645461,-0.27054479718208313,-9.057265281677246,4.244919776916504,0.5754350423812866,0.04886921867728233,-0.006108652334660292,2025-07-01 17:19:05.678,1751370545678,-8280,-1249,182,-3038,1674,-2
721,2025-07-01 17:19:05.996,2025-07-01 17:19:05.733594,0.20350714027881622,-9.205705642700195,4.8937482833862305,0.6572909951210022,-0.015882495790719986,-0.22602014243602753,2025-07-01 17:19:05.767,1751370545767,-8161,-1273,111,-3020,1705,-33
722,2025-07-01 17:19:06.092,2025-07-01 17:19:05.836100,0.9097966551780701,-8.303091049194336,4.551377296447754,-0.26511552929878235,0.04153883829712868,-0.3543018400669098,2025-07-01 17:19:05.863,1751370545863,-8164,-1277,30,-2951,1701,-41
723,2025-07-01 17:19:06.190,2025-07-01 17:19:05.929512,-0.363918662071228,-8.884882926940918,4.584896087646484,-0.3738495409488678,-0.028099801391363144,0.05619960278272629,2025-07-01 17:19:05.958,1751370545958,-8391,-1268,-529,-2462,1523,-10
724,2025-07-01 17:19:06.389,2025-07-01 17:19:06.133049,0.2968810200691223,-8.78432559967041,4.529829502105713,-0.34697145223617554,0.12339477986097336,0.27611109614372253,2025-07-01 17:19:06.128,1751370546128,-8076,-1241,-1115,-199,249,-370
725,2025-07-01 17:19:06.489,2025-07-01 17:19:06.234822,0.014365210197865963,-8.604761123657227,4.730942726135254,0.3090978264808655,-0.02076941914856434,-0.05619960278272629,2025-07-01 17:19:06.224,1751370546224,-8085,-1230,-719,0,330,-46
726,2025-07-01 17:19:06.591,2025-07-01 17:19:06.331152,0.33039984107017517,-8.537723541259766,5.190629482269287,-0.15882496535778046,-0.17470745742321014,-0.17470745742321014,2025-07-01 17:19:06.310,1751370546310,-8318,-1329,-663,103,-32,-338
727,2025-07-01 17:19:06.699,2025-07-01 17:19:06.437446,0.7589619159698486,-8.14028549194336,5.018246650695801,-0.32131510972976685,0.1319468915462494,0.3628539443016052,2025-07-01 17:19:06.434,1751370546434,-7829,-1539,-962,-237,235,547
728,2025-07-01 17:19:06.889,2025-07-01 17:19:06.642606,1.0773907899856567,-7.994239330291748,4.558559894561768,-0.13316862285137177,0.06475171446800232,0.039095375686883926,2025-07-01 17:19:06.681,1751370546681,-7857,-1318,-1179,-160,449,-475
729,2025-07-01 17:19:06.989,2025-07-01 17:19:06.732703,-0.06224924325942993,-7.903259754180908,5.307945251464844,0.4495968222618103,0.015882495790719986,-0.1062905490398407,2025-07-01 17:19:06.759,1751370546759,-8153,-1181,-1264,-186,464,-770
730,2025-07-01 17:19:07.089,2025-07-01 17:19:06.732703,-0.06224924325942993,-7.903259754180908,5.307945251464844,0.4495968222618103,0.015882495790719986,-0.1062905490398407,2025-07-01 17:19:06.759,1751370546759,-8153,-1181,-1264,-186,464,-770
731,2025-07-01 17:19:07.189,2025-07-01 17:19:06.931739,0.5123591423034668,-7.0126166343688965,6.143521785736084,0.2724458873271942,0.06475171446800232,-1.007927656173706,2025-07-01 17:19:06.953,1751370546953,-8224,-1627,-1422,0,217,-496
732,2025-07-01 17:19:07.289,2025-07-01 17:19:07.029593,0.5099649429321289,-9.888052940368652,4.474762916564941,0.2822197377681732,0.0757472887635231,0.38606682419776917,2025-07-01 17:19:07.051,1751370547051,-8008,-1453,-1804,-110,-49,78
733,2025-07-01 17:19:07.389,2025-07-01 17:19:07.134841,0.4812345504760742,-9.263166427612305,3.8331170082092285,0.2675589919090271,0.10995574295520782,0.04886921867728233,2025-07-01 17:19:07.139,1751370547139,-8058,-1425,-1817,-21,-121,-48
734,2025-07-01 17:19:07.490,2025-07-01 17:19:07.242797,0.33758243918418884,-7.848193168640137,5.937620162963867,-0.013439035043120384,-0.09407325088977814,-0.025656340643763542,2025-07-01 17:19:07.221,1751370547221,-7813,-1622,-1572,383,86,205
735,2025-07-01 17:19:07.795,2025-07-01 17:19:07.536581,-0.8355764150619507,-9.368511199951172,4.108449935913086,-0.3078760802745819,0.05497787147760391,0.1869247704744339,2025-07-01 17:19:07.507,1751370547507,-7812,-1548,-1901,-102,154,-74
736,2025-07-01 17:19:07.989,2025-07-01 17:19:07.731258,0.05746084079146385,-7.733271598815918,5.200206279754639,0.5057964324951172,0.3836233615875244,-0.010995574295520782,2025-07-01 17:19:07.766,1751370547766,-8051,-1593,-1624,-68,-369,92
737,2025-07-01 17:19:08.089,2025-07-01 17:19:07.841087,0.9552865028381348,-13.493721008300781,4.197035789489746,-0.12828169763088226,-0.06719517707824707,0.07208210229873657,2025-07-01 17:19:07.857,1751370547857,-7867,-1636,-1633,-111,-316,-390
738,2025-07-01 17:19:08.194,2025-07-01 17:19:07.931252,0.040701430290937424,-9.229647636413574,4.173093795776367,-0.021991148591041565,-0.025656340643763542,0.0,2025-07-01 17:19:07.937,1751370547937,-7815,-1873,-1466,90,362,5
739,2025-07-01 17:19:08.404,2025-07-01 17:19:08.135978,0.0454898327589035,-9.370905876159668,4.039018154144287,-0.2064724564552307,0.03787364438176155,0.24434609711170197,2025-07-01 17:19:08.112,1751370548112,-8064,-1533,-1504,19,77,-128
740,2025-07-01 17:19:08.898,2025-07-01 17:19:08.633804,0.9600749015808105,-9.02135181427002,4.853046894073486,0.36163222789764404,-0.15515977144241333,-0.34208452701568604,2025-07-01 17:19:08.646,1751370548646,-7597,-1900,-1598,833,-534,113
741,2025-07-01 17:19:08.998,2025-07-01 17:19:08.735080,-0.6919242739677429,-8.453926086425781,4.378994941711426,-0.12339477986097336,0.08552113175392151,0.03787364438176155,2025-07-01 17:19:08.768,1751370548768,-8203,-1500,-961,294,20,-295
742,2025-07-01 17:19:09.199,2025-07-01 17:19:08.935652,0.8427590131759644,-9.801861763000488,3.7397429943084717,0.18448130786418915,0.045204028487205505,0.2015855312347412,2025-07-01 17:19:08.920,1751370548920,-8243,-1856,-1152,274,-141,39
743,2025-07-01 17:19:09.291,2025-07-01 17:19:09.030318,-0.3280056416988373,-9.50498104095459,3.6583402156829834,-0.6548475623130798,-0.0024434609804302454,0.21991148591041565,2025-07-01 17:19:09.016,1751370549016,-7930,-1894,-905,313,-244,74
744,2025-07-01 17:19:09.694,2025-07-01 17:19:09.437929,-0.15083470940589905,-8.044517517089844,5.020640850067139,-0.0024434609804302454,0.05375614017248154,0.10873401165008545,2025-07-01 17:19:09.465,1751370549465,-7890,-1854,-445,574,-592,-23
745,2025-07-01 17:19:09.889,2025-07-01 17:19:09.640267,-0.090979665517807,-7.977479934692383,4.05817174911499,0.3677408695220947,0.20891591906547546,-0.2064724564552307,2025-07-01 17:19:09.645,1751370549645,-8251,-1660,-314,37,-309,5
746,2025-07-01 17:19:09.995,2025-07-01 17:19:09.741080,0.29209262132644653,-9.330204010009766,4.067748546600342,-0.18325957655906677,-0.03420845419168472,-0.0012217304902151227,2025-07-01 17:19:09.726,1751370549726,-8099,-1483,-268,-373,98,53
747,2025-07-01 17:19:10.092,2025-07-01 17:19:09.838632,-0.05027823522686958,-9.409213066101074,3.869029998779297,-0.0012217304902151227,-0.08429940044879913,-0.08307767659425735,2025-07-01 17:19:09.814,1751370549814,-8140,-1509,11,-356,112,75
748,2025-07-01 17:19:10.192,2025-07-01 17:19:09.947727,1.0438719987869263,-8.856152534484863,4.122815132141113,0.13072516024112701,0.06719517707824707,0.12828169763088226,2025-07-01 17:19:09.918,1751370549918,-8073,-1475,-278,-266,71,-262
749,2025-07-01 17:19:10.300,2025-07-01 17:19:10.041352,0.31124621629714966,-8.96149730682373,3.8283286094665527,0.16493362188339233,-0.06108652427792549,-0.1258382350206375,2025-07-01 17:19:10.015,1751370550015,-8218,-1846,-317,-372,-106,74
750,2025-07-01 17:19:10.397,2025-07-01 17:19:10.131506,0.33997663855552673,-8.949525833129883,5.082890033721924,0.3579670190811157,-0.04642575979232788,-0.17348572611808777,2025-07-01 17:19:10.094,1751370550094,-8165,-1855,95,27,-57,271
751,2025-07-01 17:19:10.489,2025-07-01 17:19:10.241162,0.7781155705451965,-8.233659744262695,4.8051629066467285,-0.1319468915462494,0.1466076523065567,0.14294247329235077,2025-07-01 17:19:10.279,1751370550279,-8288,-1834,-318,264,-286,515
752,2025-07-01 17:19:10.695,2025-07-01 17:19:10.435543,0.646434485912323,-8.913613319396973,4.481945514678955,0.17104226350784302,0.00855211354792118,-0.2541199326515198,2025-07-01 17:19:10.461,1751370550461,-8301,-1280,-29,628,-378,-16
753,2025-07-01 17:19:10.900,2025-07-01 17:19:10.642601,0.912190854549408,-7.357381820678711,5.442020416259766,-0.010995574295520782,-0.10506882518529892,0.06475171446800232,2025-07-01 17:19:10.657,1751370550657,-8087,-1566,286,365,-369,118
754,2025-07-01 17:19:10.992,2025-07-01 17:19:10.738510,-0.5410895943641663,-9.107542991638184,4.6471452713012695,-0.14294247329235077,0.21868975460529327,-0.010995574295520782,2025-07-01 17:19:10.742,1751370550742,-8509,-1233,333,299,-113,-278
755,2025-07-01 17:19:11.599,2025-07-01 17:19:11.338452,0.3256114423274994,-10.27591323852539,2.736572504043579,-0.2834414839744568,-0.09285151958465576,-0.5216789245605469,2025-07-01 17:19:11.377,1751370551377,-7909,-1803,174,192,-105,25
756,2025-07-01 17:19:11.790,2025-07-01 17:19:11.541096,0.4884171485900879,-6.773196697235107,6.7061591148376465,0.7159340381622314,-0.051312681287527084,-0.17959438264369965,2025-07-01 17:19:11.565,1751370551565,-8317,-1434,538,96,-101,109
757,2025-07-01 17:19:11.990,2025-07-01 17:19:11.746272,2.166752576828003,-9.904812812805176,4.3622355461120605,-0.12095131725072861,0.03176499158143997,0.7073819637298584,2025-07-01 17:19:11.724,1751370551724,-8185,-1555,587,42,-105,-9
758,2025-07-01 17:19:12.205,2025-07-01 17:19:11.939236,1.1971008777618408,-9.251194953918457,4.76924991607666,0.22357667982578278,-0.28955012559890747,0.08796459436416626,2025-07-01 17:19:11.906,1751370551906,-8456,-1249,545,-531,-99,-23
759,2025-07-01 17:19:12.396,2025-07-01 17:19:12.139598,-0.9720458984375,-9.05487060546875,2.760514497756958,0.50335294008255,0.4349360466003418,0.5070181488990784,2025-07-01 17:19:12.165,1751370552165,-8082,-1454,220,-267,13,-104
760,2025-07-01 17:19:12.689,2025-07-01 17:19:12.449436,0.06464344263076782,-9.301473617553711,3.6176388263702393,0.04642575979232788,-0.10751228034496307,-0.4202753007411957,2025-07-01 17:19:12.434,1751370552434,-7818,-2057,-350,-2226,1650,-1830
761,2025-07-01 17:19:12.789,2025-07-01 17:19:12.543401,0.26096799969673157,-9.045293807983398,3.957615375518799,-0.059864792972803116,-0.02076941914856434,-0.015882495790719986,2025-07-01 17:19:12.529,1751370552529,-7989,-2183,-1036,-2028,1546,-943
762,2025-07-01 17:19:12.908,2025-07-01 17:19:12.638769,0.24181437492370605,-8.927978515625,4.290409564971924,0.15271630883216858,0.0,-0.03787364438176155,2025-07-01 17:19:12.621,1751370552621,-8024,-2501,-1641,-1290,650,-817
763,2025-07-01 17:19:13.389,2025-07-01 17:19:13.133936,0.16759411990642548,-9.174580574035645,3.974374771118164,0.5265658497810364,0.09773843735456467,0.504574716091156,2025-07-01 17:19:13.150,1751370553150,-7776,-2281,-1828,28,1,-101
764,2025-07-01 17:19:13.497,2025-07-01 17:19:13.230213,0.026336219161748886,-8.923190116882324,4.6040496826171875,0.1869247704744339,-0.11850785464048386,-0.46792277693748474,2025-07-01 17:19:13.267,1751370553267,-7750,-2348,-1474,-313,164,1036
765,2025-07-01 17:19:13.601,2025-07-01 17:19:13.340372,-0.26336219906806946,-9.294290542602539,3.9049429893493652,-0.7086036801338196,0.1612684279680252,0.33108896017074585,2025-07-01 17:19:13.333,1751370553333,-7710,-1969,-1754,85,-57,-100
766,2025-07-01 17:19:14.100,2025-07-01 17:19:13.841595,-0.5578489899635315,-9.727641105651855,3.3877954483032227,-0.1160643994808197,0.03787364438176155,0.01466076634824276,2025-07-01 17:19:13.879,1751370553879,-8029,-1780,-1536,-57,86,113
767,2025-07-01 17:19:14.293,2025-07-01 17:19:14.041122,-0.4884171485900879,-10.134655952453613,3.6152446269989014,-0.021991148591041565,0.01466076634824276,-0.18448130786418915,2025-07-01 17:19:14.077,1751370554077,-8010,-2120,-1443,-59,71,84
768,2025-07-01 17:19:14.398,2025-07-01 17:19:14.153561,1.4628572463989258,-7.972691535949707,5.509057998657227,-0.028099801391363144,-0.1722639948129654,0.2015855312347412,2025-07-01 17:19:14.150,1751370554150,-7564,-2315,-1498,179,-515,-24
769,2025-07-01 17:19:14.706,2025-07-01 17:19:14.335524,0.7805097699165344,-8.698134422302246,4.235342979431152,-0.12339477986097336,0.14538592100143433,0.05742133408784866,2025-07-01 17:19:14.326,1751370554326,-7973,-1704,-1490,589,98,-31
770,2025-07-01 17:19:15.194,2025-07-01 17:19:14.942941,-0.36152446269989014,-6.9024834632873535,3.912125587463379,0.3604104816913605,-0.019547687843441963,-0.20402899384498596,2025-07-01 17:19:14.983,1751370554983,-8033,-1767,-1165,99,93,-275
771,2025-07-01 17:19:15.393,2025-07-01 17:19:15.148872,0.45489832758903503,-8.851364135742188,3.799597978591919,0.5265658497810364,0.021991148591041565,-0.4398229718208313,2025-07-01 17:19:15.146,1751370555146,-7831,-2123,-1307,-113,-381,-68
772,2025-07-01 17:19:15.492,2025-07-01 17:19:15.243806,0.3878606855869293,-8.810662269592285,4.23773717880249,0.05375614017248154,0.0806342139840126,0.3689626157283783,2025-07-01 17:19:15.226,1751370555226,-7649,-1973,-1405,389,333,334
773,2025-07-01 17:19:15.589,2025-07-01 17:19:15.332398,-0.2801215946674347,-9.160215377807617,4.146757125854492,-0.40194934606552124,0.10995574295520782,0.32986724376678467,2025-07-01 17:19:15.329,1751370555329,-7936,-1678,-1199,652,250,367
774,2025-07-01 17:19:15.789,2025-07-01 17:19:15.544757,-0.42856210470199585,-9.253589630126953,4.644751071929932,-0.22846360504627228,0.08307767659425735,0.6243042945861816,2025-07-01 17:19:15.578,1751370555578,-7904,-1833,-1365,-323,-80,-804
775,2025-07-01 17:19:15.891,2025-07-01 17:19:15.646944,-0.6655880808830261,-9.038111686706543,2.4684219360351562,1.3952162265777588,0.0806342139840126,0.06475171446800232,2025-07-01 17:19:15.677,1751370555677,-7739,-2349,-1004,-1397,24,-1483
776,2025-07-01 17:19:15.999,2025-07-01 17:19:15.740652,-0.5099649429321289,-4.757278919219971,3.7636849880218506,0.4447098970413208,0.2638937830924988,0.0354301854968071,2025-07-01 17:19:15.758,1751370555758,-7732,-2485,-1242,-1492,841,-1561
777,2025-07-01 17:19:16.090,2025-07-01 17:19:15.842759,0.22505496442317963,-9.368511199951172,3.270479440689087,-0.028099801391363144,-0.04153883829712868,-0.00855211354792118,2025-07-01 17:19:15.849,1751370555849,-7702,-2854,-1449,-1240,568,-1019
778,2025-07-01 17:19:16.289,2025-07-01 17:19:16.037229,-0.7015010714530945,-9.612719535827637,3.9695863723754883,0.05497787147760391,0.14416420459747314,-0.018325956538319588,2025-07-01 17:19:16.036,1751370556036,-7745,-2708,-1802,-756,150,-833
779,2025-07-01 17:19:16.489,2025-07-01 17:19:16.245300,0.11971008777618408,-9.404424667358398,4.271255970001221,0.38117989897727966,0.10262536257505417,-0.4349360466003418,2025-07-01 17:19:16.225,1751370556225,-7710,-2559,-1733,1,350,-355
780,2025-07-01 17:19:17.292,2025-07-01 17:19:16.844432,0.8978256583213806,-9.258378028869629,3.4404678344726562,0.607200026512146,0.0024434609804302454,0.18448130786418915,2025-07-01 17:19:16.853,1751370556853,-7683,-2605,-1698,309,264,1038
781,2025-07-01 17:19:17.389,2025-07-01 17:19:17.035671,-0.2753331959247589,-9.428366661071777,3.9384617805480957,-0.6780604124069214,0.1514945775270462,-0.10384709388017654,2025-07-01 17:19:17.021,1751370557021,-7660,-2367,-1867,-4,96,537
782,2025-07-01 17:19:17.902,2025-07-01 17:19:17.429979,0.3256114423274994,-9.390059471130371,3.7493197917938232,0.5998696684837341,-0.06475171446800232,-0.6230825781822205,2025-07-01 17:19:17.423,1751370557423,-7716,-2188,-1694,286,45,-15
783,2025-07-01 17:19:17.990,2025-07-01 17:19:17.747282,1.4867992401123047,-8.341399192810059,4.766855716705322,0.10751228034496307,-0.045204028487205505,0.16371189057826996,2025-07-01 17:19:17.752,1751370557752,-7991,-2417,-1448,126,-40,-265
784,2025-07-01 17:19:18.103,2025-07-01 17:19:17.846650,-0.8619126081466675,-9.84256362915039,2.8107926845550537,-1.0238101482391357,0.16493362188339233,0.14538592100143433,2025-07-01 17:19:17.850,1751370557850,-7750,-2258,-1526,380,-63,-308
785,2025-07-01 17:19:18.204,2025-07-01 17:19:17.943928,2.6144683361053467,-8.640673637390137,5.372588634490967,0.7159340381622314,0.019547687843441963,1.5161675214767456,2025-07-01 17:19:17.959,1751370557959,-7999,-2403,-1654,288,271,-319
786,2025-07-01 17:19:18.892,2025-07-01 17:19:18.645189,0.07661445438861847,-6.3733649253845215,1.192312479019165,0.7086036801338196,-0.34208452701568604,-0.4434881806373596,2025-07-01 17:19:18.652,1751370558652,-7383,-2603,-1251,-622,-43,-1042
787,2025-07-01 17:19:19.291,2025-07-01 17:19:19.048605,0.26096799969673157,-9.313444137573242,2.940079689025879,0.8906415104866028,-0.025656340643763542,-0.09896016865968704,2025-07-01 17:19:19.012,1751370559012,-7790,-2907,-1513,-462,288,-529
788,2025-07-01 17:19:19.392,2025-07-01 17:19:19.147332,-0.12928688526153564,-7.869740962982178,3.8331170082092285,-0.1869247704744339,0.1514945775270462,-0.10506882518529892,2025-07-01 17:19:19.179,1751370559179,-7358,-2540,-1867,-196,319,-275
789,2025-07-01 17:19:19.690,2025-07-01 17:19:19.437711,0.7637503147125244,-9.047688484191895,3.88818359375,0.3738495409488678,-0.042760565876960754,-0.16249015927314758,2025-07-01 17:19:19.448,1751370559448,-7418,-2538,-1860,-209,290,-274
790,2025-07-01 17:19:19.894,2025-07-01 17:19:19.651662,0.2322375625371933,-8.327033042907715,4.223371982574463,-0.02687807008624077,-0.11239920556545258,0.06719517707824707,2025-07-01 17:19:19.651,1751370559651,-7707,-2677,-1852,292,78,-305
791,2025-07-01 17:19:20.193,2025-07-01 17:19:19.941818,-0.15562310814857483,-8.707711219787598,3.667917013168335,-0.2590068578720093,0.1869247704744339,0.0012217304902151227,2025-07-01 17:19:19.909,1751370559909,-7795,-2455,-1527,514,-36,474
792,2025-07-01 17:19:20.690,2025-07-01 17:19:20.446385,0.363918662071228,-9.181763648986816,2.652775526046753,0.5265658497810364,-0.042760565876960754,-0.5852088928222656,2025-07-01 17:19:20.443,1751370560443,-7672,-2359,-1465,534,-111,259
793,2025-07-01 17:19:20.889,2025-07-01 17:19:20.647460,0.33758243918418884,-7.314286231994629,4.608838081359863,-0.4080579876899719,0.036651913076639175,0.24190263450145721,2025-07-01 17:19:20.629,1751370560629,-7650,-2112,-1399,533,-132,316
794,2025-07-01 17:19:20.991,2025-07-01 17:19:20.742207,0.3280056416988373,-9.823410034179688,3.706224203109741,0.8600982427597046,-0.039095375686883926,-0.28099802136421204,2025-07-01 17:19:20.723,1751370560723,-7786,-2306,-1364,-117,-167,112
795,2025-07-01 17:19:21.090,2025-07-01 17:19:20.841922,0.0454898327589035,-9.215282440185547,3.7229835987091064,-0.34697145223617554,0.15271630883216858,0.4691445231437683,2025-07-01 17:19:20.807,1751370560807,-7845,-2010,-930,-261,33,327
796,2025-07-01 17:19:21.289,2025-07-01 17:19:21.045336,1.6496049165725708,-10.417171478271484,4.474762916564941,-0.37262779474258423,0.17470745742321014,0.2993239760398865,2025-07-01 17:19:21.074,1751370561074,-7997,-2028,-994,-116,57,275
797,2025-07-01 17:19:21.489,2025-07-01 17:19:21.240015,2.765302896499634,-9.030928611755371,2.8395233154296875,-0.41172316670417786,-0.3029891550540924,0.16982053220272064,2025-07-01 17:19:21.252,1751370561252,-8062,-1956,-963,-60,113,286
798,2025-07-01 17:19:21.596,2025-07-01 17:19:21.358199,-0.4118026793003082,-9.890447616577148,2.6862943172454834,-0.00733038317412138,0.006108652334660292,0.02932153269648552,2025-07-01 17:19:21.353,1751370561353,-7989,-1816,-1089,458,-533,767
799,2025-07-01 17:19:21.695,2025-07-01 17:19:21.448030,0.6153098344802856,-9.066842079162598,3.5242648124694824,0.6633996367454529,0.06475171446800232,0.05864306539297104,2025-07-01 17:19:21.444,1751370561444,-8076,-1538,-810,952,-295,1300
800,2025-07-01 17:19:21.889,2025-07-01 17:19:21.640747,-0.8140285611152649,-8.829815864562988,4.347870349884033,0.950506329536438,0.4703662395477295,0.00366519158706069,2025-07-01 17:19:21.610,1751370561610,-8284,-1225,-795,988,-301,1167
801,2025-07-01 17:19:22.502,2025-07-01 17:19:22.249536,-0.751779317855835,-10.81700325012207,1.4748282432556152,-0.01466076634824276,0.12461651116609573,-0.18325957655906677,2025-07-01 17:19:22.235,1751370562235,-8299,-1389,93,165,-639,98
802,2025-07-01 17:19:22.695,2025-07-01 17:19:22.449157,0.028730420395731926,-9.287108421325684,2.564189910888672,0.0403171069920063,0.039095375686883926,-0.04642575979232788,2025-07-01 17:19:22.436,1751370562436,-8484,-1394,236,-24,-292,127
803,2025-07-01 17:19:22.799,2025-07-01 17:19:22.550056,0.07182604819536209,-9.940725326538086,3.157952070236206,0.18570303916931152,-0.14782938361167908,0.13439035415649414,2025-07-01 17:19:22.536,1751370562536,-8525,-1393,198,51,-127,-257
804,2025-07-01 17:19:22.898,2025-07-01 17:19:22.632112,-0.038307227194309235,-7.666234016418457,3.799597978591919,-0.43615779280662537,0.08185594528913498,0.0659734457731247,2025-07-01 17:19:22.631,1751370562631,-8131,-1245,289,-375,20,334
805,2025-07-01 17:19:23.099,2025-07-01 17:19:22.846830,-0.4644751250743866,-9.311050415039062,1.501164436340332,-0.2015855312347412,0.0659734457731247,0.13316862285137177,2025-07-01 17:19:22.886,1751370562886,-8146,-1363,561,90,39,83
806,2025-07-01 17:19:23.196,2025-07-01 17:19:22.946985,0.3495534360408783,-8.135497093200684,4.326322555541992,0.769690215587616,-0.06108652427792549,-0.2125810980796814,2025-07-01 17:19:22.970,1751370562970,-8503,-1302,590,53,-334,69
807,2025-07-01 17:19:23.291,2025-07-01 17:19:23.050766,0.06464344263076782,-8.667010307312012,3.426102638244629,-0.2541199326515198,0.21502456068992615,0.14782938361167908,2025-07-01 17:19:23.052,1751370563052,-8129,-1398,162,-34,-346,-296
808,2025-07-01 17:19:23.591,2025-07-01 17:19:23.351047,0.6392518281936646,-8.724471092224121,3.2585084438323975,-0.504574716091156,0.1563815027475357,0.11850785464048386,2025-07-01 17:19:23.348,1751370563348,-7866,-1638,505,-571,-143,-692
809,2025-07-01 17:19:23.990,2025-07-01 17:19:23.749049,-0.42856210470199585,-9.402029991149902,2.3942017555236816,-0.0757472887635231,0.23579397797584534,-0.2223549485206604,2025-07-01 17:19:23.775,1751370563775,-8090,-1854,398,118,-1,115
810,2025-07-01 17:19:24.096,2025-07-01 17:19:23.849785,0.6129156351089478,-10.213664054870605,3.428496837615967,-0.24068090319633484,0.01466076634824276,0.042760565876960754,2025-07-01 17:19:23.866,1751370563866,-8538,-1185,870,-8,-67,97
811,2025-07-01 17:19:24.208,2025-07-01 17:19:23.946325,-0.2585737705230713,-8.83939266204834,2.145204782485962,0.024434609338641167,0.004886921960860491,-0.01710422709584236,2025-07-01 17:19:23.962,1751370563962,-8465,-1196,422,92,307,80
812,2025-07-01 17:19:24.393,2025-07-01 17:19:24.144383,-1.0414776802062988,-10.771512985229492,1.4245500564575195,-1.1105530261993408,0.20891591906547546,0.04398229718208313,2025-07-01 17:19:24.129,1751370564129,-8132,-1268,489,-127,-302,4
813,2025-07-01 17:19:24.494,2025-07-01 17:19:24.244123,1.259350061416626,-7.73087739944458,4.675876140594482,0.05619960278272629,0.042760565876960754,-0.004886921960860491,2025-07-01 17:19:24.228,1751370564228,-8067,-1558,481,-104,-312,-260
814,2025-07-01 17:19:24.607,2025-07-01 17:19:24.357779,-1.2617442607879639,-10.51054573059082,1.922544002532959,-0.3237585723400116,0.17959438264369965,-0.08307767659425735,2025-07-01 17:19:24.332,1751370564332,-7931,-1429,487,-339,-190,-367
815,2025-07-01 17:19:24.702,2025-07-01 17:19:24.445582,1.0582371950149536,-9.035717010498047,3.1292216777801514,-0.22113321721553802,0.036651913076639175,0.013439035043120384,2025-07-01 17:19:24.411,1751370564411,-8127,-1603,798,-234,-370,-258
816,2025-07-01 17:19:24.789,2025-07-01 17:19:24.551461,-0.272938996553421,-9.57201862335205,2.63362193107605,0.14416420459747314,0.030543262138962746,-0.1319468915462494,2025-07-01 17:19:24.587,1751370564587,-8096,-1409,391,-206,380,-220
817,2025-07-01 17:19:24.892,2025-07-01 17:19:24.647744,0.2992752194404602,-9.670180320739746,3.4189200401306152,-0.3677408695220947,0.1062905490398407,0.10995574295520782,2025-07-01 17:19:24.682,1751370564682,-8451,-1486,401,-227,63,-333
818,2025-07-01 17:19:24.992,2025-07-01 17:19:24.731111,-0.033518824726343155,-10.769119262695312,0.993593692779541,0.3787364661693573,-0.015882495790719986,-0.1563815027475357,2025-07-01 17:19:24.709,1751370564709,-8115,-1440,591,331,132,-185
819,2025-07-01 17:19:25.197,2025-07-01 17:19:24.952310,0.24181437492370605,-9.96945571899414,2.540247917175293,0.1612684279680252,-0.036651913076639175,-0.00733038317412138,2025-07-01 17:19:24.943,1751370564943,-8084,-1800,415,-210,-300,-381
820,2025-07-01 17:19:25.290,2025-07-01 17:19:25.052706,-0.15801730751991272,-9.59835433959961,2.2840683460235596,-0.19914206862449646,0.09162978827953339,-0.0012217304902151227,2025-07-01 17:19:25.044,1751370565044,-7920,-1721,512,-376,112,-156
821,2025-07-01 17:19:25.399,2025-07-01 17:19:25.153892,0.3256114423274994,-10.17296314239502,2.6431987285614014,0.4251621961593628,-0.019547687843441963,0.006108652334660292,2025-07-01 17:19:25.128,1751370565128,-8219,-1702,238,-330,-24,-157
822,2025-07-01 17:19:25.692,2025-07-01 17:19:25.452443,0.6320692300796509,-10.29746150970459,2.808398485183716,0.10873401165008545,0.19058994948863983,0.0354301854968071,2025-07-01 17:19:25.415,1751370565415,-7923,-1762,429,-14,-262,11
823,2025-07-01 17:19:25.995,2025-07-01 17:19:25.748052,-0.8164227604866028,-10.702081680297852,2.8562827110290527,-0.4703662395477295,-0.2687807083129883,-0.3286454975605011,2025-07-01 17:19:25.756,1751370565756,-8154,-1479,864,-25,-520,-278
824,2025-07-01 17:19:26.289,2025-07-01 17:19:26.051799,-0.16519992053508759,-9.11233139038086,3.754108190536499,0.48869219422340393,-0.16493362188339233,-0.6243042945861816,2025-07-01 17:19:26.048,1751370566048,-7580,-1411,425,-653,-623,-3093
825,2025-07-01 17:19:26.389,2025-07-01 17:19:26.149585,-0.4644751250743866,-9.555258750915527,3.6320040225982666,-0.18448130786418915,0.08552113175392151,0.28955012559890747,2025-07-01 17:19:26.125,1751370566125,-7258,-4130,-644,-2472,1165,-1057
826,2025-07-01 17:19:26.489,2025-07-01 17:19:26.252367,-0.47405192255973816,-8.293514251708984,3.7158010005950928,-0.4190535545349121,0.18325957655906677,0.2015855312347412,2025-07-01 17:19:26.287,1751370566287,-7405,-3721,-917,-396,819,130
827,2025-07-01 17:19:26.789,2025-07-01 17:19:26.553876,0.8547300100326538,-8.932766914367676,3.823540210723877,0.6230825781822205,-0.03298672288656235,-0.05619960278272629,2025-07-01 17:19:26.556,1751370566556,-7612,-3443,-965,325,837,171
828,2025-07-01 17:19:26.889,2025-07-01 17:19:26.644146,-0.24420857429504395,-9.009381294250488,2.9328970909118652,-0.5009095072746277,0.16371189057826996,0.17470745742321014,2025-07-01 17:19:26.655,1751370566655,-7146,-3481,-1386,-844,285,-110
829,2025-07-01 17:19:27.701,2025-07-01 17:19:27.451996,1.1420341730117798,-8.468291282653809,3.421314239501953,0.07452555745840073,0.04398229718208313,-0.05497787147760391,2025-07-01 17:19:27.462,1751370567462,-7087,-3243,-1875,-317,193,-40
830,2025-07-01 17:19:27.795,2025-07-01 17:19:27.551052,0.26575639843940735,-10.831368446350098,1.3192051649093628,0.5167919993400574,0.06963863968849182,-0.09162978827953339,2025-07-01 17:19:27.555,1751370567555,-7541,-3419,-1660,8,98,58
831,2025-07-01 17:19:27.901,2025-07-01 17:19:27.653220,0.8786720037460327,-8.358158111572266,3.892971992492676,-0.26511552929878235,-0.02932153269648552,0.09040805697441101,2025-07-01 17:19:27.645,1751370567645,-7224,-3299,-1841,-59,117,48
832,2025-07-01 17:19:28.593,2025-07-01 17:19:28.345826,-1.41257905960083,-7.151480674743652,4.32871675491333,0.09651670604944229,-1.8118263483047485,0.48747047781944275,2025-07-01 17:19:28.377,1751370568377,-6545,-3051,-1617,-1907,678,994
833,2025-07-01 17:19:28.695,2025-07-01 17:19:28.454931,-0.9026140570640564,-10.158597946166992,5.032611846923828,0.7855727076530457,-0.9297369122505188,-0.21013765037059784,2025-07-01 17:19:28.450,1751370568450,-7200,-2772,-2209,-1170,1022,618
834,2025-07-01 17:19:28.794,2025-07-01 17:19:28.555889,0.1628057211637497,-8.310274124145508,3.0166940689086914,0.2736676335334778,-0.797789990901947,0.01710422709584236,2025-07-01 17:19:28.542,1751370568542,-7372,-2661,-2658,-1095,784,424
835,2025-07-01 17:19:28.893,2025-07-01 17:19:28.651597,-0.17717093229293823,-13.852850914001465,4.534617900848389,0.7513642311096191,-0.375071257352829,-0.2370157092809677,2025-07-01 17:19:28.630,1751370568630,-7532,-2410,-2229,-435,-285,571
836,2025-07-01 17:19:29.204,2025-07-01 17:19:28.937445,-0.7254431247711182,-10.319009780883789,3.780444383621216,0.2565633952617645,-0.21135938167572021,-0.33108896017074585,2025-07-01 17:19:28.917,1751370568917,-7358,-2097,-2458,-187,310,335
837,2025-07-01 17:19:29.294,2025-07-01 17:19:29.051761,0.40222588181495667,-7.793126583099365,4.771644115447998,-1.0458012819290161,0.15515977144241333,0.40683624148368835,2025-07-01 17:19:29.082,1751370569082,-7343,-2154,-2669,60,-18,-112
838,2025-07-01 17:19:29.390,2025-07-01 17:19:29.154542,0.035913024097681046,-8.702922821044922,4.412513732910156,0.9272934198379517,-0.3530801236629486,-0.6817256212234497,2025-07-01 17:19:29.176,1751370569176,-7686,-2152,-2612,88,282,99
839,2025-07-01 17:19:29.598,2025-07-01 17:19:29.255339,-0.43335050344467163,-8.647856712341309,4.467580318450928,0.09162978827953339,0.23579397797584534,0.5754350423812866,2025-07-01 17:19:29.283,1751370569283,-7361,-2157,-2439,-122,131,361
840,2025-07-01 17:19:29.689,2025-07-01 17:19:29.429406,0.5267243981361389,-8.868123054504395,4.393360137939453,-0.1466076523065567,-0.0659734457731247,0.013439035043120384,2025-07-01 17:19:29.447,1751370569447,-7351,-2081,-2628,-13,-59,111
841,2025-07-01 17:19:29.800,2025-07-01 17:19:29.555849,-0.019153613597154617,-8.202534675598145,5.2911858558654785,-0.24190263450145721,0.23335053026676178,0.5277875661849976,2025-07-01 17:19:29.537,1751370569537,-7543,-2161,-2645,-72,57,577
842,2025-07-01 17:19:30.000,2025-07-01 17:19:29.756783,-0.26336219906806946,-11.604695320129395,4.127603530883789,0.31031954288482666,0.05742133408784866,0.24434609711170197,2025-07-01 17:19:29.729,1751370569729,-7351,-2074,-2392,70,-441,-378
843,2025-07-01 17:19:30.090,2025-07-01 17:19:29.854154,1.2018892765045166,-7.848193168640137,5.403713226318359,-0.18081611394882202,-0.14049901068210602,0.05009094998240471,2025-07-01 17:19:29.815,1751370569815,-7801,-2154,-2349,290,-374,120
844,2025-07-01 17:19:30.291,2025-07-01 17:19:30.049260,1.4101848602294922,-8.35097599029541,6.485892295837402,0.5644394755363464,-0.1514945775270462,-0.3787364661693573,2025-07-01 17:19:30.074,1751370570074,-7650,-1725,-1938,622,-152,-80
845,2025-07-01 17:19:30.491,2025-07-01 17:19:30.256661,0.9193734526634216,-8.56884765625,4.230554580688477,0.10506882518529892,0.006108652334660292,0.018325956538319588,2025-07-01 17:19:30.248,1751370570248,-7801,-1787,-2129,536,-591,57
846,2025-07-01 17:19:30.689,2025-07-01 17:19:30.458221,0.15322890877723694,-8.96149730682373,4.091690540313721,0.4386012554168701,-0.024434609338641167,-0.09162978827953339,2025-07-01 17:19:30.435,1751370570435,-7364,-2389,-1930,-74,-302,-144
847,2025-07-01 17:19:30.789,2025-07-01 17:19:30.556549,0.26336219906806946,-9.186552047729492,3.883395195007324,-0.3701843321323395,-0.1014036312699318,-0.10384709388017654,2025-07-01 17:19:30.520,1751370570520,-7415,-2186,-1914,179,105,279
848,2025-07-01 17:19:30.896,2025-07-01 17:19:30.655264,-0.2513911724090576,-8.279149055480957,4.594472885131836,0.2871066629886627,0.2382374405860901,0.4495968222618103,2025-07-01 17:19:30.629,1751370570629,-7406,-2023,-2090,-208,259,253
849,2025-07-01 17:19:31.189,2025-07-01 17:19:30.948439,0.6105214357376099,-8.037335395812988,4.975151062011719,0.46670106053352356,-0.030543262138962746,-0.1319468915462494,2025-07-01 17:19:30.974,1751370570974,-7729,-2006,-1786,69,37,61
850,2025-07-01 17:19:31.393,2025-07-01 17:19:31.156010,0.2944868206977844,-8.492233276367188,4.649539470672607,0.24190263450145721,-0.030543262138962746,-0.251676470041275,2025-07-01 17:19:31.152,1751370571152,-7737,-1991,-1753,104,-526,-83
851,2025-07-01 17:19:31.490,2025-07-01 17:19:31.257209,0.40222588181495667,-9.229647636413574,3.4404678344726562,-0.32620203495025635,0.05009094998240471,0.05009094998240471,2025-07-01 17:19:31.258,1751370571258,-7760,-2173,-1773,132,312,531
852,2025-07-01 17:19:31.592,2025-07-01 17:19:31.360265,-0.8954314589500427,-7.338228225708008,5.729324817657471,-0.3885102868080139,0.0354301854968071,0.384845107793808,2025-07-01 17:19:31.334,1751370571334,-7598,-1785,-1731,-66,305,387
853,2025-07-01 17:19:32.203,2025-07-01 17:19:31.953748,-0.3232172429561615,-10.709263801574707,3.155557870864868,0.030543262138962746,0.11728613078594208,0.14294247329235077,2025-07-01 17:19:31.967,1751370571967,-7326,-2152,-1677,-347,-84,-958
854,2025-07-01 17:19:32.289,2025-07-01 17:19:32.050001,0.20350714027881622,-9.062053680419922,3.7014358043670654,-0.06475171446800232,-0.09407325088977814,-0.3237585723400116,2025-07-01 17:19:32.053,1751370572053,-7751,-2381,-2058,-250,310,-420
855,2025-07-01 17:19:32.602,2025-07-01 17:19:32.356499,0.033518824726343155,-8.89685344696045,4.352658748626709,0.3323107063770294,-0.1417207419872284,-0.384845107793808,2025-07-01 17:19:32.349,1751370572349,-7752,-2047,-2114,-43,-65,77
856,2025-07-01 17:19:32.996,2025-07-01 17:19:32.654566,-1.3192051649093628,-9.282320022583008,3.907337188720703,-0.0806342139840126,0.19914206862449646,0.11362093687057495,2025-07-01 17:19:32.683,1751370572683,-7616,-1992,-1752,-31,-71,-185
857,2025-07-01 17:19:33.204,2025-07-01 17:19:32.929927,0.6272808313369751,-8.058882713317871,4.754884719848633,0.03298672288656235,-0.03787364438176155,0.06963863968849182,2025-07-01 17:19:32.970,1751370572970,-7358,-2238,-2056,-41,-332,98
858,2025-07-01 17:19:33.302,2025-07-01 17:19:33.054464,-1.7525556087493896,-9.691728591918945,4.197035789489746,0.4105014503002167,0.08918632566928864,0.6328563690185547,2025-07-01 17:19:33.048,1751370573048,-7701,-2337,-2063,-29,316,342
859,2025-07-01 17:19:33.409,2025-07-01 17:19:33.138669,0.19393034279346466,-9.9000244140625,4.448426723480225,-0.3897320330142975,0.02687807008624077,-0.24678955972194672,2025-07-01 17:19:33.130,1751370573130,-7768,-2307,-1748,-114,366,337
860,2025-07-01 17:19:33.597,2025-07-01 17:19:33.357329,-1.944091796875,-10.02691650390625,3.9815573692321777,-0.05619960278272629,0.2919935882091522,0.8307767510414124,2025-07-01 17:19:33.338,1751370573338,-7747,-2043,-2017,-102,378,122
861,2025-07-01 17:19:33.796,2025-07-01 17:19:33.551268,-1.5514427423477173,-10.527304649353027,2.1763293743133545,-0.6902777552604675,0.06108652427792549,0.0806342139840126,2025-07-01 17:19:33.584,1751370573584,-7612,-2037,-1789,-310,42,52
862,2025-07-01 17:19:34.203,2025-07-01 17:19:33.951547,0.8451532125473022,-8.935160636901855,3.778050184249878,0.36651915311813354,-0.15515977144241333,-0.5693264007568359,2025-07-01 17:19:33.939,1751370573939,-7422,-2357,-2082,-348,-143,41
863,2025-07-01 17:19:34.394,2025-07-01 17:19:34.153566,0.002394201699644327,-9.004592895507812,3.7038300037384033,0.3995058834552765,-0.06719517707824707,-0.3579670190811157,2025-07-01 17:19:34.114,1751370574114,-7306,-2420,-2117,-339,-258,45
864,2025-07-01 17:19:34.510,2025-07-01 17:19:34.252598,1.381454348564148,-9.433155059814453,2.5282769203186035,-0.13927727937698364,-0.1014036312699318,-0.3078760802745819,2025-07-01 17:19:34.232,1751370574232,-7758,-2312,-1679,-259,-369,42
865,2025-07-01 17:19:34.790,2025-07-01 17:19:34.535606,-0.5410895943641663,-9.066842079162598,3.047818660736084,0.4642575979232788,0.05619960278272629,0.24434609711170197,2025-07-01 17:19:34.510,1751370574510,-7840,-1960,-1854,566,-379,400
866,2025-07-01 17:19:34.892,2025-07-01 17:19:34.655163,0.5219359993934631,-9.033323287963867,3.308786630630493,0.6609562039375305,0.08307767659425735,0.03420845419168472,2025-07-01 17:19:34.683,1751370574683,-7987,-2061,-1525,557,3,549
867,2025-07-01 17:19:35.009,2025-07-01 17:19:34.763250,-0.11252748221158981,-9.581595420837402,3.335123062133789,-0.6609562039375305,-0.10873401165008545,0.1869247704744339,2025-07-01 17:19:34.762,1751370574762,-8008,-1842,-1607,248,43,144
868,2025-07-01 17:19:35.190,2025-07-01 17:19:34.958845,0.6416460275650024,-8.494627952575684,3.0861260890960693,0.18448130786418915,0.12950342893600464,0.0403171069920063,2025-07-01 17:19:34.925,1751370574925,-7749,-1791,-1607,46,-325,328
869,2025-07-01 17:19:35.291,2025-07-01 17:19:35.030516,-0.5793967843055725,-9.72285270690918,1.9584569931030273,-1.0128145217895508,0.11850785464048386,0.50335294008255,2025-07-01 17:19:35.038,1751370575038,-8093,-1587,-1709,-40,-218,-687
870,2025-07-01 17:19:35.390,2025-07-01 17:19:35.030516,-0.5793967843055725,-9.72285270690918,1.9584569931030273,-1.0128145217895508,0.11850785464048386,0.50335294008255,2025-07-01 17:19:35.038,1751370575038,-8093,-1587,-1709,-40,-218,-687
871,2025-07-01 17:19:35.490,2025-07-01 17:19:35.240741,-0.9002198576927185,-7.6111674308776855,-0.2561795711517334,-0.6866125464439392,0.05009094998240471,-0.49846604466438293,2025-07-01 17:19:35.221,1751370575221,-7513,-2179,-1181,-714,256,-1768
872,2025-07-01 17:19:35.589,2025-07-01 17:19:35.362113,-0.9074024558067322,-9.988609313964844,2.6431987285614014,0.045204028487205505,-0.6951646208763123,-0.3543018400669098,2025-07-01 17:19:35.383,1751370575383,-7521,-2632,-1216,-942,231,-1498
873,2025-07-01 17:19:35.689,2025-07-01 17:19:35.362113,-0.9074024558067322,-9.988609313964844,2.6431987285614014,0.045204028487205505,-0.6951646208763123,-0.3543018400669098,2025-07-01 17:19:35.383,1751370575383,-7521,-2632,-1216,-942,231,-1498
874,2025-07-01 17:19:35.790,2025-07-01 17:19:35.559978,0.5817909836769104,-9.330204010009766,3.4835634231567383,0.12217304855585098,-0.3176499307155609,0.04886921867728233,2025-07-01 17:19:35.560,1751370575560,-7497,-2443,-1271,-923,603,-1602
875,2025-07-01 17:19:35.889,2025-07-01 17:19:35.652532,-0.19393034279346466,-9.782708168029785,2.8371291160583496,0.08796459436416626,-0.028099801391363144,-0.07941248267889023,2025-07-01 17:19:35.661,1751370575661,-7318,-2502,-1717,-742,287,-313
876,2025-07-01 17:19:35.989,2025-07-01 17:19:35.759155,-0.2561795711517334,-9.53849983215332,3.141192674636841,0.1417207419872284,0.00733038317412138,-0.1160643994808197,2025-07-01 17:19:35.739,1751370575739,-7393,-2435,-2096,-934,323,102
877,2025-07-01 17:19:36.089,2025-07-01 17:19:35.856882,-0.11013327538967133,-9.138668060302734,3.442862033843994,-0.31642818450927734,0.27000242471694946,-0.3481931984424591,2025-07-01 17:19:35.836,1751370575836,-7318,-2435,-2021,-477,95,-83
878,2025-07-01 17:19:36.289,2025-07-01 17:19:36.030231,-0.2346317619085312,-9.229647636413574,2.9472622871398926,-0.10995574295520782,-0.02321287989616394,-0.13927727937698364,2025-07-01 17:19:36.011,1751370576011,-7513,-2610,-2193,-243,265,-95
879,2025-07-01 17:19:36.394,2025-07-01 17:19:36.157383,0.395043283700943,-9.191340446472168,3.224989652633667,-0.4508185386657715,0.02321287989616394,0.1111774742603302,2025-07-01 17:19:36.188,1751370576188,-7350,-2656,-2398,-151,331,326
880,2025-07-01 17:19:36.489,2025-07-01 17:19:36.256740,-0.17238251864910126,-9.066842079162598,3.9839515686035156,0.5094616413116455,0.05619960278272629,-0.010995574295520782,2025-07-01 17:19:36.279,1751370576279,-7307,-2262,-2356,62,-74,162
881,2025-07-01 17:19:36.589,2025-07-01 17:19:36.360362,0.2753331959247589,-9.897629737854004,3.1100680828094482,-0.38606682419776917,-0.07819075137376785,-0.12217304855585098,2025-07-01 17:19:36.379,1751370576379,-7718,-2610,-1927,-78,126,132
882,2025-07-01 17:19:36.689,2025-07-01 17:19:36.463119,0.29209262132644653,-10.45547866821289,3.6607344150543213,0.06230825558304787,-0.06841690838336945,0.6218608021736145,2025-07-01 17:19:36.462,1751370576462,-7310,-2403,-2406,27,299,185
883,2025-07-01 17:19:36.789,2025-07-01 17:19:36.560806,-0.5793967843055725,-8.1139497756958,4.189853191375732,-0.23090706765651703,0.14538592100143433,0.1563815027475357,2025-07-01 17:19:36.552,1751370576552,-7301,-2411,-2177,-264,-1,523
884,2025-07-01 17:19:37.097,2025-07-01 17:19:36.856347,0.1628057211637497,-8.398859977722168,4.060565948486328,0.4495968222618103,0.0024434609804302454,-0.13316862285137177,2025-07-01 17:19:36.817,1751370576817,-7356,-2155,-2366,158,351,-73
885,2025-07-01 17:19:37.189,2025-07-01 17:19:36.958518,-0.35434186458587646,-9.856928825378418,1.9105730056762695,-0.8588765263557434,0.11728613078594208,0.2638937830924988,2025-07-01 17:19:36.924,1751370576924,-7790,-2130,-2310,383,287,-69
886,2025-07-01 17:19:37.503,2025-07-01 17:19:37.254101,0.40222588181495667,-10.038887977600098,2.207453966140747,0.2565633952617645,0.018325956538319588,-0.028099801391363144,2025-07-01 17:19:37.287,1751370577287,-7766,-1954,-1985,401,-25,-105
887,2025-07-01 17:19:37.602,2025-07-01 17:19:37.343525,-0.12689268589019775,-8.71489429473877,4.299986362457275,-0.07696902006864548,-0.021991148591041565,0.12461651116609573,2025-07-01 17:19:37.365,1751370577365,-7737,-1929,-2102,499,51,884
888,2025-07-01 17:19:37.697,2025-07-01 17:19:37.464458,0.043095629662275314,-10.457873344421387,1.5322890281677246,-0.3029891550540924,0.08307767659425735,-0.384845107793808,2025-07-01 17:19:37.450,1751370577450,-7789,-2099,-1785,-45,-356,80
889,2025-07-01 17:19:37.800,2025-07-01 17:19:37.464458,0.043095629662275314,-10.457873344421387,1.5322890281677246,-0.3029891550540924,0.08307767659425735,-0.384845107793808,2025-07-01 17:19:37.450,1751370577450,-7789,-2099,-1785,-45,-356,80
890,2025-07-01 17:19:38.101,2025-07-01 17:19:37.830085,0.6320692300796509,-8.037335395812988,2.516305923461914,0.1160643994808197,0.3579670190811157,-0.13072516024112701,2025-07-01 17:19:37.815,1751370577815,-7793,-2321,-1892,267,-186,-780
891,2025-07-01 17:19:38.389,2025-07-01 17:19:38.156749,0.1412578970193863,-9.217676162719727,3.0526070594787598,-0.13439035415649414,0.07696902006864548,0.10751228034496307,2025-07-01 17:19:38.182,1751370578182,-7505,-3114,-1423,-203,-99,-132
892,2025-07-01 17:19:38.502,2025-07-01 17:19:38.255560,-0.0694318488240242,-10.189722061157227,3.0573954582214355,0.4386012554168701,-0.04886921867728233,-0.19425514340400696,2025-07-01 17:19:38.288,1751370578288,-7563,-2944,-1626,-303,-58,-64
893,2025-07-01 17:19:38.594,2025-07-01 17:19:38.354888,0.31124621629714966,-9.107542991638184,2.5737667083740234,-0.13439035415649414,0.1062905490398407,0.1160643994808197,2025-07-01 17:19:38.362,1751370578362,-7377,-2766,-1437,54,47,-100
894,2025-07-01 17:19:38.893,2025-07-01 17:19:38.658193,-0.3447650372982025,-10.529699325561523,1.9345149993896484,-0.05253441259264946,0.024434609338641167,-0.49846604466438293,2025-07-01 17:19:38.620,1751370578620,-7343,-2812,-1610,64,-362,-5
895,2025-07-01 17:19:39.391,2025-07-01 17:19:39.130345,-1.0438719987869263,-10.572794914245605,0.871489405632019,0.00733038317412138,0.021991148591041565,-0.33719760179519653,2025-07-01 17:19:39.090,1751370579090,-7554,-3173,-1196,293,317,504
896,2025-07-01 17:19:39.497,2025-07-01 17:19:39.230380,-0.07900865375995636,-10.077195167541504,1.1492167711257935,-0.31520646810531616,0.05009094998240471,0.21991148591041565,2025-07-01 17:19:39.252,1751370579252,-7653,-3129,-1155,145,-26,418
897,2025-07-01 17:19:39.606,2025-07-01 17:19:39.330024,0.3519476354122162,-9.399636268615723,3.3063924312591553,0.3689626157283783,-0.08796459436416626,-0.1563815027475357,2025-07-01 17:19:39.362,1751370579362,-7386,-2926,-1368,-489,-817,-577
898,2025-07-01 17:19:39.689,2025-07-01 17:19:39.452717,0.035913024097681046,-8.559270858764648,1.7717092037200928,-0.37140607833862305,0.26633724570274353,0.08429940044879913,2025-07-01 17:19:39.462,1751370579462,-7368,-3089,-1343,-121,79,-304
899,2025-07-01 17:19:39.790,2025-07-01 17:19:39.530166,0.7015010714530945,-10.002974510192871,1.4532804489135742,0.4349360466003418,-0.14782938361167908,-0.08429940044879913,2025-07-01 17:19:39.530,1751370579530,-7960,-2765,-956,-123,-106,90
900,2025-07-01 17:19:39.906,2025-07-01 17:19:39.657845,-0.730231523513794,-9.39245319366455,2.0925323963165283,-0.09529497474431992,0.19058994948863983,-0.02076941914856434,2025-07-01 17:19:39.625,1751370579625,-7608,-3104,-1148,-52,-327,-113
901,2025-07-01 17:19:40.190,2025-07-01 17:19:39.930556,1.0893617868423462,-8.544905662536621,3.7876269817352295,-0.1612684279680252,-0.16249015927314758,0.04642575979232788,2025-07-01 17:19:39.906,1751370579906,-7789,-2793,-903,-122,86,-301
902,2025-07-01 17:19:40.289,2025-07-01 17:19:39.930556,1.0893617868423462,-8.544905662536621,3.7876269817352295,-0.1612684279680252,-0.16249015927314758,0.04642575979232788,2025-07-01 17:19:39.911,1751370579911,-7960,-2730,-911,-313,-75,-534
903,2025-07-01 17:19:40.490,2025-07-01 17:19:40.230888,0.6655880808830261,-10.579977035522461,2.4444799423217773,0.4508185386657715,-0.11484266817569733,-0.0806342139840126,2025-07-01 17:19:40.256,1751370580256,-7797,-2952,-1304,-205,330,12
904,2025-07-01 17:19:40.691,2025-07-01 17:19:40.430017,1.094150185585022,-9.818621635437012,3.2632968425750732,-0.0806342139840126,-0.01710422709584236,-0.0757472887635231,2025-07-01 17:19:40.436,1751370580436,-7566,-2989,-1352,-112,-41,-110
905,2025-07-01 17:19:40.901,2025-07-01 17:19:40.630300,1.070208191871643,-9.813833236694336,3.1220390796661377,0.3433062732219696,-0.12950342893600464,-0.09896016865968704,2025-07-01 17:19:40.625,1751370580625,-7791,-3154,-1373,-198,260,86
906,2025-07-01 17:19:40.989,2025-07-01 17:19:40.630300,1.070208191871643,-9.813833236694336,3.1220390796661377,0.3433062732219696,-0.12950342893600464,-0.09896016865968704,2025-07-01 17:19:40.625,1751370580625,-7791,-3154,-1373,-198,260,86
907,2025-07-01 17:19:41.090,2025-07-01 17:19:40.830402,-0.5171475410461426,-8.315062522888184,0.26096799969673157,0.12339477986097336,0.15271630883216858,0.0024434609804302454,2025-07-01 17:19:40.804,1751370580804,-7761,-2740,-1401,-1099,125,-366
908,2025-07-01 17:19:41.189,2025-07-01 17:19:40.957610,-1.9560627937316895,-3.4763808250427246,4.836287498474121,0.6108652353286743,0.797789990901947,-0.28099802136421204,2025-07-01 17:19:40.989,1751370580989,-7155,-3335,-1694,-968,1651,-458
909,2025-07-01 17:19:41.399,2025-07-01 17:19:41.130260,-2.1715409755706787,-9.66539192199707,2.806004285812378,0.018325956538319588,0.1918116807937622,0.12339477986097336,2025-07-01 17:19:41.158,1751370581158,-7076,-3356,-2328,-732,796,-11
910,2025-07-01 17:19:41.489,2025-07-01 17:19:41.130260,-2.1715409755706787,-9.66539192199707,2.806004285812378,0.018325956538319588,0.1918116807937622,0.12339477986097336,2025-07-01 17:19:41.158,1751370581158,-7076,-3356,-2328,-732,796,-11
911,2025-07-01 17:19:41.689,2025-07-01 17:19:41.430060,-0.09576806426048279,-8.540117263793945,2.9927520751953125,-0.375071257352829,-0.03787364438176155,0.11239920556545258,2025-07-01 17:19:41.414,1751370581414,-7085,-3146,-2187,-86,158,326
912,2025-07-01 17:19:41.791,2025-07-01 17:19:41.529683,0.5674257874488831,-10.38844108581543,0.8355764150619507,0.004886921960860491,-0.004886921960860491,-0.14905111491680145,2025-07-01 17:19:41.523,1751370581523,-7448,-3086,-2031,375,-84,201
913,2025-07-01 17:19:42.303,2025-07-01 17:19:42.030119,-0.07900865375995636,-9.883264541625977,2.4133553504943848,-0.08307767659425735,0.028099801391363144,-0.07208210229873657,2025-07-01 17:19:42.068,1751370582068,-7539,-2699,-2338,-71,273,61
914,2025-07-01 17:19:42.494,2025-07-01 17:19:42.230549,-0.5626373887062073,-9.05487060546875,1.7501614093780518,0.06475171446800232,0.03787364438176155,0.02687807008624077,2025-07-01 17:19:42.249,1751370582249,-7088,-2689,-2030,520,66,-120
915,2025-07-01 17:19:43.004,2025-07-01 17:19:42.730147,-1.2401964664459229,-10.35252857208252,1.6663644313812256,0.33475416898727417,-0.13805554807186127,-0.13072516024112701,2025-07-01 17:19:42.770,1751370582770,-7167,-2722,-2085,165,84,-109
916,2025-07-01 17:19:43.105,2025-07-01 17:19:42.830491,1.235408067703247,-8.305485725402832,4.3622355461120605,-0.2125810980796814,-0.1563815027475357,-0.0757472887635231,2025-07-01 17:19:42.866,1751370582866,-7300,-3066,-1726,783,-540,-25
917,2025-07-01 17:19:43.217,2025-07-01 17:19:42.931149,-0.524330198764801,-9.557653427124023,2.22660756111145,-0.27977627515792847,0.19058994948863983,0.20891591906547546,2025-07-01 17:19:42.963,1751370582963,-7345,-2795,-1717,1204,-597,586
918,2025-07-01 17:19:43.403,2025-07-01 17:19:43.130281,0.9983820915222168,-8.382100105285645,3.514688014984131,0.43127086758613586,-0.10018189996480942,0.00366519158706069,2025-07-01 17:19:43.142,1751370583142,-7561,-2937,-941,1032,-821,329
919,2025-07-01 17:19:43.489,2025-07-01 17:19:43.230060,-1.8722656965255737,-9.813833236694336,1.2832920551300049,-0.93095862865448,0.3176499307155609,0.09285151958465576,2025-07-01 17:19:43.235,1751370583235,-7740,-3103,-1295,653,-778,165
920,2025-07-01 17:19:43.598,2025-07-01 17:19:43.330092,1.6615760326385498,-8.40843677520752,3.7445313930511475,0.3396410644054413,-0.0024434609804302454,0.0354301854968071,2025-07-01 17:19:43.305,1751370583305,-7796,-3115,-1328,1142,-510,580
921,2025-07-01 17:19:43.898,2025-07-01 17:19:43.629521,-1.1204863786697388,-10.972626686096191,5.260061264038086,-0.19058994948863983,-0.18448130786418915,-0.2577851414680481,2025-07-01 17:19:43.662,1751370583662,-8707,-2564,-214,520,-12,-123
922,2025-07-01 17:19:44.090,2025-07-01 17:19:43.830011,1.2401964664459229,-10.424354553222656,1.4724340438842773,-0.5290092825889587,-0.12461651116609573,0.5827654600143433,2025-07-01 17:19:43.871,1751370583871,-7279,-3655,242,610,-1172,-1185
923,2025-07-01 17:19:44.196,2025-07-01 17:19:43.929864,-0.07900865375995636,-11.623848915100098,3.1316158771514893,0.3530801236629486,0.04398229718208313,0.23090706765651703,2025-07-01 17:19:43.930,1751370583930,-7146,-3284,391,177,-657,-630
924,2025-07-01 17:19:44.490,2025-07-01 17:19:44.230064,0.7852981686592102,-9.856928825378418,2.5522189140319824,0.6487388610839844,-0.10995574295520782,-0.02321287989616394,2025-07-01 17:19:44.224,1751370584224,-7935,-2768,568,548,-175,1322
925,2025-07-01 17:19:44.895,2025-07-01 17:19:44.430976,1.1635819673538208,-9.196128845214844,3.4979286193847656,0.1160643994808197,-0.08796459436416626,0.010995574295520782,2025-07-01 17:19:44.395,1751370584395,-8218,-2290,465,1114,-454,1105
926,2025-07-01 17:19:45.093,2025-07-01 17:19:44.830194,1.434126853942871,-10.20887565612793,2.382230758666992,-0.25534167885780334,-0.09407325088977814,-0.04398229718208313,2025-07-01 17:19:44.844,1751370584844,-7922,-2039,1580,-3,-93,263
927,2025-07-01 17:19:45.194,2025-07-01 17:19:44.930226,-0.31124621629714966,-9.560047149658203,2.494758129119873,0.15760323405265808,0.10873401165008545,0.030543262138962746,2025-07-01 17:19:44.923,1751370584923,-7884,-2340,1267,-5,-87,-286
928,2025-07-01 17:19:45.392,2025-07-01 17:19:45.130200,0.9457096457481384,-10.125079154968262,2.2194249629974365,0.37751471996307373,0.05009094998240471,0.04398229718208313,2025-07-01 17:19:45.123,1751370585123,-8266,-2309,1246,-41,-261,127
929,2025-07-01 17:19:45.589,2025-07-01 17:19:45.329328,1.1659762859344482,-8.35097599029541,3.485957622528076,0.7574729323387146,-0.04398229718208313,-0.1514945775270462,2025-07-01 17:19:45.289,1751370585289,-7847,-2302,1188,39,294,533
930,2025-07-01 17:19:45.790,2025-07-01 17:19:45.529884,0.9768342971801758,-8.774748802185059,2.454056739807129,-0.16493362188339233,-0.02932153269648552,0.09285151958465576,2025-07-01 17:19:45.554,1751370585554,-7868,-2352,1327,77,-298,85
931,2025-07-01 17:19:45.989,2025-07-01 17:19:45.729778,0.7829039692878723,-10.302249908447266,3.2393548488616943,0.15393804013729095,0.0403171069920063,0.06352998316287994,2025-07-01 17:19:45.728,1751370585728,-8079,-2139,1403,336,-92,9
932,2025-07-01 17:19:46.192,2025-07-01 17:19:45.930500,-0.19393034279346466,-9.909601211547852,3.0837318897247314,0.8246681094169617,0.2724458873271942,-0.059864792972803116,2025-07-01 17:19:45.925,1751370585925,-8299,-2174,1539,37,-180,-333
933,2025-07-01 17:19:46.489,2025-07-01 17:19:46.229864,0.1604115068912506,-9.619902610778809,3.177105665206909,0.17592918872833252,-0.16859880089759827,-0.02076941914856434,2025-07-01 17:19:46.192,1751370586192,-7890,-2328,1354,-29,-354,-205
934,2025-07-01 17:19:46.897,2025-07-01 17:19:46.630084,-1.2713210582733154,-10.412383079528809,1.1037269830703735,-0.18448130786418915,0.13072516024112701,0.0659734457731247,2025-07-01 17:19:46.637,1751370586637,-8647,-1923,1280,0,-963,-619
935,2025-07-01 17:19:46.990,2025-07-01 17:19:46.730088,0.5099649429321289,-9.691728591918945,3.1938650608062744,0.14294247329235077,0.1270599663257599,0.0024434609804302454,2025-07-01 17:19:46.740,1751370586740,-7848,-3095,1263,-1165,802,120
936,2025-07-01 17:19:47.206,2025-07-01 17:19:46.930082,0.3878606855869293,-9.208099365234375,2.3343467712402344,0.10995574295520782,-0.04153883829712868,-0.13072516024112701,2025-07-01 17:19:46.905,1751370586905,-7792,-3347,1105,-928,422,-208
937,2025-07-01 17:19:47.496,2025-07-01 17:19:47.130133,0.2849099934101105,-9.023746490478516,2.853888511657715,-0.2015855312347412,0.15393804013729095,0.06841690838336945,2025-07-01 17:19:47.112,1751370587112,-7958,-3635,848,-1183,1325,-161
938,2025-07-01 17:19:47.700,2025-07-01 17:19:47.430210,-1.0654197931289673,-9.612719535827637,0.9648633003234863,-0.08429940044879913,0.3237585723400116,0.08552113175392151,2025-07-01 17:19:47.469,1751370587469,-7472,-3595,-190,-2098,1473,-678
939,2025-07-01 17:19:47.800,2025-07-01 17:19:47.530014,-0.8475474119186401,-10.579977035522461,1.3694833517074585,-0.042760565876960754,-0.19425514340400696,0.06352998316287994,2025-07-01 17:19:47.526,1751370587526,-7481,-3677,-563,-1743,1496,-649
940,2025-07-01 17:19:48.197,2025-07-01 17:19:47.930273,-0.5961562395095825,-10.42195987701416,2.5498247146606445,0.05497787147760391,-0.09162978827953339,0.0708603709936142,2025-07-01 17:19:47.890,1751370587890,-7242,-3889,-1811,-502,252,-524
941,2025-07-01 17:19:48.303,2025-07-01 17:19:48.030230,0.7110779285430908,-9.433155059814453,3.4811692237854004,0.27488934993743896,-0.059864792972803116,-0.17104226350784302,2025-07-01 17:19:48.000,1751370588000,-7197,-3476,-1777,-233,298,-321
942,2025-07-01 17:19:48.593,2025-07-01 17:19:48.330225,-1.2856862545013428,-9.531316757202148,1.9823989868164062,-0.17959438264369965,0.09529497474431992,0.08674286305904388,2025-07-01 17:19:48.368,1751370588368,-6831,-3474,-2416,-569,193,-74
943,2025-07-01 17:19:48.709,2025-07-01 17:19:48.330225,-1.2856862545013428,-9.531316757202148,1.9823989868164062,-0.17959438264369965,0.09529497474431992,0.08674286305904388,2025-07-01 17:19:48.368,1751370588368,-6831,-3474,-2416,-569,193,-74
944,2025-07-01 17:19:48.805,2025-07-01 17:19:48.530204,-0.9983820915222168,-9.390059471130371,1.137245774269104,-0.16371189057826996,0.11239920556545258,0.04886921867728233,2025-07-01 17:19:48.529,1751370588529,-7065,-3301,-2048,-251,314,272
945,2025-07-01 17:19:48.902,2025-07-01 17:19:48.630381,1.036689281463623,-9.272743225097656,3.7469255924224854,0.35674530267715454,0.025656340643763542,-0.14049901068210602,2025-07-01 17:19:48.617,1751370588617,-6902,-3291,-2347,96,-99,350
946,2025-07-01 17:19:48.992,2025-07-01 17:19:48.729974,-1.3215993642807007,-9.50498104095459,1.7357962131500244,-0.15515977144241333,0.12095131725072861,0.08674286305904388,2025-07-01 17:19:48.717,1751370588717,-7280,-3218,-2349,-100,-97,340
947,2025-07-01 17:19:49.191,2025-07-01 17:19:48.930048,-0.7565677165985107,-10.153809547424316,1.965639591217041,0.16371189057826996,0.12339477986097336,-0.10995574295520782,2025-07-01 17:19:48.902,1751370588902,-7060,-3204,-2380,27,260,120
948,2025-07-01 17:19:49.493,2025-07-01 17:19:49.230106,0.3974374830722809,-9.648633003234863,2.6575639247894287,-0.40194934606552124,-0.05864306539297104,0.36163222789764404,2025-07-01 17:19:49.242,1751370589242,-6792,-3224,-2392,-23,-369,87
949,2025-07-01 17:19:49.589,2025-07-01 17:19:49.330076,0.5530605912208557,-9.579200744628906,2.142810583114624,-0.23335053026676178,0.11850785464048386,-0.08185594528913498,2025-07-01 17:19:49.364,1751370589364,-7045,-3228,-2029,-264,-342,-39
950,2025-07-01 17:19:49.692,2025-07-01 17:19:49.430060,-0.5051765441894531,-6.117185115814209,4.886565685272217,0.7489207983016968,0.05497787147760391,-0.2724458873271942,2025-07-01 17:19:49.428,1751370589428,-7172,-3225,-2029,-6,46,85
951,2025-07-01 17:19:49.805,2025-07-01 17:19:49.530280,-0.5913678407669067,-9.773131370544434,1.8291701078414917,-0.34086281061172485,0.0012217304902151227,0.05375614017248154,2025-07-01 17:19:49.507,1751370589507,-7195,-3237,-1985,273,96,52
952,2025-07-01 17:19:50.091,2025-07-01 17:19:49.630301,0.7972691655158997,-9.375694274902344,2.564189910888672,0.4593706727027893,0.06841690838336945,0.019547687843441963,2025-07-01 17:19:49.623,1751370589623,-7134,-3222,-1966,299,52,-62
953,2025-07-01 17:19:50.296,2025-07-01 17:19:50.029840,-1.7094600200653076,-9.895236015319824,1.2880805730819702,-0.7586946487426758,0.17104226350784302,0.21991148591041565,2025-07-01 17:19:49.989,1751370589989,-7113,-3399,-2112,-57,95,-81
954,2025-07-01 17:19:50.490,2025-07-01 17:19:50.230083,-0.524330198764801,-10.460267066955566,1.0797849893569946,-0.5571091175079346,0.10384709388017654,0.06841690838336945,2025-07-01 17:19:50.235,1751370590235,-7043,-3340,-1940,-135,-95,-108
955,2025-07-01 17:19:50.606,2025-07-01 17:19:50.330288,-0.033518824726343155,-8.621520042419434,2.4612393379211426,-0.01466076634824276,0.13805554807186127,0.004886921960860491,2025-07-01 17:19:50.333,1751370590333,-7128,-3356,-1791,-127,5,365
956,2025-07-01 17:19:50.689,2025-07-01 17:19:50.430355,0.6775590777397156,-9.251194953918457,3.3901896476745605,0.7550294399261475,-0.14905111491680145,-0.3591887652873993,2025-07-01 17:19:50.405,1751370590405,-7264,-3050,-2109,-43,-299,348
957,2025-07-01 17:19:51.292,2025-07-01 17:19:51.029915,-1.6376339197158813,-10.673351287841797,3.162740468978882,1.1410962343215942,-1.2217304706573486,-0.16249015927314758,2025-07-01 17:19:51.042,1751370591042,-6966,-3471,-1941,-589,-71,-148
958,2025-07-01 17:19:51.389,2025-07-01 17:19:51.129717,1.0845733880996704,-8.688557624816895,2.6192567348480225,-0.07330382615327835,-0.4300491213798523,-0.24556782841682434,2025-07-01 17:19:51.140,1751370591140,-6815,-3517,-2217,-978,507,578
959,2025-07-01 17:19:51.490,2025-07-01 17:19:51.230069,-1.05105459690094,-10.66137981414795,2.5067291259765625,-0.18325957655906677,0.1160643994808197,-0.09773843735456467,2025-07-01 17:19:51.222,1751370591222,-7104,-2952,-2658,-937,205,761
960,2025-07-01 17:19:51.889,2025-07-01 17:19:51.630160,-1.6280571222305298,-8.904036521911621,3.529053211212158,-0.4508185386657715,0.22357667982578278,0.028099801391363144,2025-07-01 17:19:51.670,1751370591670,-7166,-2195,-2871,-466,24,895
961,2025-07-01 17:19:52.189,2025-07-01 17:19:51.930220,0.49559974670410156,-9.682151794433594,3.5889084339141846,0.3897320330142975,-0.15027284622192383,-0.3029891550540924,2025-07-01 17:19:51.955,1751370591955,-7456,-2126,-2832,-341,61,233
962,2025-07-01 17:19:52.289,2025-07-01 17:19:51.930220,0.49559974670410156,-9.682151794433594,3.5889084339141846,0.3897320330142975,-0.15027284622192383,-0.3029891550540924,2025-07-01 17:19:51.955,1751370591955,-7456,-2126,-2832,-341,61,233
963,2025-07-01 17:19:52.389,2025-07-01 17:19:52.130147,0.33039984107017517,-8.382100105285645,4.900930881500244,0.1869247704744339,0.05009094998240471,0.025656340643763542,2025-07-01 17:19:52.153,1751370592153,-7349,-1767,-2939,-312,109,153
964,2025-07-01 17:19:52.512,2025-07-01 17:19:52.229320,-0.9361328482627869,-10.120290756225586,3.8163576126098633,0.46181413531303406,-0.07330382615327835,-0.10262536257505417,2025-07-01 17:19:52.220,1751370592220,-7308,-1775,-2932,36,32,202
965,2025-07-01 17:19:53.095,2025-07-01 17:19:52.830404,1.0821791887283325,-8.753201484680176,3.7900211811065674,-0.4056145250797272,0.14294247329235077,0.36529740691185,2025-07-01 17:19:52.843,1751370592843,-7711,-1871,-2518,-11,-283,-24
966,2025-07-01 17:19:53.189,2025-07-01 17:19:52.930298,-0.031124621629714966,-9.308655738830566,3.797203779220581,-0.2174680233001709,-0.04153883829712868,-0.23090706765651703,2025-07-01 17:19:52.939,1751370592939,-7350,-1870,-2534,307,-41,-114
967,2025-07-01 17:19:53.395,2025-07-01 17:19:53.130319,-0.7829039692878723,-8.111555099487305,5.049371242523193,0.5302310585975647,0.0708603709936142,0.20525072515010834,2025-07-01 17:19:53.111,1751370593111,-7396,-1850,-2540,318,-40,112
968,2025-07-01 17:19:53.591,2025-07-01 17:19:53.330599,1.1468225717544556,-7.843404769897461,5.355829238891602,-0.08552113175392151,0.11728613078594208,0.08796459436416626,2025-07-01 17:19:53.304,1751370593304,-7714,-1537,-2566,280,-448,535
969,2025-07-01 17:19:53.892,2025-07-01 17:19:53.629903,-0.48602294921875,-11.73398208618164,1.8770540952682495,-0.06841690838336945,-0.2565633952617645,-0.8454375267028809,2025-07-01 17:19:53.589,1751370593589,-7586,-1314,-2192,222,-358,155
970,2025-07-01 17:19:53.996,2025-07-01 17:19:53.729946,1.2761094570159912,-9.102754592895508,2.956839084625244,-0.34086281061172485,0.27977627515792847,0.9541715383529663,2025-07-01 17:19:53.748,1751370593748,-7908,-1383,-1770,528,-612,-27
971,2025-07-01 17:19:54.198,2025-07-01 17:19:53.931627,0.4572925269603729,-7.8529815673828125,3.8786067962646484,0.4703662395477295,0.24068090319633484,0.17837265133857727,2025-07-01 17:19:53.924,1751370593924,-8207,-951,-1507,1033,-1115,233
972,2025-07-01 17:19:54.396,2025-07-01 17:19:54.129621,0.2992752194404602,-9.050082206726074,3.648763418197632,0.1966986060142517,0.1014036312699318,0.1258382350206375,2025-07-01 17:19:54.107,1751370594107,-8256,-1018,-803,311,-679,-67
973,2025-07-01 17:19:54.797,2025-07-01 17:19:54.431046,-1.2856862545013428,-10.5344877243042,2.978386878967285,0.01466076634824276,-0.0012217304902151227,0.00855211354792118,2025-07-01 17:19:54.460,1751370594460,-7866,-1555,-446,465,-624,-48
974,2025-07-01 17:19:54.890,2025-07-01 17:19:54.634814,-0.35673606395721436,-9.313444137573242,3.4955344200134277,-0.03420845419168472,-0.07819075137376785,-0.2577851414680481,2025-07-01 17:19:54.643,1751370594643,-8318,-1350,-599,534,160,6
975,2025-07-01 17:19:55.089,2025-07-01 17:19:54.829812,0.49799394607543945,-8.29830265045166,4.311957359313965,0.3604104816913605,0.21868975460529327,0.5167919993400574,2025-07-01 17:19:54.842,1751370594842,-8274,-1542,-583,88,23,-141
976,2025-07-01 17:19:55.190,2025-07-01 17:19:54.929861,-0.4884171485900879,-9.964667320251465,2.5282769203186035,-0.4764748811721802,-0.07208210229873657,-0.5204572081565857,2025-07-01 17:19:54.914,1751370594914,-8296,-1657,-552,-281,-77,-47
977,2025-07-01 17:19:55.291,2025-07-01 17:19:55.029841,-0.12449848651885986,-9.32302188873291,1.7573440074920654,0.4544837474822998,0.06230825558304787,0.4190535545349121,2025-07-01 17:19:54.994,1751370594994,-8192,-1265,-245,90,-95,111
978,2025-07-01 17:19:55.593,2025-07-01 17:19:55.330068,-0.7469909191131592,-9.454702377319336,5.236119270324707,-0.35185837745666504,0.5668829679489136,0.2174680233001709,2025-07-01 17:19:55.291,1751370595291,-8266,-1251,-214,324,-202,281
979,2025-07-01 17:19:55.689,2025-07-01 17:19:55.430064,0.5099649429321289,-12.81855583190918,1.8602946996688843,-0.26511552929878235,-0.2785545587539673,-0.10506882518529892,2025-07-01 17:19:55.461,1751370595461,-8327,-1088,-567,361,358,-128
980,2025-07-01 17:19:55.795,2025-07-01 17:19:55.529693,-0.33518823981285095,-10.139444351196289,3.332728862762451,0.3591887652873993,-0.01710422709584236,-0.05253441259264946,2025-07-01 17:19:55.541,1751370595541,-8406,-733,-242,-84,126,-269
981,2025-07-01 17:19:56.198,2025-07-01 17:19:55.930002,-2.3726539611816406,-9.308655738830566,-0.3758896589279175,0.2932153046131134,0.36163222789764404,0.12828169763088226,2025-07-01 17:19:55.909,1751370595909,-7964,-2352,-1526,75,481,-439
982,2025-07-01 17:19:56.390,2025-07-01 17:19:56.129458,-0.8068459630012512,-8.786720275878906,3.1076738834381104,0.24190263450145721,-0.5778785347938538,-0.44104471802711487,2025-07-01 17:19:56.098,1751370596098,-7623,-2048,-1910,-278,147,-203
983,2025-07-01 17:19:56.490,2025-07-01 17:19:56.231534,-0.2322375625371933,-10.766724586486816,3.3470940589904785,0.38117989897727966,-0.3188716471195221,-0.17592918872833252,2025-07-01 17:19:56.272,1751370596272,-7805,-2017,-1838,-167,364,-191
984,2025-07-01 17:19:56.689,2025-07-01 17:19:56.429992,-0.06703764945268631,-8.312667846679688,2.985569477081299,-0.1466076523065567,-0.2064724564552307,-0.11362093687057495,2025-07-01 17:19:56.450,1751370596450,-7376,-2367,-1885,-795,259,-172
985,2025-07-01 17:19:56.906,2025-07-01 17:19:56.631194,0.8978256583213806,-8.360552787780762,4.326322555541992,0.31520646810531616,-0.15271630883216858,-0.05253441259264946,2025-07-01 17:19:56.646,1751370596646,-7643,-2561,-1976,-904,146,-534
986,2025-07-01 17:19:57.289,2025-07-01 17:19:57.029793,0.22505496442317963,-8.798690795898438,3.627215623855591,0.21624629199504852,-0.02687807008624077,-0.1722639948129654,2025-07-01 17:19:56.990,1751370596990,-7492,-2585,-2629,-344,128,-63
987,2025-07-01 17:19:57.389,2025-07-01 17:19:57.131253,0.43095630407333374,-8.583212852478027,3.7397429943084717,0.13927727937698364,0.05619960278272629,-0.042760565876960754,2025-07-01 17:19:57.159,1751370597159,-7522,-2593,-2612,-269,148,-42
988,2025-07-01 17:19:57.489,2025-07-01 17:19:57.229341,-1.4413094520568848,-9.988609313964844,2.3750481605529785,-0.06108652427792549,0.00366519158706069,-0.1466076523065567,2025-07-01 17:19:57.257,1751370597257,-7460,-2245,-2473,-137,267,-266
989,2025-07-01 17:19:57.589,2025-07-01 17:19:57.329407,1.5442601442337036,-7.843404769897461,4.5154643058776855,0.05497787147760391,-0.019547687843441963,0.17348572611808777,2025-07-01 17:19:57.339,1751370597339,-7357,-2240,-2296,-120,24,-120
990,2025-07-01 17:19:57.689,2025-07-01 17:19:57.432130,-0.6871358752250671,-10.438719749450684,2.4013843536376953,-0.1368338167667389,-0.05742133408784866,-0.47769662737846375,2025-07-01 17:19:57.434,1751370597434,-7430,-2211,-2625,259,-329,-87
991,2025-07-01 17:19:57.903,2025-07-01 17:19:57.630861,0.2513911724090576,-8.724471092224121,3.7038300037384033,-0.4948008358478546,0.05497787147760391,0.018325956538319588,2025-07-01 17:19:57.619,1751370597619,-7549,-2426,-2675,48,-303,-73
992,2025-07-01 17:19:58.102,2025-07-01 17:19:57.831803,-1.115697979927063,-11.233593940734863,3.603273630142212,0.4031710624694824,0.05619960278272629,-0.10995574295520782,2025-07-01 17:19:57.805,1751370597805,-7153,-2201,-2643,229,121,-46
993,2025-07-01 17:19:58.601,2025-07-01 17:19:58.330824,-0.2298433631658554,-9.188945770263672,3.5003228187561035,-0.4386012554168701,0.26145032048225403,0.19303341209888458,2025-07-01 17:19:58.332,1751370598332,-7461,-3077,-2902,2963,449,1089
994,2025-07-01 17:19:58.697,2025-07-01 17:19:58.431420,0.5770025849342346,-10.141838073730469,2.3989901542663574,0.7244861721992493,-0.13316862285137177,-0.6976081132888794,2025-07-01 17:19:58.440,1751370598440,-7383,-2408,-2656,1767,332,411
995,2025-07-01 17:19:58.799,2025-07-01 17:19:58.531180,0.8810662031173706,-8.880094528198242,3.19865345954895,-0.4288274049758911,0.15515977144241333,0.6316346526145935,2025-07-01 17:19:58.511,1751370598511,-7356,-2253,-2295,1453,76,574
996,2025-07-01 17:19:59.090,2025-07-01 17:19:58.832578,0.002394201699644327,-9.390059471130371,3.2776620388031006,-1.5601497888565063,-0.05375614017248154,0.41172316670417786,2025-07-01 17:19:58.867,1751370598867,-7787,-2625,-2604,-85,370,-270
997,2025-07-01 17:19:59.294,2025-07-01 17:19:59.032301,-1.0103530883789062,-9.720458984375,-0.06703764945268631,-0.15271630883216858,0.4239404797554016,0.07330382615327835,2025-07-01 17:19:59.055,1751370599055,-7724,-2484,-2191,-54,-278,-217
998,2025-07-01 17:19:59.396,2025-07-01 17:19:59.032301,-1.0103530883789062,-9.720458984375,-0.06703764945268631,-0.15271630883216858,0.4239404797554016,0.07330382615327835,2025-07-01 17:19:59.055,1751370599055,-7724,-2484,-2191,-54,-278,-217
999,2025-07-01 17:19:59.591,2025-07-01 17:19:59.329477,-0.09576806426048279,-10.565611839294434,1.1061211824417114,-0.17348572611808777,0.36651915311813354,0.06475171446800232,2025-07-01 17:19:59.334,1751370599334,-7245,-3027,-2120,-170,276,-843
1000,2025-07-01 17:19:59.694,2025-07-01 17:19:59.429448,-0.7613561153411865,-9.818621635437012,2.4851813316345215,0.251676470041275,-0.00366519158706069,0.0354301854968071,2025-07-01 17:19:59.414,1751370599414,-7442,-2764,-1999,-338,111,431
1001,2025-07-01 17:20:00.097,2025-07-01 17:19:59.831992,0.10773907601833344,-9.548076629638672,2.5282769203186035,-0.5192354321479797,0.485027015209198,-0.07330382615327835,2025-07-01 17:19:59.871,1751370599871,-7480,-2906,-2018,113,-293,-104
1002,2025-07-01 17:20:00.191,2025-07-01 17:19:59.931763,-0.42377370595932007,-10.335768699645996,0.16519992053508759,-0.09407325088977814,0.3225368559360504,0.021991148591041565,2025-07-01 17:19:59.965,1751370599965,-7303,-2584,-2349,-1025,-308,72
1003,2025-07-01 17:20:00.290,2025-07-01 17:20:00.029433,-0.47165772318840027,-9.897629737854004,0.545877993106842,0.3323107063770294,-0.4801400899887085,0.1270599663257599,2025-07-01 17:20:00.039,1751370600039,-7411,-2262,-2035,-2668,-648,-220
1004,2025-07-01 17:20:00.390,2025-07-01 17:20:00.129360,0.9720458984375,-8.4108304977417,4.642356872558594,0.4349360466003418,-0.10751228034496307,-0.23090706765651703,2025-07-01 17:20:00.138,1751370600138,-7100,-2470,-2316,-2237,-794,-577
1005,2025-07-01 17:20:00.593,2025-07-01 17:20:00.332351,-0.011971008032560349,-10.709263801574707,3.6559460163116455,-0.39706242084503174,0.07819075137376785,0.04153883829712868,2025-07-01 17:20:00.312,1751370600312,-7319,-2437,-2411,-1481,-86,-396
1006,2025-07-01 17:20:00.696,2025-07-01 17:20:00.332351,-0.011971008032560349,-10.709263801574707,3.6559460163116455,-0.39706242084503174,0.07819075137376785,0.04153883829712868,2025-07-01 17:20:00.312,1751370600312,-7319,-2437,-2411,-1481,-86,-396
1007,2025-07-01 17:20:01.005,2025-07-01 17:20:00.732334,0.3232172429561615,-9.66299819946289,2.2912509441375732,-0.23335053026676178,-0.1111774742603302,0.10018189996480942,2025-07-01 17:20:00.695,1751370600695,-7365,-2563,-2286,-1652,-33,-606
1008,2025-07-01 17:20:01.189,2025-07-01 17:20:00.933692,0.33518823981285095,-9.27034854888916,3.445256233215332,-0.7061602473258972,0.059864792972803116,0.01466076634824276,2025-07-01 17:20:00.941,1751370600941,-7093,-2323,-2477,108,165,1098
1009,2025-07-01 17:20:01.490,2025-07-01 17:20:01.240529,0.768538773059845,-8.791508674621582,4.213795185089111,-0.12461651116609573,-0.028099801391363144,0.18814650177955627,2025-07-01 17:20:01.203,1751370601203,-7480,-2155,-2836,7,-69,-33
1010,2025-07-01 17:20:01.789,2025-07-01 17:20:01.531975,0.8643068075180054,-8.585607528686523,3.928884983062744,0.019547687843441963,0.03420845419168472,0.30054569244384766,2025-07-01 17:20:01.572,1751370601572,-7159,-2143,-2506,284,110,10
1011,2025-07-01 17:20:01.989,2025-07-01 17:20:01.732224,1.0295066833496094,-8.631096839904785,3.488351821899414,-0.31520646810531616,-0.01710422709584236,-0.07696902006864548,2025-07-01 17:20:01.772,1751370601772,-7472,-2022,-2821,1403,842,-103
1012,2025-07-01 17:20:02.089,2025-07-01 17:20:01.831728,-0.8188169598579407,-9.124302864074707,4.3191399574279785,0.6841690540313721,0.14294247329235077,0.4398229718208313,2025-07-01 17:20:01.840,1751370601840,-7748,-2356,-2647,841,293,-292
1013,2025-07-01 17:20:02.193,2025-07-01 17:20:01.931820,0.545877993106842,-8.999804496765137,3.8738183975219727,-0.2785545587539673,-0.13805554807186127,-0.34086281061172485,2025-07-01 17:20:01.941,1751370601941,-7088,-2398,-2658,607,-275,60
1014,2025-07-01 17:20:02.289,2025-07-01 17:20:02.034104,-0.4596867263317108,-8.456320762634277,4.2975921630859375,-0.9615018963813782,0.09773843735456467,-0.08307767659425735,2025-07-01 17:20:02.023,1751370602023,-7294,-2249,-2451,-99,10,-2
1015,2025-07-01 17:20:02.394,2025-07-01 17:20:02.135198,0.8307880163192749,-8.149862289428711,3.9025487899780273,0.4789183437824249,0.0659734457731247,0.16493362188339233,2025-07-01 17:20:02.119,1751370602119,-7412,-2400,-2248,309,17,-18
1016,2025-07-01 17:20:02.489,2025-07-01 17:20:02.232769,0.8307880163192749,-8.149862289428711,3.9025487899780273,0.4789183437824249,0.0659734457731247,0.16493362188339233,2025-07-01 17:20:02.217,1751370602217,-7150,-2239,-2291,-80,-113,-257
1017,2025-07-01 17:20:02.690,2025-07-01 17:20:02.442184,0.7398083209991455,-8.492233276367188,3.399766445159912,-0.09162978827953339,0.004886921960860491,0.02687807008624077,2025-07-01 17:20:02.469,1751370602469,-7447,-2428,-2615,-90,-13,-336
1018,2025-07-01 17:20:02.892,2025-07-01 17:20:02.635898,-0.8858546018600464,-7.649474620819092,1.625662922859192,0.045204028487205505,0.4960225820541382,0.27611109614372253,2025-07-01 17:20:02.648,1751370602648,-7090,-2687,-2027,31,6,-860
1019,2025-07-01 17:20:02.989,2025-07-01 17:20:02.730804,-0.8331822156906128,-10.84094524383545,2.4181437492370605,0.28466320037841797,-0.48258355259895325,-0.2919935882091522,2025-07-01 17:20:02.745,1751370602745,-7106,-2434,-2601,-830,-61,-628
1020,2025-07-01 17:20:03.202,2025-07-01 17:20:02.932339,0.4357447028160095,-9.526528358459473,3.7660791873931885,0.7061602473258972,-0.2724458873271942,-0.1771509200334549,2025-07-01 17:20:02.922,1751370602922,-7100,-2688,-2293,-1312,-339,-351
1021,2025-07-01 17:20:03.309,2025-07-01 17:20:03.033282,-0.24660277366638184,-8.583212852478027,4.8051629066467285,0.45204028487205505,0.09407325088977814,0.006108652334660292,2025-07-01 17:20:03.008,1751370603008,-7138,-2434,-2271,-985,4,-139
1022,2025-07-01 17:20:03.596,2025-07-01 17:20:03.332260,1.3048399686813354,-8.882488250732422,4.098873138427734,0.4899139404296875,-0.07208210229873657,-0.3274237811565399,2025-07-01 17:20:03.367,1751370603367,-7457,-2235,-2496,-268,-114,-62
1023,2025-07-01 17:20:03.792,2025-07-01 17:20:03.529705,1.2258312702178955,-7.608773231506348,5.078101634979248,0.15271630883216858,-0.09162978827953339,0.045204028487205505,2025-07-01 17:20:03.550,1751370603550,-7093,-2375,-2519,305,-111,-16
1024,2025-07-01 17:20:03.901,2025-07-01 17:20:03.633368,-0.849941611289978,-10.584765434265137,2.205059766769409,-0.797789990901947,0.18448130786418915,-0.05619960278272629,2025-07-01 17:20:03.666,1751370603666,-7399,-2231,-2629,247,-821,582
1025,2025-07-01 17:20:04.095,2025-07-01 17:20:03.833949,-0.950498104095459,-9.394847869873047,2.9065608978271484,-0.12950342893600464,0.23457226157188416,0.05009094998240471,2025-07-01 17:20:03.815,1751370603815,-7474,-2185,-2463,386,-653,557
1026,2025-07-01 17:20:04.189,2025-07-01 17:20:03.933754,0.16519992053508759,-6.5265936851501465,6.624756336212158,0.08918632566928864,0.028099801391363144,0.3274237811565399,2025-07-01 17:20:03.913,1751370603913,-7321,-2040,-2421,262,-567,-65
1027,2025-07-01 17:20:04.591,2025-07-01 17:20:04.330337,0.31124621629714966,-9.009381294250488,3.1699230670928955,-0.37629300355911255,0.08429940044879913,0.3701843321323395,2025-07-01 17:20:04.294,1751370604294,-7304,-2315,-2337,335,-194,-72
1028,2025-07-01 17:20:04.695,2025-07-01 17:20:04.430568,0.5985504388809204,-10.187328338623047,2.715024709701538,0.5229006409645081,-0.021991148591041565,-0.5913175344467163,2025-07-01 17:20:04.449,1751370604449,-7784,-2018,-1924,-39,-578,166
1029,2025-07-01 17:20:04.893,2025-07-01 17:20:04.629902,0.7398083209991455,-9.576807022094727,3.090914487838745,0.6951646208763123,-0.10018189996480942,-0.5082398653030396,2025-07-01 17:20:04.654,1751370604654,-7606,-1967,-2109,367,-314,307
1030,2025-07-01 17:20:04.998,2025-07-01 17:20:04.729898,1.436521053314209,-9.564835548400879,3.2178070545196533,-0.4288274049758911,0.20036379992961884,0.21013765037059784,2025-07-01 17:20:04.733,1751370604733,-7761,-2068,-2078,447,48,423
1031,2025-07-01 17:20:05.292,2025-07-01 17:20:05.030495,1.1324573755264282,-7.908048152923584,3.5889084339141846,0.7318165898323059,-0.08796459436416626,-0.09162978827953339,2025-07-01 17:20:05.006,1751370605006,-7588,-1737,-1874,286,15,71
1032,2025-07-01 17:20:05.489,2025-07-01 17:20:05.233199,1.6879122257232666,-10.192116737365723,3.6104562282562256,-0.08429940044879913,-0.23090706765651703,-0.04398229718208313,2025-07-01 17:20:05.260,1751370605260,-7970,-1692,-1761,-90,-10,-197
1033,2025-07-01 17:20:05.596,2025-07-01 17:20:05.330687,-0.4213795065879822,-10.189722061157227,4.14915132522583,-0.4715879559516907,0.10262536257505417,0.06352998316287994,2025-07-01 17:20:05.365,1751370605365,-8037,-1760,-1505,-490,-805,-1727
1034,2025-07-01 17:20:05.789,2025-07-01 17:20:05.530527,0.37828385829925537,-9.749189376831055,3.222595453262329,0.030543262138962746,-0.05253441259264946,-0.08429940044879913,2025-07-01 17:20:05.545,1751370605545,-7489,-2940,-1439,-665,131,-950
1035,2025-07-01 17:20:05.995,2025-07-01 17:20:05.730316,0.4812345504760742,-8.992621421813965,3.112462282180786,0.10506882518529892,-0.1062905490398407,-0.0659734457731247,2025-07-01 17:20:05.716,1751370605716,-7781,-2849,-2131,34,381,-542
1036,2025-07-01 17:20:06.389,2025-07-01 17:20:06.130671,-0.15801730751991272,-11.841721534729004,-0.16998831927776337,-0.013439035043120384,-0.14049901068210602,-0.30054569244384766,2025-07-01 17:20:06.094,1751370606094,-7446,-2569,-2239,-812,291,-274
1037,2025-07-01 17:20:06.495,2025-07-01 17:20:06.230407,1.4101848602294922,-8.554482460021973,3.2561142444610596,-0.01466076634824276,0.2590068578720093,0.33475416898727417,2025-07-01 17:20:06.261,1751370606261,-7782,-2181,-2319,51,301,-110
1038,2025-07-01 17:20:06.593,2025-07-01 17:20:06.330371,0.2322375625371933,-10.144232749938965,1.9800047874450684,-0.18325957655906677,-0.02321287989616394,-0.19914206862449646,2025-07-01 17:20:06.337,1751370606337,-7690,-2233,-1964,71,-259,78
1039,2025-07-01 17:20:06.689,2025-07-01 17:20:06.430291,2.0039467811584473,-9.327810287475586,3.1675288677215576,0.3090978264808655,-0.34697145223617554,0.49846604466438293,2025-07-01 17:20:06.433,1751370606433,-7337,-2259,-2197,0,528,-170
1040,2025-07-01 17:20:06.792,2025-07-01 17:20:06.530319,0.4644751250743866,-9.643844604492188,3.134010076522827,0.3384193480014801,-0.13561208546161652,-0.27977627515792847,2025-07-01 17:20:06.529,1751370606529,-7416,-2184,-2224,81,545,-380
1041,2025-07-01 17:20:06.889,2025-07-01 17:20:06.630552,0.019153613597154617,-8.971074104309082,2.006340980529785,-0.26145032048225403,0.09407325088977814,-0.013439035043120384,2025-07-01 17:20:06.610,1751370606610,-7159,-2235,-2281,-281,84,-180
1042,2025-07-01 17:20:07.290,2025-07-01 17:20:07.030307,0.6799532771110535,-11.367670059204102,2.3080103397369385,0.4434881806373596,-0.01466076634824276,-0.384845107793808,2025-07-01 17:20:06.996,1751370606996,-7370,-2632,-2368,-95,-90,-91
1043,2025-07-01 17:20:07.489,2025-07-01 17:20:07.230241,0.33997663855552673,-10.034099578857422,2.190694570541382,0.7855727076530457,-0.01710422709584236,-0.7525860071182251,2025-07-01 17:20:07.243,1751370607243,-7347,-2441,-2012,168,-371,257
1044,2025-07-01 17:20:07.589,2025-07-01 17:20:07.330242,0.49320554733276367,-9.402029991149902,3.157952070236206,-0.5155702829360962,0.05253441259264946,0.5265658497810364,2025-07-01 17:20:07.333,1751370607333,-7316,-2582,-1996,523,15,-322
1045,2025-07-01 17:20:07.689,2025-07-01 17:20:07.430476,0.12449848651885986,-10.51054573059082,1.843535304069519,-0.00366519158706069,-0.24434609711170197,-0.4031710624694824,2025-07-01 17:20:07.416,1751370607416,-7708,-2283,-2128,132,3,-325
1046,2025-07-01 17:20:07.989,2025-07-01 17:20:07.731134,-0.47165772318840027,-10.467450141906738,2.2864625453948975,-0.8026769161224365,0.2125810980796814,0.05375614017248154,2025-07-01 17:20:07.730,1751370607730,-7310,-2833,-2055,-312,-544,133
1047,2025-07-01 17:20:08.301,2025-07-01 17:20:08.030266,1.0821791887283325,-8.616731643676758,3.2752678394317627,0.2528982162475586,-0.09040805697441101,-0.5925393104553223,2025-07-01 17:20:08.048,1751370608048,-7710,-2259,-1267,332,-412,282
1048,2025-07-01 17:20:08.400,2025-07-01 17:20:08.130266,0.9768342971801758,-9.684545516967773,3.1962592601776123,0.4043927788734436,0.02687807008624077,0.21624629199504852,2025-07-01 17:20:08.153,1751370608153,-7424,-2445,-1855,349,297,13
1049,2025-07-01 17:20:08.591,2025-07-01 17:20:08.330358,0.26575639843940735,-8.494627952575684,3.5027170181274414,-0.6976081132888794,-0.05619960278272629,-0.012217304669320583,2025-07-01 17:20:08.328,1751370608328,-8020,-2634,-1582,533,69,287
1050,2025-07-01 17:20:08.689,2025-07-01 17:20:08.430182,0.45250412821769714,-11.681309700012207,2.806004285812378,-0.7819074988365173,0.23457226157188416,0.7257078886032104,2025-07-01 17:20:08.416,1751370608416,-8040,-2577,-1578,415,-350,274
1051,2025-07-01 17:20:08.790,2025-07-01 17:20:08.530626,-1.1516109704971313,-6.48828649520874,0.8619126081466675,1.36955988407135,0.2834414839744568,-0.1270599663257599,2025-07-01 17:20:08.502,1751370608502,-7370,-2562,-1001,1389,-966,-307
1052,2025-07-01 17:20:08.897,2025-07-01 17:20:08.630430,-0.6943184733390808,-9.765948295593262,3.550601005554199,0.513126790523529,-0.4105014503002167,-0.6536257863044739,2025-07-01 17:20:08.593,1751370608593,-7404,-2279,-993,679,-891,-277
1053,2025-07-01 17:20:09.003,2025-07-01 17:20:08.730399,0.4118026793003082,-13.64216136932373,1.8507179021835327,-0.6401867866516113,-0.13439035415649414,0.0659734457731247,2025-07-01 17:20:08.769,1751370608769,-7640,-2667,-703,-604,-55,-112
1054,2025-07-01 17:20:09.097,2025-07-01 17:20:08.830076,-0.7541735172271729,-8.604761123657227,3.7205893993377686,0.22846360504627228,-0.051312681287527084,-0.21013765037059784,2025-07-01 17:20:08.860,1751370608860,-8011,-2458,-922,-402,-98,-74
1055,2025-07-01 17:20:09.295,2025-07-01 17:20:09.030728,0.629675030708313,-10.000580787658691,2.183511972427368,0.5082398653030396,0.1258382350206375,-0.5681046843528748,2025-07-01 17:20:09.043,1751370609043,-7987,-2609,-1083,252,-342,289
1056,2025-07-01 17:20:09.403,2025-07-01 17:20:09.130354,0.30885201692581177,-9.603142738342285,3.3446998596191406,-0.8026769161224365,-0.06108652427792549,0.4092797040939331,2025-07-01 17:20:09.130,1751370609130,-8052,-2563,-722,453,-161,-28
1057,2025-07-01 17:20:09.500,2025-07-01 17:20:09.230406,0.5746083855628967,-9.394847869873047,3.093308687210083,0.16249015927314758,-0.045204028487205505,-0.4508185386657715,2025-07-01 17:20:09.219,1751370609219,-8043,-2283,-793,384,-585,337
1058,2025-07-01 17:20:09.689,2025-07-01 17:20:09.430394,0.35673606395721436,-9.828198432922363,3.066972494125366,0.7660250067710876,0.05009094998240471,0.17592918872833252,2025-07-01 17:20:09.407,1751370609407,-7973,-2581,-509,401,-614,328
1059,2025-07-01 17:20:09.899,2025-07-01 17:20:09.629987,-0.790086567401886,-7.781155586242676,0.6536170840263367,0.7819074988365173,0.07819075137376785,-0.23579397797584534,2025-07-01 17:20:09.666,1751370609666,-7902,-2643,-329,99,-279,-15
1060,2025-07-01 17:20:09.996,2025-07-01 17:20:09.730336,0.9648633003234863,-11.068394660949707,2.628833532333374,-0.05009094998240471,0.10995574295520782,-0.06108652427792549,2025-07-01 17:20:09.759,1751370609759,-7581,-2686,-631,849,-125,-37
1061,2025-07-01 17:20:10.097,2025-07-01 17:20:09.830883,-0.3447650372982025,-9.670180320739746,1.1851298809051514,-0.27977627515792847,0.18325957655906677,-0.09407325088977814,2025-07-01 17:20:09.849,1751370609849,-8245,-2010,-395,663,530,72
1062,2025-07-01 17:20:10.190,2025-07-01 17:20:09.929940,0.07661445438861847,-9.095572471618652,3.754108190536499,-0.3628539443016052,0.11850785464048386,0.012217304669320583,2025-07-01 17:20:09.945,1751370609945,-7906,-2562,-560,-640,-58,98
1063,2025-07-01 17:20:10.291,2025-07-01 17:20:09.929940,0.07661445438861847,-9.095572471618652,3.754108190536499,-0.3628539443016052,0.11850785464048386,0.012217304669320583,2025-07-01 17:20:09.945,1751370609945,-7906,-2562,-560,-640,-58,98
1064,2025-07-01 17:20:10.498,2025-07-01 17:20:10.230202,1.4173674583435059,-7.422025203704834,4.302380561828613,-0.8026769161224365,0.07330382615327835,0.07696902006864548,2025-07-01 17:20:10.210,1751370610210,-8019,-2218,-635,513,-13,-29
1065,2025-07-01 17:20:10.901,2025-07-01 17:20:10.630323,-0.6224924325942993,-8.848969459533691,1.5873557329177856,-0.37140607833862305,0.21135938167572021,-0.045204028487205505,2025-07-01 17:20:10.660,1751370610660,-8207,-1997,-303,12,-423,362
1066,2025-07-01 17:20:10.990,2025-07-01 17:20:10.730230,1.845929503440857,-9.121908187866211,4.321534156799316,0.08429940044879913,-0.2370157092809677,0.012217304669320583,2025-07-01 17:20:10.756,1751370610756,-7820,-1940,-138,95,-349,303
1067,2025-07-01 17:20:11.089,2025-07-01 17:20:10.830376,-0.7254431247711182,-9.888052940368652,1.5466543436050415,0.08429940044879913,0.09773843735456467,-0.10873401165008545,2025-07-01 17:20:10.839,1751370610839,-8259,-2102,105,-418,-311,-65
1068,2025-07-01 17:20:11.189,2025-07-01 17:20:10.930002,1.3958195447921753,-9.172186851501465,3.8331170082092285,-0.3139847218990326,0.09285151958465576,0.17837265133857727,2025-07-01 17:20:10.931,1751370610931,-8246,-2172,-340,102,172,-264
1069,2025-07-01 17:20:11.289,2025-07-01 17:20:11.029838,-0.48602294921875,-11.118672370910645,1.3646949529647827,-0.2822197377681732,0.21380282938480377,-0.2638937830924988,2025-07-01 17:20:11.023,1751370611023,-8273,-2101,10,-142,-266,60
1070,2025-07-01 17:20:11.390,2025-07-01 17:20:11.130325,0.3687070608139038,-9.229647636413574,3.550601005554199,-0.4434881806373596,0.1466076523065567,0.19792033731937408,2025-07-01 17:20:11.111,1751370611111,-7874,-1980,-384,-339,269,-295
1071,2025-07-01 17:20:11.692,2025-07-01 17:20:11.430321,-0.6847416758537292,-12.30859088897705,1.6543933153152466,0.2028072625398636,-0.07330382615327835,-0.41661009192466736,2025-07-01 17:20:11.467,1751370611467,-7847,-2406,-431,-401,516,-589
1072,2025-07-01 17:20:11.893,2025-07-01 17:20:11.630329,1.1013327836990356,-10.5344877243042,-0.6272808313369751,-0.48869219422340393,-0.1771509200334549,-0.21624629199504852,2025-07-01 17:20:11.653,1751370611653,-7560,-2673,-508,-1446,829,-1395
1073,2025-07-01 17:20:11.989,2025-07-01 17:20:11.829395,-0.011971008032560349,-11.013327598571777,2.2409727573394775,0.07696902006864548,0.019547687843441963,-0.06963863968849182,2025-07-01 17:20:11.837,1751370611837,-7821,-2821,-761,-799,581,-217
1074,2025-07-01 17:20:12.189,2025-07-01 17:20:11.929454,1.4413094520568848,-9.023746490478516,3.6535518169403076,-0.11239920556545258,-0.04398229718208313,-0.051312681287527084,2025-07-01 17:20:11.922,1751370611922,-7800,-2475,-1281,-207,324,-371
1075,2025-07-01 17:20:12.289,2025-07-01 17:20:12.030103,-0.5219359993934631,-9.86650562286377,2.8155810832977295,0.13072516024112701,0.14049901068210602,0.0354301854968071,2025-07-01 17:20:12.008,1751370612008,-7585,-2668,-1285,-526,167,-281
1076,2025-07-01 17:20:12.689,2025-07-01 17:20:12.430474,1.522712230682373,-9.074024200439453,3.0789434909820557,1.037249207496643,-0.05864306539297104,-0.05497787147760391,2025-07-01 17:20:12.390,1751370612390,-7579,-3164,-1480,-1001,996,-252
1077,2025-07-01 17:20:12.791,2025-07-01 17:20:12.530558,0.038307227194309235,-10.6709566116333,1.2713210582733154,0.3738495409488678,0.042760565876960754,-0.09651670604944229,2025-07-01 17:20:12.548,1751370612548,-7474,-2487,-1921,-434,452,-567
1078,2025-07-01 17:20:12.890,2025-07-01 17:20:12.630066,1.05105459690094,-8.159439086914062,4.010287761688232,-0.455705463886261,0.04886921867728233,0.1466076523065567,2025-07-01 17:20:12.634,1751370612634,-7536,-2495,-1935,-487,811,-612
1079,2025-07-01 17:20:12.989,2025-07-01 17:20:12.730572,1.1779472827911377,-9.241618156433105,2.5929205417633057,1.3292428255081177,-0.14905111491680145,-0.16737708449363708,2025-07-01 17:20:12.762,1751370612762,-7445,-2844,-2046,-26,327,-126
1080,2025-07-01 17:20:13.208,2025-07-01 17:20:12.929659,0.20350714027881622,-10.627861022949219,1.1635819673538208,-0.455705463886261,-0.013439035043120384,0.042760565876960754,2025-07-01 17:20:12.924,1751370612924,-7472,-2752,-2120,-283,63,-157
1081,2025-07-01 17:20:13.894,2025-07-01 17:20:13.630674,0.5027823448181152,-7.005434036254883,3.711012601852417,1.508837103843689,-1.9046778678894043,0.3323107063770294,2025-07-01 17:20:13.635,1751370613635,-7159,-3195,-2419,-604,-596,-280
1082,2025-07-01 17:20:14.500,2025-07-01 17:20:14.230064,0.9481038451194763,-8.537723541259766,4.4723687171936035,0.3677408695220947,0.11362093687057495,0.24434609711170197,2025-07-01 17:20:14.265,1751370614265,-7322,-2062,-2431,-101,194,576
1083,2025-07-01 17:20:14.593,2025-07-01 17:20:14.330326,0.9193734526634216,-10.350133895874023,2.8203697204589844,0.23335053026676178,-0.10751228034496307,-0.39095374941825867,2025-07-01 17:20:14.351,1751370614351,-7694,-1776,-2346,294,-276,369
1084,2025-07-01 17:20:14.692,2025-07-01 17:20:14.430319,1.0965443849563599,-8.597578048706055,4.19224739074707,-0.33475416898727417,0.030543262138962746,0.2871066629886627,2025-07-01 17:20:14.434,1751370614434,-7356,-1790,-2385,301,5,318
1085,2025-07-01 17:20:14.805,2025-07-01 17:20:14.530435,0.24420857429504395,-9.986215591430664,3.177105665206909,-0.44593164324760437,-0.03176499158143997,-0.2993239760398865,2025-07-01 17:20:14.538,1751370614538,-7691,-1751,-2195,-3,172,-37
1086,2025-07-01 17:20:14.897,2025-07-01 17:20:14.630346,1.6089035272598267,-7.158663272857666,5.324704647064209,0.23090706765651703,0.14905111491680145,0.09651670604944229,2025-07-01 17:20:14.625,1751370614625,-7415,-1725,-2222,-30,310,-29
1087,2025-07-01 17:20:14.994,2025-07-01 17:20:14.730107,-0.43335050344467163,-9.516951560974121,4.338293552398682,0.06841690838336945,0.21380282938480377,0.5204572081565857,2025-07-01 17:20:14.713,1751370614713,-7644,-1679,-2330,271,-54,-102
1088,2025-07-01 17:20:15.089,2025-07-01 17:20:14.830186,1.3862427473068237,-7.9176249504089355,4.757278919219971,0.06841690838336945,0.08674286305904388,-0.3445279896259308,2025-07-01 17:20:14.809,1751370614809,-7324,-1782,-2343,-31,-154,-323
1089,2025-07-01 17:20:15.194,2025-07-01 17:20:14.930422,1.091755986213684,-8.71728801727295,4.280832767486572,0.6817256212234497,-0.09162978827953339,-0.3604104816913605,2025-07-01 17:20:14.920,1751370614920,-7577,-1756,-2370,-304,264,95
1090,2025-07-01 17:20:15.389,2025-07-01 17:20:15.130100,0.38067805767059326,-9.361329078674316,3.44765043258667,-0.24923302233219147,-0.1820378452539444,-0.3530801236629486,2025-07-01 17:20:15.164,1751370615164,-7362,-1724,-2169,323,-327,60
1091,2025-07-01 17:20:15.490,2025-07-01 17:20:15.230373,1.0342950820922852,-9.042900085449219,3.272873640060425,-0.3995058834552765,0.09773843735456467,0.2541199326515198,2025-07-01 17:20:15.244,1751370615244,-7371,-1740,-1931,265,20,44
1092,2025-07-01 17:20:15.603,2025-07-01 17:20:15.330212,-0.0071826050989329815,-9.78989028930664,2.980781078338623,-0.2785545587539673,-0.009773843921720982,-0.10262536257505417,2025-07-01 17:20:15.340,1751370615340,-7732,-1755,-2316,-101,263,112
1093,2025-07-01 17:20:15.692,2025-07-01 17:20:15.430265,1.3623007535934448,-8.485051155090332,4.431667327880859,0.10751228034496307,0.0354301854968071,0.06841690838336945,2025-07-01 17:20:15.446,1751370615446,-7374,-1747,-2032,331,-259,-28
1094,2025-07-01 17:20:15.793,2025-07-01 17:20:15.530515,0.047884032130241394,-9.0859956741333,4.436455726623535,0.18814650177955627,0.09773843735456467,-0.12095131725072861,2025-07-01 17:20:15.526,1751370615526,-7677,-1905,-1966,23,-16,-55
1095,2025-07-01 17:20:15.895,2025-07-01 17:20:15.630141,1.1252747774124146,-8.339004516601562,4.10366153717041,0.030543262138962746,-0.00855211354792118,0.1466076523065567,2025-07-01 17:20:15.610,1751370615610,-7406,-1749,-1983,-105,-132,-49
1096,2025-07-01 17:20:15.997,2025-07-01 17:20:15.730190,0.48602294921875,-9.35654067993164,4.010287761688232,0.19547687470912933,0.07208210229873657,-0.2528982162475586,2025-07-01 17:20:15.731,1751370615731,-7636,-1834,-1984,-280,-62,-126
1097,2025-07-01 17:20:16.189,2025-07-01 17:20:15.930397,0.49799394607543945,-8.829815864562988,3.7612907886505127,0.00366519158706069,-0.018325956538319588,-0.3543018400669098,2025-07-01 17:20:15.895,1751370615895,-7560,-1739,-1968,44,-328,97
1098,2025-07-01 17:20:16.289,2025-07-01 17:20:16.030203,1.0342950820922852,-8.829815864562988,4.089296340942383,-0.1062905490398407,-0.00855211354792118,0.2638937830924988,2025-07-01 17:20:16.065,1751370616065,-7582,-1861,-1943,352,136,-140
1099,2025-07-01 17:20:16.391,2025-07-01 17:20:16.030203,1.0342950820922852,-8.829815864562988,4.089296340942383,-0.1062905490398407,-0.00855211354792118,0.2638937830924988,2025-07-01 17:20:16.065,1751370616065,-7582,-1861,-1943,352,136,-140
1100,2025-07-01 17:20:16.492,2025-07-01 17:20:16.230488,0.9864110946655273,-9.337387084960938,2.6862943172454834,-0.42149701714515686,0.1466076523065567,0.17104226350784302,2025-07-01 17:20:16.245,1751370616245,-7641,-1902,-2145,-50,297,-379
1101,2025-07-01 17:20:16.591,2025-07-01 17:20:16.330159,0.26096799969673157,-9.406818389892578,3.0765492916107178,-0.1820378452539444,0.12095131725072861,-0.15393804013729095,2025-07-01 17:20:16.326,1751370616326,-7648,-1762,-2126,-109,-274,0
1102,2025-07-01 17:20:16.789,2025-07-01 17:20:16.530437,0.8786720037460327,-9.246406555175781,3.0550012588500977,-0.32986724376678467,0.22357667982578278,0.6548475623130798,2025-07-01 17:20:16.508,1751370616508,-7805,-1748,-2150,-103,-367,120
1103,2025-07-01 17:20:16.889,2025-07-01 17:20:16.530437,0.8786720037460327,-9.246406555175781,3.0550012588500977,-0.32986724376678467,0.22357667982578278,0.6548475623130798,2025-07-01 17:20:16.508,1751370616508,-7805,-1748,-2150,-103,-367,120
1104,2025-07-01 17:20:17.190,2025-07-01 17:20:16.931972,0.6727706789970398,-9.330204010009766,3.665522813796997,0.5827654600143433,0.11239920556545258,-0.27611109614372253,2025-07-01 17:20:16.956,1751370616956,-7650,-1967,-1703,-147,-88,-256
1105,2025-07-01 17:20:17.489,2025-07-01 17:20:17.229996,0.730231523513794,-9.083600997924805,3.4117374420166016,-0.32131510972976685,0.08185594528913498,0.43249258399009705,2025-07-01 17:20:17.242,1751370617242,-7568,-2054,-2061,-357,625,12
1106,2025-07-01 17:20:17.590,2025-07-01 17:20:17.330554,0.912190854549408,-9.423578262329102,3.047818660736084,0.3078760802745819,-0.15393804013729095,-0.49846604466438293,2025-07-01 17:20:17.323,1751370617323,-7947,-2012,-1788,-398,-61,-132
1107,2025-07-01 17:20:17.689,2025-07-01 17:20:17.430261,1.745373010635376,-8.317456245422363,4.034229755401611,-0.12828169763088226,0.010995574295520782,0.2076941877603531,2025-07-01 17:20:17.424,1751370617424,-7343,-2178,-2094,-156,-266,-323
1108,2025-07-01 17:20:18.089,2025-07-01 17:20:17.830096,-1.5466543436050415,-9.682151794433594,0.24899697303771973,-0.19914206862449646,1.3903292417526245,0.4740314185619354,2025-07-01 17:20:17.867,1751370617867,-7171,-2903,-2635,-363,1105,-907
1109,2025-07-01 17:20:18.189,2025-07-01 17:20:17.930220,-2.434903144836426,-8.688557624816895,0.08619125932455063,0.02932153269648552,0.6633996367454529,0.14294247329235077,2025-07-01 17:20:17.951,1751370617951,-6797,-3115,-2452,-155,1319,-1148
1110,2025-07-01 17:20:18.291,2025-07-01 17:20:18.030169,-1.8986018896102905,-9.880870819091797,0.6560112833976746,-0.12828169763088226,-0.0403171069920063,-0.04886921867728233,2025-07-01 17:20:18.044,1751370618044,-6897,-3372,-2923,30,825,-439
1111,2025-07-01 17:20:18.406,2025-07-01 17:20:18.130087,-1.7549498081207275,-9.80904483795166,1.5753847360610962,0.01710422709584236,-0.27488934993743896,0.04886921867728233,2025-07-01 17:20:18.157,1751370618157,-6863,-3047,-2789,-26,234,-201
1112,2025-07-01 17:20:18.589,2025-07-01 17:20:18.330332,-1.5682021379470825,-9.622296333312988,1.5203180313110352,-0.1014036312699318,-0.1820378452539444,-0.26633724570274353,2025-07-01 17:20:18.332,1751370618332,-6788,-3198,-2793,-63,-114,98
1113,2025-07-01 17:20:18.896,2025-07-01 17:20:18.630548,-1.2713210582733154,-9.552865028381348,1.6112977266311646,0.015882495790719986,0.17592918872833252,-0.021991148591041565,2025-07-01 17:20:18.669,1751370618669,-6791,-2971,-2771,268,-67,-83
1114,2025-07-01 17:20:19.004,2025-07-01 17:20:18.730612,-0.993593692779541,-9.765948295593262,1.3694833517074585,0.07819075137376785,-0.010995574295520782,-0.10262536257505417,2025-07-01 17:20:18.769,1751370618769,-7008,-3172,-2723,-11,-93,375
1115,2025-07-01 17:20:19.102,2025-07-01 17:20:18.830143,-1.091755986213684,-10.065223693847656,0.5315127968788147,0.0024434609804302454,-0.2932153046131134,-0.024434609338641167,2025-07-01 17:20:18.848,1751370618848,-6807,-3095,-2759,116,-83,529
1116,2025-07-01 17:20:19.489,2025-07-01 17:20:19.130489,0.22744916379451752,-9.2033109664917,4.285621166229248,0.19425514340400696,-0.11362093687057495,-0.3237585723400116,2025-07-01 17:20:19.136,1751370619136,-7059,-2295,-2734,-528,-153,529
1117,2025-07-01 17:20:19.602,2025-07-01 17:20:19.330067,0.08619125932455063,-8.71728801727295,3.3877954483032227,1.0201449394226074,-0.23335053026676178,-0.02687807008624077,2025-07-01 17:20:19.330,1751370619330,-7100,-2179,-2906,21,-270,358
1118,2025-07-01 17:20:19.992,2025-07-01 17:20:19.730152,0.14844051003456116,-9.38048267364502,3.3016040325164795,-0.06352998316287994,0.009773843921720982,-0.004886921960860491,2025-07-01 17:20:19.756,1751370619756,-7120,-2241,-2835,-2,79,-326
1119,2025-07-01 17:20:20.092,2025-07-01 17:20:19.830275,0.1843535304069519,-9.363722801208496,3.3949780464172363,-0.045204028487205505,0.02321287989616394,-0.009773843921720982,2025-07-01 17:20:19.866,1751370619866,-7117,-2280,-2829,129,98,-351
1120,2025-07-01 17:20:20.192,2025-07-01 17:20:19.930513,0.33039984107017517,-9.48343276977539,3.706224203109741,-0.21013765037059784,0.19914206862449646,0.030543262138962746,2025-07-01 17:20:19.948,1751370619948,-7133,-2576,-2513,277,30,-304
1121,2025-07-01 17:20:20.296,2025-07-01 17:20:20.030097,-0.033518824726343155,-8.923190116882324,4.072536945343018,-0.504574716091156,0.7819074988365173,-0.18814650177955627,2025-07-01 17:20:20.031,1751370620031,-7130,-2616,-2503,299,96,-334
1122,2025-07-01 17:20:20.391,2025-07-01 17:20:20.130274,0.0,-10.029311180114746,1.4676456451416016,-0.5241223573684692,0.9297369122505188,-0.17348572611808777,2025-07-01 17:20:20.131,1751370620131,-7085,-2623,-2510,379,272,78
1123,2025-07-01 17:20:20.503,2025-07-01 17:20:20.230232,0.1867477297782898,-10.046070098876953,0.7589619159698486,-0.34208452701568604,0.09773843735456467,-0.0012217304902151227,2025-07-01 17:20:20.219,1751370620219,-7074,-2644,-2537,261,308,59
1124,2025-07-01 17:20:20.705,2025-07-01 17:20:20.430084,-0.40940847992897034,-7.740454196929932,4.225766181945801,1.2486085891723633,-1.205847978591919,0.3543018400669098,2025-07-01 17:20:20.391,1751370620391,-7295,-2585,-2506,-394,58,-187
1125,2025-07-01 17:20:20.794,2025-07-01 17:20:20.530401,0.2849099934101105,-8.142680168151855,4.496310710906982,-0.36529740691185,0.1368338167667389,-0.4495968222618103,2025-07-01 17:20:20.558,1751370620558,-7055,-2522,-2929,-408,-60,-561
1126,2025-07-01 17:20:20.890,2025-07-01 17:20:20.630027,0.5195417404174805,-9.169792175292969,3.421314239501953,2.20278000831604,-0.24556782841682434,-0.042760565876960754,2025-07-01 17:20:20.669,1751370620669,-7262,-2472,-2821,-287,4,-152
1127,2025-07-01 17:20:20.990,2025-07-01 17:20:20.729391,0.5291185975074768,-9.265560150146484,4.240131378173828,-0.7904596328735352,-0.27122417092323303,-0.2736676335334778,2025-07-01 17:20:20.762,1751370620762,-7131,-2513,-2530,-208,-325,-342
1128,2025-07-01 17:20:21.103,2025-07-01 17:20:20.829579,0.5626373887062073,-8.523358345031738,4.759673118591309,-0.05497787147760391,-0.05497787147760391,-0.06230825558304787,2025-07-01 17:20:20.828,1751370620828,-7250,-2504,-2537,-548,-278,-301
1129,2025-07-01 17:20:21.193,2025-07-01 17:20:20.930208,1.3192051649093628,-7.99184513092041,5.0876784324646,0.32498031854629517,-0.039095375686883926,-0.16737708449363708,2025-07-01 17:20:20.945,1751370620945,-7172,-2490,-2938,-280,-123,-17
1130,2025-07-01 17:20:21.291,2025-07-01 17:20:21.030106,-0.5602431893348694,-9.241618156433105,3.7876269817352295,-0.7367035150527954,0.04886921867728233,0.6047565937042236,2025-07-01 17:20:21.014,1751370621014,-7193,-2484,-2705,11,-1,278
1131,2025-07-01 17:20:21.399,2025-07-01 17:20:21.130136,1.0031704902648926,-8.26478385925293,5.7341132164001465,1.0494664907455444,-0.1270599663257599,-0.44715335965156555,2025-07-01 17:20:21.123,1751370621123,-7097,-2475,-2926,-126,215,366
1132,2025-07-01 17:20:21.890,2025-07-01 17:20:21.630499,0.9792284965515137,-8.118738174438477,4.908113479614258,0.2993239760398865,-0.09407325088977814,-0.36163222789764404,2025-07-01 17:20:21.641,1751370621641,-7436,-2623,-2464,-49,347,48
1133,2025-07-01 17:20:22.092,2025-07-01 17:20:21.829785,1.3646949529647827,-7.862558364868164,5.0254292488098145,0.616973876953125,0.024434609338641167,-0.2724458873271942,2025-07-01 17:20:21.828,1751370621828,-7275,-2646,-2538,117,109,73
1134,2025-07-01 17:20:22.791,2025-07-01 17:20:22.529924,-0.4141969084739685,-9.289502143859863,4.7189717292785645,0.31520646810531616,0.14049901068210602,-0.16859880089759827,2025-07-01 17:20:22.550,1751370622550,-7366,-2477,-2398,-49,33,-59
1135,2025-07-01 17:20:22.889,2025-07-01 17:20:22.630556,0.8475474119186401,-8.35097599029541,4.639962673187256,-0.004886921960860491,0.015882495790719986,0.27611109614372253,2025-07-01 17:20:22.636,1751370622636,-7050,-2475,-2212,-57,95,-296
1136,2025-07-01 17:20:23.001,2025-07-01 17:20:22.730230,0.7565677165985107,-8.458714485168457,4.587290287017822,0.40683624148368835,0.024434609338641167,-0.5546656250953674,2025-07-01 17:20:22.733,1751370622733,-7302,-2492,-2205,82,69,9
1137,2025-07-01 17:20:23.089,2025-07-01 17:20:22.830244,0.7038952708244324,-8.853757858276367,4.446032524108887,-0.3543018400669098,0.1918116807937622,0.616973876953125,2025-07-01 17:20:22.822,1751370622822,-7070,-2559,-2222,296,32,70
1138,2025-07-01 17:20:23.189,2025-07-01 17:20:22.930172,0.9792284965515137,-9.033323287963867,3.7038300037384033,-0.024434609338641167,-0.15271630883216858,-0.4691445231437683,2025-07-01 17:20:22.906,1751370622906,-7301,-2467,-2346,57,86,-93
1139,2025-07-01 17:20:23.489,2025-07-01 17:20:23.230788,0.5770025849342346,-8.664615631103516,4.304774761199951,-0.22479841113090515,0.29565876722335815,0.6817256212234497,2025-07-01 17:20:23.270,1751370623270,-7769,-2588,-2361,62,307,300
1140,2025-07-01 17:20:23.603,2025-07-01 17:20:23.329906,1.7405846118927002,-8.607154846191406,4.6040496826171875,-0.11362093687057495,-0.12950342893600464,-0.50335294008255,2025-07-01 17:20:23.354,1751370623354,-7323,-2608,-2377,-114,-177,282
1141,2025-07-01 17:20:23.695,2025-07-01 17:20:23.430221,-0.26575639843940735,-9.215282440185547,4.211400985717773,0.4398229718208313,0.04764748737215996,0.3494149148464203,2025-07-01 17:20:23.453,1751370623453,-7106,-2456,-2384,78,-270,-66
1142,2025-07-01 17:20:23.789,2025-07-01 17:20:23.530368,1.1013327836990356,-9.576807022094727,3.751713991165161,0.24190263450145721,0.04398229718208313,0.010995574295520782,2025-07-01 17:20:23.549,1751370623549,-7534,-2498,-2327,-90,121,229
1143,2025-07-01 17:20:23.903,2025-07-01 17:20:23.630205,0.21308395266532898,-8.465897560119629,4.967968463897705,-0.3274237811565399,-0.11362093687057495,0.05497787147760391,2025-07-01 17:20:23.621,1751370623621,-7404,-2423,-1987,-370,109,77
1144,2025-07-01 17:20:24.101,2025-07-01 17:20:23.832350,-0.016759412363171577,-8.058882713317871,3.9408559799194336,-0.4715879559516907,0.8454375267028809,0.1612684279680252,2025-07-01 17:20:23.829,1751370623829,-7426,-2663,-2365,-270,107,-300
1145,2025-07-01 17:20:24.500,2025-07-01 17:20:24.230366,0.7565677165985107,-9.346963882446289,3.8738183975219727,0.4202753007411957,-0.16982053220272064,-0.4141666293144226,2025-07-01 17:20:24.263,1751370624263,-7065,-2665,-2534,-131,277,-101
1146,2025-07-01 17:20:24.601,2025-07-01 17:20:24.330473,1.3096283674240112,-8.482656478881836,4.570530891418457,-0.2736676335334778,0.11850785464048386,0.4434881806373596,2025-07-01 17:20:24.349,1751370624349,-7520,-2632,-2493,-352,134,304
1147,2025-07-01 17:20:24.703,2025-07-01 17:20:24.430175,0.1604115068912506,-10.596736907958984,2.983175277709961,-0.22113321721553802,-0.2382374405860901,-0.15515977144241333,2025-07-01 17:20:24.434,1751370624434,-7083,-2564,-2295,-47,-229,291
1148,2025-07-01 17:20:24.791,2025-07-01 17:20:24.529412,0.9050082564353943,-8.255207061767578,4.6471452713012695,-0.8344419002532959,0.04398229718208313,0.012217304669320583,2025-07-01 17:20:24.519,1751370624519,-7436,-2268,-2492,-331,-41,122
1149,2025-07-01 17:20:24.892,2025-07-01 17:20:24.630117,0.8259995579719543,-9.464279174804688,3.667917013168335,0.7098253965377808,-0.14905111491680145,-0.43737950921058655,2025-07-01 17:20:24.610,1751370624610,-7503,-2234,-2440,-90,18,-44
1150,2025-07-01 17:20:24.999,2025-07-01 17:20:24.730641,0.5267243981361389,-8.851364135742188,4.244919776916504,-0.2370157092809677,0.17470745742321014,0.6890559792518616,2025-07-01 17:20:24.707,1751370624707,-7442,-2293,-2527,107,-17,-91
1151,2025-07-01 17:20:25.093,2025-07-01 17:20:24.830451,0.7924807667732239,-8.829815864562988,3.7684733867645264,0.06963863968849182,-0.11484266817569733,-0.34086281061172485,2025-07-01 17:20:24.797,1751370624797,-7494,-2287,-2600,304,-139,293
1152,2025-07-01 17:20:25.297,2025-07-01 17:20:25.030418,1.778891921043396,-9.959878921508789,2.913743495941162,-0.455705463886261,0.11239920556545258,0.05619960278272629,2025-07-01 17:20:25.062,1751370625062,-7689,-2436,-2391,156,-226,274
1153,2025-07-01 17:20:25.392,2025-07-01 17:20:25.130352,0.5961562395095825,-9.672574996948242,3.9217023849487305,-0.7550294399261475,-0.10751228034496307,-0.01710422709584236,2025-07-01 17:20:25.159,1751370625159,-7761,-2424,-2011,1114,-899,589
1154,2025-07-01 17:20:25.501,2025-07-01 17:20:25.230542,1.2832920551300049,-8.56645393371582,4.168305397033691,0.6291912198066711,0.05253441259264946,-0.3384193480014801,2025-07-01 17:20:25.249,1751370625249,-7549,-1972,-1974,690,-694,351
1155,2025-07-01 17:20:25.695,2025-07-01 17:20:25.429820,1.192312479019165,-9.277531623840332,3.8953661918640137,0.1563815027475357,-0.16737708449363708,-0.24434609711170197,2025-07-01 17:20:25.415,1751370625415,-7781,-2369,-1917,230,-856,269
1156,2025-07-01 17:20:25.894,2025-07-01 17:20:25.630237,0.49320554733276367,-9.062053680419922,3.9911341667175293,-0.7941248416900635,-0.045204028487205505,0.1062905490398407,2025-07-01 17:20:25.628,1751370625628,-7989,-2390,-1664,414,-251,125
1157,2025-07-01 17:20:26.397,2025-07-01 17:20:26.130123,0.38067805767059326,-8.995016098022461,4.1180267333984375,-1.359786033630371,-0.23090706765651703,-0.17592918872833252,2025-07-01 17:20:26.148,1751370626148,-7956,-2289,-631,479,-393,81
1158,2025-07-01 17:20:26.501,2025-07-01 17:20:26.230577,1.6519991159439087,-9.30386734008789,2.8347349166870117,0.5400048494338989,0.1014036312699318,-0.13439035415649414,2025-07-01 17:20:26.244,1751370626244,-7666,-2599,-622,193,52,-100
1159,2025-07-01 17:20:26.792,2025-07-01 17:20:26.530091,-0.2513911724090576,-8.999804496765137,5.295974254608154,-0.3543018400669098,0.22113321721553802,0.16737708449363708,2025-07-01 17:20:26.512,1751370626512,-8313,-2183,-638,-344,-27,-269
1160,2025-07-01 17:20:27.489,2025-07-01 17:20:27.230345,0.08140286058187485,-9.80904483795166,2.3726539611816406,-1.0800096988677979,0.14782938361167908,0.0659734457731247,2025-07-01 17:20:27.223,1751370627223,-7965,-2635,-1143,-285,544,99
1161,2025-07-01 17:20:27.591,2025-07-01 17:20:27.330184,-3.751713991165161,-3.2321722507476807,0.1867477297782898,1.5735888481140137,-0.1014036312699318,-0.4129449129104614,2025-07-01 17:20:27.319,1751370627319,-7635,-2491,-1290,-809,137,-365
1162,2025-07-01 17:20:27.989,2025-07-01 17:20:27.730128,1.3958195447921753,-9.215282440185547,4.1156325340271,0.6524040699005127,-0.0012217304902151227,-0.4043927788734436,2025-07-01 17:20:27.758,1751370627758,-8041,-2638,-1327,-783,238,-262
1163,2025-07-01 17:20:28.189,2025-07-01 17:20:27.930200,-0.3878606855869293,-6.179434776306152,3.56017804145813,0.5192354321479797,-0.14538592100143433,-0.27122417092323303,2025-07-01 17:20:27.946,1751370627946,-7326,-2476,-1444,-394,530,-522
1164,2025-07-01 17:20:28.389,2025-07-01 17:20:28.030184,-0.31842881441116333,-9.294290542602539,3.160346269607544,0.009773843921720982,0.24190263450145721,-0.04398229718208313,2025-07-01 17:20:28.040,1751370628040,-7640,-2677,-1638,-793,431,-237
1165,2025-07-01 17:20:28.506,2025-07-01 17:20:28.230267,0.4141969084739685,-9.210494041442871,3.1507694721221924,0.24556782841682434,0.00733038317412138,-0.03420845419168472,2025-07-01 17:20:28.213,1751370628213,-7567,-2831,-1822,-712,869,-636
1166,2025-07-01 17:20:28.798,2025-07-01 17:20:28.530197,0.9983820915222168,-8.468291282653809,3.2848446369171143,-0.1466076523065567,-0.02321287989616394,0.010995574295520782,2025-07-01 17:20:28.505,1751370628505,-7791,-2848,-1778,-212,277,-321
1167,2025-07-01 17:20:28.889,2025-07-01 17:20:28.630206,0.16759411990642548,-9.66539192199707,2.7557260990142822,-0.03176499158143997,0.09773843735456467,0.15271630883216858,2025-07-01 17:20:28.670,1751370628670,-7471,-2928,-2147,-141,-57,-167
1168,2025-07-01 17:20:29.102,2025-07-01 17:20:28.830137,2.070984363555908,-7.261613845825195,4.637568473815918,2.456900119781494,-0.05619960278272629,0.49846604466438293,2025-07-01 17:20:28.853,1751370628853,-7796,-2543,-2343,-365,232,-277
1169,2025-07-01 17:20:29.202,2025-07-01 17:20:28.930568,1.161187767982483,-11.350910186767578,3.912125587463379,-1.3451253175735474,0.24068090319633484,0.6194173693656921,2025-07-01 17:20:28.930,1751370628930,-7565,-2670,-2223,27,314,67
1170,2025-07-01 17:20:29.302,2025-07-01 17:20:29.030577,0.7350199222564697,-11.396400451660156,-0.33758243918418884,-2.8270843029022217,0.6768386960029602,0.10018189996480942,2025-07-01 17:20:29.024,1751370629024,-7781,-2655,-2245,13,318,-284
1171,2025-07-01 17:20:29.403,2025-07-01 17:20:29.130243,-0.5554547905921936,-10.125079154968262,-2.7557260990142822,0.6352998614311218,1.1679743528366089,0.9431759119033813,2025-07-01 17:20:29.120,1751370629120,-6899,-2944,-2061,313,1357,-798
1172,2025-07-01 17:20:29.502,2025-07-01 17:20:29.230104,-2.03507137298584,-9.167398452758789,-0.4141969084739685,1.0299187898635864,-0.26511552929878235,-0.4288274049758911,2025-07-01 17:20:29.216,1751370629216,-6586,-3400,-2397,92,1237,-955
1173,2025-07-01 17:20:29.701,2025-07-01 17:20:29.429612,0.2944868206977844,-10.582371711730957,1.3431471586227417,0.7330383062362671,-0.8539896011352539,-0.6621779203414917,2025-07-01 17:20:29.405,1751370629405,-6325,-3856,-2822,-309,989,-1119
1174,2025-07-01 17:20:29.992,2025-07-01 17:20:29.730195,-0.6607996821403503,-8.142680168151855,2.6192567348480225,-0.8808676600456238,0.3139847218990326,0.0354301854968071,2025-07-01 17:20:29.753,1751370629753,-6551,-3040,-3033,-619,-879,300
1175,2025-07-01 17:20:30.094,2025-07-01 17:20:29.830465,0.33997663855552673,-9.799467086791992,0.3974374830722809,0.9138544201850891,-0.09162978827953339,0.14416420459747314,2025-07-01 17:20:29.829,1751370629829,-7079,-3041,-2731,-450,-616,237
1176,2025-07-01 17:20:30.195,2025-07-01 17:20:29.930188,0.42377370595932007,-6.433219909667969,4.946420669555664,0.17837265133857727,-0.07696902006864548,-0.19547687470912933,2025-07-01 17:20:29.933,1751370629933,-6905,-2917,-2624,225,-333,520
1177,2025-07-01 17:20:30.898,2025-07-01 17:20:30.630085,2.0638017654418945,-9.495404243469238,3.335123062133789,-0.15027284622192383,-0.07452555745840073,0.09773843735456467,2025-07-01 17:20:30.649,1751370630649,-7073,-2877,-2447,461,-112,305
1178,2025-07-01 17:20:30.998,2025-07-01 17:20:30.729927,-0.43335050344467163,-9.457097053527832,3.7493197917938232,0.4398229718208313,-0.09407325088977814,-0.025656340643763542,2025-07-01 17:20:30.741,1751370630741,-7543,-2820,-2182,393,-285,-23
1179,2025-07-01 17:20:31.096,2025-07-01 17:20:30.829542,0.6248866319656372,-9.464279174804688,3.5721490383148193,-0.6035348773002625,0.19058994948863983,0.32986724376678467,2025-07-01 17:20:30.834,1751370630834,-7059,-2839,-2299,-101,-336,92
1180,2025-07-01 17:20:31.195,2025-07-01 17:20:30.930158,0.20111294090747833,-10.079588890075684,2.054224967956543,-0.13072516024112701,-0.015882495790719986,-0.17837265133857727,2025-07-01 17:20:30.938,1751370630938,-7443,-2531,-2269,-31,-258,290
1181,2025-07-01 17:20:31.294,2025-07-01 17:20:31.029789,0.27054479718208313,-10.132261276245117,2.674323320388794,0.19425514340400696,-0.009773843921720982,-0.3066543638706207,2025-07-01 17:20:31.005,1751370631005,-7107,-2528,-2247,89,-323,-107
1182,2025-07-01 17:20:31.493,2025-07-01 17:20:31.230432,0.7852981686592102,-9.004592895507812,3.5889084339141846,0.3274237811565399,-0.019547687843441963,-0.13805554807186127,2025-07-01 17:20:31.194,1751370631194,-7134,-2915,-2613,47,-19,262
1183,2025-07-01 17:20:31.592,2025-07-01 17:20:31.330409,0.6943184733390808,-9.41400146484375,3.7421371936798096,-0.2076941877603531,-0.05497787147760391,-0.09040805697441101,2025-07-01 17:20:31.294,1751370631294,-7162,-2560,-2384,147,-338,-63
1184,2025-07-01 17:20:31.695,2025-07-01 17:20:31.429873,1.213860273361206,-10.043676376342773,2.8227639198303223,0.0,0.11239920556545258,0.015882495790719986,2025-07-01 17:20:31.456,1751370631456,-7433,-2503,-2335,268,-364,398
1185,2025-07-01 17:20:31.789,2025-07-01 17:20:31.429873,1.213860273361206,-10.043676376342773,2.8227639198303223,0.0,0.11239920556545258,0.015882495790719986,2025-07-01 17:20:31.456,1751370631456,-7433,-2503,-2335,268,-364,398
1186,2025-07-01 17:20:31.889,2025-07-01 17:20:31.631258,1.1276689767837524,-9.105149269104004,5.123591423034668,0.5229006409645081,0.24190263450145721,0.8344419002532959,2025-07-01 17:20:31.626,1751370631626,-7381,-2448,-1970,119,-109,169
1187,2025-07-01 17:20:31.995,2025-07-01 17:20:31.729963,0.5291185975074768,-8.939949035644531,3.339911460876465,0.6145304441452026,0.07819075137376785,-0.2968805134296417,2025-07-01 17:20:31.739,1751370631739,-7328,-2249,-1938,-1,-172,-109
1188,2025-07-01 17:20:32.392,2025-07-01 17:20:32.130575,0.36152446269989014,-9.229647636413574,3.799597978591919,0.11728613078594208,0.28466320037841797,0.48869219422340393,2025-07-01 17:20:32.098,1751370632098,-7347,-2551,-1759,546,114,125
1189,2025-07-01 17:20:32.589,2025-07-01 17:20:32.330178,1.5203180313110352,-8.851364135742188,3.5960910320281982,0.21135938167572021,0.0806342139840126,0.31154128909111023,2025-07-01 17:20:32.354,1751370632354,-7753,-2105,-1532,877,-726,1461
1190,2025-07-01 17:20:32.789,2025-07-01 17:20:32.530015,2.0231003761291504,-10.347740173339844,3.1268274784088135,-0.5998696684837341,-0.10384709388017654,0.4349360466003418,2025-07-01 17:20:32.549,1751370632549,-7601,-1864,-1212,273,-816,625
1191,2025-07-01 17:20:32.889,2025-07-01 17:20:32.630242,-0.5985504388809204,-8.176198959350586,5.260061264038086,0.3481931984424591,0.5229006409645081,-0.00733038317412138,2025-07-01 17:20:32.616,1751370632616,-8218,-1431,-1332,-186,-119,-49
1192,2025-07-01 17:20:32.989,2025-07-01 17:20:32.730613,1.1180921792984009,-10.261548042297363,1.1803414821624756,0.019547687843441963,0.11484266817569733,0.2223549485206604,2025-07-01 17:20:32.717,1751370632717,-7647,-1513,-1348,-95,-432,-63
1193,2025-07-01 17:20:33.189,2025-07-01 17:20:32.929451,-0.6775590777397156,-9.38048267364502,3.095702886581421,-0.4508185386657715,0.09773843735456467,0.0354301854968071,2025-07-01 17:20:32.909,1751370632909,-7834,-1741,-1003,-63,-340,-122
1194,2025-07-01 17:20:33.489,2025-07-01 17:20:33.231433,0.10534487664699554,-8.257601737976074,4.292803764343262,-0.3433062732219696,-0.1111774742603302,0.0806342139840126,2025-07-01 17:20:33.266,1751370633266,-8282,-1647,-785,1277,-409,17
1195,2025-07-01 17:20:33.589,2025-07-01 17:20:33.330251,0.009576806798577309,-11.513715744018555,0.8906430602073669,0.35674530267715454,0.03787364438176155,-0.06963863968849182,2025-07-01 17:20:33.353,1751370633353,-7928,-1498,-598,449,-486,-124
1196,2025-07-01 17:20:33.689,2025-07-01 17:20:33.431378,1.8100165128707886,-7.905653953552246,2.2888567447662354,-0.4300491213798523,0.00366519158706069,0.18448130786418915,2025-07-01 17:20:33.454,1751370633454,-8107,-1440,-615,358,-147,109
1197,2025-07-01 17:20:33.791,2025-07-01 17:20:33.530251,0.026336219161748886,-10.706870079040527,2.6001031398773193,0.10384709388017654,-0.09162978827953339,-0.13927727937698364,2025-07-01 17:20:33.524,1751370633524,-8295,-1482,-272,593,-502,101
1198,2025-07-01 17:20:33.890,2025-07-01 17:20:33.629938,1.194706678390503,-9.232041358947754,2.5665841102600098,-0.3286454975605011,0.04153883829712868,0.045204028487205505,2025-07-01 17:20:33.624,1751370633624,-8255,-1471,-282,557,-498,99
1199,2025-07-01 17:20:34.108,2025-07-01 17:20:33.830459,0.40701428055763245,-8.995016098022461,2.2026655673980713,-0.6707300543785095,0.13072516024112701,0.08429940044879913,2025-07-01 17:20:33.790,1751370633790,-8233,-1709,-260,-67,-562,-557
1200,2025-07-01 17:20:34.301,2025-07-01 17:20:34.030371,0.17717093229293823,-9.66299819946289,0.33279404044151306,-0.5387831330299377,0.09773843735456467,0.20036379992961884,2025-07-01 17:20:34.062,1751370634062,-8088,-1925,199,250,-613,9
1201,2025-07-01 17:20:34.403,2025-07-01 17:20:34.130291,0.7733271718025208,-10.144232749938965,1.9177556037902832,0.08674286305904388,-0.059864792972803116,-0.10262536257505417,2025-07-01 17:20:34.162,1751370634162,-7841,-2172,526,625,-425,-257
1202,2025-07-01 17:20:34.498,2025-07-01 17:20:34.230081,-0.22026655077934265,-9.804255485534668,0.6200982332229614,-0.2773328125476837,0.024434609338641167,0.11728613078594208,2025-07-01 17:20:34.252,1751370634252,-8095,-1784,419,-114,-290,-361
1203,2025-07-01 17:20:34.597,2025-07-01 17:20:34.330036,1.6376339197158813,-9.354146003723145,3.974374771118164,0.4092797040939331,-0.07208210229873657,-0.015882495790719986,2025-07-01 17:20:34.329,1751370634329,-8087,-2096,441,93,-326,-319
1204,2025-07-01 17:20:34.705,2025-07-01 17:20:34.429806,-1.2306196689605713,-8.719682693481445,1.5059528350830078,-0.18325957655906677,0.23945917189121246,0.025656340643763542,2025-07-01 17:20:34.447,1751370634447,-8166,-2090,455,-56,106,-355
1205,2025-07-01 17:20:34.809,2025-07-01 17:20:34.529819,1.534683346748352,-9.627084732055664,2.477998733520508,0.0,-0.13316862285137177,-0.08674286305904388,2025-07-01 17:20:34.515,1751370634515,-8181,-2143,797,105,-269,-309
1206,2025-07-01 17:20:34.895,2025-07-01 17:20:34.630176,0.23702596127986908,-9.720458984375,2.782062292098999,0.1014036312699318,0.1869247704744339,0.13805554807186127,2025-07-01 17:20:34.615,1751370634615,-7860,-2383,468,347,2,-371
1207,2025-07-01 17:20:35.199,2025-07-01 17:20:34.933625,-0.3734954595565796,-8.860940933227539,3.7900211811065674,0.1771509200334549,0.14294247329235077,-0.06352998316287994,2025-07-01 17:20:34.974,1751370634974,-7876,-2581,747,-189,-309,28
1208,2025-07-01 17:20:35.296,2025-07-01 17:20:35.030681,1.4053963422775269,-8.482656478881836,3.797203779220581,0.5485569834709167,-0.04886921867728233,-0.15027284622192383,2025-07-01 17:20:35.069,1751370635069,-8211,-2246,648,-208,-81,-76
1209,2025-07-01 17:20:35.394,2025-07-01 17:20:35.130191,0.689530074596405,-8.968679428100586,2.2673089504241943,-0.3640756905078888,-0.01466076634824276,0.03176499158143997,2025-07-01 17:20:35.142,1751370635142,-7863,-2276,689,59,91,97
1210,2025-07-01 17:20:35.494,2025-07-01 17:20:35.230796,0.8643068075180054,-9.780313491821289,2.604891538619995,0.38606682419776917,0.030543262138962746,-0.0708603709936142,2025-07-01 17:20:35.229,1751370635229,-7933,-2419,737,258,-112,259
1211,2025-07-01 17:20:35.599,2025-07-01 17:20:35.330728,0.6440402865409851,-9.373299598693848,2.7748796939849854,-0.36651915311813354,0.0403171069920063,0.08796459436416626,2025-07-01 17:20:35.316,1751370635316,-7901,-2425,721,271,-103,258
1212,2025-07-01 17:20:35.696,2025-07-01 17:20:35.430829,1.1324573755264282,-9.409213066101074,3.0119056701660156,0.31520646810531616,0.00855211354792118,-0.1062905490398407,2025-07-01 17:20:35.416,1751370635416,-8243,-2366,683,-51,-266,-20
1213,2025-07-01 17:20:35.799,2025-07-01 17:20:35.530513,0.2059013396501541,-9.694122314453125,2.516305923461914,-0.22357667982578278,0.0659734457731247,0.07452555745840073,2025-07-01 17:20:35.521,1751370635521,-7889,-2183,696,-53,36,-60
1214,2025-07-01 17:20:36.100,2025-07-01 17:20:35.830079,1.5059528350830078,-9.646238327026367,4.146757125854492,0.21624629199504852,-0.20525072515010834,-0.030543262138962746,2025-07-01 17:20:35.870,1751370635870,-7913,-2195,674,98,-277,-69
1215,2025-07-01 17:20:36.394,2025-07-01 17:20:36.130106,0.44532153010368347,-9.68694019317627,2.8850131034851074,-0.33475416898727417,0.05375614017248154,0.04642575979232788,2025-07-01 17:20:36.139,1751370636139,-7847,-2223,665,-113,10,-93
1216,2025-07-01 17:20:36.498,2025-07-01 17:20:36.230160,0.2346317619085312,-10.342951774597168,3.2752678394317627,0.07819075137376785,0.1466076523065567,-0.1111774742603302,2025-07-01 17:20:36.230,1751370636230,-8254,-2348,664,111,258,-330
1217,2025-07-01 17:20:36.595,2025-07-01 17:20:36.330235,1.702277421951294,-8.880094528198242,4.60165548324585,0.11484266817569733,-0.11728613078594208,0.009773843921720982,2025-07-01 17:20:36.306,1751370636306,-8067,-2027,674,80,259,-315
1218,2025-07-01 17:20:36.691,2025-07-01 17:20:36.430462,-0.3064578175544739,-10.012551307678223,2.2218191623687744,-0.04886921867728233,0.19914206862449646,-0.13316862285137177,2025-07-01 17:20:36.425,1751370636425,-8295,-2355,703,130,259,355
1219,2025-07-01 17:20:37.293,2025-07-01 17:20:37.030213,2.0398597717285156,-8.11634349822998,5.770026206970215,-0.00855211354792118,-0.09040805697441101,0.05497787147760391,2025-07-01 17:20:37.058,1751370637058,-8154,-2128,707,286,-91,-64
1220,2025-07-01 17:20:37.494,2025-07-01 17:20:37.230096,2.604891538619995,-8.480262756347656,5.080495834350586,0.14294247329235077,0.13927727937698364,0.06475171446800232,2025-07-01 17:20:37.237,1751370637237,-8265,-2143,757,84,-193,272
1221,2025-07-01 17:20:37.989,2025-07-01 17:20:37.729997,0.5506663918495178,-8.746018409729004,2.5713725090026855,-1.7776178121566772,-0.17959438264369965,0.6695083379745483,2025-07-01 17:20:37.747,1751370637747,-8080,-1929,700,-309,378,64
1222,2025-07-01 17:20:38.092,2025-07-01 17:20:37.830208,-0.08619125932455063,-10.491392135620117,-0.5339069962501526,-0.9395107626914978,-0.36651915311813354,1.0115928649902344,2025-07-01 17:20:37.842,1751370637842,-8182,-1706,1129,28,273,-76
1223,2025-07-01 17:20:38.206,2025-07-01 17:20:37.929995,-2.4468741416931152,-10.010157585144043,-1.9536685943603516,1.0384708642959595,-0.9419541954994202,0.9272934198379517,2025-07-01 17:20:37.935,1751370637935,-7762,-2309,776,-2650,983,-2012
1224,2025-07-01 17:20:38.390,2025-07-01 17:20:38.130434,-0.4692635238170624,-8.700529098510742,3.6296098232269287,0.06352998316287994,-1.5833626985549927,-0.3090978264808655,2025-07-01 17:20:38.107,1751370638107,-7403,-2884,91,-3604,2078,-2023
1225,2025-07-01 17:20:38.489,2025-07-01 17:20:38.230025,-0.44771572947502136,-8.865729331970215,4.017470359802246,0.4642575979232788,0.09162978827953339,-0.19303341209888458,2025-07-01 17:20:38.210,1751370638210,-7528,-2691,-133,-3490,1945,-1964
1226,2025-07-01 17:20:38.592,2025-07-01 17:20:38.330126,-1.3670891523361206,-8.669404029846191,2.3343467712402344,0.15271630883216858,0.08429940044879913,-0.21013765037059784,2025-07-01 17:20:38.312,1751370638312,-7492,-2739,-576,-3945,2203,-1938
1227,2025-07-01 17:20:38.889,2025-07-01 17:20:38.629872,0.2944868206977844,-9.62947940826416,2.695871114730835,0.3225368559360504,-0.12095131725072861,-0.11239920556545258,2025-07-01 17:20:38.669,1751370638669,-7140,-2236,-2955,-643,63,563
1228,2025-07-01 17:20:39.089,2025-07-01 17:20:38.830186,-0.016759412363171577,-8.920795440673828,2.410961151123047,-1.6920967102050781,-0.013439035043120384,-0.5302310585975647,2025-07-01 17:20:38.838,1751370638838,-7121,-2376,-2790,-574,41,-56
1229,2025-07-01 17:20:39.190,2025-07-01 17:20:38.830186,-0.016759412363171577,-8.920795440673828,2.410961151123047,-1.6920967102050781,-0.013439035043120384,-0.5302310585975647,2025-07-01 17:20:38.838,1751370638838,-7121,-2376,-2790,-574,41,-56
1230,2025-07-01 17:20:39.289,2025-07-01 17:20:39.030241,1.113303780555725,-9.847352027893066,3.5218706130981445,-0.10384709388017654,0.09651670604944229,-0.10873401165008545,2025-07-01 17:20:39.008,1751370639008,-7287,-2174,-3129,-361,-286,207
1231,2025-07-01 17:20:39.791,2025-07-01 17:20:39.530068,0.7326257228851318,-7.860164165496826,5.17626428604126,-0.42271876335144043,0.1368338167667389,0.03787364438176155,2025-07-01 17:20:39.548,1751370639548,-7093,-1736,-2975,280,155,-33
1232,2025-07-01 17:20:39.996,2025-07-01 17:20:39.729985,-0.569819986820221,-9.694122314453125,3.737348794937134,-0.16004669666290283,-0.00855211354792118,-0.18814650177955627,2025-07-01 17:20:39.731,1751370639731,-7268,-1700,-3021,-85,-1,115
1233,2025-07-01 17:20:40.206,2025-07-01 17:20:39.930079,0.40222588181495667,-9.552865028381348,3.3949780464172363,0.45692721009254456,-0.10751228034496307,-0.5791002511978149,2025-07-01 17:20:39.918,1751370639918,-7070,-1697,-3006,-89,303,67
1234,2025-07-01 17:20:40.300,2025-07-01 17:20:40.030126,0.33758243918418884,-8.688557624816895,4.1874589920043945,0.01710422709584236,0.2015855312347412,0.5497786998748779,2025-07-01 17:20:40.017,1751370640017,-7288,-1753,-3186,376,-103,79
1235,2025-07-01 17:20:40.396,2025-07-01 17:20:40.030126,0.33758243918418884,-8.688557624816895,4.1874589920043945,0.01710422709584236,0.2015855312347412,0.5497786998748779,2025-07-01 17:20:40.017,1751370640017,-7288,-1753,-3186,376,-103,79
1236,2025-07-01 17:20:40.601,2025-07-01 17:20:40.329784,0.05985504388809204,-8.643068313598633,4.525041103363037,0.2626720666885376,-0.025656340643763542,-0.19547687470912933,2025-07-01 17:20:40.368,1751370640368,-7476,-1665,-2814,-79,-303,110
1237,2025-07-01 17:20:40.711,2025-07-01 17:20:40.430166,0.8068459630012512,-9.330204010009766,3.9671921730041504,0.2919935882091522,-0.09162978827953339,-0.19914206862449646,2025-07-01 17:20:40.469,1751370640469,-7142,-1816,-2798,340,127,-45
1238,2025-07-01 17:20:40.794,2025-07-01 17:20:40.529840,0.6943184733390808,-8.875306129455566,4.575319290161133,0.15760323405265808,0.23090706765651703,0.31154128909111023,2025-07-01 17:20:40.552,1751370640552,-7453,-1497,-2809,-276,-276,544
1239,2025-07-01 17:20:40.898,2025-07-01 17:20:40.630161,-0.3256114423274994,-10.532093048095703,3.1268274784088135,-1.2877039909362793,-0.1563815027475357,-0.40194934606552124,2025-07-01 17:20:40.641,1751370640641,-7313,-1463,-2746,38,23,99
1240,2025-07-01 17:20:40.994,2025-07-01 17:20:40.730073,0.8092401623725891,-8.81784439086914,4.10366153717041,-0.14049901068210602,0.010995574295520782,0.3604104816913605,2025-07-01 17:20:40.734,1751370640734,-7463,-1818,-2714,-122,-346,55
1241,2025-07-01 17:20:41.195,2025-07-01 17:20:40.929985,0.5937620401382446,-9.26795482635498,3.3423056602478027,-0.5021312236785889,0.1918116807937622,0.4398229718208313,2025-07-01 17:20:40.918,1751370640918,-7316,-1863,-2709,77,-77,-282
1242,2025-07-01 17:20:41.592,2025-07-01 17:20:41.230230,1.4221558570861816,-8.698134422302246,4.314351558685303,0.3579670190811157,-0.05253441259264946,-0.27977627515792847,2025-07-01 17:20:41.267,1751370641267,-7461,-1816,-2773,370,61,47
1243,2025-07-01 17:20:41.793,2025-07-01 17:20:41.530252,0.5913678407669067,-9.129091262817383,3.9408559799194336,0.18936823308467865,-0.07452555745840073,-0.2028072625398636,2025-07-01 17:20:41.546,1751370641546,-7685,-1804,-2840,-35,-378,-50
1244,2025-07-01 17:20:41.897,2025-07-01 17:20:41.630742,-0.06703764945268631,-9.193734169006348,4.355052947998047,0.09896016865968704,0.16004669666290283,0.3738495409488678,2025-07-01 17:20:41.628,1751370641628,-7698,-1907,-2258,336,95,-49
1245,2025-07-01 17:20:41.997,2025-07-01 17:20:41.730108,0.7206547260284424,-9.41639518737793,3.845088005065918,-1.0971139669418335,-0.0659734457731247,0.0024434609804302454,2025-07-01 17:20:41.710,1751370641710,-7378,-1804,-2573,123,-279,-223
1246,2025-07-01 17:20:42.089,2025-07-01 17:20:41.830287,-1.0007762908935547,-9.406818389892578,0.8475474119186401,0.29077184200286865,0.015882495790719986,-0.38117989897727966,2025-07-01 17:20:41.811,1751370641811,-7539,-1757,-2224,-192,-126,-686
1247,2025-07-01 17:20:42.290,2025-07-01 17:20:42.030092,0.42377370595932007,-8.803479194641113,3.6750996112823486,-0.13316862285137177,0.07696902006864548,0.5180137157440186,2025-07-01 17:20:41.997,1751370641997,-7540,-1743,-2287,-623,-25,-876
1248,2025-07-01 17:20:42.492,2025-07-01 17:20:42.230614,0.26096799969673157,-9.437943458557129,3.4979286193847656,0.588874101638794,-0.24190263450145721,-0.6536257863044739,2025-07-01 17:20:42.193,1751370642193,-7732,-1773,-2597,383,23,142
1249,2025-07-01 17:20:42.592,2025-07-01 17:20:42.331244,0.7326257228851318,-8.777143478393555,4.338293552398682,-0.8869763612747192,0.12461651116609573,0.06841690838336945,2025-07-01 17:20:42.341,1751370642341,-7529,-1869,-2215,271,-544,-68
1250,2025-07-01 17:20:42.689,2025-07-01 17:20:42.430225,1.094150185585022,-8.157045364379883,4.477157115936279,0.3335324227809906,0.08185594528913498,-0.1270599663257599,2025-07-01 17:20:42.445,1751370642445,-7367,-2094,-2660,288,-307,-122
1251,2025-07-01 17:20:42.793,2025-07-01 17:20:42.529999,0.646434485912323,-10.273519515991211,3.6990416049957275,0.23579397797584534,0.025656340643763542,-0.3286454975605011,2025-07-01 17:20:42.523,1751370642523,-7807,-2138,-2247,297,36,98
1252,2025-07-01 17:20:42.889,2025-07-01 17:20:42.631630,0.3974374830722809,-8.075642585754395,5.051765441894531,-0.6475171446800232,-0.039095375686883926,0.36651915311813354,2025-07-01 17:20:42.609,1751370642609,-7529,-1963,-2273,558,-547,127
1253,2025-07-01 17:20:42.989,2025-07-01 17:20:42.730789,0.31124621629714966,-9.074024200439453,3.509899616241455,0.5180137157440186,0.018325956538319588,-0.27977627515792847,2025-07-01 17:20:42.697,1751370642697,-7511,-1954,-2248,575,-235,76
1254,2025-07-01 17:20:43.489,2025-07-01 17:20:43.230212,0.304063618183136,-10.213664054870605,4.4508209228515625,-0.5094616413116455,0.1612684279680252,-0.4948008358478546,2025-07-01 17:20:43.259,1751370643259,-7963,-2140,-1704,-97,-513,-347
1255,2025-07-01 17:20:43.590,2025-07-01 17:20:43.330193,1.1516109704971313,-9.287108421325684,3.35667085647583,0.636521577835083,-0.06841690838336945,0.03298672288656235,2025-07-01 17:20:43.324,1751370643324,-8004,-2093,-1889,-113,-534,-366
1256,2025-07-01 17:20:43.889,2025-07-01 17:20:43.630035,0.7757213711738586,-8.731653213500977,3.9217023849487305,0.44837507605552673,-0.2370157092809677,-0.5681046843528748,2025-07-01 17:20:43.642,1751370643642,-7413,-1949,-1265,-398,-433,-838
1257,2025-07-01 17:20:44.489,2025-07-01 17:20:44.231679,0.304063618183136,-8.913613319396973,3.9240965843200684,0.10751228034496307,0.23945917189121246,0.5326744914054871,2025-07-01 17:20:44.236,1751370644236,-7716,-2387,-1490,341,107,-87
1258,2025-07-01 17:20:44.599,2025-07-01 17:20:44.332332,0.3495534360408783,-10.326191902160645,2.5689783096313477,-0.8808676600456238,-0.11850785464048386,-0.5265658497810364,2025-07-01 17:20:44.329,1751370644329,-8040,-2079,-1419,585,-317,172
1259,2025-07-01 17:20:44.897,2025-07-01 17:20:44.630419,-0.5051765441894531,-10.24239444732666,3.066972494125366,-0.3384193480014801,0.15271630883216858,0.3933972120285034,2025-07-01 17:20:44.606,1751370644606,-7994,-2097,-1641,227,-125,-2
1260,2025-07-01 17:20:45.201,2025-07-01 17:20:44.930272,-0.14365209639072418,-9.306262016296387,3.5266590118408203,-1.0054842233657837,-0.21868975460529327,0.19425514340400696,2025-07-01 17:20:44.955,1751370644955,-7611,-2352,-1239,391,23,-333
1261,2025-07-01 17:20:46.093,2025-07-01 17:20:45.830199,1.6687586307525635,-8.406042098999023,4.177882194519043,-0.5009095072746277,0.03420845419168472,0.21868975460529327,2025-07-01 17:20:45.861,1751370645861,-8031,-1924,-1388,111,188,93
1262,2025-07-01 17:20:46.292,2025-07-01 17:20:46.029738,1.889025092124939,-8.054094314575195,3.5745432376861572,0.1319468915462494,0.05009094998240471,0.7684684991836548,2025-07-01 17:20:46.034,1751370646034,-7553,-2036,-1245,-584,370,-276
1263,2025-07-01 17:20:46.489,2025-07-01 17:20:46.229689,1.0893617868423462,-8.520963668823242,4.216189384460449,0.09529497474431992,0.09407325088977814,-0.32986724376678467,2025-07-01 17:20:46.218,1751370646218,-7576,-1931,-1187,-188,-98,-321
1264,2025-07-01 17:20:46.690,2025-07-01 17:20:46.429291,0.47165772318840027,-8.769960403442383,3.1531636714935303,-0.4740314185619354,0.32498031854629517,0.8576548099517822,2025-07-01 17:20:46.399,1751370646399,-8059,-2119,-1586,-388,211,-374
1265,2025-07-01 17:20:46.895,2025-07-01 17:20:46.630032,0.4118026793003082,-9.849745750427246,3.1316158771514893,0.33475416898727417,-0.028099801391363144,-0.12095131725072861,2025-07-01 17:20:46.659,1751370646659,-7598,-2134,-1817,-574,521,-166
1266,2025-07-01 17:20:46.991,2025-07-01 17:20:46.729770,1.036689281463623,-9.198522567749023,3.2968156337738037,-0.28466320037841797,0.06719517707824707,0.32131510972976685,2025-07-01 17:20:46.760,1751370646760,-7806,-2040,-2057,-200,906,-675
1267,2025-07-01 17:20:47.189,2025-07-01 17:20:46.931924,-0.028730420395731926,-9.763554573059082,3.0573954582214355,0.039095375686883926,0.3066543638706207,0.7293730974197388,2025-07-01 17:20:46.964,1751370646964,-7304,-2282,-2041,-327,524,-870
1268,2025-07-01 17:20:47.304,2025-07-01 17:20:47.030305,1.9033904075622559,-10.04846477508545,3.114856481552124,0.05375614017248154,-0.19914206862449646,-0.5791002511978149,2025-07-01 17:20:47.030,1751370647030,-7713,-2234,-2143,-237,599,-736
1269,2025-07-01 17:20:47.592,2025-07-01 17:20:47.331947,0.1173158809542656,-8.585607528686523,3.1962592601776123,0.21013765037059784,0.1514945775270462,0.3591887652873993,2025-07-01 17:20:47.310,1751370647310,-7141,-2628,-2299,-107,176,-118
1270,2025-07-01 17:20:47.889,2025-07-01 17:20:47.629835,-0.629675030708313,-10.56800651550293,2.5737667083740234,-0.08796459436416626,0.042760565876960754,-0.03298672288656235,2025-07-01 17:20:47.658,1751370647658,-7426,-2587,-2688,-415,453,17
1271,2025-07-01 17:20:48.090,2025-07-01 17:20:47.829952,0.9385270476341248,-7.99184513092041,5.331887245178223,1.0054842233657837,0.1563815027475357,-0.05009094998240471,2025-07-01 17:20:47.845,1751370647845,-7446,-2617,-2641,-435,415,-438
1272,2025-07-01 17:20:48.193,2025-07-01 17:20:47.929995,-1.0127472877502441,-10.378864288330078,3.0119056701660156,-0.3323107063770294,0.10384709388017654,0.5473352670669556,2025-07-01 17:20:47.923,1751370647923,-7121,-2464,-2556,-72,145,-368
1273,2025-07-01 17:20:48.291,2025-07-01 17:20:48.030079,1.98958158493042,-7.7643961906433105,4.489128112792969,0.4703662395477295,-0.039095375686883926,-0.5021312236785889,2025-07-01 17:20:48.011,1751370648011,-7531,-2661,-2467,-60,151,-352
1274,2025-07-01 17:20:48.389,2025-07-01 17:20:48.129852,-0.8643068075180054,-11.662156105041504,1.742978811264038,-0.9761626720428467,0.17104226350784302,0.251676470041275,2025-07-01 17:20:48.105,1751370648105,-7355,-2618,-2657,-67,305,-321
1275,2025-07-01 17:20:48.489,2025-07-01 17:20:48.230329,1.314416766166687,-9.337387084960938,2.561795711517334,-0.3188716471195221,-0.00366519158706069,0.47769662737846375,2025-07-01 17:20:48.208,1751370648208,-7141,-2525,-2502,66,284,-191
1276,2025-07-01 17:20:48.699,2025-07-01 17:20:48.430109,0.9959878921508789,-9.739612579345703,2.513911724090576,-0.5681046843528748,0.06108652427792549,0.42760565876960754,2025-07-01 17:20:48.458,1751370648458,-7154,-2455,-2511,-78,281,87
1277,2025-07-01 17:20:48.889,2025-07-01 17:20:48.629498,0.5889736413955688,-9.32541561126709,3.021482467651367,-0.06352998316287994,0.16004669666290283,0.5253441333770752,2025-07-01 17:20:48.661,1751370648661,-7257,-2491,-2524,120,264,-128
1278,2025-07-01 17:20:48.989,2025-07-01 17:20:48.729984,0.6416460275650024,-9.265560150146484,2.7557260990142822,0.21380282938480377,-0.18081611394882202,-0.40683624148368835,2025-07-01 17:20:48.733,1751370648733,-7487,-2847,-2678,-330,33,-104
1279,2025-07-01 17:20:49.292,2025-07-01 17:20:49.029824,0.10295066982507706,-6.660669326782227,3.3231520652770996,0.6890559792518616,-0.02321287989616394,-0.42638394236564636,2025-07-01 17:20:49.006,1751370649006,-7228,-2614,-2535,-67,87,394
1280,2025-07-01 17:20:49.589,2025-07-01 17:20:49.330162,0.08858546614646912,-9.370905876159668,3.557783842086792,-1.0042624473571777,-0.11362093687057495,0.2528982162475586,2025-07-01 17:20:49.365,1751370649365,-7165,-2225,-2586,19,-275,-513
1281,2025-07-01 17:20:49.689,2025-07-01 17:20:49.429829,-0.2753331959247589,-7.524975776672363,2.741360902786255,1.3903292417526245,0.6499606370925903,0.33719760179519653,2025-07-01 17:20:49.459,1751370649459,-7061,-2602,-2286,-272,53,-844
1282,2025-07-01 17:20:49.889,2025-07-01 17:20:49.629376,0.5913678407669067,-12.586318016052246,2.655169725418091,-0.3396410644054413,-0.18081611394882202,-0.06108652427792549,2025-07-01 17:20:49.636,1751370649636,-7287,-2886,-2493,-544,-32,-443
1283,2025-07-01 17:20:49.989,2025-07-01 17:20:49.729850,0.09576806426048279,-10.125079154968262,2.492363929748535,0.685390830039978,-0.004886921960860491,-0.3335324227809906,2025-07-01 17:20:49.721,1751370649721,-7069,-2883,-2823,-549,191,-249
1284,2025-07-01 17:20:50.500,2025-07-01 17:20:50.229908,-0.21547815203666687,-5.985504150390625,3.7014358043670654,0.294437050819397,-0.17348572611808777,-0.13805554807186127,2025-07-01 17:20:50.264,1751370650264,-6835,-2495,-2712,101,37,87
1285,2025-07-01 17:20:50.601,2025-07-01 17:20:50.329932,-0.181959331035614,-11.049241065979004,2.8658595085144043,-0.15515977144241333,0.010995574295520782,0.1722639948129654,2025-07-01 17:20:50.350,1751370650350,-7144,-2489,-2544,-76,349,-274
1286,2025-07-01 17:20:50.689,2025-07-01 17:20:50.430184,1.4987702369689941,-10.230423927307129,3.4548330307006836,0.06475171446800232,-0.15271630883216858,-0.14782938361167908,2025-07-01 17:20:50.437,1751370650437,-7260,-2538,-2558,100,-367,-283
1287,2025-07-01 17:20:50.789,2025-07-01 17:20:50.529754,1.1659762859344482,-9.763554573059082,2.5953147411346436,-0.2993239760398865,-0.010995574295520782,0.09896016865968704,2025-07-01 17:20:50.538,1751370650538,-7280,-2830,-2927,317,-313,293
1288,2025-07-01 17:20:51.003,2025-07-01 17:20:50.729388,0.6847416758537292,-8.501810073852539,3.4356794357299805,0.6316346526145935,0.025656340643763542,-0.4080579876899719,2025-07-01 17:20:50.710,1751370650710,-7180,-2862,-2878,326,79,346
1289,2025-07-01 17:20:51.189,2025-07-01 17:20:50.929832,1.944091796875,-7.869740962982178,3.711012601852417,-0.11239920556545258,-0.2626720666885376,0.08918632566928864,2025-07-01 17:20:50.904,1751370650904,-7538,-2833,-2661,326,-401,-207
1290,2025-07-01 17:20:51.389,2025-07-01 17:20:51.130667,1.8315643072128296,-9.366117477416992,2.027888774871826,0.13561208546161652,-0.06352998316287994,0.0024434609804302454,2025-07-01 17:20:51.169,1751370651169,-6807,-3331,-2191,31,88,-471
1291,2025-07-01 17:20:51.494,2025-07-01 17:20:51.230081,1.1324573755264282,-9.437943458557129,3.6176388263702393,0.6499606370925903,-0.1466076523065567,0.012217304669320583,2025-07-01 17:20:51.251,1751370651251,-6833,-3410,-2577,-263,125,-15
1292,2025-07-01 17:20:51.595,2025-07-01 17:20:51.330425,-0.3064578175544739,-9.835380554199219,2.296039342880249,-0.8332201838493347,0.19547687470912933,0.1270599663257599,2025-07-01 17:20:51.358,1751370651358,-7076,-3014,-2243,-6,194,-73
1293,2025-07-01 17:20:51.692,2025-07-01 17:20:51.429304,0.5291185975074768,-9.23682975769043,4.467580318450928,1.226617455482483,-0.16859880089759827,-0.6939429044723511,2025-07-01 17:20:51.432,1751370651432,-7434,-2966,-2188,-28,362,-56
1294,2025-07-01 17:20:51.799,2025-07-01 17:20:51.530605,0.13168109953403473,-11.092336654663086,2.1954829692840576,0.0354301854968071,0.18081611394882202,0.05742133408784866,2025-07-01 17:20:51.517,1751370651517,-7055,-2967,-2324,-72,-367,-25
1295,2025-07-01 17:20:51.894,2025-07-01 17:20:51.629902,1.0797849893569946,-7.996633529663086,3.622427225112915,-0.7929030656814575,-0.23579397797584534,0.8930850028991699,2025-07-01 17:20:51.628,1751370651628,-7051,-3162,-2583,108,-90,331
1296,2025-07-01 17:20:52.001,2025-07-01 17:20:51.730004,0.3064578175544739,-10.012551307678223,2.7246015071868896,-0.21868975460529327,0.028099801391363144,-0.35674530267715454,2025-07-01 17:20:51.699,1751370651699,-7115,-3028,-2237,19,367,154
1297,2025-07-01 17:20:52.195,2025-07-01 17:20:51.930013,1.4628572463989258,-9.220070838928223,2.58813214302063,0.4251621961593628,-0.19425514340400696,0.1918116807937622,2025-07-01 17:20:51.968,1751370651968,-7059,-2886,-2280,40,329,164
1298,2025-07-01 17:20:52.291,2025-07-01 17:20:52.029969,-0.17956513166427612,-7.299921035766602,3.1890766620635986,-0.4691445231437683,0.05009094998240471,0.04398229718208313,2025-07-01 17:20:52.063,1751370652063,-7216,-2796,-2275,-385,180,624
1299,2025-07-01 17:20:52.394,2025-07-01 17:20:52.131551,0.15322890877723694,-8.973467826843262,3.4572272300720215,0.46181413531303406,0.17959438264369965,-0.251676470041275,2025-07-01 17:20:52.161,1751370652161,-7263,-2476,-2495,-608,139,-83
1300,2025-07-01 17:20:52.491,2025-07-01 17:20:52.229877,1.2880805730819702,-10.192116737365723,2.2002713680267334,0.5192354321479797,-0.051312681287527084,-0.2968805134296417,2025-07-01 17:20:52.244,1751370652244,-7478,-2532,-2487,-449,352,-297
1301,2025-07-01 17:20:52.592,2025-07-01 17:20:52.331699,1.4628572463989258,-9.030928611755371,3.801992416381836,-0.2638937830924988,-0.1014036312699318,0.1612684279680252,2025-07-01 17:20:52.326,1751370652326,-6907,-2917,-2879,113,-37,-259
1302,2025-07-01 17:20:52.690,2025-07-01 17:20:52.429783,-0.6967126727104187,-11.39400577545166,0.7565677165985107,-0.39217549562454224,-0.00855211354792118,-0.036651913076639175,2025-07-01 17:20:52.426,1751370652426,-7293,-2542,-2913,-21,205,48
1303,2025-07-01 17:20:52.898,2025-07-01 17:20:52.629752,0.9911994934082031,-9.677363395690918,2.9328970909118652,0.41661009192466736,0.07696902006864548,0.26511552929878235,2025-07-01 17:20:52.631,1751370652631,-6826,-2825,-2844,-32,-307,-310
1304,2025-07-01 17:20:53.089,2025-07-01 17:20:52.830053,1.5634137392044067,-9.093177795410156,3.464409828186035,0.4251621961593628,-0.0708603709936142,0.2064724564552307,2025-07-01 17:20:52.794,1751370652794,-7218,-2519,-2550,-274,-91,37
1305,2025-07-01 17:20:53.189,2025-07-01 17:20:52.929539,1.2090718746185303,-10.84094524383545,2.5737667083740234,0.1563815027475357,-0.0354301854968071,-0.18570303916931152,2025-07-01 17:20:52.898,1751370652898,-7056,-2467,-2936,-309,140,84
1306,2025-07-01 17:20:53.290,2025-07-01 17:20:53.029798,0.8403648138046265,-8.401253700256348,3.8498764038085938,-0.2125810980796814,-0.045204028487205505,0.4056145250797272,2025-07-01 17:20:53.061,1751370653061,-7045,-2467,-2708,-45,-6,72
1307,2025-07-01 17:20:53.609,2025-07-01 17:20:53.330617,-0.689530074596405,-5.355829238891602,4.525041103363037,1.549154281616211,0.11239920556545258,-0.6609562039375305,2025-07-01 17:20:53.337,1751370653337,-6506,-3375,-2584,-360,-229,-2064
1308,2025-07-01 17:20:53.694,2025-07-01 17:20:53.431225,2.0374655723571777,-11.26950740814209,0.6200982332229614,-0.5314527750015259,-0.1722639948129654,0.5595525503158569,2025-07-01 17:20:53.424,1751370653424,-6377,-3680,-2515,-790,621,-1091
1309,2025-07-01 17:20:53.797,2025-07-01 17:20:53.530646,0.6703764796257019,-10.460267066955566,2.47560453414917,0.01710422709584236,-0.0757472887635231,-0.22357667982578278,2025-07-01 17:20:53.511,1751370653511,-6559,-3496,-2482,-655,499,-651
1310,2025-07-01 17:20:54.089,2025-07-01 17:20:53.829972,0.8259995579719543,-8.377311706542969,4.443638324737549,0.1722639948129654,0.02321287989616394,-0.384845107793808,2025-07-01 17:20:53.860,1751370653860,-6849,-2908,-3090,-69,109,263
1311,2025-07-01 17:20:54.189,2025-07-01 17:20:53.930318,0.7852981686592102,-10.934319496154785,1.8626888990402222,0.7024950385093689,-0.03787364438176155,0.66584312915802,2025-07-01 17:20:53.950,1751370653950,-6876,-3136,-2719,58,0,520
1312,2025-07-01 17:20:54.291,2025-07-01 17:20:54.029988,0.4429273009300232,-9.035717010498047,3.823540210723877,-0.42760565876960754,-0.10995574295520782,0.1270599663257599,2025-07-01 17:20:54.041,1751370654041,-7233,-2903,-2909,228,282,-10
1313,2025-07-01 17:20:54.390,2025-07-01 17:20:54.130821,0.12928688526153564,-10.642226219177246,2.0685901641845703,-0.2968805134296417,0.04764748737215996,-0.2565633952617645,2025-07-01 17:20:54.140,1751370654140,-6910,-2849,-2734,92,-57,-98
1314,2025-07-01 17:20:54.492,2025-07-01 17:20:54.230043,2.734178304672241,-8.576030731201172,4.031835556030273,-0.1466076523065567,0.16249015927314758,-0.513126790523529,2025-07-01 17:20:54.220,1751370654220,-6869,-2838,-3127,-62,-100,-35
1315,2025-07-01 17:20:54.589,2025-07-01 17:20:54.330159,0.0,-8.465897560119629,3.780444383621216,0.02321287989616394,0.2565633952617645,0.08307767659425735,2025-07-01 17:20:54.323,1751370654323,-7077,-2917,-2881,51,-126,306
1316,2025-07-01 17:20:54.690,2025-07-01 17:20:54.429814,0.9983820915222168,-8.777143478393555,4.144362926483154,-0.051312681287527084,0.06230825558304787,0.09162978827953339,2025-07-01 17:20:54.413,1751370654413,-6854,-2828,-2897,52,21,63
1317,2025-07-01 17:20:54.889,2025-07-01 17:20:54.629568,-0.9289502501487732,-6.998251438140869,3.6798880100250244,1.0103710889816284,0.05375614017248154,-0.5265658497810364,2025-07-01 17:20:54.589,1751370654589,-7260,-2835,-2691,-292,38,8
1318,2025-07-01 17:20:54.989,2025-07-01 17:20:54.730105,0.026336219161748886,-10.216058731079102,2.2170307636260986,-0.9541715383529663,0.23457226157188416,0.5815436840057373,2025-07-01 17:20:54.765,1751370654765,-7107,-2833,-2905,1,-61,-275
1319,2025-07-01 17:20:55.090,2025-07-01 17:20:54.830214,1.2401964664459229,-9.105149269104004,3.2585084438323975,0.5094616413116455,-0.28955012559890747,-0.5546656250953674,2025-07-01 17:20:54.857,1751370654857,-6799,-2895,-2745,54,-368,86
1320,2025-07-01 17:20:55.203,2025-07-01 17:20:54.929736,0.1412578970193863,-8.540117263793945,2.3367409706115723,-0.0012217304902151227,0.16859880089759827,0.030543262138962746,2025-07-01 17:20:54.939,1751370654939,-7288,-2911,-2929,-108,347,-285
1321,2025-07-01 17:20:55.300,2025-07-01 17:20:55.029764,1.0271124839782715,-9.77791976928711,2.207453966140747,0.019547687843441963,-0.13561208546161652,-0.3628539443016052,2025-07-01 17:20:55.028,1751370655028,-7173,-2717,-2861,347,21,-65
1322,2025-07-01 17:20:55.402,2025-07-01 17:20:55.129848,-0.3064578175544739,-9.442731857299805,2.0207061767578125,-0.3274237811565399,-0.00855211354792118,0.08185594528913498,2025-07-01 17:20:55.122,1751370655122,-7268,-2868,-2869,98,43,-114
1323,2025-07-01 17:20:55.495,2025-07-01 17:20:55.229950,1.316810965538025,-9.399636268615723,4.201824188232422,0.03787364438176155,-0.039095375686883926,0.00855211354792118,2025-07-01 17:20:55.240,1751370655240,-7220,-2696,-2902,267,-333,-48
1324,2025-07-01 17:20:55.789,2025-07-01 17:20:55.529995,1.1516109704971313,-10.374075889587402,1.9129672050476074,0.09529497474431992,0.06352998316287994,0.11728613078594208,2025-07-01 17:20:55.495,1751370655495,-7292,-2801,-2656,611,-256,296
1325,2025-07-01 17:20:55.893,2025-07-01 17:20:55.629949,-0.24660277366638184,-8.640673637390137,3.220201253890991,-0.4862487316131592,-0.1417207419872284,0.11728613078594208,2025-07-01 17:20:55.665,1751370655665,-7783,-2864,-2065,2155,-1225,703
1326,2025-07-01 17:20:56.094,2025-07-01 17:20:55.830663,0.2825157940387726,-11.453861236572266,3.620033025741577,-0.05009094998240471,0.04153883829712868,-0.11239920556545258,2025-07-01 17:20:55.852,1751370655852,-7714,-2269,-1304,817,-1599,365
1327,2025-07-01 17:20:56.199,2025-07-01 17:20:55.930102,0.8427590131759644,-9.066842079162598,2.734178304672241,0.22968533635139465,0.01710422709584236,-0.1368338167667389,2025-07-01 17:20:55.936,1751370655936,-7583,-2506,-1088,319,-407,-66
1328,2025-07-01 17:20:56.504,2025-07-01 17:20:56.230203,0.4620809257030487,-9.133879661560059,2.0231003761291504,-0.3543018400669098,0.1514945775270462,0.025656340643763542,2025-07-01 17:20:56.216,1751370656216,-8043,-2502,-511,719,-419,290
1329,2025-07-01 17:20:56.809,2025-07-01 17:20:56.530145,1.3335703611373901,-7.898471355438232,4.702212333679199,0.6878342628479004,-0.02687807008624077,-0.08918632566928864,2025-07-01 17:20:56.561,1751370656561,-8018,-2634,-178,536,-376,97
1330,2025-07-01 17:20:56.893,2025-07-01 17:20:56.629916,-0.8020575642585754,-9.224859237670898,2.056619167327881,-0.08429940044879913,0.2785545587539673,-0.009773843921720982,2025-07-01 17:20:56.649,1751370656649,-8296,-2184,36,243,-287,-101
1331,2025-07-01 17:20:56.995,2025-07-01 17:20:56.730278,1.9536685943603516,-8.255207061767578,5.224148273468018,0.4129449129104614,-0.18325957655906677,-0.039095375686883926,2025-07-01 17:20:56.740,1751370656740,-7652,-2390,-173,343,-593,-595
1332,2025-07-01 17:20:57.093,2025-07-01 17:20:56.833071,-1.1204863786697388,-9.375694274902344,4.414907932281494,-0.22968533635139465,0.2736676335334778,0.0757472887635231,2025-07-01 17:20:56.833,1751370656833,-8522,-2662,125,-371,-516,-1130
1333,2025-07-01 17:20:57.295,2025-07-01 17:20:57.030119,-0.0694318488240242,-10.8720703125,3.2297780513763428,-0.5473352670669556,0.028099801391363144,0.07330382615327835,2025-07-01 17:20:57.005,1751370657005,-8472,-2505,-22,-259,-497,-1078
1334,2025-07-01 17:20:57.791,2025-07-01 17:20:57.530334,0.15562310814857483,-10.33098030090332,2.5737667083740234,0.1466076523065567,0.06108652427792549,-0.15027284622192383,2025-07-01 17:20:57.561,1751370657561,-8012,-3100,389,515,-59,-328
1335,2025-07-01 17:20:57.989,2025-07-01 17:20:57.730076,-0.29209262132644653,-11.69806957244873,0.9744400978088379,-0.20036379992961884,0.05864306539297104,-0.08552113175392151,2025-07-01 17:20:57.736,1751370657736,-7605,-3184,494,497,-99,18
1336,2025-07-01 17:20:58.192,2025-07-01 17:20:57.930660,0.5482721924781799,-10.857705116271973,2.0829553604125977,0.6010913848876953,-0.07208210229873657,-0.0659734457731247,2025-07-01 17:20:57.912,1751370657912,-8056,-2934,706,-51,62,105
1337,2025-07-01 17:20:58.591,2025-07-01 17:20:58.330908,1.357512354850769,-9.926360130310059,4.584896087646484,0.5204572081565857,-0.015882495790719986,0.01466076634824276,2025-07-01 17:20:58.292,1751370658292,-7612,-3076,721,25,-357,34
1338,2025-07-01 17:20:58.690,2025-07-01 17:20:58.430493,0.828393816947937,-7.965508937835693,1.534683346748352,-0.3738495409488678,0.24434609711170197,0.10751228034496307,2025-07-01 17:20:58.468,1751370658468,-7809,-2706,765,-340,-30,18
1339,2025-07-01 17:20:58.889,2025-07-01 17:20:58.629390,1.0678139925003052,-10.26394271850586,1.7262194156646729,-0.0806342139840126,0.28588494658470154,-0.09529497474431992,2025-07-01 17:20:58.657,1751370658657,-7907,-2814,888,-299,368,-227
1340,2025-07-01 17:20:59.089,2025-07-01 17:20:58.830646,0.4668693244457245,-8.149862289428711,3.071760892868042,-1.0005972385406494,0.29565876722335815,0.00733038317412138,2025-07-01 17:20:58.822,1751370658822,-7945,-3329,463,-337,188,80
1341,2025-07-01 17:20:59.194,2025-07-01 17:20:58.929912,0.028730420395731926,-10.005369186401367,1.944091796875,1.2034045457839966,-0.10506882518529892,-0.45814892649650574,2025-07-01 17:20:58.901,1751370658901,-7990,-2725,752,-45,-201,294
1342,2025-07-01 17:20:59.489,2025-07-01 17:20:59.329341,0.5578489899635315,-10.096348762512207,3.378218650817871,-0.6548475623130798,0.012217304669320583,0.5363397002220154,2025-07-01 17:20:59.356,1751370659356,-8031,-3139,778,122,312,-222
1343,2025-07-01 17:20:59.589,2025-07-01 17:20:59.329341,0.5578489899635315,-10.096348762512207,3.378218650817871,-0.6548475623130798,0.012217304669320583,0.5363397002220154,2025-07-01 17:20:59.356,1751370659356,-8031,-3139,778,122,312,-222
1344,2025-07-01 17:20:59.989,2025-07-01 17:20:59.730999,0.7038952708244324,-8.980650901794434,5.590460777282715,0.1466076523065567,-1.3439035415649414,0.08552113175392151,2025-07-01 17:20:59.733,1751370659733,-7081,-2729,-891,-5418,3514,-142
1345,2025-07-01 17:21:00.190,2025-07-01 17:20:59.929834,1.1204863786697388,-9.184157371520996,3.8738183975219727,0.5216789245605469,-0.2968805134296417,-0.37751471996307373,2025-07-01 17:20:59.889,1751370659889,-8001,-3422,-2065,-3499,2287,-620
1346,2025-07-01 17:21:00.289,2025-07-01 17:21:00.030076,1.0247182846069336,-8.300697326660156,5.080495834350586,0.34574973583221436,-0.004886921960860491,-0.11484266817569733,2025-07-01 17:21:00.069,1751370660069,-7262,-2351,-2784,-659,528,64
1347,2025-07-01 17:21:00.389,2025-07-01 17:21:00.129740,1.0821791887283325,-8.681375503540039,4.520252704620361,0.08307767659425735,-0.05619960278272629,-0.2382374405860901,2025-07-01 17:21:00.165,1751370660165,-7094,-2361,-3186,-856,516,118
1348,2025-07-01 17:21:00.489,2025-07-01 17:21:00.230606,0.6440402865409851,-9.59835433959961,3.0573954582214355,-0.7965682744979858,0.024434609338641167,0.4960225820541382,2025-07-01 17:21:00.255,1751370660255,-7276,-2375,-2996,-417,558,-36
1349,2025-07-01 17:21:00.689,2025-07-01 17:21:00.432448,0.5482721924781799,-9.660603523254395,2.913743495941162,-0.39217549562454224,0.2382374405860901,0.3640756905078888,2025-07-01 17:21:00.432,1751370660432,-6879,-2031,-3345,62,-125,24
1350,2025-07-01 17:21:00.799,2025-07-01 17:21:00.530590,1.4628572463989258,-9.370905876159668,3.098097085952759,0.1014036312699318,-0.17837265133857727,-0.2883284091949463,2025-07-01 17:21:00.515,1751370660515,-7237,-2308,-3066,-315,296,-257
1351,2025-07-01 17:21:00.900,2025-07-01 17:21:00.630105,0.38067805767059326,-9.519346237182617,3.2345664501190186,0.40194934606552124,-0.0012217304902151227,-0.03420845419168472,2025-07-01 17:21:00.616,1751370660616,-7101,-1959,-3176,271,-103,269
1352,2025-07-01 17:21:01.298,2025-07-01 17:21:01.029989,0.5123591423034668,-9.62947940826416,3.9264907836914062,0.06841690838336945,0.021991148591041565,-0.3579670190811157,2025-07-01 17:21:01.063,1751370661063,-7100,-1997,-3176,68,-338,-95
1353,2025-07-01 17:21:01.399,2025-07-01 17:21:01.129939,1.213860273361206,-8.789113998413086,3.8355112075805664,-0.34697145223617554,0.018325956538319588,0.36529740691185,2025-07-01 17:21:01.150,1751370661150,-6912,-2332,-3000,203,52,-52
1354,2025-07-01 17:21:01.600,2025-07-01 17:21:01.329377,0.31603461503982544,-9.167398452758789,2.889801502227783,-0.10262536257505417,0.09896016865968704,0.3494149148464203,2025-07-01 17:21:01.330,1751370661330,-7245,-2006,-2993,248,-109,-23
1355,2025-07-01 17:21:01.701,2025-07-01 17:21:01.429573,1.4413094520568848,-8.671798706054688,4.666299343109131,0.8918632864952087,-0.0757472887635231,-0.394618958234787,2025-07-01 17:21:01.427,1751370661427,-7059,-2154,-3144,-22,-44,259
1356,2025-07-01 17:21:01.800,2025-07-01 17:21:01.530424,0.24899697303771973,-9.107542991638184,3.998316764831543,-0.38240164518356323,0.19425514340400696,0.39706242084503174,2025-07-01 17:21:01.508,1751370661508,-7146,-1999,-3111,-64,-284,-55
1357,2025-07-01 17:21:01.896,2025-07-01 17:21:01.631015,2.300827741622925,-7.841010570526123,5.5976433753967285,0.8051204085350037,0.1014036312699318,-0.3066543638706207,2025-07-01 17:21:01.617,1751370661617,-7512,-2077,-2725,556,85,212
1358,2025-07-01 17:21:02.113,2025-07-01 17:21:01.830840,0.7852981686592102,-8.595184326171875,4.1611223220825195,0.2626720666885376,0.06963863968849182,-0.23945917189121246,2025-07-01 17:21:01.799,1751370661799,-7501,-1782,-2932,97,-136,-107
1359,2025-07-01 17:21:02.193,2025-07-01 17:21:01.931271,1.0558429956436157,-8.698134422302246,4.596867084503174,0.9468411207199097,-0.09651670604944229,-0.4337143301963806,2025-07-01 17:21:01.964,1751370661964,-7147,-1997,-2909,-104,-313,99
1360,2025-07-01 17:21:02.390,2025-07-01 17:21:02.130147,1.7597382068634033,-8.78432559967041,4.218583583831787,0.2981022298336029,-0.12950342893600464,-0.6010913848876953,2025-07-01 17:21:02.145,1751370662145,-7493,-2100,-2546,-287,-524,-270
1361,2025-07-01 17:21:02.495,2025-07-01 17:21:02.232713,0.035913024097681046,-9.160215377807617,4.151545524597168,-0.08552113175392151,0.1869247704744339,0.35185837745666504,2025-07-01 17:21:02.230,1751370662230,-7477,-2140,-2527,-94,-57,-8
1362,2025-07-01 17:21:02.592,2025-07-01 17:21:02.331422,1.7549498081207275,-8.856152534484863,3.9647979736328125,0.1319468915462494,-0.13927727937698364,-0.21624629199504852,2025-07-01 17:21:02.331,1751370662331,-7119,-2367,-2821,-354,-332,18
1363,2025-07-01 17:21:02.703,2025-07-01 17:21:02.433682,0.7661445140838623,-8.29830265045166,4.888959884643555,0.38240164518356323,0.15882496535778046,0.5192354321479797,2025-07-01 17:21:02.410,1751370662410,-7053,-2032,-2933,-113,-83,-92
1364,2025-07-01 17:21:02.791,2025-07-01 17:21:02.532514,-1.161187767982483,-9.466673851013184,4.367023944854736,-0.3139847218990326,0.015882495790719986,0.19303341209888458,2025-07-01 17:21:02.530,1751370662530,-7421,-1961,-2509,-307,-49,372
1365,2025-07-01 17:21:02.998,2025-07-01 17:21:02.730830,0.5171475410461426,-10.66137981414795,2.454056739807129,-0.6670648455619812,-0.16737708449363708,-0.2675589919090271,2025-07-01 17:21:02.703,1751370662703,-7294,-2174,-2559,-169,-12,-620
1366,2025-07-01 17:21:03.089,2025-07-01 17:21:02.833874,0.7876923680305481,-8.968679428100586,3.7708675861358643,0.1368338167667389,0.0659734457731247,0.33108896017074585,2025-07-01 17:21:02.871,1751370662871,-7490,-1991,-2917,103,299,-33
1367,2025-07-01 17:21:03.291,2025-07-01 17:21:03.030142,-0.1149216815829277,-9.289502143859863,3.6607344150543213,-0.8588765263557434,0.11972958594560623,0.16982053220272064,2025-07-01 17:21:03.047,1751370663047,-7452,-2175,-2701,206,343,112
1368,2025-07-01 17:21:03.406,2025-07-01 17:21:03.132307,1.8339585065841675,-7.438784599304199,4.438849925994873,0.6829473376274109,0.11239920556545258,0.3689626157283783,2025-07-01 17:21:03.158,1751370663158,-7431,-2023,-2928,-35,-159,66
1369,2025-07-01 17:21:03.697,2025-07-01 17:21:03.429903,-0.8667010068893433,-9.390059471130371,1.3910311460494995,-0.1111774742603302,0.09529497474431992,-0.0757472887635231,2025-07-01 17:21:03.403,1751370663403,-7138,-2349,-2478,-268,-68,-161
1370,2025-07-01 17:21:03.798,2025-07-01 17:21:03.540092,1.460463047027588,-10.096348762512207,3.1220390796661377,0.11362093687057495,0.05253441259264946,0.5363397002220154,2025-07-01 17:21:03.514,1751370663514,-7484,-2410,-2823,31,259,-125
1371,2025-07-01 17:21:03.995,2025-07-01 17:21:03.733155,0.5506663918495178,-10.228029251098633,3.0621838569641113,0.2577851414680481,-0.25045475363731384,-0.4349360466003418,2025-07-01 17:21:03.774,1751370663774,-7461,-2023,-2253,-261,-361,7
1372,2025-07-01 17:21:04.097,2025-07-01 17:21:03.829854,1.0342950820922852,-8.26478385925293,4.568136692047119,-0.4153883755207062,0.3286454975605011,-0.19058994948863983,2025-07-01 17:21:03.849,1751370663849,-7527,-2017,-2519,-170,-35,76
1373,2025-07-01 17:21:04.289,2025-07-01 17:21:04.030213,0.47884035110473633,-10.105925559997559,3.8498764038085938,0.12950342893600464,0.013439035043120384,0.024434609338641167,2025-07-01 17:21:04.033,1751370664033,-7378,-2010,-2685,-116,-21,-107
1374,2025-07-01 17:21:04.389,2025-07-01 17:21:04.134476,1.1037269830703735,-6.856993675231934,4.941632270812988,0.09896016865968704,-0.32986724376678467,0.015882495790719986,2025-07-01 17:21:04.126,1751370664126,-7299,-2303,-2591,515,-218,-112
1375,2025-07-01 17:21:04.500,2025-07-01 17:21:04.229832,-0.09816227108240128,-10.737994194030762,2.4636335372924805,-0.44837507605552673,0.3017674386501312,0.0403171069920063,2025-07-01 17:21:04.208,1751370664208,-7460,-2488,-2634,916,-623,186
1376,2025-07-01 17:21:04.892,2025-07-01 17:21:04.629748,0.8810662031173706,-8.667010307312012,3.8307228088378906,-0.5314527750015259,0.294437050819397,0.6976081132888794,2025-07-01 17:21:04.668,1751370664668,-7892,-1790,-1467,92,-580,-103
1377,2025-07-01 17:21:05.091,2025-07-01 17:21:04.830154,0.8786720037460327,-9.119514465332031,4.082113742828369,0.1563815027475357,0.13316862285137177,-0.12828169763088226,2025-07-01 17:21:04.846,1751370664846,-7413,-1946,-1189,-622,-169,-785
1378,2025-07-01 17:21:05.190,2025-07-01 17:21:04.935371,0.05267243832349777,-8.901641845703125,3.4141316413879395,0.04764748737215996,0.051312681287527084,0.018325956538319588,2025-07-01 17:21:04.954,1751370664954,-7558,-2210,-1874,-642,176,-165
1379,2025-07-01 17:21:05.589,2025-07-01 17:21:05.331502,0.1412578970193863,-8.652645111083984,2.674323320388794,-0.12461651116609573,0.05497787147760391,0.004886921960860491,2025-07-01 17:21:05.314,1751370665314,-7696,-2013,-1920,-347,287,39
1380,2025-07-01 17:21:05.798,2025-07-01 17:21:05.531103,-0.5099649429321289,-8.990227699279785,3.5027170181274414,-0.4447098970413208,0.3543018400669098,-0.1417207419872284,2025-07-01 17:21:05.564,1751370665564,-7360,-2367,-1780,329,282,60
1381,2025-07-01 17:21:06.110,2025-07-01 17:21:05.832135,1.3694833517074585,-9.516951560974121,3.4979286193847656,-0.38606682419776917,0.039095375686883926,0.4239404797554016,2025-07-01 17:21:05.837,1751370665837,-7712,-2307,-1723,8,65,101
1382,2025-07-01 17:21:06.291,2025-07-01 17:21:06.036872,0.45489832758903503,-9.890447616577148,3.0813376903533936,-0.43615779280662537,0.0757472887635231,0.16371189057826996,2025-07-01 17:21:06.009,1751370666009,-7419,-2038,-1732,11,-113,60
1383,2025-07-01 17:21:06.495,2025-07-01 17:21:06.229362,-1.115697979927063,-7.326257228851318,3.1052796840667725,-0.4092797040939331,0.21868975460529327,-0.01710422709584236,2025-07-01 17:21:06.223,1751370666223,-7692,-2045,-1741,32,-371,-123
1384,2025-07-01 17:21:06.694,2025-07-01 17:21:06.429846,-0.3256114423274994,-8.315062522888184,3.5745432376861572,0.1014036312699318,0.07208210229873657,-0.09773843735456467,2025-07-01 17:21:06.404,1751370666404,-7948,-2023,-1762,-629,316,-770
1385,2025-07-01 17:21:06.795,2025-07-01 17:21:06.429846,-0.3256114423274994,-8.315062522888184,3.5745432376861572,0.1014036312699318,0.07208210229873657,-0.09773843735456467,2025-07-01 17:21:06.466,1751370666466,-7790,-2315,-2149,-533,248,-569
1386,2025-07-01 17:21:06.897,2025-07-01 17:21:06.632155,-0.9002198576927185,-8.458714485168457,2.693476915359497,-0.29077184200286865,0.19914206862449646,0.24190263450145721,2025-07-01 17:21:06.645,1751370666645,-7446,-2518,-2035,-322,20,-838
1387,2025-07-01 17:21:06.995,2025-07-01 17:21:06.729758,1.3527239561080933,-9.48343276977539,3.9624037742614746,-0.019547687843441963,-0.1918116807937622,-0.636521577835083,2025-07-01 17:21:06.727,1751370666727,-7429,-2518,-2017,-275,-119,-781
1388,2025-07-01 17:21:07.098,2025-07-01 17:21:06.830500,-0.912190854549408,-10.532093048095703,2.647987127304077,-0.7428121566772461,0.18081611394882202,0.1966986060142517,2025-07-01 17:21:06.832,1751370666832,-7367,-2238,-2095,-455,175,-613
1389,2025-07-01 17:21:07.203,2025-07-01 17:21:06.933094,1.6160861253738403,-8.20732307434082,3.7493197917938232,0.6878342628479004,-0.02321287989616394,0.07696902006864548,2025-07-01 17:21:06.916,1751370666916,-7355,-2623,-1761,-960,352,-884
1390,2025-07-01 17:21:07.295,2025-07-01 17:21:07.031462,-1.113303780555725,-8.621520042419434,2.9281086921691895,-0.6572909951210022,0.1062905490398407,0.05009094998240471,2025-07-01 17:21:07.001,1751370667001,-7397,-2876,-2186,-908,735,-1061
1391,2025-07-01 17:21:07.602,2025-07-01 17:21:07.330876,1.5059528350830078,-8.157045364379883,4.477157115936279,0.8442157506942749,-0.07452555745840073,0.21624629199504852,2025-07-01 17:21:07.366,1751370667366,-7122,-2554,-2724,-224,234,91
1392,2025-07-01 17:21:07.690,2025-07-01 17:21:07.432012,-0.7852981686592102,-11.944672584533691,4.1156325340271,-0.31642818450927734,0.10018189996480942,0.11728613078594208,2025-07-01 17:21:07.462,1751370667462,-7468,-2537,-2942,94,629,183
1393,2025-07-01 17:21:07.793,2025-07-01 17:21:07.532270,1.1803414821624756,-8.777143478393555,3.9624037742614746,0.30543261766433716,-0.059864792972803116,-0.12950342893600464,2025-07-01 17:21:07.547,1751370667547,-7058,-2444,-2925,378,-120,149
1394,2025-07-01 17:21:07.892,2025-07-01 17:21:07.629887,0.8259995579719543,-9.607931137084961,3.404554843902588,-0.1514945775270462,-0.21624629199504852,0.13072516024112701,2025-07-01 17:21:07.632,1751370667632,-7177,-2603,-2803,289,283,-81
1395,2025-07-01 17:21:07.992,2025-07-01 17:21:07.735467,-0.07900865375995636,-7.754819393157959,3.794809579849243,-0.2834414839744568,0.15271630883216858,0.15271630883216858,2025-07-01 17:21:07.717,1751370667717,-7261,-2594,-2790,-104,-48,-41
1396,2025-07-01 17:21:08.092,2025-07-01 17:21:07.830513,0.45489832758903503,-9.768342971801758,2.7269957065582275,0.608421802520752,-0.11972958594560623,-0.7000515460968018,2025-07-01 17:21:07.826,1751370667826,-7145,-2181,-2892,-225,216,226
1397,2025-07-01 17:21:08.200,2025-07-01 17:21:07.931907,-1.1563993692398071,-9.485827445983887,3.5865142345428467,-0.608421802520752,0.251676470041275,0.2064724564552307,2025-07-01 17:21:07.912,1751370667912,-7257,-2352,-2999,-149,233,53
1398,2025-07-01 17:21:08.500,2025-07-01 17:21:08.233345,0.9576807022094727,-9.313444137573242,2.9903578758239746,0.028099801391363144,-0.09407325088977814,-0.2883284091949463,2025-07-01 17:21:08.200,1751370668200,-7105,-2181,-3092,70,261,87
1399,2025-07-01 17:21:08.594,2025-07-01 17:21:08.330154,0.7924807667732239,-8.688557624816895,3.794809579849243,-0.3237585723400116,-0.18570303916931152,-0.23579397797584534,2025-07-01 17:21:08.356,1751370668356,-7047,-2331,-3149,108,-74,-290
1400,2025-07-01 17:21:08.702,2025-07-01 17:21:08.434153,1.1851298809051514,-9.090784072875977,4.034229755401611,0.09285151958465576,0.2687807083129883,0.3689626157283783,2025-07-01 17:21:08.447,1751370668447,-7238,-2282,-2742,7,71,240
1401,2025-07-01 17:21:08.789,2025-07-01 17:21:08.533295,-0.14365209639072418,-8.875306129455566,4.201824188232422,0.042760565876960754,0.23945917189121246,-0.27122417092323303,2025-07-01 17:21:08.544,1751370668544,-7480,-1956,-2937,-30,-88,255
1402,2025-07-01 17:21:08.891,2025-07-01 17:21:08.629436,0.950498104095459,-8.56645393371582,3.6607344150543213,0.03298672288656235,-0.012217304669320583,0.3237585723400116,2025-07-01 17:21:08.626,1751370668626,-7455,-2013,-2712,-22,109,265
1403,2025-07-01 17:21:08.989,2025-07-01 17:21:08.733065,0.19393034279346466,-9.701305389404297,3.5482068061828613,0.38728857040405273,0.14049901068210602,-0.4129449129104614,2025-07-01 17:21:08.727,1751370668727,-7498,-2105,-2762,336,-9,81
1404,2025-07-01 17:21:09.099,2025-07-01 17:21:08.829821,1.843535304069519,-8.513781547546387,3.8307228088378906,0.304210901260376,-0.06719517707824707,0.3787364661693573,2025-07-01 17:21:08.806,1751370668806,-7160,-2308,-2899,308,-171,-34
1405,2025-07-01 17:21:09.301,2025-07-01 17:21:09.029586,-0.2585737705230713,-9.327810287475586,3.292027235031128,-1.1789699792861938,0.24190263450145721,-0.1918116807937622,2025-07-01 17:21:09.069,1751370669069,-7283,-2008,-2865,363,-293,-255
1406,2025-07-01 17:21:09.398,2025-07-01 17:21:09.132663,1.6974890232086182,-9.277531623840332,5.240907669067383,0.3274237811565399,0.06475171446800232,0.34574973583221436,2025-07-01 17:21:09.164,1751370669164,-7133,-2244,-2889,92,87,-194
1407,2025-07-01 17:21:09.489,2025-07-01 17:21:09.231042,-1.2641384601593018,-8.197746276855469,4.903325080871582,0.46303585171699524,0.34208452701568604,-0.10995574295520782,2025-07-01 17:21:09.256,1751370669256,-7149,-2339,-2528,-289,-326,-611
1408,2025-07-01 17:21:09.596,2025-07-01 17:21:09.332089,1.745373010635376,-8.798690795898438,2.738966703414917,0.4813618063926697,-0.08429940044879913,0.1062905490398407,2025-07-01 17:21:09.341,1751370669341,-6880,-2226,-2855,-233,-350,-842
1409,2025-07-01 17:21:09.689,2025-07-01 17:21:09.430969,0.8858546018600464,-8.884882926940918,3.1196448802948,0.22968533635139465,0.01466076634824276,-0.20891591906547546,2025-07-01 17:21:09.427,1751370669427,-6904,-2687,-2929,-465,307,-873
1410,2025-07-01 17:21:09.789,2025-07-01 17:21:09.535824,0.6105214357376099,-9.215282440185547,4.347870349884033,0.3237585723400116,-0.0757472887635231,-0.4300491213798523,2025-07-01 17:21:09.524,1751370669524,-7086,-2463,-2937,-484,224,-606
1411,2025-07-01 17:21:09.894,2025-07-01 17:21:09.632186,-0.016759412363171577,-8.647856712341309,2.406172752380371,-0.19058994948863983,0.27977627515792847,0.08918632566928864,2025-07-01 17:21:09.633,1751370669633,-7053,-2633,-2765,-41,111,-56
1412,2025-07-01 17:21:10.189,2025-07-01 17:21:09.930906,1.2641384601593018,-8.422801971435547,4.3191399574279785,0.93095862865448,-0.2431243658065796,-0.9040805697441101,2025-07-01 17:21:09.893,1751370669893,-7205,-2299,-2753,-85,268,-149
1413,2025-07-01 17:21:10.290,2025-07-01 17:21:10.035133,-0.7852981686592102,-10.876858711242676,2.7078421115875244,-1.1435397863388062,0.1417207419872284,0.6206390857696533,2025-07-01 17:21:10.075,1751370670075,-7521,-2299,-2539,266,43,324
1414,2025-07-01 17:21:10.589,2025-07-01 17:21:10.329445,1.802833914756775,-8.777143478393555,4.333505153656006,-0.4337143301963806,-0.16859880089759827,-0.3995058834552765,2025-07-01 17:21:10.351,1751370670351,-6802,-2450,-2554,-27,-259,38
1415,2025-07-01 17:21:10.697,2025-07-01 17:21:10.429310,0.5961562395095825,-10.110713958740234,2.5977089405059814,0.6951646208763123,0.14294247329235077,-0.1014036312699318,2025-07-01 17:21:10.418,1751370670418,-7285,-2594,-2839,-264,560,-75
1416,2025-07-01 17:21:10.905,2025-07-01 17:21:10.530352,0.6560112833976746,-8.741230010986328,4.898536682128906,-0.06352998316287994,-0.27122417092323303,-0.10262536257505417,2025-07-01 17:21:10.509,1751370670509,-7295,-2653,-2560,-142,582,101
1417,2025-07-01 17:21:11.196,2025-07-01 17:21:10.933606,1.292868971824646,-8.33182144165039,4.908113479614258,0.19303341209888458,-0.1514945775270462,0.12828169763088226,2025-07-01 17:21:10.967,1751370670967,-6956,-2815,-2805,-9,-277,-132
1418,2025-07-01 17:21:11.513,2025-07-01 17:21:11.232469,0.5961562395095825,-8.827422142028809,4.3406877517700195,0.01710422709584236,-0.05497787147760391,-0.10018189996480942,2025-07-01 17:21:11.237,1751370671237,-6635,-3105,-2740,-172,448,103
1419,2025-07-01 17:21:11.597,2025-07-01 17:21:11.333726,1.1420341730117798,-9.030928611755371,3.8067808151245117,-0.018325956538319588,0.07330382615327835,0.14049901068210602,2025-07-01 17:21:11.333,1751370671333,-7214,-2776,-2971,90,332,167
1420,2025-07-01 17:21:11.698,2025-07-01 17:21:11.433064,0.0,-10.51054573059082,3.227383852005005,-0.13072516024112701,0.10262536257505417,0.2076941877603531,2025-07-01 17:21:11.435,1751370671435,-6897,-2925,-3079,83,-122,317
1421,2025-07-01 17:21:12.093,2025-07-01 17:21:11.830454,0.40222588181495667,-9.677363395690918,3.157952070236206,0.2993239760398865,0.17470745742321014,-0.2687807083129883,2025-07-01 17:21:11.792,1751370671792,-7217,-2886,-2749,-77,-278,-58
1422,2025-07-01 17:21:12.193,2025-07-01 17:21:11.930052,0.9576807022094727,-7.46033239364624,4.845864295959473,-0.646295428276062,0.07819075137376785,0.34697145223617554,2025-07-01 17:21:11.952,1751370671952,-6600,-2938,-2715,-242,-582,-36
1423,2025-07-01 17:21:12.291,2025-07-01 17:21:12.037588,0.21547815203666687,-9.368511199951172,3.464409828186035,0.6218608021736145,-0.05375614017248154,-0.40194934606552124,2025-07-01 17:21:12.047,1751370672047,-7051,-2462,-2743,49,57,155
1424,2025-07-01 17:21:12.396,2025-07-01 17:21:12.140104,0.5889736413955688,-9.478644371032715,3.4093432426452637,0.34086281061172485,0.03298672288656235,-0.16371189057826996,2025-07-01 17:21:12.130,1751370672130,-7061,-2634,-2738,-146,114,-82
1425,2025-07-01 17:21:12.495,2025-07-01 17:21:12.230638,0.6033388376235962,-8.65743350982666,3.160346269607544,-0.607200026512146,0.00733038317412138,0.20036379992961884,2025-07-01 17:21:12.223,1751370672223,-6799,-2517,-2760,-373,116,35
1426,2025-07-01 17:21:12.605,2025-07-01 17:21:12.331994,-0.7350199222564697,-5.56173038482666,5.114014625549316,0.6976081132888794,-0.03787364438176155,-0.5363397002220154,2025-07-01 17:21:12.315,1751370672315,-7472,-2435,-2909,3,92,-101
1427,2025-07-01 17:21:12.701,2025-07-01 17:21:12.430283,-0.47405192255973816,-7.953537940979004,4.963180065155029,-0.45326200127601624,0.12217304855585098,0.015882495790719986,2025-07-01 17:21:12.424,1751370672424,-7245,-2685,-2753,-82,-180,-17
1428,2025-07-01 17:21:12.990,2025-07-01 17:21:12.730624,1.6759412288665771,-8.487444877624512,4.015076160430908,-0.08429940044879913,0.11972958594560623,-0.03298672288656235,2025-07-01 17:21:12.701,1751370672701,-7226,-2883,-2903,-209,373,-203
1429,2025-07-01 17:21:13.096,2025-07-01 17:21:12.829721,0.6967126727104187,-8.616731643676758,3.861847400665283,0.4239404797554016,-0.019547687843441963,-0.30543261766433716,2025-07-01 17:21:12.862,1751370672862,-7155,-2559,-2928,94,-330,64
1430,2025-07-01 17:21:13.192,2025-07-01 17:21:12.931952,0.8762778043746948,-8.856152534484863,3.818751811981201,-0.41172316670417786,0.06475171446800232,0.2174680233001709,2025-07-01 17:21:12.945,1751370672945,-6877,-2528,-2741,-80,-43,63
1431,2025-07-01 17:21:13.291,2025-07-01 17:21:13.030702,0.4118026793003082,-8.62630844116211,4.168305397033691,0.46303585171699524,-0.04153883829712868,-0.14416420459747314,2025-07-01 17:21:13.029,1751370673029,-7043,-2919,-2868,-119,99,261
1432,2025-07-01 17:21:13.393,2025-07-01 17:21:13.133842,0.6943184733390808,-8.789113998413086,4.4939165115356445,-0.17592918872833252,-0.02076941914856434,-0.21013765037059784,2025-07-01 17:21:13.125,1751370673125,-7216,-2555,-2707,260,-73,-347
1433,2025-07-01 17:21:13.690,2025-07-01 17:21:13.435076,1.9967641830444336,-8.018181800842285,4.46518611907959,0.18814650177955627,-0.16859880089759827,-0.1062905490398407,2025-07-01 17:21:13.397,1751370673397,-7046,-2890,-2861,-57,-88,175
1434,2025-07-01 17:21:14.094,2025-07-01 17:21:13.831447,1.039083480834961,-9.837775230407715,2.6575639247894287,-0.0012217304902151227,0.08674286305904388,-0.3384193480014801,2025-07-01 17:21:13.848,1751370673848,-7211,-2461,-2743,-53,280,-204
1435,2025-07-01 17:21:14.193,2025-07-01 17:21:13.929393,0.38067805767059326,-9.363722801208496,3.050212860107422,-0.3982841372489929,0.00855211354792118,0.3335324227809906,2025-07-01 17:21:13.950,1751370673950,-6845,-2944,-2874,-37,-168,99
1436,2025-07-01 17:21:14.294,2025-07-01 17:21:14.029670,0.6536170840263367,-8.152256965637207,5.590460777282715,0.6389650702476501,0.09040805697441101,-0.1111774742603302,2025-07-01 17:21:14.021,1751370674021,-7102,-2742,-2544,-265,19,15
1437,2025-07-01 17:21:14.394,2025-07-01 17:21:14.130701,-0.42856210470199585,-8.71728801727295,2.516305923461914,-0.29565876722335815,0.16371189057826996,0.05497787147760391,2025-07-01 17:21:14.130,1751370674130,-7030,-2700,-2919,-85,125,29
1438,2025-07-01 17:21:14.490,2025-07-01 17:21:14.231310,2.3774423599243164,-10.398017883300781,3.624821424484253,0.3176499307155609,-0.1258382350206375,0.1771509200334549,2025-07-01 17:21:14.201,1751370674201,-7434,-2897,-2538,-312,70,73
1439,2025-07-01 17:21:14.689,2025-07-01 17:21:14.439740,3.0550012588500977,-9.445125579833984,3.737348794937134,0.025656340643763542,-0.35063666105270386,-0.04153883829712868,2025-07-01 17:21:14.478,1751370674478,-7214,-2771,-2540,116,-333,35
1440,2025-07-01 17:21:14.790,2025-07-01 17:21:14.531502,-0.4908113479614258,-9.57441234588623,4.050989151000977,-0.4544837474822998,0.2736676335334778,0.3738495409488678,2025-07-01 17:21:14.567,1751370674567,-7105,-2769,-2443,79,-127,57
1441,2025-07-01 17:21:14.891,2025-07-01 17:21:14.631419,-1.2425906658172607,-6.45476770401001,1.5203180313110352,0.8148942589759827,-0.1270599663257599,-0.504574716091156,2025-07-01 17:21:14.653,1751370674653,-6829,-2774,-2490,-60,-263,51
1442,2025-07-01 17:21:15.189,2025-07-01 17:21:14.929977,0.22744916379451752,-9.560047149658203,3.064578056335449,-0.769690215587616,0.2064724564552307,0.7000515460968018,2025-07-01 17:21:14.940,1751370674940,-7054,-2738,-2671,-102,-298,-98
1443,2025-07-01 17:21:15.289,2025-07-01 17:21:15.030838,1.8315643072128296,-8.62391471862793,3.7852327823638916,0.8381071090698242,-0.11850785464048386,-0.05375614017248154,2025-07-01 17:21:15.007,1751370675007,-7226,-2743,-2673,-117,-359,-115
1444,2025-07-01 17:21:15.389,2025-07-01 17:21:15.138578,1.3335703611373901,-9.821015357971191,3.7253777980804443,-0.2174680233001709,-0.02321287989616394,0.27122417092323303,2025-07-01 17:21:15.102,1751370675102,-7185,-2769,-2474,-120,-130,-58
1445,2025-07-01 17:21:15.689,2025-07-01 17:21:15.437969,1.4724340438842773,-9.20091724395752,3.0550012588500977,0.5461135506629944,-0.0757472887635231,-0.3433062732219696,2025-07-01 17:21:15.461,1751370675461,-7446,-2783,-2511,-370,55,63
1446,2025-07-01 17:21:15.789,2025-07-01 17:21:15.534890,0.7493851184844971,-9.708487510681152,3.550601005554199,-0.32131510972976685,0.01710422709584236,0.5106833577156067,2025-07-01 17:21:15.553,1751370675553,-7183,-2735,-2502,92,-202,125
1447,2025-07-01 17:21:15.889,2025-07-01 17:21:15.631852,2.408566951751709,-10.445901870727539,3.220201253890991,0.7574729323387146,-0.018325956538319588,0.10506882518529892,2025-07-01 17:21:15.653,1751370675653,-7063,-2810,-2510,87,-286,-115
1448,2025-07-01 17:21:16.006,2025-07-01 17:21:15.732183,1.314416766166687,-8.844181060791016,2.9903578758239746,-0.4691445231437683,0.2223549485206604,0.24068090319633484,2025-07-01 17:21:15.732,1751370675732,-7177,-2800,-2537,-89,-339,-81
1449,2025-07-01 17:21:16.091,2025-07-01 17:21:15.833695,0.7206547260284424,-8.365341186523438,3.6128504276275635,0.2590068578720093,-0.21135938167572021,-0.7073819637298584,2025-07-01 17:21:15.835,1751370675835,-7448,-2700,-2277,70,-332,-57
1450,2025-07-01 17:21:16.203,2025-07-01 17:21:15.929580,-1.778891921043396,-7.5201873779296875,0.6248866319656372,-0.5803219676017761,-0.12461651116609573,-0.2528982162475586,2025-07-01 17:21:15.918,1751370675918,-7152,-2941,-2277,76,-169,122
1451,2025-07-01 17:21:16.606,2025-07-01 17:21:16.339171,3.3494882583618164,-10.216058731079102,2.473210334777832,-0.18081611394882202,-0.27122417092323303,0.788016140460968,2025-07-01 17:21:16.365,1751370676365,-7454,-2792,-2604,-103,-330,-56
1452,2025-07-01 17:21:16.689,2025-07-01 17:21:16.434023,0.6631938815116882,-9.813833236694336,2.717418909072876,-0.3225368559360504,0.21868975460529327,0.2834414839744568,2025-07-01 17:21:16.465,1751370676465,-7082,-2928,-2616,592,-17,308
1453,2025-07-01 17:21:16.805,2025-07-01 17:21:16.533659,0.21308395266532898,-10.182539939880371,2.1739351749420166,-1.7470746040344238,0.1722639948129654,0.27488934993743896,2025-07-01 17:21:16.546,1751370676546,-7197,-2785,-2284,213,-343,311
1454,2025-07-01 17:21:17.097,2025-07-01 17:21:16.832220,-0.7876923680305481,-8.439560890197754,2.0231003761291504,1.4611896276474,0.31642818450927734,-0.06963863968849182,2025-07-01 17:21:16.820,1751370676820,-7403,-2872,-2629,140,308,-204