id,ActualTime,WatchTimeStamp,Ax watch,Ay watch,Az watch,Gx watch,Gy watch,Gz watch,Esense TimeStamp,Time in Epochs (ignore),Ax esense,Ay esense,Az esense,Gx esense,Gy esense,Gz esense
1,2025-07-01 17:52:24.085,2025-07-01 17:52:23.830210,9.042900085449219,-2.674323320388794,3.778050184249878,0.9749409556388855,0.950506329536438,1.6383405923843384,2025-07-01 17:52:23.870,1751372543870,-6290,-5467,481,-401,1070,1712
2,2025-07-01 17:52:24.284,2025-07-01 17:52:24.040522,3.7660791873931885,-5.492298603057861,4.9799394607543945,-1.1191051006317139,2.3066272735595703,1.4697418212890625,2025-07-01 17:52:24.053,1751372544053,-7041,-4220,31,-1382,1932,3349
3,2025-07-01 17:52:24.387,2025-07-01 17:52:24.127997,2.22660756111145,-6.366182327270508,3.8762125968933105,-0.6475171446800232,1.3084733486175537,0.3897320330142975,2025-07-01 17:52:24.161,1751372544161,-7559,-3462,-858,-875,1858,2356
4,2025-07-01 17:52:24.585,2025-07-01 17:52:24.328565,2.913743495941162,-7.850587368011475,3.4596214294433594,-0.30054569244384766,0.2919935882091522,-0.513126790523529,2025-07-01 17:52:24.319,1751372544319,-7747,-3076,-1308,-728,133,718
5,2025-07-01 17:52:24.686,2025-07-01 17:52:24.437324,4.436455726623535,-8.35336971282959,3.5673606395721436,0.26511552929878235,0.3445279896259308,-0.5094616413116455,2025-07-01 17:52:24.412,1751372544412,-7566,-2772,-929,-462,-568,409
6,2025-07-01 17:52:24.994,2025-07-01 17:52:24.729162,4.398148536682129,-8.286332130432129,3.181894063949585,-0.3628539443016052,0.10262536257505417,-0.39095374941825867,2025-07-01 17:52:24.770,1751372544770,-7904,-2004,-179,242,-783,818
7,2025-07-01 17:52:25.084,2025-07-01 17:52:24.840739,3.993528366088867,-9.095572471618652,3.1747114658355713,-0.15882496535778046,-0.07208210229873657,0.03176499158143997,2025-07-01 17:52:24.876,1751372544876,-7900,-2172,-270,402,-436,449
8,2025-07-01 17:52:25.284,2025-07-01 17:52:25.027922,4.182670593261719,-8.216899871826172,2.559401512145996,-0.2272418737411499,0.15271630883216858,0.042760565876960754,2025-07-01 17:52:25.033,1751372545033,-8116,-1582,-300,221,337,1486
9,2025-07-01 17:52:25.384,2025-07-01 17:52:25.135876,3.9480385780334473,-9.064447402954102,2.5977089405059814,0.27977627515792847,-0.08796459436416626,0.05009094998240471,2025-07-01 17:52:25.118,1751372545118,-8492,-1179,-284,536,186,1246
10,2025-07-01 17:52:25.507,2025-07-01 17:52:25.235918,3.912125587463379,-8.62391471862793,2.894589900970459,0.1612684279680252,0.012217304669320583,0.08796459436416626,2025-07-01 17:52:25.251,1751372545251,-8534,-1137,-148,-48,44,580
11,2025-07-01 17:52:25.584,2025-07-01 17:52:25.335825,4.572925090789795,-9.220070838928223,2.9975404739379883,0.12339477986097336,-0.025656340643763542,0.23090706765651703,2025-07-01 17:52:25.306,1751372545306,-8464,-1298,79,-95,-197,340
12,2025-07-01 17:52:25.784,2025-07-01 17:52:25.534829,3.6320040225982666,-9.765948295593262,3.066972494125366,-0.06352998316287994,-0.44715335965156555,0.807563841342926,2025-07-01 17:52:25.575,1751372545575,-8179,-1067,-49,148,-28,-345
13,2025-07-01 17:52:25.884,2025-07-01 17:52:25.643493,3.421314239501953,-10.42195987701416,2.0877439975738525,0.2932153046131134,-0.4801400899887085,0.9773843884468079,2025-07-01 17:52:25.665,1751372545665,-8465,-1114,-111,148,373,-190
14,2025-07-01 17:52:26.184,2025-07-01 17:52:25.928786,-1.2761094570159912,-9.751583099365234,3.0573954582214355,0.23579397797584534,-0.28588494658470154,1.2974777221679688,2025-07-01 17:52:25.935,1751372545935,-8302,-1548,-179,309,342,-867
15,2025-07-01 17:52:26.296,2025-07-01 17:52:26.025772,-1.9057846069335938,-9.030928611755371,2.9903578758239746,0.05864306539297104,-0.598647952079773,1.3084733486175537,2025-07-01 17:52:26.021,1751372546021,-8119,-1596,-254,264,222,-828
16,2025-07-01 17:52:26.405,2025-07-01 17:52:26.130225,-2.7940332889556885,-8.341399192810059,3.2537200450897217,-0.059864792972803116,-0.5729916095733643,0.96883225440979,2025-07-01 17:52:26.114,1751372546114,-8174,-1853,-272,548,81,-890
17,2025-07-01 17:52:26.486,2025-07-01 17:52:26.231487,-3.450044631958008,-8.401253700256348,4.144362926483154,0.0757472887635231,-0.4129449129104614,0.9419541954994202,2025-07-01 17:52:26.216,1751372546216,-8129,-1679,46,636,66,-891
18,2025-07-01 17:52:26.794,2025-07-01 17:52:26.527181,-4.58968448638916,-6.31829833984375,4.750096321105957,0.04642575979232788,-0.5583308339118958,0.4960225820541382,2025-07-01 17:52:26.566,1751372546566,-7267,-4458,854,1193,-94,-644
19,2025-07-01 17:52:26.997,2025-07-01 17:52:26.746019,-4.376600742340088,-6.335057735443115,5.51624059677124,0.4141666293144226,-0.44104471802711487,0.10384709388017654,2025-07-01 17:52:26.749,1751372546749,-7302,-3715,434,1214,239,-91
20,2025-07-01 17:52:27.090,2025-07-01 17:52:26.847396,-4.24970817565918,-6.13633918762207,5.351040840148926,0.46792277693748474,-0.38117989897727966,0.12217304855585098,2025-07-01 17:52:26.833,1751372546833,-7315,-3888,608,642,108,-382
21,2025-07-01 17:52:27.195,2025-07-01 17:52:26.931666,-4.158728122711182,-6.203376770019531,6.042964935302734,0.40194934606552124,-0.26511552929878235,0.22968533635139465,2025-07-01 17:52:26.930,1751372546930,-7524,-3890,496,567,-195,-246
22,2025-07-01 17:52:27.603,2025-07-01 17:52:27.320672,-3.8307228088378906,-4.323928356170654,7.671022415161133,0.5192354321479797,-0.0757472887635231,-0.03176499158143997,2025-07-01 17:52:27.285,1751372547285,-7093,-4369,961,99,-265,-868
23,2025-07-01 17:52:27.807,2025-07-01 17:52:27.538484,-4.003105163574219,-4.853046894073486,7.7883381843566895,0.5668829679489136,-0.10751228034496307,0.019547687843441963,2025-07-01 17:52:27.566,1751372547566,-7083,-4411,923,-139,-126,145
24,2025-07-01 17:52:27.906,2025-07-01 17:52:27.635235,-3.928884983062744,-4.381389141082764,7.934384346008301,0.4386012554168701,-0.08307767659425735,-0.039095375686883926,2025-07-01 17:52:27.659,1751372547659,-7153,-4051,1150,-290,311,162
25,2025-07-01 17:52:27.996,2025-07-01 17:52:27.733519,-4.02465295791626,-4.23773717880249,8.037335395812988,0.25045475363731384,-0.024434609338641167,-0.06963863968849182,2025-07-01 17:52:27.749,1751372547749,-7448,-4222,1101,-284,318,213
26,2025-07-01 17:52:28.090,2025-07-01 17:52:27.836414,-4.084507942199707,-3.7924153804779053,8.341399192810059,0.3139847218990326,0.05009094998240471,-0.024434609338641167,2025-07-01 17:52:27.848,1751372547848,-7466,-4193,1072,-356,-23,300
27,2025-07-01 17:52:28.190,2025-07-01 17:52:27.951206,-4.003105163574219,-3.4739866256713867,8.243236541748047,0.34574973583221436,-0.0012217304902151227,0.00366519158706069,2025-07-01 17:52:27.912,1751372547912,-7506,-4146,1041,72,-15,101
28,2025-07-01 17:52:28.286,2025-07-01 17:52:28.034024,-3.8738183975219727,-3.138798475265503,8.039729118347168,0.24556782841682434,0.015882495790719986,-0.00733038317412138,2025-07-01 17:52:28.009,1751372548009,-7297,-4108,715,-118,-123,-202
29,2025-07-01 17:52:28.395,2025-07-01 17:52:28.134227,-3.88818359375,-3.1028854846954346,8.38449478149414,0.17592918872833252,-0.019547687843441963,-0.028099801391363144,2025-07-01 17:52:28.113,1751372548113,-7542,-3837,704,-96,100,-533
30,2025-07-01 17:52:28.595,2025-07-01 17:52:28.339555,-4.039018154144287,-2.9712042808532715,8.307879447937012,0.14905111491680145,0.0,-0.00855211354792118,2025-07-01 17:52:28.362,1751372548362,-7159,-4362,1061,101,111,-527
31,2025-07-01 17:52:28.693,2025-07-01 17:52:28.434102,-3.9887399673461914,-2.4660277366638184,8.614337921142578,0.10018189996480942,-0.05375614017248154,-0.03176499158143997,2025-07-01 17:52:28.459,1751372548459,-7167,-4072,1040,110,54,-215
32,2025-07-01 17:52:28.788,2025-07-01 17:52:28.544168,-3.8786067962646484,-2.4468741416931152,8.508993148803711,0.12095131725072861,-0.012217304669320583,-0.028099801391363144,2025-07-01 17:52:28.541,1751372548541,-7045,-4396,1060,39,-47,70
33,2025-07-01 17:52:28.885,2025-07-01 17:52:28.628911,-3.7924153804779053,-2.2457611560821533,8.492233276367188,0.04398229718208313,-0.042760565876960754,-0.04764748737215996,2025-07-01 17:52:28.638,1751372548638,-7051,-4417,1106,-266,-100,105
34,2025-07-01 17:52:28.988,2025-07-01 17:52:28.734310,-3.845088005065918,-2.145204782485962,8.489839553833008,-0.04642575979232788,0.00733038317412138,-0.0403171069920063,2025-07-01 17:52:28.749,1751372548749,-7144,-4378,1098,81,63,-272
35,2025-07-01 17:52:29.197,2025-07-01 17:52:28.945234,-3.6559460163116455,-2.806004285812378,7.800309181213379,-0.9615018963813782,-0.009773843921720982,-0.1258382350206375,2025-07-01 17:52:28.940,1751372548940,-7262,-4396,1111,-299,-35,-67
36,2025-07-01 17:52:29.284,2025-07-01 17:52:29.037932,-3.6343982219696045,-4.651933670043945,8.056488990783691,-1.282817006111145,-0.051312681287527084,-0.14049901068210602,2025-07-01 17:52:29.010,1751372549010,-7101,-4435,1025,-252,207,350
37,2025-07-01 17:52:29.397,2025-07-01 17:52:29.123307,-3.624821424484253,-5.063736438751221,7.491456985473633,-1.226617455482483,-0.01466076634824276,-0.07819075137376785,2025-07-01 17:52:29.092,1751372549092,-7115,-4047,895,-186,515,565
38,2025-07-01 17:52:29.630,2025-07-01 17:52:29.330967,-3.071760892868042,-6.071695327758789,6.382941722869873,-0.036651913076639175,0.3090978264808655,-0.13927727937698364,2025-07-01 17:52:29.357,1751372549357,-7373,-3847,573,-653,824,1316
39,2025-07-01 17:52:29.684,2025-07-01 17:52:29.447172,-3.00711727142334,-5.851428985595703,5.202600479125977,-0.10506882518529892,0.4862487316131592,-0.2871066629886627,2025-07-01 17:52:29.462,1751372549462,-7744,-3271,155,-1069,612,908
40,2025-07-01 17:52:29.784,2025-07-01 17:52:29.539323,-3.28963303565979,-5.556941986083984,4.6040496826171875,-0.5057964324951172,0.9908234477043152,-0.2773328125476837,2025-07-01 17:52:29.534,1751372549534,-7553,-3194,-33,-2112,-531,1149
41,2025-07-01 17:52:29.885,2025-07-01 17:52:29.632533,-3.536235809326172,-5.781997203826904,4.541800498962402,0.03176499158143997,1.235169529914856,-0.6218608021736145,2025-07-01 17:52:29.636,1751372549636,-7752,-2813,-105,-1977,276,518
42,2025-07-01 17:52:30.000,2025-07-01 17:52:29.732845,-4.089296340942383,-8.121131896972656,4.757278919219971,0.03787364438176155,1.1044443845748901,-1.4575244188308716,2025-07-01 17:52:29.714,1751372549714,-7794,-3153,-152,-2830,464,91
43,2025-07-01 17:52:30.091,2025-07-01 17:52:29.836629,-3.181894063949585,-9.277531623840332,3.9647979736328125,-0.23090706765651703,0.6817256212234497,-1.9071213006973267,2025-07-01 17:52:29.808,1751372549808,-7558,-2948,-660,-2830,685,-574
44,2025-07-01 17:52:30.194,2025-07-01 17:52:29.936332,-1.8052281141281128,-10.527304649353027,4.28322696685791,-0.7476990818977356,0.29077184200286865,-1.585806131362915,2025-07-01 17:52:29.912,1751372549912,-7566,-3027,-1137,-1993,1056,-429
45,2025-07-01 17:52:30.292,2025-07-01 17:52:30.039305,-1.8794482946395874,-11.377246856689453,4.14915132522583,-0.5815436840057373,0.39706242084503174,-0.8613200187683105,2025-07-01 17:52:30.004,1751372550004,-7738,-3151,-1375,-1579,841,-154
46,2025-07-01 17:52:30.412,2025-07-01 17:52:30.138119,-1.1324573755264282,-9.730035781860352,3.4763808250427246,-0.1612684279680252,0.27611109614372253,-0.15393804013729095,2025-07-01 17:52:30.163,1751372550163,-7621,-2868,-1821,-343,326,831
47,2025-07-01 17:52:30.512,2025-07-01 17:52:30.234435,-1.0079588890075684,-8.56884765625,3.1076738834381104,0.08185594528913498,0.12095131725072861,-0.01466076634824276,2025-07-01 17:52:30.257,1751372550257,-7750,-2615,-1462,166,-112,570
48,2025-07-01 17:52:30.585,2025-07-01 17:52:30.353288,-0.6344634294509888,-8.676587104797363,2.9448680877685547,-0.12339477986097336,0.010995574295520782,-0.1918116807937622,2025-07-01 17:52:30.370,1751372550370,-7779,-2620,-1637,-35,59,273
49,2025-07-01 17:52:30.697,2025-07-01 17:52:30.436109,-0.4381389021873474,-8.96389102935791,2.9472622871398926,0.08307767659425735,-0.18570303916931152,-0.40683624148368835,2025-07-01 17:52:30.442,1751372550442,-7796,-2513,-1265,103,-357,-88
50,2025-07-01 17:52:30.887,2025-07-01 17:52:30.542386,0.033518824726343155,-9.210494041442871,2.868253707885742,0.22357667982578278,-0.22968533635139465,-0.5595525503158569,2025-07-01 17:52:30.522,1751372550522,-7755,-2521,-1195,31,36,-14
51,2025-07-01 17:52:30.991,2025-07-01 17:52:30.734940,1.0295066833496094,-9.464279174804688,3.598485231399536,-0.16371189057826996,-0.09651670604944229,-0.8148942589759827,2025-07-01 17:52:30.705,1751372550705,-7778,-2594,-1468,-253,637,-211
52,2025-07-01 17:52:31.085,2025-07-01 17:52:30.846529,1.9800047874450684,-9.181763648986816,3.56017804145813,0.38240164518356323,-0.24923302233219147,-0.7709119319915771,2025-07-01 17:52:30.854,1751372550854,-7602,-2545,-1833,-416,35,-550
53,2025-07-01 17:52:31.187,2025-07-01 17:52:30.938354,3.579331636428833,-8.966285705566406,3.3854012489318848,0.3982841372489929,-0.16982053220272064,-0.7024950385093689,2025-07-01 17:52:30.970,1751372550970,-7766,-2880,-1641,-129,-373,-311
54,2025-07-01 17:52:31.384,2025-07-01 17:52:31.137026,5.5545477867126465,-7.85537576675415,3.4811692237854004,-0.34086281061172485,0.0012217304902151227,-0.5705481171607971,2025-07-01 17:52:31.166,1751372551166,-7793,-2463,-1200,-209,-594,50
55,2025-07-01 17:52:31.484,2025-07-01 17:52:31.228771,5.815515995025635,-7.003039836883545,3.4763808250427246,-0.21502456068992615,-0.1014036312699318,-0.48380526900291443,2025-07-01 17:52:31.237,1751372551237,-7599,-2601,-1187,-183,-159,59
56,2025-07-01 17:52:31.584,2025-07-01 17:52:31.336878,5.810727596282959,-9.244012832641602,4.14915132522583,-0.5351179838180542,0.15393804013729095,0.042760565876960754,2025-07-01 17:52:31.342,1751372551342,-7626,-2573,-1161,-589,-183,-30
57,2025-07-01 17:52:31.702,2025-07-01 17:52:31.434583,5.03021764755249,-7.295132637023926,3.751713991165161,-0.17104226350784302,-0.02076941914856434,-0.09773843735456467,2025-07-01 17:52:31.424,1751372551424,-7647,-2219,-1165,-574,-373,366
58,2025-07-01 17:52:31.990,2025-07-01 17:52:31.721125,5.535394191741943,-6.943184852600098,3.19865345954895,0.4153883755207062,0.0806342139840126,-0.24434609711170197,2025-07-01 17:52:31.706,1751372551706,-7982,-2395,-1213,-85,96,108
59,2025-07-01 17:52:32.184,2025-07-01 17:52:31.939365,6.45476770401001,-4.659116744995117,1.8914192914962769,0.6438519954681396,-0.14416420459747314,-0.11728613078594208,2025-07-01 17:52:31.961,1751372551961,-7672,-2428,-959,-30,93,-140
60,2025-07-01 17:52:32.384,2025-07-01 17:52:32.144748,7.132327079772949,-4.946420669555664,5.07570743560791,0.8038986921310425,-1.8777997493743896,-1.7898352146148682,2025-07-01 17:52:32.151,1751372552151,-7611,-2542,-1316,-359,-115,-455
61,2025-07-01 17:52:32.500,2025-07-01 17:52:32.238425,9.742006301879883,-4.491522312164307,3.1028854846954346,-2.6731462478637695,-2.280970811843872,-2.4935519695281982,2025-07-01 17:52:32.260,1751372552260,-7601,-2897,-1155,-93,92,-470
62,2025-07-01 17:52:32.595,2025-07-01 17:52:32.320703,10.979808807373047,-7.69735860824585,0.035913024097681046,1.0751228332519531,-0.6438519954681396,-1.1728612184524536,2025-07-01 17:52:32.332,1751372552332,-7645,-2808,-1398,509,-209,-896
63,2025-07-01 17:52:32.701,2025-07-01 17:52:32.434526,10.02452278137207,-2.8562827110290527,1.4221558570861816,1.6493362188339233,-0.24190263450145721,0.08307767659425735,2025-07-01 17:52:32.410,1751372552410,-7602,-2810,-987,981,-419,-218
64,2025-07-01 17:52:32.790,2025-07-01 17:52:32.547179,9.361329078674316,-2.427720546722412,1.460463047027588,1.0348057746887207,0.4447098970413208,0.2993239760398865,2025-07-01 17:52:32.507,1751372552507,-7564,-2784,-767,2136,-56,-374
65,2025-07-01 17:52:33.195,2025-07-01 17:52:32.941416,9.23682975769043,-2.717418909072876,1.05105459690094,-0.827111542224884,0.05619960278272629,0.0012217304902151227,2025-07-01 17:52:32.971,1751372552971,-7193,-4358,426,701,-222,-1003
66,2025-07-01 17:52:33.295,2025-07-01 17:52:33.033707,9.210494041442871,-3.5673606395721436,0.8786720037460327,-0.6548475623130798,-0.039095375686883926,-0.06841690838336945,2025-07-01 17:52:33.059,1751372553059,-6853,-4268,453,299,-314,-854
67,2025-07-01 17:52:33.402,2025-07-01 17:52:33.121404,9.308655738830566,-3.555389642715454,0.8906430602073669,0.2125810980796814,-0.11484266817569733,-0.14294247329235077,2025-07-01 17:52:33.127,1751372553127,-7173,-4300,449,107,39,-390
68,2025-07-01 17:52:33.502,2025-07-01 17:52:33.229189,9.569623947143555,-3.4165258407592773,0.8475474119186401,0.17592918872833252,-0.06108652427792549,0.0806342139840126,2025-07-01 17:52:33.238,1751372553238,-7051,-3970,560,-990,539,751
69,2025-07-01 17:52:33.617,2025-07-01 17:52:33.327375,9.260771751403809,-4.857835292816162,0.8451532125473022,-1.930334210395813,0.7257078886032104,1.207069754600525,2025-07-01 17:52:33.320,1751372553320,-7106,-3861,160,-1735,703,1489
70,2025-07-01 17:52:33.715,2025-07-01 17:52:33.434632,8.547300338745117,-5.827486991882324,1.2880805730819702,-0.8087855577468872,0.6572909951210022,1.4758504629135132,2025-07-01 17:52:33.406,1751372553406,-7095,-3574,133,-2305,1059,2084
71,2025-07-01 17:52:34.392,2025-07-01 17:52:33.938709,5.705382823944092,-7.603984832763672,2.911349296569824,-0.8026769161224365,0.08429940044879913,-0.44837507605552673,2025-07-01 17:52:33.979,1751372553979,-7727,-2598,-1888,-437,-545,-143
72,2025-07-01 17:52:34.498,2025-07-01 17:52:34.322386,5.197812080383301,-8.777143478393555,1.8914192914962769,-0.5143485069274902,0.11484266817569733,-0.00366519158706069,2025-07-01 17:52:34.296,1751372554296,-7571,-1994,-1430,-362,-317,-83
73,2025-07-01 17:52:34.684,2025-07-01 17:52:34.440410,4.93923807144165,-8.063671112060547,1.5705963373184204,0.4141666293144226,-0.00733038317412138,-0.08185594528913498,2025-07-01 17:52:34.478,1751372554478,-7950,-2261,-1592,346,-482,59
74,2025-07-01 17:52:34.991,2025-07-01 17:52:34.742384,5.75326681137085,-8.245630264282227,2.2601263523101807,0.16859880089759827,-0.2528982162475586,0.2015855312347412,2025-07-01 17:52:34.760,1751372554760,-7957,-2663,-997,279,-540,-568
75,2025-07-01 17:52:35.211,2025-07-01 17:52:34.939377,4.7405195236206055,-9.402029991149902,2.121262788772583,0.3628539443016052,-0.42760565876960754,0.8833111524581909,2025-07-01 17:52:34.941,1751372554941,-7639,-2677,-1081,430,-338,-183
76,2025-07-01 17:52:35.289,2025-07-01 17:52:35.043062,3.4380736351013184,-10.376470565795898,2.894589900970459,0.8148942589759827,-0.4080579876899719,1.1643091440200806,2025-07-01 17:52:35.023,1751372555023,-7607,-2534,-746,408,61,-516
77,2025-07-01 17:52:35.402,2025-07-01 17:52:35.145584,2.3032219409942627,-10.47702693939209,3.2585084438323975,0.36651915311813354,-0.4740314185619354,1.4196507930755615,2025-07-01 17:52:35.138,1751372555138,-7943,-2913,-698,500,10,-804
78,2025-07-01 17:52:35.502,2025-07-01 17:52:35.245806,0.5817909836769104,-10.204087257385254,3.6942532062530518,-0.16249015927314758,-0.5424483418464661,1.5454890727996826,2025-07-01 17:52:35.218,1751372555218,-7555,-3109,-807,1094,94,-475
79,2025-07-01 17:52:35.788,2025-07-01 17:52:35.551237,-3.021482467651367,-7.65186882019043,3.531447410583496,0.06719517707824707,-0.6963863968849182,1.2620476484298706,2025-07-01 17:52:35.575,1751372555575,-7361,-3502,-204,1606,-204,-867
80,2025-07-01 17:52:35.884,2025-07-01 17:52:35.638790,-3.529053211212158,-7.1921820640563965,3.4787750244140625,0.07941248267889023,-0.7476990818977356,0.8979719281196594,2025-07-01 17:52:35.658,1751372555658,-7419,-3496,-331,1639,-492,-502
81,2025-07-01 17:52:35.985,2025-07-01 17:52:35.750714,-4.07014274597168,-7.139509677886963,3.955221176147461,0.0708603709936142,-0.7073819637298584,0.7037167549133301,2025-07-01 17:52:35.739,1751372555739,-7387,-3495,82,1097,-1048,-396
82,2025-07-01 17:52:36.086,2025-07-01 17:52:35.845200,-3.8810009956359863,-6.993463039398193,4.367023944854736,-0.07452555745840073,-0.7684684991836548,0.626747727394104,2025-07-01 17:52:35.882,1751372555882,-7674,-3660,128,-2129,-2776,-520
83,2025-07-01 17:52:36.185,2025-07-01 17:52:35.945092,-3.845088005065918,-7.513004779815674,4.747702121734619,-0.1270599663257599,-0.7342600226402283,0.4703662395477295,2025-07-01 17:52:35.925,1751372555925,-6842,-3971,737,-2873,-2957,-584
84,2025-07-01 17:52:36.285,2025-07-01 17:52:36.044759,-3.6607344150543213,-7.704541206359863,5.020640850067139,-0.021991148591041565,-0.6279694437980652,0.31520646810531616,2025-07-01 17:52:36.015,1751372556015,-6818,-4028,1067,-2493,-2841,-606
85,2025-07-01 17:52:36.399,2025-07-01 17:52:36.144566,-3.6104562282562256,-6.995857238769531,5.43723201751709,0.48869219422340393,-0.5827654600143433,0.16737708449363708,2025-07-01 17:52:36.115,1751372556115,-7288,-4249,1349,-89,10,310
86,2025-07-01 17:52:36.484,2025-07-01 17:52:36.244447,-3.397372245788574,-6.617573261260986,5.772420406341553,0.48869219422340393,-0.33719760179519653,0.0806342139840126,2025-07-01 17:52:36.229,1751372556229,-7133,-4154,964,1057,506,-260
87,2025-07-01 17:52:36.605,2025-07-01 17:52:36.345180,-3.251325845718384,-6.691793918609619,5.849034786224365,0.4337143301963806,-0.24068090319633484,-0.11362093687057495,2025-07-01 17:52:36.370,1751372556370,-7344,-3761,1087,631,560,-341
88,2025-07-01 17:52:36.884,2025-07-01 17:52:36.652096,-3.07415509223938,-5.872976779937744,7.283161640167236,0.42149701714515686,0.04642575979232788,-0.06963863968849182,2025-07-01 17:52:36.661,1751372556661,-7457,-4038,1052,245,389,70
89,2025-07-01 17:52:36.984,2025-07-01 17:52:36.748187,-3.1914708614349365,-5.480327606201172,7.405265808105469,0.4447098970413208,0.059864792972803116,-0.07330382615327835,2025-07-01 17:52:36.778,1751372556778,-7455,-3990,675,129,452,-75
90,2025-07-01 17:52:37.108,2025-07-01 17:52:36.837808,-3.406949043273926,-5.25527286529541,7.5968017578125,0.5497786998748779,0.07208210229873657,-0.036651913076639175,2025-07-01 17:52:36.837,1751372556837,-7150,-4202,892,189,520,-337
91,2025-07-01 17:52:37.185,2025-07-01 17:52:36.920604,-3.3446998596191406,-5.018246650695801,7.757213592529297,0.3591887652873993,0.039095375686883926,-0.08185594528913498,2025-07-01 17:52:36.910,1751372556910,-7446,-4218,882,153,221,-323
92,2025-07-01 17:52:37.395,2025-07-01 17:52:37.145625,-3.2752678394317627,-4.0533833503723145,8.224082946777344,0.5424483418464661,0.00366519158706069,-0.0354301854968071,2025-07-01 17:52:37.185,1751372557185,-7479,-4158,747,-71,96,11
93,2025-07-01 17:52:37.507,2025-07-01 17:52:37.241370,-3.1866824626922607,-3.576937437057495,8.362946510314941,0.4715879559516907,-0.010995574295520782,-0.04398229718208313,2025-07-01 17:52:37.271,1751372557271,-7151,-4008,726,78,-49,-557
94,2025-07-01 17:52:37.594,2025-07-01 17:52:37.351985,-3.2752678394317627,-3.2369606494903564,8.470685958862305,0.45814892649650574,0.012217304669320583,-0.0024434609804302454,2025-07-01 17:52:37.372,1751372557372,-7089,-4388,698,20,-121,-394
95,2025-07-01 17:52:37.784,2025-07-01 17:52:37.548760,-3.3877954483032227,-2.580949544906616,8.729259490966797,0.3237585723400116,0.0354301854968071,0.05009094998240471,2025-07-01 17:52:37.556,1751372557556,-7293,-4264,1048,93,-264,-601
96,2025-07-01 17:52:37.884,2025-07-01 17:52:37.642785,-3.224989652633667,-2.169146776199341,8.647856712341309,0.13561208546161652,-0.02076941914856434,0.00855211354792118,2025-07-01 17:52:37.663,1751372557663,-7233,-4325,1101,123,-336,-380
97,2025-07-01 17:52:37.984,2025-07-01 17:52:37.743701,-3.423708438873291,-2.27209734916687,8.588001251220703,-0.09285151958465576,0.021991148591041565,-0.01466076634824276,2025-07-01 17:52:37.749,1751372557749,-7190,-4338,901,88,74,-259
98,2025-07-01 17:52:38.084,2025-07-01 17:52:37.850979,-3.287238836288452,-2.607285737991333,8.655038833618164,-0.36529740691185,-0.01710422709584236,-0.06475171446800232,2025-07-01 17:52:37.818,1751372557818,-7219,-4288,1123,-287,-91,-97
99,2025-07-01 17:52:38.189,2025-07-01 17:52:37.953984,-3.2393548488616943,-3.004723072052002,8.355764389038086,-0.7342600226402283,-0.009773843921720982,-0.051312681287527084,2025-07-01 17:52:37.917,1751372557917,-7217,-4299,1112,-278,-47,-14
100,2025-07-01 17:52:38.289,2025-07-01 17:52:38.049788,-3.354276657104492,-4.094084739685059,8.243236541748047,-1.0800096988677979,-0.0024434609804302454,0.01710422709584236,2025-07-01 17:52:38.083,1751372558083,-7248,-4270,1040,82,241,-75
101,2025-07-01 17:52:38.384,2025-07-01 17:52:38.145999,-3.2297780513763428,-5.0254292488098145,7.654263019561768,-1.1374311447143555,-0.006108652334660292,-0.02076941914856434,2025-07-01 17:52:38.169,1751372558169,-7263,-4280,1047,84,200,-53
102,2025-07-01 17:52:38.494,2025-07-01 17:52:38.244691,-3.4356794357299805,-6.119579315185547,7.513004779815674,-0.8600982427597046,0.04153883829712868,-0.006108652334660292,2025-07-01 17:52:38.264,1751372558264,-7054,-4432,706,-295,140,151
103,2025-07-01 17:52:38.584,2025-07-01 17:52:38.341291,-3.3063924312591553,-6.035782337188721,6.809109687805176,-0.4605923891067505,0.1014036312699318,-0.015882495790719986,2025-07-01 17:52:38.373,1751372558373,-7092,-4412,672,-144,522,523
104,2025-07-01 17:52:38.684,2025-07-01 17:52:38.442875,-3.0765492916107178,-5.4013190269470215,6.464344501495361,-0.07208210229873657,0.26511552929878235,-0.17959438264369965,2025-07-01 17:52:38.449,1751372558449,-7441,-3978,796,-337,453,662
105,2025-07-01 17:52:38.785,2025-07-01 17:52:38.531528,-3.066972494125366,-5.499481201171875,6.0405707359313965,-0.2736676335334778,0.4862487316131592,-0.28955012559890747,2025-07-01 17:52:38.531,1751372558531,-7493,-4169,484,-319,486,889
106,2025-07-01 17:52:38.884,2025-07-01 17:52:38.641881,-3.181894063949585,-5.5545477867126465,5.116408824920654,-0.19792033731937408,0.7538077235221863,-0.41661009192466736,2025-07-01 17:52:38.619,1751372558619,-7337,-3759,400,-523,544,409
107,2025-07-01 17:52:39.089,2025-07-01 17:52:38.846788,-4.046200752258301,-8.087613105773926,2.7246015071868896,-0.9004153609275818,1.947438359260559,-0.44104471802711487,2025-07-01 17:52:38.811,1751372558811,-7385,-3932,607,-535,46,220
108,2025-07-01 17:52:39.202,2025-07-01 17:52:38.946952,-4.529829502105713,-9.897629737854004,2.403778553009033,-1.0934487581253052,1.7812830209732056,-0.807563841342926,2025-07-01 17:52:38.984,1751372558984,-7552,-3888,596,-537,-181,526
109,2025-07-01 17:52:39.284,2025-07-01 17:52:39.046524,-3.976768970489502,-9.892841339111328,2.3511061668395996,0.9065240025520325,1.2424999475479126,-1.2229522466659546,2025-07-01 17:52:39.065,1751372559065,-7351,-3905,395,-465,18,185
110,2025-07-01 17:52:39.598,2025-07-01 17:52:39.328853,-2.8107926845550537,-9.44991397857666,2.8993782997131348,0.18814650177955627,0.04153883829712868,-0.48258355259895325,2025-07-01 17:52:39.341,1751372559341,-7686,-3504,53,-994,1094,348
111,2025-07-01 17:52:39.788,2025-07-01 17:52:39.534744,-1.278503656387329,-8.53293514251709,2.7533318996429443,-0.19914206862449646,0.015882495790719986,-0.5937610268592834,2025-07-01 17:52:39.526,1751372559526,-7566,-3062,-389,-826,835,735
112,2025-07-01 17:52:40.002,2025-07-01 17:52:39.752493,0.8212111592292786,-10.283096313476562,3.28963303565979,-0.2773328125476837,-0.030543262138962746,-1.1410962343215942,2025-07-01 17:52:39.715,1751372559715,-7602,-2756,-1059,-162,384,67
113,2025-07-01 17:52:40.101,2025-07-01 17:52:39.841415,2.2649147510528564,-9.394847869873047,3.5434184074401855,0.5277875661849976,-0.29077184200286865,-1.1704177856445312,2025-07-01 17:52:39.882,1751372559882,-7570,-3073,-1048,-175,624,-127
114,2025-07-01 17:52:40.216,2025-07-01 17:52:39.951384,3.797203779220581,-7.714118003845215,2.9328970909118652,0.16737708449363708,-0.13805554807186127,-0.911410927772522,2025-07-01 17:52:39.976,1751372559976,-7749,-3023,-1343,-246,279,-206
115,2025-07-01 17:52:40.298,2025-07-01 17:52:40.040759,4.98472785949707,-9.181763648986816,3.0885202884674072,-0.66584312915802,0.1270599663257599,-0.7757988572120667,2025-07-01 17:52:40.065,1751372560065,-7724,-3187,-989,-291,-135,197
116,2025-07-01 17:52:40.509,2025-07-01 17:52:40.250233,5.216965675354004,-8.576030731201172,3.1890766620635986,-0.09773843735456467,-0.06475171446800232,-0.2577851414680481,2025-07-01 17:52:40.248,1751372560248,-7803,-2935,-967,-381,-294,400
117,2025-07-01 17:52:40.600,2025-07-01 17:52:40.344729,5.104437828063965,-8.59997272491455,3.177105665206909,0.05742133408784866,0.021991148591041565,-0.030543262138962746,2025-07-01 17:52:40.345,1751372560345,-8012,-2431,-752,-778,-526,524
118,2025-07-01 17:52:40.697,2025-07-01 17:52:40.442684,4.7620673179626465,-8.125920295715332,3.0597896575927734,-0.03420845419168472,-0.03298672288656235,0.004886921960860491,2025-07-01 17:52:40.436,1751372560436,-8028,-2385,-745,-420,-360,178
119,2025-07-01 17:52:40.794,2025-07-01 17:52:40.544689,4.9583916664123535,-8.226476669311523,2.9688100814819336,-0.04642575979232788,0.042760565876960754,-0.1612684279680252,2025-07-01 17:52:40.513,1751372560513,-8018,-2366,-1028,-610,-330,172
120,2025-07-01 17:52:40.886,2025-07-01 17:52:40.629089,5.331887245178223,-7.733271598815918,2.9520506858825684,-0.3029891550540924,0.07330382615327835,-0.05253441259264946,2025-07-01 17:52:40.611,1751372560611,-7874,-1936,-911,325,278,584
121,2025-07-01 17:52:41.193,2025-07-01 17:52:40.946546,5.858611583709717,-6.390124320983887,1.0103530883789062,1.3390166759490967,-0.8943067193031311,-0.22479841113090515,2025-07-01 17:52:40.984,1751372560984,-7869,-1702,-483,233,-81,-8
122,2025-07-01 17:52:41.399,2025-07-01 17:52:41.154076,7.6782050132751465,-6.813898086547852,3.861847400665283,-1.2877039909362793,-1.23394775390625,-1.6994271278381348,2025-07-01 17:52:41.134,1751372561134,-8211,-1718,-708,572,189,-945
123,2025-07-01 17:52:41.591,2025-07-01 17:52:41.349064,8.343792915344238,-4.168305397033691,0.35673606395721436,0.3689626157283783,0.5852088928222656,-0.5375614166259766,2025-07-01 17:52:41.366,1751372561366,-7842,-2283,-712,1787,463,268
124,2025-07-01 17:52:41.703,2025-07-01 17:52:41.448476,8.221688270568848,-4.553771495819092,-0.38067805767059326,-0.48380526900291443,0.4508185386657715,-0.4251621961593628,2025-07-01 17:52:41.410,1751372561410,-7823,-2598,-839,2129,133,-115
125,2025-07-01 17:52:41.815,2025-07-01 17:52:41.542836,8.62391471862793,-4.54419469833374,-0.3758896589279175,-0.6230825781822205,-0.028099801391363144,-0.35063666105270386,2025-07-01 17:52:41.510,1751372561510,-7647,-2626,-624,1223,102,281
126,2025-07-01 17:52:41.899,2025-07-01 17:52:41.637926,9.011775016784668,-4.242525577545166,0.035913024097681046,0.20036379992961884,-0.4911356568336487,-0.3836233615875244,2025-07-01 17:52:41.676,1751372561676,-7647,-2588,-249,491,76,183
127,2025-07-01 17:52:41.993,2025-07-01 17:52:41.743848,8.992621421813965,-4.850652694702148,0.15801730751991272,0.5998696684837341,-0.7452555894851685,-0.19425514340400696,2025-07-01 17:52:41.771,1751372561771,-7910,-2359,-234,9,372,594
128,2025-07-01 17:52:42.103,2025-07-01 17:52:41.844725,10.374075889587402,-5.477933406829834,1.4939818382263184,-0.7611380815505981,0.31154128909111023,0.14905111491680145,2025-07-01 17:52:41.863,1751372561863,-8242,-1930,-620,-234,113,329
129,2025-07-01 17:52:42.184,2025-07-01 17:52:41.953181,9.102754592895508,-4.144362926483154,-0.11252748221158981,0.5424483418464661,0.08429940044879913,-0.019547687843441963,2025-07-01 17:52:41.977,1751372561977,-8259,-2128,-616,-608,75,270
130,2025-07-01 17:52:42.391,2025-07-01 17:52:42.221877,8.60236644744873,-9.100360870361328,2.006340980529785,-0.45814892649650574,1.0030407905578613,2.3408355712890625,2025-07-01 17:52:42.258,1751372562258,-7924,-1983,-609,-219,-38,-354
131,2025-07-01 17:52:42.586,2025-07-01 17:52:42.344889,6.081272125244141,-7.7428483963012695,2.451662540435791,0.10018189996480942,1.528384804725647,2.6474900245666504,2025-07-01 17:52:42.342,1751372562342,-7909,-2030,-438,-226,-122,-380
132,2025-07-01 17:52:42.697,2025-07-01 17:52:42.438737,4.156333923339844,-7.067683219909668,1.4724340438842773,0.9859365224838257,0.2993239760398865,1.470963478088379,2025-07-01 17:52:42.408,1751372562408,-8193,-2030,-423,103,22,-87
133,2025-07-01 17:52:42.806,2025-07-01 17:52:42.549319,4.0294413566589355,-6.253654956817627,1.280897855758667,0.14538592100143433,-0.14416420459747314,-0.0012217304902151227,2025-07-01 17:52:42.521,1751372562521,-8239,-1948,-423,206,127,-107
134,2025-07-01 17:52:42.894,2025-07-01 17:52:42.643097,4.728548526763916,-7.338228225708008,1.9249382019042969,-0.2577851414680481,-0.010995574295520782,-0.45814892649650574,2025-07-01 17:52:42.675,1751372562675,-7843,-2344,-528,-299,-251,-166
135,2025-07-01 17:52:42.994,2025-07-01 17:52:42.730387,5.396530628204346,-7.249642848968506,1.968033790588379,-0.30054569244384766,-0.1563815027475357,-0.39706242084503174,2025-07-01 17:52:42.761,1751372562761,-8013,-2369,-228,-616,-407,-163
136,2025-07-01 17:52:43.085,2025-07-01 17:52:42.844387,5.04218864440918,-8.339004516601562,2.5522189140319824,-0.6487388610839844,0.06719517707824707,-0.12950342893600464,2025-07-01 17:52:42.872,1751372562872,-7832,-2042,-205,-891,-188,-347
137,2025-07-01 17:52:43.184,2025-07-01 17:52:42.955256,5.449203014373779,-8.908824920654297,1.920149803161621,-0.03176499158143997,0.10506882518529892,-0.16249015927314758,2025-07-01 17:52:42.938,1751372562938,-7899,-1952,-215,-760,-229,15
138,2025-07-01 17:52:43.286,2025-07-01 17:52:43.052940,5.2265424728393555,-7.750030994415283,2.1356279850006104,0.07452555745840073,0.08429940044879913,-0.04398229718208313,2025-07-01 17:52:43.037,1751372563037,-8299,-2059,-213,-935,-621,-46
139,2025-07-01 17:52:43.411,2025-07-01 17:52:43.151668,5.238513469696045,-8.324639320373535,2.2457611560821533,-0.17470745742321014,0.22479841113090515,0.11484266817569733,2025-07-01 17:52:43.120,1751372563120,-8234,-1762,-184,-1009,-484,113
140,2025-07-01 17:52:43.484,2025-07-01 17:52:43.252662,5.2911858558654785,-8.183381080627441,2.0877439975738525,0.0757472887635231,-0.00733038317412138,0.09529497474431992,2025-07-01 17:52:43.216,1751372563216,-8215,-1762,-347,-741,-593,-279
141,2025-07-01 17:52:43.587,2025-07-01 17:52:43.346162,5.743690013885498,-8.729259490966797,2.0254945755004883,0.042760565876960754,-0.15393804013729095,0.2577851414680481,2025-07-01 17:52:43.307,1751372563307,-8286,-2069,-317,-445,-616,-382
142,2025-07-01 17:52:43.790,2025-07-01 17:52:43.552886,4.580107688903809,-10.551246643066406,2.3271639347076416,0.16371189057826996,-0.8955284357070923,1.1313223838806152,2025-07-01 17:52:43.517,1751372563517,-8278,-2060,-92,313,-399,-418
143,2025-07-01 17:52:43.898,2025-07-01 17:52:43.643405,3.3016040325164795,-11.08994197845459,1.4293384552001953,0.3481931984424591,-0.8674286603927612,1.4477506875991821,2025-07-01 17:52:43.671,1751372563671,-7903,-2229,271,521,139,-436
144,2025-07-01 17:52:44.284,2025-07-01 17:52:44.051736,-3.426102638244629,-7.527369976043701,4.062960147857666,-0.08796459436416626,-0.6548475623130798,1.2315043210983276,2025-07-01 17:52:44.041,1751372564041,-7589,-3037,339,1180,501,-821
145,2025-07-01 17:52:44.492,2025-07-01 17:52:44.247888,-3.780444383621216,-8.006210327148438,3.0382418632507324,-1.1594222784042358,-0.9663888216018677,0.38606682419776917,2025-07-01 17:52:44.213,1751372564213,-7612,-3415,-45,1166,821,-448
146,2025-07-01 17:52:44.684,2025-07-01 17:52:44.444477,-3.734954595565796,-6.675034523010254,4.975151062011719,0.4495968222618103,-0.48380526900291443,0.3530801236629486,2025-07-01 17:52:44.469,1751372564469,-7735,-3671,-11,529,318,17
147,2025-07-01 17:52:44.784,2025-07-01 17:52:44.543616,-3.5673606395721436,-6.339846134185791,4.888959884643555,0.40194934606552124,-0.21380282938480377,0.05253441259264946,2025-07-01 17:52:44.561,1751372564561,-7568,-3248,-61,382,-34,6
148,2025-07-01 17:52:44.884,2025-07-01 17:52:44.659587,-3.663128614425659,-6.931213855743408,5.260061264038086,0.6157521605491638,-0.15760323405265808,0.0012217304902151227,2025-07-01 17:52:44.653,1751372564653,-7563,-3227,-36,282,-285,-369
149,2025-07-01 17:52:45.084,2025-07-01 17:52:44.830778,-3.56017804145813,-6.562506675720215,6.50025749206543,0.8723155856132507,-0.19547687470912933,0.051312681287527084,2025-07-01 17:52:44.833,1751372564833,-7685,-3497,341,-207,-789,-862
150,2025-07-01 17:52:45.386,2025-07-01 17:52:45.152386,-3.5242648124694824,-5.655104637145996,7.180211067199707,0.4349360466003418,-0.00366519158706069,-0.08796459436416626,2025-07-01 17:52:45.128,1751372565128,-7501,-3763,392,-303,37,-245
151,2025-07-01 17:52:45.513,2025-07-01 17:52:45.246357,-3.488351821899414,-5.252878665924072,7.615955829620361,0.5668829679489136,0.019547687843441963,-0.0708603709936142,2025-07-01 17:52:45.281,1751372565281,-7522,-4122,408,-39,-35,-341
152,2025-07-01 17:52:45.589,2025-07-01 17:52:45.354567,-3.35667085647583,-4.728548526763916,7.673416614532471,0.5510004758834839,-0.0012217304902151227,-0.019547687843441963,2025-07-01 17:52:45.368,1751372565368,-7445,-4165,425,-43,-15,-185
153,2025-07-01 17:52:45.712,2025-07-01 17:52:45.456783,-3.5170822143554688,-4.462791919708252,7.951143741607666,0.28955012559890747,0.01710422709584236,0.012217304669320583,2025-07-01 17:52:45.465,1751372565465,-7466,-4113,591,-289,-94,5
154,2025-07-01 17:52:45.799,2025-07-01 17:52:45.548974,-3.4979286193847656,-4.098873138427734,7.879317760467529,0.32498031854629517,-0.02687807008624077,-0.0012217304902151227,2025-07-01 17:52:45.558,1751372565558,-7150,-4160,562,-373,-112,-164
155,2025-07-01 17:52:45.908,2025-07-01 17:52:45.653679,-3.485957622528076,-4.46518611907959,8.121131896972656,0.09773843735456467,-0.04642575979232788,0.030543262138962746,2025-07-01 17:52:45.642,1751372565642,-7511,-4214,618,3,-98,-529
156,2025-07-01 17:52:46.102,2025-07-01 17:52:45.853312,-3.335123062133789,-3.5936968326568604,8.29590892791748,0.18936823308467865,-0.013439035043120384,-0.012217304669320583,2025-07-01 17:52:45.856,1751372565856,-7168,-4043,562,-167,18,-328
157,2025-07-01 17:52:46.315,2025-07-01 17:52:46.021541,-3.5027170181274414,-3.406949043273926,8.497021675109863,0.05009094998240471,0.012217304669320583,0.030543262138962746,2025-07-01 17:52:46.036,1751372566036,-7101,-4067,592,-316,51,-262
158,2025-07-01 17:52:46.403,2025-07-01 17:52:46.149484,-3.4572272300720215,-3.318363666534424,8.482656478881836,0.04764748737215996,-0.018325956538319588,0.010995574295520782,2025-07-01 17:52:46.114,1751372566114,-7138,-4069,621,74,77,77
159,2025-07-01 17:52:46.515,2025-07-01 17:52:46.246986,-3.2848446369171143,-3.0765492916107178,8.236053466796875,-0.12095131725072861,-0.01466076634824276,-0.028099801391363144,2025-07-01 17:52:46.278,1751372566278,-7144,-4032,386,-133,-141,13
160,2025-07-01 17:52:46.689,2025-07-01 17:52:46.447638,-3.375824451446533,-4.158728122711182,7.951143741607666,-1.076344609260559,0.010995574295520782,-0.08796459436416626,2025-07-01 17:52:46.475,1751372566475,-7101,-4042,573,-327,308,263
161,2025-07-01 17:52:46.793,2025-07-01 17:52:46.558229,-3.3925838470458984,-5.116408824920654,7.522581577301025,-1.076344609260559,0.03787364438176155,-0.04153883829712868,2025-07-01 17:52:46.547,1751372566547,-7116,-4067,528,-155,151,263
162,2025-07-01 17:52:46.890,2025-07-01 17:52:46.638331,-3.3016040325164795,-5.889736175537109,7.041347026824951,-1.0946705341339111,0.036651913076639175,-0.0403171069920063,2025-07-01 17:52:46.646,1751372566646,-7147,-4185,166,-157,583,521
163,2025-07-01 17:52:46.996,2025-07-01 17:52:46.745714,-3.5913026332855225,-6.780379295349121,6.133944988250732,-1.0641272068023682,0.04886921867728233,-0.05375614017248154,2025-07-01 17:52:46.723,1751372566723,-7465,-3826,338,-247,601,472
164,2025-07-01 17:52:47.092,2025-07-01 17:52:46.848405,-3.0526070594787598,-6.651092529296875,5.39174222946167,-0.6499606370925903,0.10873401165008545,-0.03420845419168472,2025-07-01 17:52:46.818,1751372566818,-7102,-3832,266,-141,1099,294
165,2025-07-01 17:52:47.201,2025-07-01 17:52:46.934370,-2.7988216876983643,-6.04775333404541,4.944026470184326,-0.2687807083129883,0.475253164768219,-0.2919935882091522,2025-07-01 17:52:46.919,1751372566919,-7421,-3866,-303,-250,1126,209
166,2025-07-01 17:52:47.285,2025-07-01 17:52:47.058582,-3.313575267791748,-7.465120792388916,4.153939723968506,-0.36163222789764404,0.7623597979545593,-0.5351179838180542,2025-07-01 17:52:47.096,1751372567096,-7479,-3487,-359,-1279,-609,-145
167,2025-07-01 17:52:47.489,2025-07-01 17:52:47.255967,-2.8419175148010254,-8.482656478881836,3.155557870864868,-0.2125810980796814,1.056796908378601,-0.6792821288108826,2025-07-01 17:52:47.263,1751372567263,-7502,-3839,-466,-1631,93,-817
168,2025-07-01 17:52:47.690,2025-07-01 17:52:47.454324,-2.3942017555236816,-9.299078941345215,2.9927520751953125,0.29077184200286865,0.9908234477043152,-1.3292428255081177,2025-07-01 17:52:47.443,1751372567443,-7124,-4117,-773,-944,-215,-473
169,2025-07-01 17:52:47.795,2025-07-01 17:52:47.547573,-1.414973258972168,-9.828198432922363,2.1787235736846924,0.09162978827953339,0.7476990818977356,-1.3671164512634277,2025-07-01 17:52:47.533,1751372567533,-7147,-4191,-813,-974,-257,-585
170,2025-07-01 17:52:47.892,2025-07-01 17:52:47.649855,0.038307227194309235,-10.63504409790039,1.7693150043487549,0.8808676600456238,0.4300491213798523,-1.0812314748764038,2025-07-01 17:52:47.629,1751372567629,-7109,-4007,-499,-475,-426,211
171,2025-07-01 17:52:47.984,2025-07-01 17:52:47.751120,0.8068459630012512,-9.66299819946289,2.4875755310058594,0.3274237811565399,0.16859880089759827,-1.0690141916275024,2025-07-01 17:52:47.739,1751372567739,-7473,-3794,-499,-269,-536,497
172,2025-07-01 17:52:48.211,2025-07-01 17:52:47.926289,3.3207578659057617,-9.9000244140625,3.3854012489318848,-0.26633724570274353,0.08185594528913498,-0.9663888216018677,2025-07-01 17:52:47.918,1751372567918,-7423,-3639,-596,-153,-641,734
173,2025-07-01 17:52:48.286,2025-07-01 17:52:48.049001,4.07014274597168,-9.258378028869629,2.8179752826690674,0.27977627515792847,0.13439035415649414,-0.7244861721992493,2025-07-01 17:52:48.081,1751372568081,-7623,-3344,19,-119,-1095,461
174,2025-07-01 17:52:48.397,2025-07-01 17:52:48.147279,4.8602294921875,-7.927201747894287,2.5306711196899414,0.16004669666290283,0.0806342139840126,-0.6206390857696533,2025-07-01 17:52:48.163,1751372568163,-7607,-3036,105,119,-898,450
175,2025-07-01 17:52:48.484,2025-07-01 17:52:48.252453,5.39174222946167,-8.44434928894043,2.6192567348480225,-0.16004669666290283,0.18448130786418915,-0.29077184200286865,2025-07-01 17:52:48.257,1751372568257,-7648,-2721,376,56,-438,571
176,2025-07-01 17:52:48.593,2025-07-01 17:52:48.346899,4.879383087158203,-8.35336971282959,2.913743495941162,0.03787364438176155,0.10751228034496307,-0.07452555745840073,2025-07-01 17:52:48.344,1751372568344,-7944,-2894,234,12,-577,578
177,2025-07-01 17:52:48.789,2025-07-01 17:52:48.448025,4.644751071929932,-8.02536392211914,2.8107926845550537,0.05619960278272629,-0.05253441259264946,-0.06963863968849182,2025-07-01 17:52:48.453,1751372568453,-8017,-2475,178,-272,-105,570
178,2025-07-01 17:52:49.185,2025-07-01 17:52:48.856391,4.924872875213623,-7.386112213134766,2.999934673309326,-0.27122417092323303,0.09529497474431992,-0.03298672288656235,2025-07-01 17:52:48.828,1751372568828,-7846,-2498,160,328,-143,329
179,2025-07-01 17:52:49.484,2025-07-01 17:52:49.259113,4.206612586975098,-5.193023681640625,4.398148536682129,0.5876523852348328,-1.3280210494995117,-0.8796459436416626,2025-07-01 17:52:49.280,1751372569280,-8014,-2451,865,-109,-178,-830
180,2025-07-01 17:52:49.586,2025-07-01 17:52:49.322599,6.435614109039307,-8.777143478393555,4.654327869415283,-1.0213667154312134,-0.43615779280662537,-1.5833626985549927,2025-07-01 17:52:49.348,1751372569348,-7969,-2700,496,95,565,-647
181,2025-07-01 17:52:49.784,2025-07-01 17:52:49.521586,7.762001991271973,-5.983109951019287,1.6376339197158813,-0.5595525503158569,-0.24556782841682434,-0.9737191796302795,2025-07-01 17:52:49.516,1751372569516,-7596,-2974,609,374,921,-599
182,2025-07-01 17:52:49.893,2025-07-01 17:52:49.650865,8.334216117858887,-4.398148536682129,-0.667982280254364,-0.01466076634824276,0.0354301854968071,-0.8478809595108032,2025-07-01 17:52:49.648,1751372569648,-7650,-2970,-47,821,1484,375
183,2025-07-01 17:52:49.984,2025-07-01 17:52:49.757352,8.202534675598145,-5.51624059677124,-0.15562310814857483,-1.4550809860229492,-0.19547687470912933,-0.1966986060142517,2025-07-01 17:52:49.718,1751372569718,-7622,-3329,44,1377,1442,172
184,2025-07-01 17:52:50.096,2025-07-01 17:52:49.852496,8.202534675598145,-5.063736438751221,-0.2753331959247589,0.1661553531885147,-0.8295549750328064,-0.44104471802711487,2025-07-01 17:52:49.877,1751372569877,-7942,-3193,-566,1403,1813,-13
185,2025-07-01 17:52:50.296,2025-07-01 17:52:50.022571,9.155426979064941,-4.378994941711426,0.0454898327589035,0.2577851414680481,-0.24923302233219147,-0.1514945775270462,2025-07-01 17:52:50.053,1751372570053,-7762,-3024,-1039,321,203,22
186,2025-07-01 17:52:50.385,2025-07-01 17:52:50.121302,8.640673637390137,-4.242525577545166,-0.8547300100326538,0.384845107793808,-0.07330382615327835,-0.10018189996480942,2025-07-01 17:52:50.160,1751372570160,-7745,-2956,-1036,92,113,-125
187,2025-07-01 17:52:50.485,2025-07-01 17:52:50.221531,9.038111686706543,-3.9887399673461914,-0.21308395266532898,0.18570303916931152,-0.02321287989616394,-0.013439035043120384,2025-07-01 17:52:50.235,1751372570235,-7753,-3140,-756,-265,-261,-73
188,2025-07-01 17:52:50.600,2025-07-01 17:52:50.354451,9.119514465332031,-4.522646903991699,-0.3711012601852417,0.03787364438176155,-0.13561208546161652,0.05375614017248154,2025-07-01 17:52:50.322,1751372570322,-7565,-3166,-881,-378,-189,-92
189,2025-07-01 17:52:50.709,2025-07-01 17:52:50.454942,9.217676162719727,-5.049371242523193,-0.2059013396501541,0.960280179977417,-0.13316862285137177,0.33719760179519653,2025-07-01 17:52:50.416,1751372570416,-7569,-3069,-805,-191,-189,-88
190,2025-07-01 17:52:50.790,2025-07-01 17:52:50.521409,8.801085472106934,-8.774748802185059,1.5634137392044067,-0.5497786998748779,0.9053022861480713,1.7996090650558472,2025-07-01 17:52:50.517,1751372570517,-7808,-2774,-797,-517,-381,100
191,2025-07-01 17:52:51.294,2025-07-01 17:52:51.022018,5.1595048904418945,-8.099584579467773,1.460463047027588,0.021991148591041565,0.0403171069920063,-0.3604104816913605,2025-07-01 17:52:50.988,1751372570988,-7732,-3443,-547,-867,-809,105
192,2025-07-01 17:52:51.388,2025-07-01 17:52:51.139892,4.831499099731445,-8.38688850402832,1.7836803197860718,0.3591887652873993,0.06475171446800232,-0.2541199326515198,2025-07-01 17:52:51.136,1751372571136,-7562,-3178,-363,-473,-777,568
193,2025-07-01 17:52:51.486,2025-07-01 17:52:51.221373,4.929661273956299,-9.658209800720215,1.8602946996688843,-0.02687807008624077,0.2125810980796814,-0.06108652427792549,2025-07-01 17:52:51.262,1751372571262,-7965,-2440,-136,-541,-614,169
194,2025-07-01 17:52:51.595,2025-07-01 17:52:51.322128,4.467580318450928,-9.727641105651855,1.742978811264038,-0.4544837474822998,0.10751228034496307,0.018325956538319588,2025-07-01 17:52:51.357,1751372571357,-8008,-2597,-150,-614,-196,235
195,2025-07-01 17:52:51.684,2025-07-01 17:52:51.453045,4.910507678985596,-8.001421928405762,1.7932571172714233,-0.3090978264808655,0.14049901068210602,-0.08552113175392151,2025-07-01 17:52:51.439,1751372571439,-7882,-2576,-146,-399,-165,161
196,2025-07-01 17:52:52.088,2025-07-01 17:52:51.821906,4.563348293304443,-10.991780281066895,1.9728221893310547,-0.1270599663257599,-0.8002334833145142,1.0995573997497559,2025-07-01 17:52:51.781,1751372571781,-7869,-2269,-27,214,64,-288
197,2025-07-01 17:52:52.409,2025-07-01 17:52:52.121874,-1.1061211824417114,-9.643844604492188,2.3247697353363037,1.4868459701538086,-0.4740314185619354,1.7299703359603882,2025-07-01 17:52:52.132,1751372572132,-7979,-2778,6,222,430,-877
198,2025-07-01 17:52:52.508,2025-07-01 17:52:52.221777,-2.0901381969451904,-8.669404029846191,3.24414324760437,0.16859880089759827,-0.384845107793808,1.6957619190216064,2025-07-01 17:52:52.258,1751372572258,-7629,-2788,-363,464,495,-399
199,2025-07-01 17:52:52.604,2025-07-01 17:52:52.321783,-3.641580820083618,-7.558494567871094,3.641580820083618,-0.47769662737846375,-0.6548475623130798,1.225395679473877,2025-07-01 17:52:52.344,1751372572344,-7948,-3033,-376,861,506,-607
200,2025-07-01 17:52:52.907,2025-07-01 17:52:52.621667,-3.5649664402008057,-7.328651428222656,3.5458126068115234,0.06108652427792549,-0.8906415104866028,0.1612684279680252,2025-07-01 17:52:52.582,1751372572582,-7492,-3564,-94,1923,289,-436
201,2025-07-01 17:52:52.995,2025-07-01 17:52:52.721544,-3.9911341667175293,-7.41484260559082,3.840299606323242,0.2981022298336029,-0.598647952079773,0.2687807083129883,2025-07-01 17:52:52.750,1751372572750,-7308,-3873,-42,650,141,-491
202,2025-07-01 17:52:53.288,2025-07-01 17:52:53.022286,-3.77565598487854,-6.57926607131958,5.406107425689697,0.36163222789764404,-0.26633724570274353,0.09773843735456467,2025-07-01 17:52:53.055,1751372573055,-7266,-4241,512,-134,-618,-242
203,2025-07-01 17:52:53.392,2025-07-01 17:52:53.122240,-3.490746021270752,-6.950367450714111,5.377377033233643,0.16737708449363708,-0.09040805697441101,-0.10384709388017654,2025-07-01 17:52:53.118,1751372573118,-7140,-4381,237,96,-244,-279
204,2025-07-01 17:52:53.492,2025-07-01 17:52:53.221005,-3.706224203109741,-6.845022678375244,6.071695327758789,0.27488934993743896,-0.03420845419168472,-0.1661553531885147,2025-07-01 17:52:53.222,1751372573222,-7049,-4082,546,108,-617,-128
205,2025-07-01 17:52:53.600,2025-07-01 17:52:53.421372,-3.5194764137268066,-6.449979305267334,6.4834980964660645,0.3066543638706207,0.06841690838336945,-0.11239920556545258,2025-07-01 17:52:53.421,1751372573421,-7108,-4372,783,-49,-119,-34
206,2025-07-01 17:52:53.904,2025-07-01 17:52:53.621635,-3.3710360527038574,-5.714959621429443,7.496245384216309,0.6120869517326355,0.04764748737215996,-0.024434609338641167,2025-07-01 17:52:53.660,1751372573660,-7164,-4182,804,106,283,-10
207,2025-07-01 17:52:54.089,2025-07-01 17:52:53.822364,-3.533841609954834,-5.125985622406006,7.589619159698486,0.4092797040939331,-0.018325956538319588,0.03176499158143997,2025-07-01 17:52:53.854,1751372573854,-7473,-3990,497,41,-86,-376
208,2025-07-01 17:52:54.429,2025-07-01 17:52:54.121573,-3.3423056602478027,-3.6846764087677,8.157045364379883,0.3604104816913605,-0.006108652334660292,0.03176499158143997,2025-07-01 17:52:54.135,1751372574135,-7164,-3982,465,24,-102,-375
209,2025-07-01 17:52:54.587,2025-07-01 17:52:54.321326,-3.445256233215332,-3.450044631958008,8.425195693969727,0.28588494658470154,0.004886921960860491,-0.021991148591041565,2025-07-01 17:52:54.283,1751372574283,-7067,-4388,771,-297,-273,-169
210,2025-07-01 17:52:54.699,2025-07-01 17:52:54.421579,-3.6343982219696045,-2.980781078338623,8.525752067565918,0.32620203495025635,0.03420845419168472,-0.010995574295520782,2025-07-01 17:52:54.432,1751372574432,-7053,-4440,811,-84,-80,-308
211,2025-07-01 17:52:54.884,2025-07-01 17:52:54.622422,-3.469198226928711,-3.023876667022705,8.485051155090332,-0.1771509200334549,0.06108652427792549,-0.01710422709584236,2025-07-01 17:52:54.587,1751372574587,-7286,-4447,810,-89,-86,-284
212,2025-07-01 17:52:54.984,2025-07-01 17:52:54.721834,-3.3470940589904785,-3.1100680828094482,8.015787124633789,-0.5192354321479797,0.010995574295520782,-0.09040805697441101,2025-07-01 17:52:54.738,1751372574738,-7270,-4241,861,36,-121,100
213,2025-07-01 17:52:55.086,2025-07-01 17:52:54.821619,-3.2178070545196533,-4.357447147369385,7.929595947265625,-1.1215485334396362,-0.042760565876960754,-0.1270599663257599,2025-07-01 17:52:54.821,1751372574821,-7047,-4468,830,60,-19,-63
214,2025-07-01 17:52:55.204,2025-07-01 17:52:54.921985,-3.354276657104492,-5.509057998657227,7.568071365356445,-1.1288789510726929,0.0354301854968071,-0.015882495790719986,2025-07-01 17:52:54.948,1751372574948,-7291,-4379,773,-297,285,-25
215,2025-07-01 17:52:55.287,2025-07-01 17:52:55.021568,-3.485957622528076,-6.390124320983887,7.283161640167236,-1.0800096988677979,0.05619960278272629,0.021991148591041565,2025-07-01 17:52:55.012,1751372575012,-7230,-4372,440,-632,216,220
216,2025-07-01 17:52:55.386,2025-07-01 17:52:55.121861,-3.3901896476745605,-6.907271862030029,6.5265936851501465,-0.6633996367454529,0.09162978827953339,-0.03298672288656235,2025-07-01 17:52:55.108,1751372575108,-7168,-3988,556,-536,464,472
217,2025-07-01 17:52:55.685,2025-07-01 17:52:55.421538,-3.3231520652770996,-6.473921298980713,4.046200752258301,-0.16004669666290283,1.0787880420684814,-0.5253441333770752,2025-07-01 17:52:55.455,1751372575455,-7577,-3033,12,-1519,58,1094
218,2025-07-01 17:52:55.884,2025-07-01 17:52:55.621895,-3.021482467651367,-8.707711219787598,1.4939818382263184,-0.1771509200334549,1.29381263256073,-1.6090190410614014,2025-07-01 17:52:55.581,1751372575581,-7795,-3028,-322,-1297,-4,170
219,2025-07-01 17:52:55.987,2025-07-01 17:52:55.721591,-0.8643068075180054,-9.813833236694336,2.7509377002716064,0.36163222789764404,0.3604104816913605,-2.1148154735565186,2025-07-01 17:52:55.720,1751372575720,-7724,-2880,-863,-1462,781,14
220,2025-07-01 17:52:56.085,2025-07-01 17:52:55.821697,0.7757213711738586,-11.966219902038574,2.0853497982025146,-0.5485569834709167,0.39706242084503174,-1.742187738418579,2025-07-01 17:52:55.820,1751372575820,-7756,-2914,-691,-1670,1047,-375
221,2025-07-01 17:52:56.198,2025-07-01 17:52:55.921493,1.7956513166427612,-11.638214111328125,2.7246015071868896,-0.4447098970413208,0.3078760802745819,-0.9651671051979065,2025-07-01 17:52:55.908,1751372575908,-7599,-2760,-1375,-1492,676,-239
222,2025-07-01 17:52:56.385,2025-07-01 17:52:56.021517,1.8387469053268433,-10.498574256896973,2.387019157409668,-0.4801400899887085,0.26022860407829285,-0.2431243658065796,2025-07-01 17:52:56.007,1751372576007,-7942,-2772,-1573,-1398,243,-249
223,2025-07-01 17:52:56.597,2025-07-01 17:52:56.421203,1.9033904075622559,-9.028534889221191,1.577778935432434,-0.5253441333770752,0.28955012559890747,-0.7916813492774963,2025-07-01 17:52:56.455,1751372576455,-7687,-2736,-1463,-213,357,-446
224,2025-07-01 17:52:56.790,2025-07-01 17:52:56.521654,3.378218650817871,-9.337387084960938,1.8602946996688843,0.1319468915462494,0.2626720666885376,-0.6475171446800232,2025-07-01 17:52:56.557,1751372576557,-7807,-3171,-1659,-854,-173,-251
225,2025-07-01 17:52:56.884,2025-07-01 17:52:56.621668,4.757278919219971,-9.605537414550781,1.7932571172714233,0.4386012554168701,0.12339477986097336,-0.6340781450271606,2025-07-01 17:52:56.633,1751372576633,-7397,-2706,-1605,-228,-583,-120
226,2025-07-01 17:52:56.986,2025-07-01 17:52:56.721526,5.17626428604126,-8.908824920654297,1.5873557329177856,-0.042760565876960754,0.06352998316287994,-0.44593164324760437,2025-07-01 17:52:56.750,1751372576750,-7713,-2896,-1258,-778,-447,329
227,2025-07-01 17:52:57.084,2025-07-01 17:52:56.821394,5.384559631347656,-8.355764389038086,1.659181833267212,0.2028072625398636,0.1918116807937622,-0.34086281061172485,2025-07-01 17:52:56.832,1751372576832,-7736,-2878,-1357,-553,-511,718
228,2025-07-01 17:52:57.189,2025-07-01 17:52:56.921861,5.284003257751465,-8.10437297821045,2.255337953567505,0.20402899384498596,0.051312681287527084,-0.2370157092809677,2025-07-01 17:52:56.902,1751372576902,-7775,-2844,-1336,-224,-469,1143
229,2025-07-01 17:52:57.406,2025-07-01 17:52:57.121723,5.418078422546387,-7.592013359069824,2.557007312774658,-0.30543261766433716,0.1258382350206375,-0.19058994948863983,2025-07-01 17:52:57.084,1751372577084,-7890,-1732,-1010,762,-352,993
230,2025-07-01 17:52:57.584,2025-07-01 17:52:57.422382,6.155492782592773,-6.27280855178833,3.8786067962646484,2.135584831237793,-0.6951646208763123,-0.32498031854629517,2025-07-01 17:52:57.438,1751372577438,-8281,-1632,-785,-644,-396,-868
231,2025-07-01 17:52:57.884,2025-07-01 17:52:57.621900,9.93354320526123,-4.041412353515625,1.8363527059555054,-1.5796974897384644,-1.99752938747406,-2.6584856510162354,2025-07-01 17:52:57.654,1751372577654,-7814,-2370,-1151,53,873,-827
232,2025-07-01 17:52:57.991,2025-07-01 17:52:57.721378,9.569623947143555,-4.795586109161377,0.9696516990661621,0.25534167885780334,-0.8686503767967224,-1.7177530527114868,2025-07-01 17:52:57.717,1751372577717,-7988,-2567,-1305,214,524,-559
233,2025-07-01 17:52:58.209,2025-07-01 17:52:57.921586,9.469067573547363,-3.512293815612793,0.45010992884635925,0.012217304669320583,0.3286454975605011,0.2174680233001709,2025-07-01 17:52:57.884,1751372577884,-8027,-1983,-1384,711,326,137
234,2025-07-01 17:52:58.287,2025-07-01 17:52:57.921586,9.469067573547363,-3.512293815612793,0.45010992884635925,0.012217304669320583,0.3286454975605011,0.2174680233001709,2025-07-01 17:52:57.884,1751372577884,-8027,-1983,-1384,711,326,137
235,2025-07-01 17:52:59.592,2025-07-01 17:52:59.321348,5.944802761077881,-7.630321025848389,2.279279947280884,-0.2528982162475586,0.09285151958465576,-0.042760565876960754,2025-07-01 17:52:59.325,1751372579325,-7797,-2642,-1629,-391,-598,569
236,2025-07-01 17:52:59.696,2025-07-01 17:52:59.421586,5.293580055236816,-7.987056732177734,2.719813108444214,-0.8820894360542297,0.1612684279680252,0.02687807008624077,2025-07-01 17:52:59.413,1751372579413,-7639,-2259,-1552,-207,-149,145
237,2025-07-01 17:52:59.825,2025-07-01 17:52:59.521523,5.571307182312012,-8.540117263793945,2.2242133617401123,-0.45814892649650574,0.09773843735456467,0.1160643994808197,2025-07-01 17:52:59.506,1751372579506,-7608,-2199,-1249,-293,-163,322
238,2025-07-01 17:53:00.188,2025-07-01 17:52:59.921663,4.371812343597412,-9.931148529052734,2.7437551021575928,0.3689626157283783,-0.66584312915802,1.3658946752548218,2025-07-01 17:52:59.884,1751372579884,-7841,-2321,-979,310,-138,-582
239,2025-07-01 17:53:00.390,2025-07-01 17:53:00.120823,1.5945383310317993,-10.256759643554688,1.946485996246338,0.33475416898727417,-0.455705463886261,1.5112806558609009,2025-07-01 17:53:00.136,1751372580136,-8014,-2686,-756,800,17,-660
240,2025-07-01 17:53:00.490,2025-07-01 17:53:00.220684,-0.3208230137825012,-8.884882926940918,1.7501614093780518,0.304210901260376,-0.5241223573684692,1.5613715648651123,2025-07-01 17:53:00.241,1751372580241,-7635,-3086,-838,735,38,-847
241,2025-07-01 17:53:00.699,2025-07-01 17:53:00.421581,-2.3127987384796143,-9.174580574035645,2.6168625354766846,-0.3188716471195221,-0.8161159753799438,1.0775662660598755,2025-07-01 17:53:00.402,1751372580402,-7803,-3212,-574,1395,-601,-763
242,2025-07-01 17:53:00.784,2025-07-01 17:53:00.521487,-3.6559460163116455,-9.014169692993164,3.00711727142334,-0.12339477986097336,-0.7953465580940247,0.9896016716957092,2025-07-01 17:53:00.510,1751372580510,-7317,-3699,-337,1312,-396,-849
243,2025-07-01 17:53:01.287,2025-07-01 17:53:00.821497,-3.3255462646484375,-7.833827972412109,4.127603530883789,0.33597588539123535,-0.5387831330299377,0.20036379992961884,2025-07-01 17:53:00.781,1751372580781,-7347,-3938,-86,963,349,-258
244,2025-07-01 17:53:01.384,2025-07-01 17:53:01.121415,-3.179499864578247,-6.754043102264404,5.875370979309082,0.475253164768219,-0.294437050819397,-0.00855211354792118,2025-07-01 17:53:01.124,1751372581124,-7338,-3857,302,332,-316,-421
245,2025-07-01 17:53:01.485,2025-07-01 17:53:01.222184,-3.5003228187561035,-6.524199485778809,6.165069580078125,0.27000242471694946,-0.10751228034496307,0.05253441259264946,2025-07-01 17:53:01.216,1751372581216,-7703,-3581,294,366,-132,-445
246,2025-07-01 17:53:01.594,2025-07-01 17:53:01.321470,-3.35667085647583,-6.191405773162842,6.435614109039307,0.6707300543785095,-0.05619960278272629,-0.00855211354792118,2025-07-01 17:53:01.311,1751372581311,-7334,-3766,209,135,-413,-703
247,2025-07-01 17:53:01.684,2025-07-01 17:53:01.421530,-3.3231520652770996,-4.876988887786865,7.357381820678711,0.7672467231750488,-0.04642575979232788,-0.1270599663257599,2025-07-01 17:53:01.389,1751372581389,-7084,-4221,406,309,-136,-562
248,2025-07-01 17:53:02.004,2025-07-01 17:53:01.722454,-3.069366693496704,-4.845864295959473,7.812280178070068,0.5229006409645081,-0.013439035043120384,-0.03298672288656235,2025-07-01 17:53:01.755,1751372581755,-7292,-4091,497,-118,-258,-559
249,2025-07-01 17:53:02.084,2025-07-01 17:53:01.921541,-3.2968156337738037,-3.9815573692321777,8.066065788269043,0.3494149148464203,0.03420845419168472,-0.019547687843441963,2025-07-01 17:53:01.937,1751372581937,-6884,-4667,722,-11,-204,-433
250,2025-07-01 17:53:02.311,2025-07-01 17:53:02.021875,-3.0550012588500977,-3.97916316986084,8.29830265045166,0.18814650177955627,-0.025656340643763542,-0.012217304669320583,2025-07-01 17:53:02.020,1751372582020,-6912,-4619,647,-14,376,-388
251,2025-07-01 17:53:02.386,2025-07-01 17:53:02.121558,-3.2632968425750732,-3.7277719974517822,8.573636054992676,0.11728613078594208,0.019547687843441963,0.021991148591041565,2025-07-01 17:53:02.119,1751372582119,-7219,-4657,502,-97,299,-573
252,2025-07-01 17:53:02.584,2025-07-01 17:53:02.321580,-3.272873640060425,-3.4596214294433594,8.561665534973145,0.31154128909111023,-0.0024434609804302454,0.009773843921720982,2025-07-01 17:53:02.287,1751372582287,-6881,-4677,832,103,100,-301
253,2025-07-01 17:53:02.888,2025-07-01 17:53:02.621336,-3.2297780513763428,-2.894589900970459,8.860940933227539,0.13316862285137177,-0.0024434609804302454,0.030543262138962746,2025-07-01 17:53:02.662,1751372582662,-6862,-4539,885,11,-67,-200
254,2025-07-01 17:53:03.085,2025-07-01 17:53:02.821559,-3.205836057662964,-2.75812029838562,8.798690795898438,-0.15760323405265808,0.06108652427792549,-0.018325956538319588,2025-07-01 17:53:02.795,1751372582795,-6849,-4536,877,66,-92,-517
255,2025-07-01 17:53:03.184,2025-07-01 17:53:02.921514,-3.1675288677215576,-2.647987127304077,8.322244644165039,-0.34574973583221436,-0.00855211354792118,-0.036651913076639175,2025-07-01 17:53:02.939,1751372582939,-6839,-4905,677,10,76,28
256,2025-07-01 17:53:03.389,2025-07-01 17:53:03.121671,-3.375824451446533,-5.331887245178223,8.183381080627441,-1.2327260971069336,-0.015882495790719986,-0.042760565876960754,2025-07-01 17:53:03.124,1751372583124,-7006,-4877,862,12,-102,-263
257,2025-07-01 17:53:04.112,2025-07-01 17:53:03.821400,-3.117250680923462,-8.83939266204834,5.336675643920898,-0.2919935882091522,1.1582005023956299,-0.7061602473258972,2025-07-01 17:53:03.832,1751372583832,-7029,-4518,594,-934,-137,-586
258,2025-07-01 17:53:04.187,2025-07-01 17:53:03.922660,-3.531447410583496,-9.452308654785156,3.6966474056243896,0.01710422709584236,1.2095131874084473,-0.921184778213501,2025-07-01 17:53:03.930,1751372583930,-7217,-4929,381,-1578,-582,-1028
259,2025-07-01 17:53:04.408,2025-07-01 17:53:04.121697,-3.181894063949585,-9.627084732055664,2.784456491470337,-0.3579670190811157,0.8283332586288452,-0.9272934198379517,2025-07-01 17:53:04.139,1751372584139,-6379,-5428,399,-130,5,-901
260,2025-07-01 17:53:04.601,2025-07-01 17:53:04.321408,-1.647210717201233,-9.258378028869629,3.292027235031128,-0.5241223573684692,0.3188716471195221,-0.9480628371238708,2025-07-01 17:53:04.312,1751372584312,-6502,-5251,425,-344,-138,-215
261,2025-07-01 17:53:04.693,2025-07-01 17:53:04.421566,-0.7015010714530945,-10.160991668701172,3.5745432376861572,-0.8100073337554932,0.12828169763088226,-1.016479730606079,2025-07-01 17:53:04.449,1751372584449,-6397,-5215,530,52,532,824
262,2025-07-01 17:53:04.991,2025-07-01 17:53:04.722042,2.0901381969451904,-9.107542991638184,3.335123062133789,-0.1417207419872284,-0.05864306539297104,-0.7855727076530457,2025-07-01 17:53:04.727,1751372584727,-6793,-4907,-65,-910,-23,715
263,2025-07-01 17:53:05.101,2025-07-01 17:53:04.822284,2.473210334777832,-8.83939266204834,3.469198226928711,0.10506882518529892,0.10506882518529892,-0.8197811841964722,2025-07-01 17:53:04.812,1751372584812,-6833,-4629,29,-1112,90,1047
264,2025-07-01 17:53:05.201,2025-07-01 17:53:04.921205,3.995922565460205,-8.518569946289062,2.762908697128296,-0.16982053220272064,-0.04153883829712868,-0.7525860071182251,2025-07-01 17:53:04.912,1751372584912,-7194,-4464,-328,-1039,16,715
265,2025-07-01 17:53:05.690,2025-07-01 17:53:05.421950,5.413290023803711,-8.339004516601562,2.6168625354766846,-0.07208210229873657,0.09651670604944229,0.00366519158706069,2025-07-01 17:53:05.445,1751372585445,-7744,-3430,-207,-362,-266,421
266,2025-07-01 17:53:05.810,2025-07-01 17:53:05.522334,5.212177276611328,-7.977479934692383,3.066972494125366,0.04642575979232788,0.009773843921720982,-0.006108652334660292,2025-07-01 17:53:05.550,1751372585550,-7560,-3448,-193,-163,14,170
267,2025-07-01 17:53:05.891,2025-07-01 17:53:05.722371,6.315904140472412,-7.666234016418457,2.403778553009033,0.12095131725072861,-0.00855211354792118,0.09285151958465576,2025-07-01 17:53:05.743,1751372585743,-7752,-3402,-234,100,-76,125
268,2025-07-01 17:53:06.107,2025-07-01 17:53:05.822284,6.27280855178833,-6.45476770401001,1.534683346748352,-0.10995574295520782,0.1612684279680252,0.27977627515792847,2025-07-01 17:53:05.815,1751372585815,-7645,-3352,-251,37,-100,11
269,2025-07-01 17:53:06.484,2025-07-01 17:53:06.222275,7.5201873779296875,-6.677428722381592,4.125209331512451,-0.6963863968849182,-0.5742133259773254,-1.673770785331726,2025-07-01 17:53:06.259,1751372586259,-7300,-3929,-181,626,372,-590
270,2025-07-01 17:53:06.586,2025-07-01 17:53:06.422458,9.081207275390625,-4.970362663269043,-0.2801215946674347,0.16982053220272064,-0.4153883755207062,-0.43249258399009705,2025-07-01 17:53:06.455,1751372586455,-7102,-4150,84,898,167,36
271,2025-07-01 17:53:06.695,2025-07-01 17:53:06.523026,9.011775016784668,-3.8762125968933105,-0.22744916379451752,0.8112290501594543,-0.35674530267715454,-0.07208210229873657,2025-07-01 17:53:06.528,1751372586528,-7071,-3973,-35,1386,547,291
272,2025-07-01 17:53:07.001,2025-07-01 17:53:06.722506,9.41400146484375,-3.576937437057495,0.9552865028381348,0.5424483418464661,-0.3530801236629486,0.02687807008624077,2025-07-01 17:53:06.706,1751372586706,-7521,-3777,36,681,855,260
273,2025-07-01 17:53:07.289,2025-07-01 17:53:07.021054,9.672574996948242,-4.575319290161133,0.10055647045373917,-0.37629300355911255,0.43249258399009705,1.0054842233657837,2025-07-01 17:53:07.061,1751372587061,-7316,-3736,-314,-645,-218,-110
274,2025-07-01 17:53:07.404,2025-07-01 17:53:07.221628,5.96874475479126,-8.061277389526367,2.4372973442077637,0.26511552929878235,1.1545352935791016,2.537534236907959,2025-07-01 17:53:07.191,1751372587191,-7540,-3736,-266,-714,-519,-30
275,2025-07-01 17:53:07.586,2025-07-01 17:53:07.321944,4.2090067863464355,-7.1921820640563965,2.097320795059204,0.5180137157440186,0.38117989897727966,1.5992451906204224,2025-07-01 17:53:07.338,1751372587338,-7538,-3925,-317,-416,33,647
276,2025-07-01 17:53:07.686,2025-07-01 17:53:07.423626,3.734954595565796,-6.677428722381592,2.382230758666992,-0.08918632566928864,0.1258382350206375,0.294437050819397,2025-07-01 17:53:07.422,1751372587422,-7332,-3457,-333,-588,366,1596
277,2025-07-01 17:53:07.786,2025-07-01 17:53:07.523452,4.6040496826171875,-8.04930591583252,2.3271639347076416,-0.13805554807186127,-0.05497787147760391,-0.2125810980796814,2025-07-01 17:53:07.506,1751372587506,-7547,-3705,-316,-412,133,1535
278,2025-07-01 17:53:07.884,2025-07-01 17:53:07.623713,4.774038314819336,-8.01339340209961,2.631227731704712,-0.1368338167667389,0.059864792972803116,-0.5106833577156067,2025-07-01 17:53:07.611,1751372587611,-7964,-3066,-546,-316,266,949
279,2025-07-01 17:53:07.995,2025-07-01 17:53:07.724051,5.114014625549316,-8.288725852966309,2.5713725090026855,0.4691445231437683,0.21624629199504852,-0.22846360504627228,2025-07-01 17:53:07.711,1751372587711,-7994,-2851,-533,82,-128,869
280,2025-07-01 17:53:08.284,2025-07-01 17:53:08.021439,5.032611846923828,-8.987833023071289,3.3710360527038574,-0.1966986060142517,0.11484266817569733,-0.14538592100143433,2025-07-01 17:53:08.062,1751372588062,-8232,-1777,73,-425,-837,551
281,2025-07-01 17:53:08.384,2025-07-01 17:53:08.123958,5.032611846923828,-8.987833023071289,3.3710360527038574,-0.1966986060142517,0.11484266817569733,-0.14538592100143433,2025-07-01 17:53:08.149,1751372588149,-8248,-1915,59,-203,-209,-122
282,2025-07-01 17:53:08.484,2025-07-01 17:53:08.223429,5.348646640777588,-8.212111473083496,2.58813214302063,0.07819075137376785,-0.1319468915462494,0.1612684279680252,2025-07-01 17:53:08.233,1751372588233,-8297,-2059,59,-230,-609,-367
283,2025-07-01 17:53:08.585,2025-07-01 17:53:08.323444,5.188235282897949,-9.313444137573242,3.4596214294433594,0.06963863968849182,-0.22113321721553802,0.6120869517326355,2025-07-01 17:53:08.334,1751372588334,-8257,-2094,-14,157,-331,182
284,2025-07-01 17:53:08.684,2025-07-01 17:53:08.422839,4.402936935424805,-9.971850395202637,4.0749311447143555,0.21380282938480377,-0.38117989897727966,1.292590856552124,2025-07-01 17:53:08.414,1751372588414,-8141,-1821,293,553,-34,-23
285,2025-07-01 17:53:08.789,2025-07-01 17:53:08.522795,3.224989652633667,-10.805032730102539,3.6583402156829834,0.5424483418464661,-0.6377432942390442,1.7641788721084595,2025-07-01 17:53:08.518,1751372588518,-8065,-1705,154,-41,-141,-526
286,2025-07-01 17:53:09.384,2025-07-01 17:53:09.122475,-3.890577793121338,-6.998251438140869,5.329493045806885,0.2272418737411499,-0.626747727394104,0.7159340381622314,2025-07-01 17:53:09.150,1751372589150,-7689,-3315,327,39,85,-419
287,2025-07-01 17:53:09.499,2025-07-01 17:53:09.223830,-3.4332852363586426,-5.9304375648498535,5.8873419761657715,0.7415903806686401,-0.6475171446800232,0.6805039048194885,2025-07-01 17:53:09.231,1751372589231,-7714,-3694,334,343,274,-472
288,2025-07-01 17:53:09.610,2025-07-01 17:53:09.323191,-3.134010076522827,-5.166687488555908,5.949591159820557,0.7415903806686401,-0.6475171446800232,0.6805039048194885,2025-07-01 17:53:09.323,1751372589323,-7681,-3546,300,886,206,-690
289,2025-07-01 17:53:09.684,2025-07-01 17:53:09.423054,-3.622427225112915,-5.183446884155273,6.624756336212158,0.656069278717041,-0.20525072515010834,0.12461651116609573,2025-07-01 17:53:09.429,1751372589429,-7687,-3569,143,1104,383,-622
290,2025-07-01 17:53:10.003,2025-07-01 17:53:09.724425,-3.8283286094665527,-3.1435868740081787,7.812280178070068,0.49357911944389343,-0.11362093687057495,-0.06841690838336945,2025-07-01 17:53:09.765,1751372589765,-7449,-4005,636,711,102,-1194
291,2025-07-01 17:53:10.095,2025-07-01 17:53:09.823348,-3.778050184249878,-3.1052796840667725,8.69095230102539,0.6597344875335693,-0.12339477986097336,-0.09162978827953339,2025-07-01 17:53:09.858,1751372589858,-7194,-4334,507,596,60,-997
292,2025-07-01 17:53:10.194,2025-07-01 17:53:09.924592,-3.691859006881714,-2.935291290283203,8.724471092224121,0.5363397002220154,-0.08796459436416626,-0.039095375686883926,2025-07-01 17:53:09.962,1751372589962,-7181,-4660,784,-15,77,-444
293,2025-07-01 17:53:10.310,2025-07-01 17:53:10.020768,-3.35667085647583,-2.1116859912872314,9.066842079162598,0.626747727394104,-0.039095375686883926,-0.0354301854968071,2025-07-01 17:53:10.054,1751372590054,-6812,-4708,833,-525,-93,-37
294,2025-07-01 17:53:10.396,2025-07-01 17:53:10.122,-3.35667085647583,-2.1116859912872314,9.066842079162598,0.626747727394104,-0.039095375686883926,-0.0354301854968071,2025-07-01 17:53:10.128,1751372590128,-6906,-4496,473,-339,329,-186
295,2025-07-01 17:53:10.585,2025-07-01 17:53:10.324076,-3.397372245788574,-0.9959878921508789,8.904036521911621,0.21991148591041565,-0.004886921960860491,-0.06108652427792549,2025-07-01 17:53:10.316,1751372590316,-7014,-4539,432,-99,346,-285
296,2025-07-01 17:53:10.786,2025-07-01 17:53:10.524684,-3.375824451446533,-0.8954314589500427,8.987833023071289,0.14782938361167908,-0.015882495790719986,-0.04764748737215996,2025-07-01 17:53:10.505,1751372590505,-6848,-4564,428,-111,103,69
297,2025-07-01 17:53:10.891,2025-07-01 17:53:10.625226,-3.4787750244140625,-0.727837324142456,9.011775016784668,0.20525072515010834,0.01710422709584236,-0.018325956538319588,2025-07-01 17:53:10.661,1751372590661,-6815,-4515,447,-81,-127,7
298,2025-07-01 17:53:10.992,2025-07-01 17:53:10.724025,-3.4787750244140625,-0.727837324142456,9.011775016784668,0.20525072515010834,0.01710422709584236,-0.018325956538319588,2025-07-01 17:53:10.752,1751372590752,-6850,-4549,496,60,66,-70
299,2025-07-01 17:53:11.292,2025-07-01 17:53:11.025455,-3.4356794357299805,-0.19632454216480255,8.990227699279785,0.01710422709584236,0.05009094998240471,-0.01710422709584236,2025-07-01 17:53:11.032,1751372591032,-6870,-4716,769,94,-6,26
300,2025-07-01 17:53:11.392,2025-07-01 17:53:11.122165,-3.397372245788574,-0.4908113479614258,9.071630477905273,-0.09285151958465576,0.01466076634824276,-0.01710422709584236,2025-07-01 17:53:11.112,1751372591112,-6849,-4536,819,37,33,86
301,2025-07-01 17:53:11.504,2025-07-01 17:53:11.224469,-3.2848446369171143,-0.5291185975074768,8.832210540771484,-0.27611109614372253,-0.004886921960860491,-0.00366519158706069,2025-07-01 17:53:11.222,1751372591222,-6828,-4490,805,107,42,71
302,2025-07-01 17:53:11.586,2025-07-01 17:53:11.324195,-3.2848446369171143,-0.5291185975074768,8.832210540771484,-0.27611109614372253,-0.004886921960860491,-0.00366519158706069,2025-07-01 17:53:11.318,1751372591318,-6885,-4483,793,5,-119,126
303,2025-07-01 17:53:11.884,2025-07-01 17:53:11.623444,-3.093308687210083,-2.434903144836426,8.669404029846191,-1.1630873680114746,-0.05864306539297104,-0.06108652427792549,2025-07-01 17:53:11.583,1751372591583,-7170,-4731,442,14,189,352
304,2025-07-01 17:53:12.008,2025-07-01 17:53:11.723435,-3.4596214294433594,-3.6750996112823486,8.927978515625,-1.3878858089447021,0.03298672288656235,-0.051312681287527084,2025-07-01 17:53:11.749,1751372591749,-6865,-4321,586,-70,418,-47
305,2025-07-01 17:53:12.085,2025-07-01 17:53:11.824579,-3.28963303565979,-3.909731388092041,8.259995460510254,-0.8100073337554932,0.09773843735456467,-0.036651913076639175,2025-07-01 17:53:11.854,1751372591854,-7254,-4270,253,121,419,135
306,2025-07-01 17:53:12.300,2025-07-01 17:53:12.124418,-3.4979286193847656,-5.736507415771484,6.392518520355225,-0.6902777552604675,0.4105014503002167,-0.42760565876960754,2025-07-01 17:53:12.122,1751372592122,-7256,-4091,128,-173,120,-152
307,2025-07-01 17:53:13.088,2025-07-01 17:53:12.823204,0.5315127968788147,-9.23443603515625,3.952826976776123,-0.08674286305904388,0.3995058834552765,-1.4465289115905762,2025-07-01 17:53:12.832,1751372592832,-7147,-4175,-117,-1832,-632,710
308,2025-07-01 17:53:13.208,2025-07-01 17:53:12.924191,1.821987509727478,-10.33098030090332,3.114856481552124,-0.7586946487426758,0.2773328125476837,-1.3072515726089478,2025-07-01 17:53:12.904,1751372592904,-7148,-4159,112,-1687,-404,1101
309,2025-07-01 17:53:13.288,2025-07-01 17:53:13.025345,2.7030537128448486,-10.285490036010742,3.9624037742614746,-0.66584312915802,0.21380282938480377,-1.2473868131637573,2025-07-01 17:53:13.013,1751372593013,-7804,-3641,-129,-920,-210,1080
310,2025-07-01 17:53:13.399,2025-07-01 17:53:13.130305,4.548983097076416,-8.868123054504395,3.1459810733795166,-0.06963863968849182,0.2064724564552307,-0.7305948138237,2025-07-01 17:53:13.122,1751372593122,-7578,-3449,-281,-823,-413,1093
311,2025-07-01 17:53:13.484,2025-07-01 17:53:13.227400,4.922478675842285,-7.800309181213379,2.82515811920166,0.19792033731937408,0.17470745742321014,-0.5290092825889587,2025-07-01 17:53:13.211,1751372593211,-7617,-2950,-270,-65,-48,663
312,2025-07-01 17:53:13.785,2025-07-01 17:53:13.525072,4.630385875701904,-8.559270858764648,2.8826189041137695,-0.23579397797584534,0.12217304855585098,-0.04764748737215996,2025-07-01 17:53:13.546,1751372593546,-7611,-3082,-93,470,-56,112
313,2025-07-01 17:53:13.984,2025-07-01 17:53:13.724191,4.855441093444824,-8.2312650680542,2.8562827110290527,0.1319468915462494,0.012217304669320583,-0.04642575979232788,2025-07-01 17:53:13.684,1751372593684,-7626,-3111,-71,188,235,-93
314,2025-07-01 17:53:14.087,2025-07-01 17:53:13.828679,5.104437828063965,-8.04930591583252,3.2800562381744385,-0.028099801391363144,0.01466076634824276,-0.0403171069920063,2025-07-01 17:53:13.857,1751372593857,-8031,-2889,39,216,456,879
315,2025-07-01 17:53:14.184,2025-07-01 17:53:13.921849,5.104437828063965,-8.04930591583252,3.2800562381744385,-0.028099801391363144,0.01466076634824276,-0.0403171069920063,2025-07-01 17:53:13.906,1751372593906,-7883,-2603,7,183,40,1058
316,2025-07-01 17:53:14.286,2025-07-01 17:53:14.021894,5.937620162963867,-7.510610580444336,2.4229321479797363,0.25045475363731384,0.08185594528913498,0.04764748737215996,2025-07-01 17:53:14.027,1751372594027,-8262,-2310,28,56,318,571
317,2025-07-01 17:53:14.587,2025-07-01 17:53:14.321754,5.4252610206604,-5.616796970367432,5.250484466552734,0.7061602473258972,-1.197295904159546,-1.3671164512634277,2025-07-01 17:53:14.283,1751372594283,-7853,-2382,-190,353,1342,-848
318,2025-07-01 17:53:14.696,2025-07-01 17:53:14.421868,7.659051418304443,-6.509834289550781,5.003881454467773,-1.2034045457839966,-1.4672982692718506,-1.9511035680770874,2025-07-01 17:53:14.445,1751372594445,-7979,-2728,-474,379,808,-854
319,2025-07-01 17:53:14.817,2025-07-01 17:53:14.522324,9.126696586608887,-6.564900875091553,2.695871114730835,-1.5503759384155273,0.40194934606552124,-1.2657127380371094,2025-07-01 17:53:14.536,1751372594536,-7616,-3140,-791,810,693,-412
320,2025-07-01 17:53:15.094,2025-07-01 17:53:14.822184,8.710105895996094,-4.520252704620361,-0.1364694982767105,0.26511552929878235,-0.10384709388017654,-0.4764748811721802,2025-07-01 17:53:14.822,1751372594822,-7417,-3071,-780,959,347,-264
321,2025-07-01 17:53:15.192,2025-07-01 17:53:14.822184,8.710105895996094,-4.520252704620361,-0.1364694982767105,0.26511552929878235,-0.10384709388017654,-0.4764748811721802,2025-07-01 17:53:14.822,1751372594822,-7417,-3071,-780,959,347,-264
322,2025-07-01 17:53:15.289,2025-07-01 17:53:15.021103,9.378087997436523,-4.331110954284668,2.1547815799713135,-1.1887437105178833,-0.8234463334083557,-0.004886921960860491,2025-07-01 17:53:15.039,1751372595039,-7766,-3376,-831,1298,695,-91
323,2025-07-01 17:53:15.484,2025-07-01 17:53:15.221571,8.801085472106934,-3.512293815612793,-0.5530605912208557,0.5595525503158569,-0.17104226350784302,-0.1258382350206375,2025-07-01 17:53:15.250,1751372595250,-7322,-3661,-1079,-278,616,-177
324,2025-07-01 17:53:15.584,2025-07-01 17:53:15.421745,9.44752025604248,-3.5003228187561035,0.20111294090747833,-0.13927727937698364,-0.018325956538319588,-0.07696902006864548,2025-07-01 17:53:15.435,1751372595435,-7346,-3234,-1289,-854,-292,358
325,2025-07-01 17:53:15.884,2025-07-01 17:53:15.621926,9.39245319366455,-3.0765492916107178,-0.06703764945268631,0.23335053026676178,-0.06475171446800232,-0.06108652427792549,2025-07-01 17:53:15.628,1751372595628,-7681,-3337,-1294,-288,58,84
326,2025-07-01 17:53:15.984,2025-07-01 17:53:15.722132,9.402029991149902,-2.892195701599121,-0.040701430290937424,0.02932153269648552,-0.03298672288656235,-0.04153883829712868,2025-07-01 17:53:15.744,1751372595744,-7358,-3030,-1308,63,-102,286
327,2025-07-01 17:53:16.193,2025-07-01 17:53:15.921664,9.59835433959961,-3.8714241981506348,0.7445967197418213,-0.02321287989616394,0.00733038317412138,0.021991148591041565,2025-07-01 17:53:15.882,1751372595882,-7705,-3085,-1342,-399,-268,-108
328,2025-07-01 17:53:16.496,2025-07-01 17:53:16.122481,9.469067573547363,-5.1116204261779785,1.0319008827209473,0.3139847218990326,0.4349360466003418,0.8197811841964722,2025-07-01 17:53:16.156,1751372596156,-7404,-3001,-972,-1006,-176,-446
329,2025-07-01 17:53:16.696,2025-07-01 17:53:16.420935,5.078101634979248,-6.818686485290527,2.5282769203186035,0.19058994948863983,0.4398229718208313,1.6505578756332397,2025-07-01 17:53:16.388,1751372596388,-7404,-3378,-1577,-942,-272,7
330,2025-07-01 17:53:16.804,2025-07-01 17:53:16.521926,4.548983097076416,-7.0317702293396,2.63362193107605,-0.12950342893600464,-0.09896016865968704,0.40072759985923767,2025-07-01 17:53:16.516,1751372596516,-7707,-3195,-1227,16,-420,-55
331,2025-07-01 17:53:16.905,2025-07-01 17:53:16.621671,5.3582234382629395,-7.457938194274902,2.5330653190612793,-0.2773328125476837,0.09407325088977814,-0.14294247329235077,2025-07-01 17:53:16.631,1751372596631,-7775,-2811,-732,-320,-741,27
332,2025-07-01 17:53:17.103,2025-07-01 17:53:16.822016,5.5976433753967285,-8.42040729522705,1.1994950771331787,0.20525072515010834,0.10995574295520782,-0.09529497474431992,2025-07-01 17:53:16.804,1751372596804,-7727,-2965,-467,-194,-1122,-368
333,2025-07-01 17:53:17.191,2025-07-01 17:53:16.921602,5.458779811859131,-8.382100105285645,1.5131354331970215,0.05619960278272629,0.04153883829712868,0.012217304669320583,2025-07-01 17:53:16.905,1751372596905,-7799,-3124,-620,-425,-1036,98
334,2025-07-01 17:53:17.288,2025-07-01 17:53:17.021880,5.011064052581787,-8.2312650680542,1.8626888990402222,0.09040805697441101,0.02321287989616394,-0.04764748737215996,2025-07-01 17:53:16.984,1751372596984,-7636,-2796,-596,-570,-417,287
335,2025-07-01 17:53:17.391,2025-07-01 17:53:17.221639,5.207388877868652,-8.640673637390137,1.1540051698684692,0.21135938167572021,0.039095375686883926,0.006108652334660292,2025-07-01 17:53:17.236,1751372597236,-8048,-2745,-558,-6,-631,-415
336,2025-07-01 17:53:17.592,2025-07-01 17:53:17.321778,5.621585369110107,-8.576030731201172,2.054224967956543,0.09651670604944229,0.13927727937698364,0.0757472887635231,2025-07-01 17:53:17.329,1751372597329,-7619,-2808,-150,517,-455,-1047
337,2025-07-01 17:53:17.686,2025-07-01 17:53:17.421882,5.683835029602051,-8.999804496765137,2.52109432220459,0.36651915311813354,-0.251676470041275,0.4337143301963806,2025-07-01 17:53:17.453,1751372597453,-8033,-3192,-265,631,-563,-1037
338,2025-07-01 17:53:17.791,2025-07-01 17:53:17.520688,5.082890033721924,-9.911994934082031,2.5115175247192383,0.5644394755363464,-0.44104471802711487,0.9382890462875366,2025-07-01 17:53:17.522,1751372597522,-7596,-3240,368,889,-474,-933
339,2025-07-01 17:53:17.913,2025-07-01 17:53:17.621485,4.240131378173828,-9.897629737854004,3.112462282180786,0.24923302233219147,-0.5375614166259766,1.254717230796814,2025-07-01 17:53:17.637,1751372597637,-7402,-3481,546,705,-372,-1409
340,2025-07-01 17:53:17.985,2025-07-01 17:53:17.722031,2.2242133617401123,-10.019734382629395,2.3056161403656006,0.045204028487205505,-0.17592918872833252,1.302364706993103,2025-07-01 17:53:17.688,1751372597688,-7537,-3756,613,801,-15,-1575
341,2025-07-01 17:53:18.092,2025-07-01 17:53:17.823081,0.8164227604866028,-10.347740173339844,2.169146776199341,0.18936823308467865,-0.01710422709584236,1.281595230102539,2025-07-01 17:53:17.860,1751372597860,-7291,-4433,568,988,511,-1345
342,2025-07-01 17:53:18.290,2025-07-01 17:53:18.022176,-1.9297266006469727,-9.102754592895508,2.5091233253479004,-0.009773843921720982,-0.5106833577156067,1.1435397863388062,2025-07-01 17:53:17.983,1751372597983,-6792,-4887,431,1173,563,-715
343,2025-07-01 17:53:18.387,2025-07-01 17:53:18.022176,-1.9297266006469727,-9.102754592895508,2.5091233253479004,-0.009773843921720982,-0.5106833577156067,1.1435397863388062,2025-07-01 17:53:18.042,1751372598042,-6596,-4763,497,1197,491,-551
344,2025-07-01 17:53:18.484,2025-07-01 17:53:18.222920,-3.3063924312591553,-7.860164165496826,3.294421434402466,-0.13316862285137177,-0.7929030656814575,1.0751228332519531,2025-07-01 17:53:18.183,1751372598183,-6566,-4775,497,1918,914,-242
345,2025-07-01 17:53:18.613,2025-07-01 17:53:18.322239,-3.6990416049957275,-8.24084186553955,3.667917013168335,-0.07941248267889023,-0.7623597979545593,0.8295549750328064,2025-07-01 17:53:18.328,1751372598328,-7000,-4921,889,897,597,103
346,2025-07-01 17:53:18.694,2025-07-01 17:53:18.422212,-3.9049429893493652,-7.951143741607666,3.883395195007324,0.3445279896259308,-0.6499606370925903,0.6340781450271606,2025-07-01 17:53:18.401,1751372598401,-6816,-4710,807,247,564,-35
347,2025-07-01 17:53:18.804,2025-07-01 17:53:18.521386,-3.995922565460205,-7.259219646453857,4.675876140594482,0.6475171446800232,-0.608421802520752,0.48747047781944275,2025-07-01 17:53:18.512,1751372598512,-6852,-4484,796,-199,110,288
348,2025-07-01 17:53:18.995,2025-07-01 17:53:18.721781,-3.576937437057495,-6.7708024978637695,5.147533416748047,0.21502456068992615,-0.43249258399009705,0.051312681287527084,2025-07-01 17:53:18.694,1751372598694,-7199,-4561,632,-480,512,-48
349,2025-07-01 17:53:19.100,2025-07-01 17:53:18.923268,-3.359065055847168,-6.773196697235107,5.920860767364502,0.3995058834552765,-0.26511552929878235,0.17104226350784302,2025-07-01 17:53:18.942,1751372598942,-7023,-4660,548,-487,-297,291
350,2025-07-01 17:53:19.398,2025-07-01 17:53:19.122103,-3.270479440689087,-5.918466567993164,6.670246124267578,0.26511552929878235,-0.09040805697441101,0.004886921960860491,2025-07-01 17:53:19.131,1751372599131,-6869,-4486,133,-154,74,-202
351,2025-07-01 17:53:19.485,2025-07-01 17:53:19.222316,-3.533841609954834,-5.901707172393799,7.417236804962158,0.4202753007411957,-0.018325956538319588,-0.08552113175392151,2025-07-01 17:53:19.208,1751372599208,-7032,-4595,144,-377,-97,35
352,2025-07-01 17:53:19.600,2025-07-01 17:53:19.322229,-3.399766445159912,-5.772420406341553,7.259219646453857,0.4764748811721802,-0.039095375686883926,-0.06352998316287994,2025-07-01 17:53:19.307,1751372599307,-7027,-4573,160,20,333,162
353,2025-07-01 17:53:19.684,2025-07-01 17:53:19.421628,-3.354276657104492,-5.236119270324707,7.304709434509277,0.4386012554168701,-0.04398229718208313,0.03420845419168472,2025-07-01 17:53:19.405,1751372599405,-6867,-4512,344,-333,295,322
354,2025-07-01 17:53:20.188,2025-07-01 17:53:19.921836,-3.4165258407592773,-3.3901896476745605,8.667010307312012,0.33475416898727417,0.03298672288656235,0.0708603709936142,2025-07-01 17:53:19.945,1751372599945,-7171,-4701,193,-16,-278,-135
355,2025-07-01 17:53:20.390,2025-07-01 17:53:20.121678,-3.5170822143554688,-2.3558945655822754,8.69095230102539,0.32986724376678467,0.012217304669320583,0.028099801391363144,2025-07-01 17:53:20.082,1751372600082,-6811,-4597,521,116,22,-229
356,2025-07-01 17:53:20.492,2025-07-01 17:53:20.222076,-3.3470940589904785,-2.518700122833252,8.437167167663574,-0.07941248267889023,-0.05253441259264946,-0.019547687843441963,2025-07-01 17:53:20.258,1751372600258,-6972,-4917,623,31,-304,-329
357,2025-07-01 17:53:20.592,2025-07-01 17:53:20.321909,-3.4596214294433594,-2.6623523235321045,8.710105895996094,-0.21013765037059784,0.03298672288656235,-0.0354301854968071,2025-07-01 17:53:20.294,1751372600294,-6995,-4597,633,-257,-320,120
358,2025-07-01 17:53:20.884,2025-07-01 17:53:20.626622,-3.6176388263702393,-3.861847400665283,8.310274124145508,-0.9138544201850891,-0.03420845419168472,-0.14782938361167908,2025-07-01 17:53:20.655,1751372600655,-6797,-4717,596,106,-15,307
359,2025-07-01 17:53:21.085,2025-07-01 17:53:20.821762,-3.397372245788574,-5.901707172393799,7.321468830108643,-1.2571606636047363,-0.04642575979232788,-0.0354301854968071,2025-07-01 17:53:20.837,1751372600837,-6899,-4653,157,-338,547,357
360,2025-07-01 17:53:21.184,2025-07-01 17:53:20.921897,-3.4763808250427246,-6.801927089691162,6.794744491577148,-1.0238101482391357,0.028099801391363144,-0.03176499158143997,2025-07-01 17:53:20.932,1751372600932,-6908,-4657,381,-201,378,179
361,2025-07-01 17:53:21.285,2025-07-01 17:53:21.021496,-3.0861260890960693,-5.899312973022461,6.145915985107422,-0.6646214127540588,0.13561208546161652,-0.06963863968849182,2025-07-01 17:53:21.017,1751372601017,-6895,-4644,366,-218,316,215
362,2025-07-01 17:53:21.392,2025-07-01 17:53:21.122229,-3.157952070236206,-5.643133640289307,5.604825973510742,-0.2370157092809677,0.32620203495025635,-0.21624629199504852,2025-07-01 17:53:21.142,1751372601142,-7071,-4380,258,-503,-209,378
363,2025-07-01 17:53:21.596,2025-07-01 17:53:21.321764,-3.1675288677215576,-6.01423454284668,4.434061527252197,-0.5962044596672058,0.7806857824325562,-0.5595525503158569,2025-07-01 17:53:21.283,1751372601283,-7292,-4404,261,-734,-251,-39
364,2025-07-01 17:53:21.785,2025-07-01 17:53:21.521823,-2.5498247146606445,-8.578424453735352,3.066972494125366,-0.3494149148464203,0.8197811841964722,-1.19607412815094,2025-07-01 17:53:21.484,1751372601484,-7115,-4069,-98,-1664,-499,123
365,2025-07-01 17:53:21.997,2025-07-01 17:53:21.721377,-0.1843535304069519,-8.688557624816895,2.2457611560821533,-0.21868975460529327,0.7721336483955383,-1.539380431175232,2025-07-01 17:53:21.685,1751372601685,-7106,-4092,68,-1729,-1300,218
366,2025-07-01 17:53:22.085,2025-07-01 17:53:21.821853,1.0271124839782715,-9.512163162231445,2.7892448902130127,0.12339477986097336,0.5009095072746277,-1.722640037536621,2025-07-01 17:53:21.854,1751372601854,-7312,-3328,165,69,94,1650
367,2025-07-01 17:53:22.184,2025-07-01 17:53:21.922065,2.477998733520508,-10.615890502929688,2.5258827209472656,0.10018189996480942,0.5106833577156067,-1.2669345140457153,2025-07-01 17:53:21.922,1751372601922,-7635,-3048,525,-359,-74,1574
368,2025-07-01 17:53:22.305,2025-07-01 17:53:22.021686,3.6152446269989014,-10.47702693939209,3.5218706130981445,-0.4056145250797272,0.2687807083129883,-0.9419541954994202,2025-07-01 17:53:22.017,1751372602017,-7937,-2749,194,175,216,966
369,2025-07-01 17:53:22.406,2025-07-01 17:53:22.122243,4.194641590118408,-9.488221168518066,3.1244332790374756,-0.23579397797584534,0.28466320037841797,-0.6047565937042236,2025-07-01 17:53:22.104,1751372602104,-8039,-2460,297,99,585,1151
370,2025-07-01 17:53:22.695,2025-07-01 17:53:22.421973,4.481945514678955,-8.429984092712402,2.1308395862579346,-0.02932153269648552,0.06475171446800232,-0.23335053026676178,2025-07-01 17:53:22.456,1751372602456,-7887,-1957,29,38,25,-11
371,2025-07-01 17:53:22.887,2025-07-01 17:53:22.621698,5.3127336502075195,-8.276755332946777,2.425326347351074,-0.0403171069920063,-0.05497787147760391,-0.05742133408784866,2025-07-01 17:53:22.584,1751372602584,-7849,-1985,34,-148,6,-110
372,2025-07-01 17:53:22.993,2025-07-01 17:53:22.720918,5.442020416259766,-7.539340972900391,2.7940332889556885,0.7391469478607178,-0.16859880089759827,-0.2590068578720093,2025-07-01 17:53:22.730,1751372602730,-8238,-2339,92,283,34,89
373,2025-07-01 17:53:23.184,2025-07-01 17:53:22.921641,6.387730121612549,-5.985504150390625,1.0438719987869263,0.3066543638706207,-0.14416420459747314,0.16004669666290283,2025-07-01 17:53:22.922,1751372602922,-7926,-1968,99,110,-268,-537
374,2025-07-01 17:53:23.300,2025-07-01 17:53:23.021468,5.374982833862305,-6.44279670715332,2.5905263423919678,0.6218608021736145,-0.06719517707824707,-0.1417207419872284,2025-07-01 17:53:23.021,1751372603021,-7891,-2363,85,330,519,-665
375,2025-07-01 17:53:23.488,2025-07-01 17:53:23.221817,8.001421928405762,-7.972691535949707,4.616020679473877,-1.302364706993103,-0.38117989897727966,-2.1172590255737305,2025-07-01 17:53:23.184,1751372603184,-7895,-2304,111,270,-188,-697
376,2025-07-01 17:53:23.607,2025-07-01 17:53:23.321355,8.348581314086914,-6.734889507293701,1.9177556037902832,-0.8539896011352539,0.0403171069920063,-1.8496999740600586,2025-07-01 17:53:23.300,1751372603300,-7838,-3193,164,1087,592,-1112
377,2025-07-01 17:53:24.002,2025-07-01 17:53:23.721900,9.749189376831055,-4.367023944854736,-0.47405192255973816,-0.19425514340400696,-1.1679743528366089,-0.05742133408784866,2025-07-01 17:53:23.736,1751372603736,-7806,-3214,260,-287,170,98
378,2025-07-01 17:53:24.085,2025-07-01 17:53:23.824907,10.26394271850586,0.09576806426048279,0.6392518281936646,0.7831292152404785,0.2675589919090271,-0.3274237811565399,2025-07-01 17:53:23.812,1751372603812,-7785,-3248,-51,-583,-117,45
379,2025-07-01 17:53:24.307,2025-07-01 17:53:24.021595,9.023746490478516,-3.7181951999664307,-1.2210428714752197,-0.15760323405265808,-0.021991148591041565,-0.05742133408784866,2025-07-01 17:53:24.002,1751372604002,-7570,-3215,-45,-544,-380,100
380,2025-07-01 17:53:24.401,2025-07-01 17:53:24.121742,9.437943458557129,-3.2561142444610596,-0.5339069962501526,0.05497787147760391,0.0024434609804302454,-0.02932153269648552,2025-07-01 17:53:24.083,1751372604083,-7755,-3238,-44,-633,-271,-327
381,2025-07-01 17:53:24.490,2025-07-01 17:53:24.321736,9.41639518737793,-3.507505416870117,-1.072602391242981,0.030543262138962746,0.013439035043120384,-0.03298672288656235,2025-07-01 17:53:24.336,1751372604336,-7562,-3288,38,-186,367,-279
382,2025-07-01 17:53:24.684,2025-07-01 17:53:24.422018,9.308655738830566,-3.3494882583618164,-0.9169792532920837,0.06230825558304787,-0.00855211354792118,0.009773843921720982,2025-07-01 17:53:24.442,1751372604442,-7689,-3325,63,-371,-288,-166
383,2025-07-01 17:53:24.796,2025-07-01 17:53:24.521540,9.315838813781738,-3.3638534545898438,-0.8619126081466675,0.042760565876960754,-0.006108652334660292,0.010995574295520782,2025-07-01 17:53:24.524,1751372604524,-7709,-3602,68,-139,-322,-177
384,2025-07-01 17:53:24.891,2025-07-01 17:53:24.621541,9.299078941345215,-3.6296098232269287,-0.849941611289978,0.1270599663257599,-0.018325956538319588,0.00366519158706069,2025-07-01 17:53:24.615,1751372604615,-7716,-3655,107,-372,-332,-366
385,2025-07-01 17:53:25.004,2025-07-01 17:53:24.721524,9.5624418258667,-5.796362400054932,-0.12210428714752197,0.3689626157283783,-0.05375614017248154,0.3640756905078888,2025-07-01 17:53:24.716,1751372604716,-7716,-3623,-63,38,-330,29
386,2025-07-01 17:53:25.086,2025-07-01 17:53:24.822933,9.615114212036133,-5.568912982940674,0.49559974670410156,1.0445796251296997,0.07452555745840073,0.9810495972633362,2025-07-01 17:53:24.807,1751372604807,-7390,-3617,-72,-180,-369,-269
387,2025-07-01 17:53:25.298,2025-07-01 17:53:25.021484,5.8203043937683105,-8.003816604614258,1.8076223134994507,0.2981022298336029,1.19607412815094,2.7757716178894043,2025-07-01 17:53:25.035,1751372605035,-7398,-3699,-12,-472,-812,262
388,2025-07-01 17:53:25.387,2025-07-01 17:53:25.121953,4.019864559173584,-6.2201361656188965,2.0015525817871094,0.5668829679489136,0.8539896011352539,1.3866641521453857,2025-07-01 17:53:25.156,1751372605156,-7790,-3267,308,29,294,-55
389,2025-07-01 17:53:25.485,2025-07-01 17:53:25.221891,3.840299606323242,-6.53377628326416,2.7078421115875244,0.3604104816913605,0.5119050741195679,-0.2382374405860901,2025-07-01 17:53:25.254,1751372605254,-7756,-3610,329,-513,-321,116
390,2025-07-01 17:53:25.707,2025-07-01 17:53:25.421530,5.193023681640625,-7.951143741607666,1.6879122257232666,-0.21135938167572021,-0.05375614017248154,-0.31520646810531616,2025-07-01 17:53:25.449,1751372605449,-7728,-3305,372,-851,-420,-73
391,2025-07-01 17:53:25.784,2025-07-01 17:53:25.521412,4.98472785949707,-8.092401504516602,1.9393033981323242,-0.06352998316287994,0.010995574295520782,-0.11972958594560623,2025-07-01 17:53:25.517,1751372605517,-7723,-3294,128,-881,-462,-79
392,2025-07-01 17:53:25.884,2025-07-01 17:53:25.622156,5.188235282897949,-8.611943244934082,2.434903144836426,-0.21624629199504852,0.22357667982578278,-0.14049901068210602,2025-07-01 17:53:25.607,1751372605607,-7595,-3426,348,-681,-484,-39
393,2025-07-01 17:53:25.995,2025-07-01 17:53:25.722954,5.197812080383301,-8.710105895996094,1.3072341680526733,-0.6829473376274109,0.07941248267889023,-0.03787364438176155,2025-07-01 17:53:25.713,1751372605713,-7964,-2983,333,-701,-614,332
394,2025-07-01 17:53:26.194,2025-07-01 17:53:25.921518,5.166687488555908,-8.303091049194336,1.7142484188079834,0.17470745742321014,-0.036651913076639175,0.00855211354792118,2025-07-01 17:53:25.882,1751372605882,-7949,-2785,565,-196,-244,-117
395,2025-07-01 17:53:26.485,2025-07-01 17:53:26.222162,4.3191399574279785,-9.351752281188965,2.7078421115875244,0.2785545587539673,-0.2675589919090271,0.6524040699005127,2025-07-01 17:53:26.259,1751372606259,-7794,-3356,603,-119,347,-436
396,2025-07-01 17:53:26.586,2025-07-01 17:53:26.322905,3.3949780464172363,-11.362881660461426,3.6559460163116455,1.568701982498169,-0.3066543638706207,1.0213667154312134,2025-07-01 17:53:26.329,1751372606329,-7621,-3383,636,-95,295,-528
397,2025-07-01 17:53:26.713,2025-07-01 17:53:26.422345,2.4133553504943848,-9.955090522766113,4.3861775398254395,0.7489207983016968,-0.06352998316287994,1.2718214988708496,2025-07-01 17:53:26.417,1751372606417,-7613,-3355,580,145,616,-616
398,2025-07-01 17:53:26.900,2025-07-01 17:53:26.721659,-1.4245500564575195,-9.311050415039062,4.264073371887207,0.4593706727027893,-0.6316346526145935,1.3451253175735474,2025-07-01 17:53:26.713,1751372606713,-7709,-3627,569,326,134,-470
399,2025-07-01 17:53:27.200,2025-07-01 17:53:26.920871,-3.3279404640197754,-7.709329605102539,4.55616569519043,0.22357667982578278,-0.3237585723400116,1.2021827697753906,2025-07-01 17:53:26.955,1751372606955,-7091,-4066,337,1447,983,-1086
400,2025-07-01 17:53:27.284,2025-07-01 17:53:27.021787,-3.6080620288848877,-6.801927089691162,4.932055473327637,0.13072516024112701,-0.5155702829360962,1.1655309200286865,2025-07-01 17:53:27.056,1751372607056,-7276,-4434,331,1255,659,-902
401,2025-07-01 17:53:27.390,2025-07-01 17:53:27.222126,-4.010287761688232,-6.086060523986816,5.288791656494141,-0.00366519158706069,-0.4960225820541382,0.8393288254737854,2025-07-01 17:53:27.221,1751372607221,-7044,-4414,377,866,178,-820
402,2025-07-01 17:53:27.625,2025-07-01 17:53:27.323881,-4.2090067863464355,-5.987898349761963,6.3973069190979,-0.07819075137376785,-0.3701843321323395,0.49357911944389343,2025-07-01 17:53:27.364,1751372607364,-7251,-4641,520,25,-311,-370
403,2025-07-01 17:53:27.685,2025-07-01 17:53:27.422185,-4.055777549743652,-6.098031520843506,5.635950565338135,0.5705481171607971,-0.2932153046131134,0.2382374405860901,2025-07-01 17:53:27.421,1751372607421,-6882,-4621,536,-305,-325,59
404,2025-07-01 17:53:27.792,2025-07-01 17:53:27.521883,-4.110844135284424,-4.797980308532715,6.833051681518555,0.43737950921058655,-0.2223549485206604,0.19914206862449646,2025-07-01 17:53:27.502,1751372607502,-6888,-4660,589,-118,52,15
405,2025-07-01 17:53:28.007,2025-07-01 17:53:27.723070,-4.027047157287598,-5.0254292488098145,7.182605266571045,0.34574973583221436,-0.09285151958465576,-0.27000242471694946,2025-07-01 17:53:27.684,1751372607684,-6851,-4632,565,286,-64,20
406,2025-07-01 17:53:28.084,2025-07-01 17:53:27.821952,-4.108449935913086,-4.5154643058776855,7.424419403076172,0.45814892649650574,-0.09407325088977814,-0.2590068578720093,2025-07-01 17:53:27.851,1751372607851,-6872,-4701,213,343,526,-270
407,2025-07-01 17:53:28.184,2025-07-01 17:53:27.920981,-4.19224739074707,-4.168305397033691,7.5201873779296875,0.7098253965377808,0.015882495790719986,-0.08918632566928864,2025-07-01 17:53:27.949,1751372607949,-6831,-4653,381,173,207,108
408,2025-07-01 17:53:28.286,2025-07-01 17:53:28.020570,-3.993528366088867,-3.861847400665283,8.33182144165039,0.27611109614372253,0.02932153269648552,0.006108652334660292,2025-07-01 17:53:28.052,1751372608052,-7200,-4659,378,-8,223,289
409,2025-07-01 17:53:28.484,2025-07-01 17:53:28.220716,-3.869029998779297,-3.5458126068115234,8.054094314575195,0.2528982162475586,-0.025656340643763542,-0.030543262138962746,2025-07-01 17:53:28.182,1751372608182,-7225,-4620,336,12,-3,340
410,2025-07-01 17:53:28.688,2025-07-01 17:53:28.421844,-3.928884983062744,-3.160346269607544,8.485051155090332,0.3078760802745819,0.04153883829712868,0.013439035043120384,2025-07-01 17:53:28.399,1751372608399,-7184,-4642,382,-260,-373,-335
411,2025-07-01 17:53:28.813,2025-07-01 17:53:28.521635,-3.931279182434082,-2.7509377002716064,8.44434928894043,0.4129449129104614,0.03420845419168472,0.0024434609804302454,2025-07-01 17:53:28.483,1751372608483,-6892,-4646,196,39,49,72
412,2025-07-01 17:53:28.903,2025-07-01 17:53:28.621386,-4.091690540313721,-2.3558945655822754,8.418013572692871,0.2675589919090271,0.015882495790719986,-0.013439035043120384,2025-07-01 17:53:28.584,1751372608584,-7202,-4624,211,-90,-123,-308
413,2025-07-01 17:53:28.994,2025-07-01 17:53:28.721367,-4.0078935623168945,-2.188300371170044,8.71489429473877,0.2480112910270691,-0.004886921960860491,-0.015882495790719986,2025-07-01 17:53:28.756,1751372608756,-6831,-4672,191,-28,112,-378
414,2025-07-01 17:53:29.203,2025-07-01 17:53:28.921109,-3.9863457679748535,-1.6304513216018677,8.588001251220703,0.0806342139840126,-0.004886921960860491,0.006108652334660292,2025-07-01 17:53:28.932,1751372608932,-6808,-4869,596,294,-303,-585
415,2025-07-01 17:53:29.518,2025-07-01 17:53:29.221405,-3.9049429893493652,-1.8124107122421265,8.489839553833008,-0.2028072625398636,-0.00733038317412138,-0.03176499158143997,2025-07-01 17:53:29.207,1751372609207,-7031,-4937,465,-264,-326,40
416,2025-07-01 17:53:29.784,2025-07-01 17:53:29.521745,-3.8762125968933105,-4.460397720336914,8.219294548034668,-1.0995573997497559,-0.045204028487205505,-0.039095375686883926,2025-07-01 17:53:29.560,1751372609560,-7009,-4881,416,-325,155,57
417,2025-07-01 17:53:29.889,2025-07-01 17:53:29.622311,-3.909731388092041,-4.867412090301514,8.02536392211914,-0.9578366875648499,-0.01710422709584236,-0.01466076634824276,2025-07-01 17:53:29.646,1751372609646,-7008,-4598,384,-271,176,66
418,2025-07-01 17:53:29.991,2025-07-01 17:53:29.724626,-3.6080620288848877,-4.95120906829834,7.259219646453857,-0.6340781450271606,0.05009094998240471,-0.05253441259264946,2025-07-01 17:53:29.747,1751372609747,-6924,-4592,525,-295,238,-112
419,2025-07-01 17:53:30.093,2025-07-01 17:53:29.821948,-3.44765043258667,-5.353435039520264,6.737283706665039,-0.6927211880683899,0.2541199326515198,-0.1368338167667389,2025-07-01 17:53:29.827,1751372609827,-7001,-4603,524,-144,229,107
420,2025-07-01 17:53:30.187,2025-07-01 17:53:29.922005,-3.397372245788574,-4.76924991607666,5.748478412628174,-0.3543018400669098,0.38606682419776917,-0.3494149148464203,2025-07-01 17:53:29.938,1751372609938,-6853,-4552,211,-570,85,104
421,2025-07-01 17:53:30.299,2025-07-01 17:53:30.021325,-3.4572272300720215,-5.5976433753967285,4.963180065155029,-0.7159340381622314,0.6157521605491638,-0.598647952079773,2025-07-01 17:53:30.011,1751372610011,-6869,-4534,210,-621,23,-124
422,2025-07-01 17:53:30.385,2025-07-01 17:53:30.121422,-3.098097085952759,-6.392518520355225,4.398148536682129,-0.7244861721992493,0.8381071090698242,-0.8576548099517822,2025-07-01 17:53:30.134,1751372610134,-6792,-4686,371,-1303,113,-104
423,2025-07-01 17:53:30.611,2025-07-01 17:53:30.322545,-2.9544448852539062,-9.768342971801758,4.316745758056641,-0.6120869517326355,0.921184778213501,-1.693318486213684,2025-07-01 17:53:30.299,1751372610299,-6951,-4699,-22,-1897,178,190
424,2025-07-01 17:53:30.803,2025-07-01 17:53:30.521669,-0.706289529800415,-10.158597946166992,3.004723072052002,-0.3176499307155609,0.4642575979232788,-1.3487904071807861,2025-07-01 17:53:30.486,1751372610486,-7057,-4170,-920,-2374,1356,1337
425,2025-07-01 17:53:30.891,2025-07-01 17:53:30.621650,-0.19153612852096558,-9.469067573547363,2.4612393379211426,-0.26145032048225403,0.3799581825733185,-1.0787880420684814,2025-07-01 17:53:30.659,1751372610659,-7453,-3203,-1829,-1217,781,508
426,2025-07-01 17:53:30.985,2025-07-01 17:53:30.721788,0.6392518281936646,-9.84256362915039,2.0207061767578125,-0.15515977144241333,0.18081611394882202,-0.9468411207199097,2025-07-01 17:53:30.746,1751372610746,-7428,-3365,-2061,-1001,516,226
427,2025-07-01 17:53:31.093,2025-07-01 17:53:30.821667,2.7102363109588623,-10.285490036010742,3.0573954582214355,0.1771509200334549,0.00366519158706069,-0.8454375267028809,2025-07-01 17:53:30.831,1751372610831,-7430,-3406,-2158,-1299,-346,184
428,2025-07-01 17:53:31.199,2025-07-01 17:53:31.021396,4.697423934936523,-9.296685218811035,2.918531894683838,0.010995574295520782,0.13927727937698364,-0.7122688889503479,2025-07-01 17:53:31.022,1751372611022,-7348,-2854,-1951,-1075,-1046,460
429,2025-07-01 17:53:31.708,2025-07-01 17:53:31.421680,4.944026470184326,-8.662221908569336,2.6431987285614014,0.0,0.04886921867728233,0.018325956538319588,2025-07-01 17:53:31.459,1751372611459,-7671,-2103,-1229,0,-210,149
430,2025-07-01 17:53:31.786,2025-07-01 17:53:31.521741,4.924872875213623,-7.812280178070068,2.6168625354766846,0.15515977144241333,-0.025656340643763542,-0.10873401165008545,2025-07-01 17:53:31.540,1751372611540,-7972,-2087,-1175,-5,280,-10
431,2025-07-01 17:53:31.885,2025-07-01 17:53:31.721747,5.626373767852783,-8.001421928405762,2.920926094055176,0.1722639948129654,-0.018325956538319588,-0.08307767659425735,2025-07-01 17:53:31.723,1751372611723,-7656,-1783,-1231,155,486,-324
432,2025-07-01 17:53:32.087,2025-07-01 17:53:31.821753,5.980715751647949,-7.151480674743652,2.027888774871826,0.27122417092323303,0.036651913076639175,-0.028099801391363144,2025-07-01 17:53:31.821,1751372611821,-7909,-2114,-1657,-272,-13,-309
433,2025-07-01 17:53:32.192,2025-07-01 17:53:31.922076,6.514622688293457,-5.137956619262695,0.3998316824436188,0.7929030656814575,-0.25045475363731384,-0.045204028487205505,2025-07-01 17:53:31.927,1751372611927,-7654,-1923,-1570,-321,367,-170
434,2025-07-01 17:53:32.586,2025-07-01 17:53:32.321613,8.611943244934082,-6.536170482635498,-1.048660397529602,0.3127630054950714,-1.0042624473571777,-0.6890559792518616,2025-07-01 17:53:32.361,1751372612361,-7600,-2624,-1667,1604,-312,61
435,2025-07-01 17:53:32.886,2025-07-01 17:53:32.621544,9.337387084960938,-3.957615375518799,-0.21787235140800476,0.059864792972803116,0.20036379992961884,-0.17348572611808777,2025-07-01 17:53:32.583,1751372612583,-7581,-2881,-1236,2455,-273,-914
436,2025-07-01 17:53:32.985,2025-07-01 17:53:32.721541,8.975862503051758,-4.220977783203125,0.2106897532939911,-0.28588494658470154,0.2871066629886627,0.025656340643763542,2025-07-01 17:53:32.715,1751372612715,-7413,-3503,-398,3071,-1513,-3294
437,2025-07-01 17:53:33.186,2025-07-01 17:53:32.921350,8.846575736999512,-4.271255970001221,-0.3064578175544739,-0.16859880089759827,0.1466076523065567,0.039095375686883926,2025-07-01 17:53:32.920,1751372612920,-6518,-5159,842,1908,-674,-2828
438,2025-07-01 17:53:33.293,2025-07-01 17:53:33.021423,8.803479194641113,-4.486733913421631,-0.15083470940589905,-0.07330382615327835,0.03176499158143997,0.036651913076639175,2025-07-01 17:53:33.019,1751372613019,-6245,-5709,936,676,-582,-1178
439,2025-07-01 17:53:33.384,2025-07-01 17:53:33.221753,9.038111686706543,-4.01268196105957,0.0933738648891449,0.11972958594560623,-0.0403171069920063,-0.02321287989616394,2025-07-01 17:53:33.248,1751372613248,-6213,-5724,1328,2,-569,-283
440,2025-07-01 17:53:33.484,2025-07-01 17:53:33.321271,9.229647636413574,-4.1611223220825195,-0.10295066982507706,-0.0354301854968071,-0.025656340643763542,-0.06230825558304787,2025-07-01 17:53:33.351,1751372613351,-6053,-5539,1351,-217,-521,-243
441,2025-07-01 17:53:33.684,2025-07-01 17:53:33.521346,8.932766914367676,-4.067748546600342,0.011971008032560349,-0.01710422709584236,0.015882495790719986,0.01466076634824276,2025-07-01 17:53:33.528,1751372613528,-5880,-5531,1170,-267,-321,-578
442,2025-07-01 17:53:33.884,2025-07-01 17:53:33.621328,9.006986618041992,-4.240131378173828,0.06464344263076782,0.02321287989616394,0.006108652334660292,0.05864306539297104,2025-07-01 17:53:33.620,1751372613620,-5789,-5932,1391,-449,89,-143
443,2025-07-01 17:53:33.984,2025-07-01 17:53:33.721342,9.078812599182129,-4.908113479614258,0.31364041566848755,0.1771509200334549,-0.045204028487205505,0.2174680233001709,2025-07-01 17:53:33.706,1751372613706,-5845,-5923,1353,-859,-61,192
444,2025-07-01 17:53:34.210,2025-07-01 17:53:33.921956,8.633491516113281,-6.191405773162842,1.2761094570159912,-0.19914206862449646,0.5448917746543884,0.9871582388877869,2025-07-01 17:53:33.884,1751372613884,-5875,-5691,992,-1465,859,1869
445,2025-07-01 17:53:34.484,2025-07-01 17:53:34.221346,4.649539470672607,-9.117119789123535,3.248931646347046,-0.036651913076639175,0.8344419002532959,1.3646728992462158,2025-07-01 17:53:34.245,1751372614245,-7488,-3703,-1240,-1767,1133,1646
446,2025-07-01 17:53:34.599,2025-07-01 17:53:34.322246,3.641580820083618,-8.032546997070312,2.609679937362671,0.4911356568336487,0.33597588539123535,0.836885392665863,2025-07-01 17:53:34.328,1751372614328,-7351,-3326,-1659,-1479,694,1284
447,2025-07-01 17:53:34.802,2025-07-01 17:53:34.521395,5.190629482269287,-7.161057472229004,2.4875755310058594,-0.5180137157440186,0.05864306539297104,-0.43127086758613586,2025-07-01 17:53:34.513,1751372614513,-7326,-3238,-1498,-1623,781,917
448,2025-07-01 17:53:34.902,2025-07-01 17:53:34.622135,6.100425720214844,-8.054094314575195,2.1739351749420166,-0.27000242471694946,0.22357667982578278,-0.3677408695220947,2025-07-01 17:53:34.642,1751372614642,-7163,-3183,-2307,-731,639,270
449,2025-07-01 17:53:35.110,2025-07-01 17:53:34.821036,4.869806289672852,-7.884106159210205,3.2393548488616943,-0.06230825558304787,0.05742133408784866,-0.08918632566928864,2025-07-01 17:53:34.781,1751372614781,-7714,-2531,-1873,-783,-695,241
450,2025-07-01 17:53:35.287,2025-07-01 17:53:35.021744,5.295974254608154,-7.824251174926758,2.894589900970459,0.03176499158143997,-0.013439035043120384,-0.03787364438176155,2025-07-01 17:53:35.055,1751372615055,-7575,-2258,-1803,-303,-604,-51
451,2025-07-01 17:53:35.394,2025-07-01 17:53:35.122507,4.922478675842285,-8.489839553833008,3.375824451446533,0.05497787147760391,-0.10995574295520782,0.010995574295520782,2025-07-01 17:53:35.159,1751372615159,-7571,-2253,-1506,213,-342,-187
452,2025-07-01 17:53:35.594,2025-07-01 17:53:35.422084,4.3191399574279785,-9.96945571899414,3.7660791873931885,0.06719517707824707,-0.2272418737411499,1.3720033168792725,2025-07-01 17:53:35.427,1751372615427,-7763,-2718,-916,471,-529,-791
453,2025-07-01 17:53:35.785,2025-07-01 17:53:35.522967,3.1196448802948,-10.168174743652344,3.24414324760437,0.1319468915462494,-0.26145032048225403,1.742187738418579,2025-07-01 17:53:35.527,1751372615527,-7413,-3159,-1129,536,-191,-505
454,2025-07-01 17:53:35.884,2025-07-01 17:53:35.622913,0.9816226959228516,-9.603142738342285,2.7557260990142822,-0.42638394236564636,-0.3066543638706207,1.7788395881652832,2025-07-01 17:53:35.597,1751372615597,-7793,-3054,-1082,802,101,-475
455,2025-07-01 17:53:36.092,2025-07-01 17:53:35.822396,-1.338358759880066,-9.167398452758789,2.4827871322631836,-0.20402899384498596,-0.8197811841964722,1.1691961288452148,2025-07-01 17:53:35.784,1751372615784,-7377,-3594,-683,964,-298,-911
456,2025-07-01 17:53:36.192,2025-07-01 17:53:36.022419,-3.0382418632507324,-8.252813339233398,2.894589900970459,-0.19058994948863983,-0.8478809595108032,1.1166616678237915,2025-07-01 17:53:36.041,1751372616041,-7065,-4118,9,2135,-233,-548
457,2025-07-01 17:53:36.409,2025-07-01 17:53:36.122913,-3.883395195007324,-7.876923561096191,3.754108190536499,-0.05619960278272629,-0.8185594081878662,1.018923282623291,2025-07-01 17:53:36.147,1751372616147,-7253,-4208,-5,2174,-177,-766
458,2025-07-01 17:53:36.492,2025-07-01 17:53:36.223080,-4.173093795776367,-7.386112213134766,3.6320040225982666,0.26022860407829285,-0.7269296646118164,0.7061602473258972,2025-07-01 17:53:36.229,1751372616229,-7261,-4226,616,1854,38,-1103
459,2025-07-01 17:53:36.616,2025-07-01 17:53:36.321572,-4.343081951141357,-7.422025203704834,4.304774761199951,0.40683624148368835,-0.6096435189247131,0.6792821288108826,2025-07-01 17:53:36.335,1751372616335,-6803,-4673,784,1382,-82,-821
460,2025-07-01 17:53:36.694,2025-07-01 17:53:36.421545,-4.3406877517700195,-6.732495307922363,4.63517427444458,0.4605923891067505,-0.5119050741195679,0.49235737323760986,2025-07-01 17:53:36.438,1751372616438,-6861,-4522,845,476,-15,-578
461,2025-07-01 17:53:37.190,2025-07-01 17:53:37.020713,-3.732560396194458,-5.623979568481445,7.218518257141113,0.5277875661849976,-0.09040805697441101,-0.036651913076639175,2025-07-01 17:53:37.041,1751372617041,-6867,-4711,492,-316,-72,41
462,2025-07-01 17:53:37.384,2025-07-01 17:53:37.121808,-3.6990416049957275,-5.185841083526611,7.268796443939209,0.44837507605552673,-0.03787364438176155,-0.045204028487205505,2025-07-01 17:53:37.127,1751372617127,-6848,-4669,446,93,-98,-257
463,2025-07-01 17:53:37.488,2025-07-01 17:53:37.321971,-3.5913026332855225,-4.484339714050293,7.618350028991699,0.31642818450927734,-0.08185594528913498,0.021991148591041565,2025-07-01 17:53:37.321,1751372617321,-6910,-4620,429,114,125,96
464,2025-07-01 17:53:37.620,2025-07-01 17:53:37.420767,-3.509899616241455,-4.455609321594238,8.066065788269043,0.43615779280662537,-0.0757472887635231,-0.03176499158143997,2025-07-01 17:53:37.388,1751372617388,-6875,-4622,428,-153,18,-125
465,2025-07-01 17:53:38.101,2025-07-01 17:53:37.822551,-3.507505416870117,-2.956839084625244,8.631096839904785,0.21868975460529327,-0.059864792972803116,0.004886921960860491,2025-07-01 17:53:37.841,1751372617841,-6827,-4526,403,-550,-260,-544
466,2025-07-01 17:53:38.388,2025-07-01 17:53:38.120597,-3.44765043258667,-2.030282974243164,8.779537200927734,0.07208210229873657,-0.01710422709584236,-0.05619960278272629,2025-07-01 17:53:38.156,1751372618156,-7011,-4608,429,-54,-310,-604
467,2025-07-01 17:53:38.490,2025-07-01 17:53:38.222552,-3.397372245788574,-1.8914192914962769,8.899248123168945,0.14905111491680145,0.00366519158706069,-0.02932153269648552,2025-07-01 17:53:38.211,1751372618211,-6993,-4581,425,-265,-542,-347
468,2025-07-01 17:53:38.584,2025-07-01 17:53:38.323927,-3.579331636428833,-2.006340980529785,8.887276649475098,0.16982053220272064,0.018325956538319588,-0.012217304669320583,2025-07-01 17:53:38.299,1751372618299,-6980,-4905,486,-341,-522,37
469,2025-07-01 17:53:38.889,2025-07-01 17:53:38.621571,-3.1651346683502197,-1.6974890232086182,8.422801971435547,-0.7745771408081055,0.00366519158706069,-0.08552113175392151,2025-07-01 17:53:38.582,1751372618582,-6820,-4581,442,55,300,-45
470,2025-07-01 17:53:38.984,2025-07-01 17:53:38.621571,-3.1651346683502197,-1.6974890232086182,8.422801971435547,-0.7745771408081055,0.00366519158706069,-0.08552113175392151,2025-07-01 17:53:38.650,1751372618650,-6815,-4523,410,120,284,259
471,2025-07-01 17:53:39.103,2025-07-01 17:53:38.821704,-3.507505416870117,-4.572925090789795,8.092401504516602,-1.2131783962249756,0.0012217304902151227,-0.04153883829712868,2025-07-01 17:53:38.839,1751372618839,-6903,-4714,517,-312,183,324
472,2025-07-01 17:53:39.306,2025-07-01 17:53:39.021519,-3.318363666534424,-6.564900875091553,7.036558628082275,-1.037249207496643,0.10262536257505417,-0.06475171446800232,2025-07-01 17:53:38.984,1751372618984,-6882,-4346,219,-276,237,242
473,2025-07-01 17:53:39.388,2025-07-01 17:53:39.121697,-3.112462282180786,-6.01423454284668,6.143521785736084,-0.5705481171607971,0.2028072625398636,-0.0354301854968071,2025-07-01 17:53:39.109,1751372619109,-7288,-4249,335,-237,536,247
474,2025-07-01 17:53:39.491,2025-07-01 17:53:39.221762,-3.117250680923462,-5.449203014373779,5.868188381195068,-0.15515977144241333,0.3885102868080139,-0.3078760802745819,2025-07-01 17:53:39.200,1751372619200,-7129,-4417,286,-630,-30,214
475,2025-07-01 17:53:39.597,2025-07-01 17:53:39.321621,-3.4165258407592773,-6.694188117980957,5.147533416748047,-0.02076941914856434,0.6780604124069214,-0.42638394236564636,2025-07-01 17:53:39.310,1751372619310,-7289,-4036,-53,-484,94,111
476,2025-07-01 17:53:39.785,2025-07-01 17:53:39.520813,-3.3949780464172363,-7.113173484802246,3.308786630630493,-0.48380526900291443,1.3280210494995117,-0.7305948138237,2025-07-01 17:53:39.560,1751372619560,-7266,-4049,-308,-1129,-17,355
477,2025-07-01 17:53:40.285,2025-07-01 17:53:40.021538,2.513911724090576,-9.75397777557373,3.5410242080688477,-0.26022860407829285,0.21502456068992615,-1.3524556159973145,2025-07-01 17:53:40.003,1751372620003,-7715,-3175,-1087,-1050,21,849
478,2025-07-01 17:53:40.587,2025-07-01 17:53:40.220982,4.383783340454102,-9.725247383117676,2.4875755310058594,-0.4141666293144226,0.3335324227809906,-0.8295549750328064,2025-07-01 17:53:40.184,1751372620184,-7625,-2732,-1030,-774,-513,550
479,2025-07-01 17:53:40.786,2025-07-01 17:53:40.521514,4.6471452713012695,-8.712499618530273,2.212242364883423,-0.01466076634824276,0.0012217304902151227,-0.09651670604944229,2025-07-01 17:53:40.554,1751372620554,-8017,-2629,-869,-149,-277,164
480,2025-07-01 17:53:40.884,2025-07-01 17:53:40.621108,4.534617900848389,-8.707711219787598,2.3918075561523438,0.13316862285137177,-0.08185594528913498,-0.10018189996480942,2025-07-01 17:53:40.648,1751372620648,-8049,-2584,-845,-140,-628,195
481,2025-07-01 17:53:40.984,2025-07-01 17:53:40.721849,4.326322555541992,-8.80587387084961,2.942473888397217,0.06963863968849182,0.02932153269648552,0.0024434609804302454,2025-07-01 17:53:40.725,1751372620725,-8014,-2282,-485,-291,-137,-21
482,2025-07-01 17:53:41.322,2025-07-01 17:53:41.021730,5.631162166595459,-7.773972988128662,1.9105730056762695,0.5998696684837341,0.20402899384498596,0.15882496535778046,2025-07-01 17:53:41.055,1751372621055,-8016,-2431,-824,469,818,-230
483,2025-07-01 17:53:41.426,2025-07-01 17:53:41.221633,4.884171485900879,-7.105990409851074,2.537853717803955,0.9224064946174622,-0.4288274049758911,0.024434609338641167,2025-07-01 17:53:41.181,1751372621181,-7975,-2588,-618,551,116,-479
484,2025-07-01 17:53:41.595,2025-07-01 17:53:41.321672,4.649539470672607,-7.529764175415039,4.065354347229004,0.2064724564552307,-0.9162978529930115,-0.9529497623443604,2025-07-01 17:53:41.361,1751372621361,-7947,-2518,-493,267,151,-507
485,2025-07-01 17:53:41.700,2025-07-01 17:53:41.421331,6.229712963104248,-9.823410034179688,4.417302131652832,-1.804495930671692,-1.3182471990585327,-1.6114624738693237,2025-07-01 17:53:41.449,1751372621449,-7970,-2875,-804,253,332,-810
486,2025-07-01 17:53:41.905,2025-07-01 17:53:41.620877,8.058882713317871,-5.518634796142578,1.5131354331970215,0.7831292152404785,-0.35674530267715454,-0.5534439086914062,2025-07-01 17:53:41.637,1751372621637,-7574,-3027,-231,541,-760,-1081
487,2025-07-01 17:53:42.007,2025-07-01 17:53:41.721154,8.078036308288574,-5.8203043937683105,-0.043095629662275314,0.05742133408784866,-0.42149701714515686,-0.3274237811565399,2025-07-01 17:53:41.713,1751372621713,-7315,-3505,76,1829,164,-1121
488,2025-07-01 17:53:42.092,2025-07-01 17:53:41.821627,8.123526573181152,-5.12119722366333,-1.2713210582733154,0.3481931984424591,-0.40194934606552124,-0.3494149148464203,2025-07-01 17:53:41.829,1751372621829,-7312,-3922,87,2577,1092,-685
489,2025-07-01 17:53:42.206,2025-07-01 17:53:41.921610,8.473079681396484,-6.337451934814453,0.4644751250743866,-0.6108652353286743,0.2822197377681732,-0.35552358627319336,2025-07-01 17:53:41.949,1751372621949,-7330,-4117,-102,2542,767,-500
490,2025-07-01 17:53:42.305,2025-07-01 17:53:42.121391,8.406042098999023,-5.449203014373779,0.629675030708313,0.1771509200334549,-0.010995574295520782,-0.16249015927314758,2025-07-01 17:53:42.084,1751372622084,-7176,-4274,187,1246,526,-783
491,2025-07-01 17:53:42.692,2025-07-01 17:53:42.421469,8.655038833618164,-4.807557106018066,0.3902548849582672,0.0354301854968071,-0.03176499158143997,-0.018325956538319588,2025-07-01 17:53:42.437,1751372622437,-7134,-4038,16,-486,345,355
492,2025-07-01 17:53:42.812,2025-07-01 17:53:42.523055,8.75080680847168,-4.5825018882751465,0.23942017555236816,0.06475171446800232,-0.06230825558304787,-0.01710422709584236,2025-07-01 17:53:42.544,1751372622544,-7443,-3990,-320,-658,100,265
493,2025-07-01 17:53:42.899,2025-07-01 17:53:42.721081,8.937555313110352,-4.443638324737549,0.2801215946674347,0.1270599663257599,-0.01710422709584236,0.02321287989616394,2025-07-01 17:53:42.710,1751372622710,-7109,-4097,-144,-553,-72,290
494,2025-07-01 17:53:43.211,2025-07-01 17:53:42.922232,8.437167167663574,-4.759673118591309,-0.15562310814857483,-0.10018189996480942,-0.024434609338641167,0.1661553531885147,2025-07-01 17:53:42.899,1751372622899,-7450,-4138,-327,-256,-263,277
495,2025-07-01 17:53:43.284,2025-07-01 17:53:43.022536,8.81784439086914,-5.178658485412598,0.2585737705230713,0.0,-0.04886921867728233,0.27122417092323303,2025-07-01 17:53:43.058,1751372623058,-7058,-4133,-338,-1565,41,715
496,2025-07-01 17:53:43.384,2025-07-01 17:53:43.121573,8.446743965148926,-5.542576789855957,1.1755530834197998,0.29565876722335815,-0.03298672288656235,0.21135938167572021,2025-07-01 17:53:43.149,1751372623149,-7114,-3822,-373,-1623,-125,1074
497,2025-07-01 17:53:43.490,2025-07-01 17:53:43.222091,9.07641887664795,-6.5265936851501465,1.2832920551300049,-0.856433093547821,0.27122417092323303,0.5815436840057373,2025-07-01 17:53:43.252,1751372623252,-7759,-2947,-506,-1478,-213,687
498,2025-07-01 17:53:43.686,2025-07-01 17:53:43.422362,6.045359134674072,-8.489839553833008,1.4939818382263184,0.1014036312699318,1.2302825450897217,1.7507398128509521,2025-07-01 17:53:43.438,1751372623438,-7947,-2729,-757,-926,2,-19
499,2025-07-01 17:53:43.801,2025-07-01 17:53:43.521645,4.347870349884033,-8.501810073852539,1.1827356815338135,0.2174680233001709,1.1252137422561646,1.5906931161880493,2025-07-01 17:53:43.509,1751372623509,-7652,-2725,-1034,-1049,20,117
500,2025-07-01 17:53:43.906,2025-07-01 17:53:43.621504,2.738966703414917,-6.813898086547852,1.5658079385757446,-0.15515977144241333,0.5057964324951172,0.5314527750015259,2025-07-01 17:53:43.618,1751372623618,-7569,-2976,-474,-161,-427,-198
501,2025-07-01 17:53:44.084,2025-07-01 17:53:43.822637,4.793191909790039,-8.772355079650879,2.2146365642547607,0.03176499158143997,0.3701843321323395,-0.5167919993400574,2025-07-01 17:53:43.800,1751372623800,-7797,-3454,-234,-253,-1148,-431
502,2025-07-01 17:53:44.184,2025-07-01 17:53:43.925116,4.766855716705322,-8.283937454223633,1.7932571172714233,-0.0708603709936142,0.11728613078594208,-0.3274237811565399,2025-07-01 17:53:43.905,1751372623905,-7701,-3450,-165,-196,-1335,-425
503,2025-07-01 17:53:44.298,2025-07-01 17:53:44.022089,4.917690277099609,-8.518569946289062,2.5498247146606445,0.3066543638706207,0.29077184200286865,-0.05375614017248154,2025-07-01 17:53:43.990,1751372623990,-7560,-3424,125,-458,-1242,-814
504,2025-07-01 17:53:44.402,2025-07-01 17:53:44.221302,4.4292731285095215,-8.707711219787598,2.054224967956543,0.08552113175392151,0.00366519158706069,0.00733038317412138,2025-07-01 17:53:44.245,1751372624245,-7735,-3699,388,-461,-918,-547
505,2025-07-01 17:53:44.691,2025-07-01 17:53:44.421149,4.553771495819092,-8.741230010986328,2.056619167327881,0.06475171446800232,-0.02321287989616394,-0.012217304669320583,2025-07-01 17:53:44.428,1751372624428,-7368,-3489,1131,294,-801,37
506,2025-07-01 17:53:44.803,2025-07-01 17:53:44.521361,4.812345504760742,-8.492233276367188,2.0638017654418945,-0.13927727937698364,-0.02321287989616394,-0.07208210229873657,2025-07-01 17:53:44.510,1751372624510,-7117,-3966,1402,1146,26,-206
507,2025-07-01 17:53:44.903,2025-07-01 17:53:44.622194,4.867412090301514,-8.796297073364258,2.123656988143921,0.0024434609804302454,0.09407325088977814,0.06963863968849182,2025-07-01 17:53:44.588,1751372624588,-7661,-3700,738,2471,29,-1271
508,2025-07-01 17:53:45.285,2025-07-01 17:53:45.021616,1.2210428714752197,-9.27034854888916,1.9632453918457031,0.009773843921720982,-0.6377432942390442,1.3377948999404907,2025-07-01 17:53:44.999,1751372624999,-7463,-3773,1528,166,282,-244
509,2025-07-01 17:53:45.384,2025-07-01 17:53:45.121641,0.10295066982507706,-9.782708168029785,2.2194249629974365,0.2370157092809677,-0.6206390857696533,1.351233959197998,2025-07-01 17:53:45.151,1751372625151,-7270,-3989,1540,338,1090,-1097
510,2025-07-01 17:53:45.484,2025-07-01 17:53:45.224196,-1.3527239561080933,-9.890447616577148,2.499546527862549,-0.1062905490398407,-0.45814892649650574,1.4172073602676392,2025-07-01 17:53:45.234,1751372625234,-6959,-4638,1210,67,1017,-1053
511,2025-07-01 17:53:45.585,2025-07-01 17:53:45.321292,-2.6192567348480225,-9.677363395690918,2.7916390895843506,0.05619960278272629,-0.46181413531303406,1.3561208248138428,2025-07-01 17:53:45.314,1751372625314,-6935,-4566,1132,-273,1802,-748
512,2025-07-01 17:53:45.684,2025-07-01 17:53:45.421861,-4.225766181945801,-8.252813339233398,2.097320795059204,0.14538592100143433,-0.5143485069274902,1.2315043210983276,2025-07-01 17:53:45.424,1751372625424,-6830,-5122,864,-144,1817,-881
513,2025-07-01 17:53:45.796,2025-07-01 17:53:45.521696,-4.129997730255127,-7.690176010131836,2.920926094055176,-0.02687807008624077,-0.8576548099517822,1.1386528015136719,2025-07-01 17:53:45.519,1751372625519,-6975,-5218,464,782,930,323
514,2025-07-01 17:53:45.985,2025-07-01 17:53:45.721691,-4.197035789489746,-7.084442615509033,3.6152446269989014,0.14782938361167908,-0.9321803450584412,-0.0403171069920063,2025-07-01 17:53:45.682,1751372625682,-7001,-4647,527,1577,1309,215
515,2025-07-01 17:53:46.184,2025-07-01 17:53:46.020582,-3.7277719974517822,-6.143521785736084,5.901707172393799,0.7330383062362671,-0.2590068578720093,0.4092797040939331,2025-07-01 17:53:46.035,1751372626035,-7250,-4246,-80,-80,532,187
516,2025-07-01 17:53:46.496,2025-07-01 17:53:46.221507,-3.8139634132385254,-6.110002517700195,6.655880928039551,0.34086281061172485,-0.10995574295520782,-0.03420845419168472,2025-07-01 17:53:46.236,1751372626236,-7145,-4063,-46,-285,37,-33
517,2025-07-01 17:53:46.584,2025-07-01 17:53:46.321290,-3.7493197917938232,-6.00226354598999,6.840234279632568,0.4447098970413208,-0.042760565876960754,0.006108652334660292,2025-07-01 17:53:46.315,1751372626315,-7091,-4072,-1,-513,-179,289
518,2025-07-01 17:53:46.690,2025-07-01 17:53:46.421424,-3.6750996112823486,-5.446808815002441,7.3454108238220215,0.5082398653030396,-0.06230825558304787,-0.06475171446800232,2025-07-01 17:53:46.396,1751372626396,-7258,-4248,150,-556,-339,313
519,2025-07-01 17:53:47.093,2025-07-01 17:53:46.820885,-3.5434184074401855,-3.4308910369873047,8.456320762634277,0.5009095072746277,-0.06841690838336945,0.00366519158706069,2025-07-01 17:53:46.848,1751372626848,-7201,-4629,554,4,-339,-625
520,2025-07-01 17:53:47.309,2025-07-01 17:53:47.021748,-3.689464807510376,-2.8874073028564453,8.53293514251709,0.3127630054950714,0.04153883829712868,-0.02076941914856434,2025-07-01 17:53:46.981,1751372626981,-6862,-4312,572,-56,-302,-550
521,2025-07-01 17:53:47.384,2025-07-01 17:53:47.121422,-3.6846764087677,-2.4157495498657227,8.901641845703125,0.2590068578720093,-0.006108652334660292,-0.0012217304902151227,2025-07-01 17:53:47.136,1751372627136,-6871,-4736,623,63,72,-201
522,2025-07-01 17:53:47.508,2025-07-01 17:53:47.221592,-3.576937437057495,-2.248155355453491,8.722076416015625,0.2064724564552307,-0.03420845419168472,0.04398229718208313,2025-07-01 17:53:47.228,1751372627228,-6845,-4506,406,-53,-101,-135
523,2025-07-01 17:53:47.703,2025-07-01 17:53:47.421523,-3.5625722408294678,-1.9297266006469727,8.80587387084961,0.10018189996480942,-0.0403171069920063,-0.02076941914856434,2025-07-01 17:53:47.384,1751372627384,-6852,-4521,437,113,127,14
524,2025-07-01 17:53:47.884,2025-07-01 17:53:47.621438,-3.641580820083618,-1.8531121015548706,8.889671325683594,0.1417207419872284,0.0403171069920063,0.030543262138962746,2025-07-01 17:53:47.584,1751372627584,-7035,-4559,398,127,83,-318
525,2025-07-01 17:53:47.994,2025-07-01 17:53:47.721940,-3.6080620288848877,-1.4532804489135742,8.585607528686523,0.04153883829712868,-0.0024434609804302454,0.019547687843441963,2025-07-01 17:53:47.761,1751372627761,-7037,-4566,468,17,-185,-300
526,2025-07-01 17:53:48.092,2025-07-01 17:53:47.921275,-3.509899616241455,-2.6192567348480225,8.734047889709473,-0.9627236127853394,0.0012217304902151227,-0.1661553531885147,2025-07-01 17:53:47.945,1751372627945,-7010,-4593,823,-296,93,90
527,2025-07-01 17:53:48.294,2025-07-01 17:53:48.021472,-3.5913026332855225,-3.4739866256713867,8.106766700744629,-1.2400563955307007,-0.03420845419168472,-0.1014036312699318,2025-07-01 17:53:48.014,1751372628014,-6809,-4591,829,-264,-100,32
528,2025-07-01 17:53:48.402,2025-07-01 17:53:48.121515,-3.380612850189209,-4.73573112487793,7.702147006988525,-1.246165156364441,-0.042760565876960754,-0.05742133408784866,2025-07-01 17:53:48.119,1751372628119,-6793,-4895,771,32,337,258
529,2025-07-01 17:53:48.484,2025-07-01 17:53:48.221260,-3.5434184074401855,-6.172252178192139,7.38132381439209,-1.3658946752548218,0.00733038317412138,-0.13561208546161652,2025-07-01 17:53:48.197,1751372628197,-6809,-4489,420,68,339,144
530,2025-07-01 17:53:48.886,2025-07-01 17:53:48.621274,-3.112462282180786,-6.687005519866943,5.506663799285889,-0.2382374405860901,0.28099802136421204,-0.15760323405265808,2025-07-01 17:53:48.644,1751372628644,-7048,-4447,182,-857,-44,54
531,2025-07-01 17:53:48.989,2025-07-01 17:53:48.728516,-3.0310592651367188,-6.392518520355225,5.070919036865234,0.019547687843441963,0.5839871764183044,-0.16371189057826996,2025-07-01 17:53:48.735,1751372628735,-7193,-4478,144,-1039,-112,-138
532,2025-07-01 17:53:49.090,2025-07-01 17:53:48.822703,-3.6750996112823486,-6.92881965637207,4.774038314819336,0.04153883829712868,1.0812314748764038,-0.2638937830924988,2025-07-01 17:53:48.850,1751372628850,-7264,-4263,292,-1008,-66,90
533,2025-07-01 17:53:49.193,2025-07-01 17:53:48.921404,-4.76924991607666,-7.632715225219727,4.0533833503723145,-0.4386012554168701,1.3060299158096313,-0.45692721009254456,2025-07-01 17:53:48.916,1751372628916,-7245,-4475,35,-1016,291,116
534,2025-07-01 17:53:49.304,2025-07-01 17:53:49.020916,-4.728548526763916,-8.540117263793945,4.537012100219727,1.0824532508850098,0.9138544201850891,-0.9004153609275818,2025-07-01 17:53:49.023,1751372629023,-7061,-4616,-384,-906,70,64
535,2025-07-01 17:53:49.696,2025-07-01 17:53:49.421538,-0.2106897532939911,-10.053253173828125,2.0829553604125977,-0.846659243106842,0.3139847218990326,-1.5638149976730347,2025-07-01 17:53:49.383,1751372629383,-7522,-3554,-299,-958,276,944
536,2025-07-01 17:53:49.798,2025-07-01 17:53:49.521903,0.3208230137825012,-10.474632263183594,3.3016040325164795,-0.5387831330299377,0.31154128909111023,-1.577254056930542,2025-07-01 17:53:49.544,1751372629544,-7763,-3215,-343,-1174,-790,907
537,2025-07-01 17:53:50.094,2025-07-01 17:53:49.822303,3.864241600036621,-9.852140426635742,2.8131868839263916,0.07819075137376785,0.08185594528913498,-0.8051204085350037,2025-07-01 17:53:49.834,1751372629834,-7950,-2896,-558,-779,-121,270
538,2025-07-01 17:53:50.201,2025-07-01 17:53:49.921592,4.4939165115356445,-8.710105895996094,2.9664158821105957,0.16982053220272064,0.028099801391363144,-0.66584312915802,2025-07-01 17:53:49.910,1751372629910,-7950,-2720,-533,-190,-12,82
539,2025-07-01 17:53:50.284,2025-07-01 17:53:50.021320,4.714183330535889,-8.482656478881836,3.1028854846954346,-0.08429940044879913,0.13561208546161652,-0.3995058834552765,2025-07-01 17:53:50.018,1751372630018,-8056,-2858,-397,566,808,-246
540,2025-07-01 17:53:50.587,2025-07-01 17:53:50.321143,4.6950297355651855,-8.556877136230469,2.719813108444214,-0.19303341209888458,0.0354301854968071,-0.1514945775270462,2025-07-01 17:53:50.356,1751372630356,-7987,-2860,-422,92,67,-41
541,2025-07-01 17:53:50.793,2025-07-01 17:53:50.522806,5.530605792999268,-7.441178798675537,2.5043349266052246,0.17470745742321014,0.004886921960860491,-0.03176499158143997,2025-07-01 17:53:50.533,1751372630533,-8030,-2820,-532,193,-102,108
542,2025-07-01 17:53:50.885,2025-07-01 17:53:50.621389,6.54574728012085,-6.715735912322998,1.259350061416626,0.09651670604944229,0.1466076523065567,0.13072516024112701,2025-07-01 17:53:50.621,1751372630621,-7984,-2515,-209,236,-105,-310
543,2025-07-01 17:53:50.990,2025-07-01 17:53:50.722688,6.1052141189575195,-6.184223175048828,2.1140801906585693,1.2412781715393066,-0.43615779280662537,0.2382374405860901,2025-07-01 17:53:50.753,1751372630753,-7811,-2487,-148,321,-116,-144
544,2025-07-01 17:53:51.084,2025-07-01 17:53:50.821831,4.14915132522583,-4.467580318450928,4.32871675491333,1.0787880420684814,-1.264491081237793,-0.9138544201850891,2025-07-01 17:53:50.805,1751372630805,-7983,-2500,-182,-107,43,-587
545,2025-07-01 17:53:51.199,2025-07-01 17:53:50.921302,6.787561893463135,-8.315062522888184,6.100425720214844,-1.1484266519546509,-1.8985692262649536,-1.9547687768936157,2025-07-01 17:53:50.919,1751372630919,-7991,-2887,-588,101,-52,-825
546,2025-07-01 17:53:51.285,2025-07-01 17:53:51.021105,8.099584579467773,-7.053318023681641,2.5115175247192383,-0.3445279896259308,-1.6603317260742188,-1.8020524978637695,2025-07-01 17:53:50.994,1751372630994,-7888,-3351,-620,148,251,-864
547,2025-07-01 17:53:51.392,2025-07-01 17:53:51.221339,9.727641105651855,-3.7229835987091064,0.6727706789970398,-0.06475171446800232,0.09773843735456467,-0.6426302194595337,2025-07-01 17:53:51.198,1751372631198,-7726,-3240,93,1051,-184,-500
548,2025-07-01 17:53:51.489,2025-07-01 17:53:51.221339,9.727641105651855,-3.7229835987091064,0.6727706789970398,-0.06475171446800232,0.09773843735456467,-0.6426302194595337,2025-07-01 17:53:51.256,1751372631256,-7761,-3196,128,1548,108,-556
549,2025-07-01 17:53:51.592,2025-07-01 17:53:51.321331,9.832986831665039,-4.031835556030273,0.3687070608139038,-1.605353832244873,0.5204572081565857,-0.004886921960860491,2025-07-01 17:53:51.360,1751372631360,-7694,-3107,184,1624,455,-879
550,2025-07-01 17:53:51.804,2025-07-01 17:53:51.521637,9.406818389892578,-4.077325344085693,-0.5578489899635315,-0.40683624148368835,0.18570303916931152,0.051312681287527084,2025-07-01 17:53:51.489,1751372631489,-7318,-3817,407,-283,63,-2130
551,2025-07-01 17:53:51.886,2025-07-01 17:53:51.621273,8.87291145324707,-4.10366153717041,0.0933738648891449,0.3494149148464203,-0.1771509200334549,-0.03787364438176155,2025-07-01 17:53:51.620,1751372631620,-7265,-4670,395,231,261,-1920
552,2025-07-01 17:53:51.985,2025-07-01 17:53:51.721873,9.44991397857666,-3.3207578659057617,0.36152446269989014,1.156978726387024,-0.11362093687057495,0.1368338167667389,2025-07-01 17:53:51.731,1751372631731,-7173,-3823,-340,-436,1323,46
553,2025-07-01 17:53:52.198,2025-07-01 17:53:51.921723,8.995016098022461,-2.9017724990844727,1.4245500564575195,0.45814892649650574,0.31031954288482666,0.1111774742603302,2025-07-01 17:53:51.885,1751372631885,-6642,-4453,-1064,18,1518,-545
554,2025-07-01 17:53:52.885,2025-07-01 17:53:52.624883,9.32541561126709,-3.1028854846954346,1.3694833517074585,0.19914206862449646,-0.49357911944389343,0.3029891550540924,2025-07-01 17:53:52.664,1751372632664,-6647,-4269,-2473,-1995,-477,-129
555,2025-07-01 17:53:52.993,2025-07-01 17:53:52.721715,9.318233489990234,-2.9975404739379883,2.054224967956543,0.5534439086914062,-0.34086281061172485,0.14905111491680145,2025-07-01 17:53:52.696,1751372632696,-6621,-4395,-2685,-1904,-877,-423
556,2025-07-01 17:53:53.184,2025-07-01 17:53:52.921421,5.183446884155273,-6.368576526641846,4.168305397033691,0.3933972120285034,1.9620991945266724,2.4935519695281982,2025-07-01 17:53:52.883,1751372632883,-6968,-4142,-2201,-1133,-683,-344
557,2025-07-01 17:53:53.410,2025-07-01 17:53:53.121995,5.03021764755249,-7.47230339050293,1.5155296325683594,-0.23090706765651703,0.1111774742603302,0.18814650177955627,2025-07-01 17:53:53.149,1751372633149,-7570,-3242,-990,-315,-1962,-149
558,2025-07-01 17:53:53.496,2025-07-01 17:53:53.221365,6.200982570648193,-7.625532627105713,1.7836803197860718,-1.370781660079956,0.18448130786418915,-0.42760565876960754,2025-07-01 17:53:53.257,1751372633257,-7388,-3403,-781,365,-2341,-329
559,2025-07-01 17:53:53.595,2025-07-01 17:53:53.321178,6.813898086547852,-7.886500358581543,2.1571757793426514,-0.9285151958465576,0.14905111491680145,-0.3481931984424591,2025-07-01 17:53:53.332,1751372633332,-7749,-3037,119,1008,-2320,-334
560,2025-07-01 17:53:53.801,2025-07-01 17:53:53.523443,5.353435039520264,-7.967903137207031,1.86508309841156,-0.1661553531885147,0.32009339332580566,-0.09162978827953339,2025-07-01 17:53:53.500,1751372633500,-7310,-3213,252,1296,-2174,-454
561,2025-07-01 17:53:53.909,2025-07-01 17:53:53.621689,5.602431774139404,-7.225700855255127,1.9776105880737305,0.41172316670417786,0.10262536257505417,0.06230825558304787,2025-07-01 17:53:53.624,1751372633624,-7190,-3912,1064,330,-1013,-326
562,2025-07-01 17:53:54.086,2025-07-01 17:53:53.823121,5.262455463409424,-8.281543731689453,2.3080103397369385,-0.012217304669320583,0.11484266817569733,-0.0806342139840126,2025-07-01 17:53:53.783,1751372633783,-7485,-4769,1126,-486,-351,-570
563,2025-07-01 17:53:54.187,2025-07-01 17:53:53.922122,5.078101634979248,-7.630321025848389,1.7621324062347412,-1.0396926403045654,0.23335053026676178,-0.05009094998240471,2025-07-01 17:53:53.963,1751372633963,-7133,-4398,915,540,-571,230
564,2025-07-01 17:53:54.295,2025-07-01 17:53:54.024403,5.547365188598633,-8.391676902770996,1.987187385559082,-0.27488934993743896,0.1062905490398407,-0.04642575979232788,2025-07-01 17:53:54.060,1751372634060,-7186,-3779,1290,178,-565,-123
565,2025-07-01 17:53:54.494,2025-07-01 17:53:54.220950,6.074089527130127,-8.65743350982666,2.2218191623687744,0.14782938361167908,-0.24190263450145721,0.4789183437824249,2025-07-01 17:53:54.185,1751372634185,-7192,-3726,1308,-18,-202,93
566,2025-07-01 17:53:54.604,2025-07-01 17:53:54.321611,5.614402770996094,-9.914389610290527,2.166752576828003,0.2321287989616394,-0.40194934606552124,1.0042624473571777,2025-07-01 17:53:54.316,1751372634316,-7357,-4216,1142,-821,531,-237
567,2025-07-01 17:53:54.703,2025-07-01 17:53:54.421481,4.036623954772949,-10.424354553222656,1.7190368175506592,-0.13072516024112701,-0.23090706765651703,1.4269812107086182,2025-07-01 17:53:54.415,1751372634415,-7096,-4039,1089,46,244,-681
568,2025-07-01 17:53:54.988,2025-07-01 17:53:54.725282,-1.8339585065841675,-8.779537200927734,2.027888774871826,0.9346238374710083,-0.15027284622192383,1.4025466442108154,2025-07-01 17:53:54.765,1751372634765,-7517,-4182,-117,-835,588,16
569,2025-07-01 17:53:55.094,2025-07-01 17:53:54.821675,-2.7030537128448486,-8.188169479370117,2.655169725418091,0.2919935882091522,-0.4178318381309509,1.244943380355835,2025-07-01 17:53:54.856,1751372634856,-7241,-3998,153,-19,-253,1593
570,2025-07-01 17:53:55.197,2025-07-01 17:53:54.923421,-3.7684733867645264,-8.315062522888184,2.5330653190612793,-0.46303585171699524,-0.789237916469574,0.9871582388877869,2025-07-01 17:53:54.954,1751372634954,-7432,-3800,130,-296,180,732
571,2025-07-01 17:53:55.319,2025-07-01 17:53:55.120984,-4.551377296447754,-8.133103370666504,2.5330653190612793,-0.1270599663257599,-1.1557570695877075,0.685390830039978,2025-07-01 17:53:55.124,1751372635124,-7531,-3840,260,-52,621,-113
572,2025-07-01 17:53:55.490,2025-07-01 17:53:55.221573,-4.141968727111816,-8.10437297821045,3.0550012588500977,-0.3579670190811157,-1.2119566202163696,0.6426302194595337,2025-07-01 17:53:55.210,1751372635210,-7534,-3738,-2,118,322,-20
573,2025-07-01 17:53:55.600,2025-07-01 17:53:55.321439,-4.039018154144287,-7.6566572189331055,3.4572272300720215,0.1563815027475357,-0.9847147464752197,0.48258355259895325,2025-07-01 17:53:55.322,1751372635322,-7522,-3909,321,560,237,356
574,2025-07-01 17:53:55.700,2025-07-01 17:53:55.424121,-3.6535518169403076,-7.474697589874268,4.082113742828369,0.42149701714515686,-0.7672467231750488,0.27122417092323303,2025-07-01 17:53:55.394,1751372635394,-7520,-3898,334,428,567,342
575,2025-07-01 17:53:56.187,2025-07-01 17:53:55.930423,-3.5960910320281982,-6.603208065032959,6.315904140472412,0.4190535545349121,-0.036651913076639175,-0.03176499158143997,2025-07-01 17:53:55.936,1751372635936,-7307,-3921,-122,146,-19,-328
576,2025-07-01 17:53:56.290,2025-07-01 17:53:56.025760,-3.5625722408294678,-6.643909931182861,6.517016887664795,0.2577851414680481,-0.07941248267889023,-0.0354301854968071,2025-07-01 17:53:56.021,1751372636021,-7478,-3965,-103,-26,45,-317
577,2025-07-01 17:53:56.386,2025-07-01 17:53:56.121487,-3.7158010005950928,-5.959167957305908,6.933608055114746,0.46792277693748474,-0.1368338167667389,0.00855211354792118,2025-07-01 17:53:56.112,1751372636112,-7454,-3753,78,-15,-20,-130
578,2025-07-01 17:53:56.500,2025-07-01 17:53:56.223239,-3.6080620288848877,-5.832275390625,7.268796443939209,0.6414085030555725,-0.08429940044879913,0.06230825558304787,2025-07-01 17:53:56.239,1751372636239,-7401,-3946,17,23,-72,-364
579,2025-07-01 17:53:56.991,2025-07-01 17:53:56.722245,-3.380612850189209,-3.8283286094665527,7.989450931549072,0.21135938167572021,-0.05497787147760391,0.015882495790719986,2025-07-01 17:53:56.707,1751372636707,-7136,-4361,-10,16,31,-432
580,2025-07-01 17:53:57.085,2025-07-01 17:53:56.824397,-3.2537200450897217,-3.2609026432037354,8.520963668823242,0.20891591906547546,0.018325956538319588,0.0012217304902151227,2025-07-01 17:53:56.837,1751372636837,-7244,-4433,305,-298,41,-302
581,2025-07-01 17:53:57.184,2025-07-01 17:53:57.023082,-3.4117374420166016,-3.248931646347046,8.664615631103516,0.17104226350784302,0.0024434609804302454,-0.009773843921720982,2025-07-01 17:53:57.004,1751372637004,-7289,-4434,259,38,-101,109
582,2025-07-01 17:53:57.387,2025-07-01 17:53:57.123281,-3.471592426300049,-2.4851813316345215,8.841787338256836,0.2773328125476837,0.036651913076639175,0.009773843921720982,2025-07-01 17:53:57.107,1751372637107,-7254,-4446,291,-263,113,275
583,2025-07-01 17:53:57.784,2025-07-01 17:53:57.529404,-3.3207578659057617,-3.1699230670928955,8.307879447937012,-0.7257078886032104,0.019547687843441963,-0.09162978827953339,2025-07-01 17:53:57.512,1751372637512,-7282,-4384,217,116,-162,-114
584,2025-07-01 17:53:57.884,2025-07-01 17:53:57.623504,-3.6176388263702393,-4.242525577545166,8.087613105773926,-1.1484266519546509,0.0012217304902151227,-0.15515977144241333,2025-07-01 17:53:57.657,1751372637657,-7113,-4080,162,-300,340,-63
585,2025-07-01 17:53:57.984,2025-07-01 17:53:57.727494,-3.4356794357299805,-5.202600479125977,7.580042362213135,-1.3267992734909058,0.045204028487205505,-0.0708603709936142,2025-07-01 17:53:57.737,1751372637737,-7113,-4361,152,-284,324,-64
586,2025-07-01 17:53:58.085,2025-07-01 17:53:57.823262,-3.5027170181274414,-6.31829833984375,6.845022678375244,-1.2107349634170532,0.10751228034496307,-0.01710422709584236,2025-07-01 17:53:57.838,1751372637838,-7077,-3996,380,-36,162,259
587,2025-07-01 17:53:58.184,2025-07-01 17:53:57.925737,-3.555389642715454,-7.094019412994385,6.208165168762207,-0.6976081132888794,0.12339477986097336,-0.08552113175392151,2025-07-01 17:53:57.914,1751372637914,-7091,-4194,325,344,470,328
588,2025-07-01 17:53:58.488,2025-07-01 17:53:58.221556,-3.2321722507476807,-6.780379295349121,5.03021764755249,-0.4043927788734436,0.48258355259895325,-0.19425514340400696,2025-07-01 17:53:58.183,1751372638183,-7342,-3735,102,-537,-39,146
589,2025-07-01 17:53:58.584,2025-07-01 17:53:58.324784,-3.220201253890991,-6.4164605140686035,4.4077253341674805,-0.3066543638706207,0.8857545852661133,-0.24068090319633484,2025-07-01 17:53:58.364,1751372638364,-7053,-4131,-66,-792,-113,-176
590,2025-07-01 17:53:58.789,2025-07-01 17:53:58.530470,-4.3191399574279785,-6.806715488433838,3.6128504276275635,0.5180137157440186,1.4001030921936035,-0.9028588533401489,2025-07-01 17:53:58.546,1751372638546,-7254,-4124,-327,-949,201,-581
591,2025-07-01 17:53:58.884,2025-07-01 17:53:58.623638,-3.7876269817352295,-7.328651428222656,3.0310592651367188,-0.1966986060142517,1.1618657112121582,-1.7458528280258179,2025-07-01 17:53:58.646,1751372638646,-7331,-4188,-474,-1555,534,-76
592,2025-07-01 17:53:58.984,2025-07-01 17:53:58.727319,-2.4229321479797363,-9.026140213012695,3.778050184249878,0.44715335965156555,0.48747047781944275,-1.8509217500686646,2025-07-01 17:53:58.756,1751372638756,-7057,-4160,-499,-1467,-345,631
593,2025-07-01 17:53:59.113,2025-07-01 17:53:58.822784,-0.6153098344802856,-9.615114212036133,3.19865345954895,-0.4960225820541382,0.23335053026676178,-1.6664403676986694,2025-07-01 17:53:58.820,1751372638820,-7111,-4100,-793,-1822,-249,783
594,2025-07-01 17:53:59.187,2025-07-01 17:53:58.922525,0.9145850539207458,-10.259154319763184,2.846705913543701,-0.3836233615875244,0.12217304855585098,-1.6004669666290283,2025-07-01 17:53:58.905,1751372638905,-7458,-3563,-879,-1251,-360,845
595,2025-07-01 17:53:59.324,2025-07-01 17:53:59.026282,1.9297266006469727,-11.075576782226562,3.4117374420166016,-0.45692721009254456,0.15027284622192383,-1.3280210494995117,2025-07-01 17:53:59.001,1751372639001,-7345,-3631,-704,-1356,-359,847
596,2025-07-01 17:53:59.502,2025-07-01 17:53:59.227102,4.443638324737549,-8.686163902282715,2.964021682739258,0.08674286305904388,0.08796459436416626,-0.7904596328735352,2025-07-01 17:53:59.268,1751372639268,-7574,-2908,-1123,40,-219,462
597,2025-07-01 17:53:59.603,2025-07-01 17:53:59.324132,4.908113479614258,-8.777143478393555,3.1747114658355713,0.4789183437824249,-0.051312681287527084,-0.5473352670669556,2025-07-01 17:53:59.365,1751372639365,-7945,-2482,-700,120,1,249
598,2025-07-01 17:53:59.697,2025-07-01 17:53:59.421199,4.862623691558838,-8.578424453735352,3.507505416870117,0.2015855312347412,0.009773843921720982,-0.2638937830924988,2025-07-01 17:53:59.450,1751372639450,-7987,-2659,-694,-330,-615,240
599,2025-07-01 17:53:59.893,2025-07-01 17:53:59.624968,5.006275653839111,-7.582436561584473,3.157952070236206,-0.05497787147760391,-0.019547687843441963,-0.05864306539297104,2025-07-01 17:53:59.642,1751372639642,-7948,-2679,-788,296,-293,288
600,2025-07-01 17:54:00.024,2025-07-01 17:53:59.724568,4.702212333679199,-7.82185697555542,3.308786630630493,-0.08918632566928864,0.02321287989616394,-0.06108652427792549,2025-07-01 17:53:59.737,1751372639737,-8008,-2284,-856,408,533,6
601,2025-07-01 17:54:00.109,2025-07-01 17:53:59.823399,5.125985622406006,-7.718906402587891,3.184288263320923,0.17104226350784302,0.02932153269648552,-0.17348572611808777,2025-07-01 17:53:59.843,1751372639843,-8064,-2566,-895,328,366,-148
602,2025-07-01 17:54:00.385,2025-07-01 17:54:00.121517,4.977545261383057,-7.429207801818848,3.203441858291626,0.7134906053543091,-0.2626720666885376,0.0354301854968071,2025-07-01 17:54:00.108,1751372640108,-7813,-2473,-793,97,-10,-333
603,2025-07-01 17:54:00.696,2025-07-01 17:54:00.521122,6.739677906036377,-5.889736175537109,1.8291701078414917,0.9431759119033813,-1.3817771673202515,-0.9260717034339905,2025-07-01 17:54:00.530,1751372640530,-7337,-3396,-1307,1611,995,-820
604,2025-07-01 17:54:00.989,2025-07-01 17:54:00.724851,9.421183586120605,-5.17626428604126,-0.15083470940589905,0.2541199326515198,-1.1545352935791016,-0.9162978529930115,2025-07-01 17:54:00.709,1751372640709,-7099,-3953,-1292,616,125,-450
605,2025-07-01 17:54:01.089,2025-07-01 17:54:00.823670,8.415618896484375,-4.017470359802246,1.8411411046981812,-0.26145032048225403,0.2883284091949463,0.07941248267889023,2025-07-01 17:54:00.816,1751372640816,-7269,-3832,-984,379,61,-235
606,2025-07-01 17:54:01.197,2025-07-01 17:54:00.922659,8.422801971435547,-4.505887508392334,0.07661445438861847,0.2272418737411499,0.06230825558304787,-0.10873401165008545,2025-07-01 17:54:00.908,1751372640908,-7048,-3794,-966,431,367,-86
607,2025-07-01 17:54:01.391,2025-07-01 17:54:01.123346,9.026140213012695,-3.9911341667175293,0.689530074596405,-0.03787364438176155,-0.00366519158706069,0.015882495790719986,2025-07-01 17:54:01.161,1751372641161,-7163,-3574,-1067,-7,67,-94
608,2025-07-01 17:54:01.489,2025-07-01 17:54:01.223451,9.074024200439453,-4.292803764343262,0.730231523513794,0.0757472887635231,-0.06108652427792549,-0.006108652334660292,2025-07-01 17:54:01.245,1751372641245,-7464,-3485,-1036,107,0,-58
609,2025-07-01 17:54:01.592,2025-07-01 17:54:01.331862,9.121908187866211,-4.278438568115234,0.7230489253997803,0.08674286305904388,-0.08185594528913498,-0.045204028487205505,2025-07-01 17:54:01.338,1751372641338,-7442,-3463,-1059,-519,-530,84
610,2025-07-01 17:54:01.700,2025-07-01 17:54:01.421576,9.090784072875977,-4.132391929626465,0.7829039692878723,0.1771509200334549,-0.07941248267889023,-0.0403171069920063,2025-07-01 17:54:01.425,1751372641425,-7467,-3548,-1068,-534,-174,-313
611,2025-07-01 17:54:01.789,2025-07-01 17:54:01.521902,9.083600997924805,-4.220977783203125,0.6703764796257019,-0.07452555745840073,0.10506882518529892,0.08185594528913498,2025-07-01 17:54:01.510,1751372641510,-7495,-3566,-1046,-579,-161,-325
612,2025-07-01 17:54:01.997,2025-07-01 17:54:01.724058,8.370129585266113,-8.164227485656738,4.003105163574219,-0.33719760179519653,1.947438359260559,1.901012659072876,2025-07-01 17:54:01.709,1751372641709,-7133,-3892,-1033,-883,-218,-239
613,2025-07-01 17:54:02.292,2025-07-01 17:54:02.034853,4.41969633102417,-7.261613845825195,2.3511061668395996,-0.20402899384498596,0.24190263450145721,0.024434609338641167,2025-07-01 17:54:02.053,1751372642053,-7514,-3590,-976,-201,85,442
614,2025-07-01 17:54:02.392,2025-07-01 17:54:02.135594,5.157110691070557,-7.575253963470459,2.293645143508911,-0.6805039048194885,0.02687807008624077,-0.5705481171607971,2025-07-01 17:54:02.142,1751372642142,-7307,-3310,-958,-550,20,437
615,2025-07-01 17:54:02.486,2025-07-01 17:54:02.224878,5.540182590484619,-7.632715225219727,2.212242364883423,0.07208210229873657,0.15027284622192383,-0.4080579876899719,2025-07-01 17:54:02.262,1751372642262,-7382,-3594,-1054,-207,-113,497
616,2025-07-01 17:54:02.587,2025-07-01 17:54:02.328532,5.568912982940674,-7.086836814880371,1.525106430053711,-0.05375614017248154,-0.05619960278272629,-0.11362093687057495,2025-07-01 17:54:02.338,1751372642338,-7410,-3365,-753,-109,74,477
617,2025-07-01 17:54:02.788,2025-07-01 17:54:02.527738,5.770026206970215,-8.530540466308594,2.5258827209472656,0.22968533635139465,-0.04886921867728233,-0.025656340643763542,2025-07-01 17:54:02.518,1751372642518,-7558,-2525,-927,225,268,691
618,2025-07-01 17:54:02.917,2025-07-01 17:54:02.621064,5.66228723526001,-8.178592681884766,1.6639702320098877,-0.4605923891067505,0.26145032048225403,0.0354301854968071,2025-07-01 17:54:02.651,1751372642651,-8036,-2261,-1152,329,-83,645
619,2025-07-01 17:54:02.995,2025-07-01 17:54:02.723089,5.315127849578857,-8.018181800842285,2.0661959648132324,0.05375614017248154,0.025656340643763542,0.028099801391363144,2025-07-01 17:54:02.699,1751372642699,-8049,-2341,-1096,180,-304,496
620,2025-07-01 17:54:03.386,2025-07-01 17:54:03.125999,5.851428985595703,-9.727641105651855,2.4803929328918457,-0.04642575979232788,-0.44104471802711487,0.9566149711608887,2025-07-01 17:54:03.096,1751372643096,-7880,-1988,-1137,-166,52,13
621,2025-07-01 17:54:03.506,2025-07-01 17:54:03.221797,4.548983097076416,-10.879252433776855,3.0861260890960693,0.375071257352829,-0.39706242084503174,1.7092009782791138,2025-07-01 17:54:03.219,1751372643219,-7837,-2393,-758,-258,-276,-338
622,2025-07-01 17:54:03.585,2025-07-01 17:54:03.328033,1.8842366933822632,-10.079588890075684,2.647987127304077,0.5485569834709167,-0.1258382350206375,1.8680258989334106,2025-07-01 17:54:03.323,1751372643323,-8037,-2241,-1036,-5,-158,-542
623,2025-07-01 17:54:03.698,2025-07-01 17:54:03.423015,0.08140286058187485,-9.545681953430176,2.9233202934265137,0.3836233615875244,-0.09896016865968704,2.012190103530884,2025-07-01 17:54:03.406,1751372643406,-7943,-2603,-1042,192,119,-792
624,2025-07-01 17:54:03.786,2025-07-01 17:54:03.529345,-2.1092917919158936,-8.968679428100586,2.3702597618103027,0.3494149148464203,-0.3933972120285034,1.9181169271469116,2025-07-01 17:54:03.510,1751372643510,-7939,-2570,-725,668,361,-744
625,2025-07-01 17:54:04.084,2025-07-01 17:54:03.837937,-3.8714241981506348,-7.194576263427734,3.8355112075805664,-0.15882496535778046,-1.0800096988677979,0.8833111524581909,2025-07-01 17:54:03.868,1751372643868,-7117,-3734,-567,1146,-311,-1031
626,2025-07-01 17:54:04.291,2025-07-01 17:54:04.022408,-3.7038300037384033,-6.9455790519714355,5.008669853210449,0.34574973583221436,-0.5607742667198181,0.2883284091949463,2025-07-01 17:54:04.037,1751372644037,-7119,-3832,-286,691,-45,-256
627,2025-07-01 17:54:04.394,2025-07-01 17:54:04.124415,-4.2544965744018555,-6.581660270690918,5.04218864440918,0.817337691783905,-0.20525072515010834,0.16982053220272064,2025-07-01 17:54:04.119,1751372644119,-7119,-4153,23,555,-75,-168
628,2025-07-01 17:54:04.484,2025-07-01 17:54:04.231032,-4.596867084503174,-6.0405707359313965,5.700594425201416,0.779464066028595,-0.14782938361167908,0.08796459436416626,2025-07-01 17:54:04.241,1751372644241,-7124,-4044,29,288,-310,-576
629,2025-07-01 17:54:04.608,2025-07-01 17:54:04.325515,-4.050989151000977,-5.702988624572754,5.963956356048584,0.2675589919090271,-0.17592918872833252,0.06719517707824707,2025-07-01 17:54:04.339,1751372644339,-7269,-4410,76,562,65,-565
630,2025-07-01 17:54:04.789,2025-07-01 17:54:04.522759,-4.1395745277404785,-5.767632007598877,6.878541469573975,0.5192354321479797,-0.05375614017248154,0.08552113175392151,2025-07-01 17:54:04.482,1751372644482,-7258,-4359,261,85,-589,-605
631,2025-07-01 17:54:05.084,2025-07-01 17:54:04.828358,-3.9001545906066895,-4.261679172515869,7.989450931549072,0.5448917746543884,-0.1062905490398407,-0.021991148591041565,2025-07-01 17:54:04.789,1751372644789,-6886,-4642,537,70,-591,-531
632,2025-07-01 17:54:05.200,2025-07-01 17:54:04.921981,-4.072536945343018,-3.892971992492676,7.829039573669434,0.759916365146637,-0.02687807008624077,-0.08429940044879913,2025-07-01 17:54:04.946,1751372644946,-6798,-4894,566,304,-51,-557
633,2025-07-01 17:54:05.396,2025-07-01 17:54:05.123661,-4.05817174911499,-3.0382418632507324,8.300697326660156,0.4691445231437683,0.02932153269648552,0.019547687843441963,2025-07-01 17:54:05.113,1751372645113,-6801,-4733,206,-50,-68,-245
634,2025-07-01 17:54:05.510,2025-07-01 17:54:05.231683,-4.144362926483154,-2.5713725090026855,8.398859977722168,0.4105014503002167,-0.021991148591041565,0.051312681287527084,2025-07-01 17:54:05.208,1751372645208,-7033,-4581,187,34,82,-252
635,2025-07-01 17:54:05.590,2025-07-01 17:54:05.328842,-3.9408559799194336,-2.4468741416931152,8.494627952575684,0.19425514340400696,-0.05009094998240471,-0.03298672288656235,2025-07-01 17:54:05.333,1751372645333,-6970,-4939,547,-277,36,40
636,2025-07-01 17:54:05.804,2025-07-01 17:54:05.525833,-4.1874589920043945,-2.319981336593628,8.578424453735352,0.1918116807937622,0.02932153269648552,-0.03787364438176155,2025-07-01 17:54:05.565,1751372645565,-6792,-4498,542,-82,256,-124
637,2025-07-01 17:54:06.120,2025-07-01 17:54:05.821222,-3.890577793121338,-1.987187385559082,8.669404029846191,0.025656340643763542,0.0012217304902151227,-0.0024434609804302454,2025-07-01 17:54:05.854,1751372645854,-6788,-4555,534,66,101,87
638,2025-07-01 17:54:06.194,2025-07-01 17:54:05.929893,-3.9456443786621094,-1.9967641830444336,8.518569946289062,-0.09651670604944229,0.004886921960860491,-0.06352998316287994,2025-07-01 17:54:05.921,1751372645921,-6801,-4567,519,72,-114,49
639,2025-07-01 17:54:06.294,2025-07-01 17:54:06.030962,-3.9671921730041504,-2.0207061767578125,8.271966934204102,-0.3799581825733185,0.006108652334660292,-0.05497787147760391,2025-07-01 17:54:06.011,1751372646011,-6825,-4536,243,99,-93,28
640,2025-07-01 17:54:06.402,2025-07-01 17:54:06.134444,-4.079719543457031,-2.5929205417633057,8.60236644744873,-0.7354817390441895,-0.05009094998240471,-0.06963863968849182,2025-07-01 17:54:06.124,1751372646124,-6803,-4498,518,47,118,-39
641,2025-07-01 17:54:06.506,2025-07-01 17:54:06.225803,-3.9169139862060547,-3.7612907886505127,8.434772491455078,-0.8588765263557434,-0.06475171446800232,0.009773843921720982,2025-07-01 17:54:06.196,1751372646196,-6788,-4689,525,-288,78,-120
642,2025-07-01 17:54:06.691,2025-07-01 17:54:06.429964,-4.0964789390563965,-5.367800235748291,7.680599212646484,-0.8662069439888,0.01466076634824276,-0.05253441259264946,2025-07-01 17:54:06.463,1751372646463,-7006,-4895,529,55,145,-220
643,2025-07-01 17:54:06.891,2025-07-01 17:54:06.629935,-3.60566782951355,-5.140350818634033,6.435614109039307,-0.6817256212234497,0.20036379992961884,-0.1319468915462494,2025-07-01 17:54:06.646,1751372646646,-6789,-4604,196,-306,-46,66
644,2025-07-01 17:54:06.984,2025-07-01 17:54:06.729767,-3.5865142345428467,-5.91128396987915,5.796362400054932,-0.5302310585975647,0.39095374941825867,-0.21624629199504852,2025-07-01 17:54:06.742,1751372646742,-6980,-4588,204,-214,-317,-258
645,2025-07-01 17:54:07.089,2025-07-01 17:54:06.820645,-3.5625722408294678,-5.341464042663574,4.946420669555664,-0.6719517707824707,0.7000515460968018,-0.2382374405860901,2025-07-01 17:54:06.828,1751372646828,-6953,-4604,167,-622,73,-340
646,2025-07-01 17:54:07.300,2025-07-01 17:54:07.020627,-4.51067590713501,-7.807491779327393,3.2561142444610596,-0.7684684991836548,1.2974777221679688,-0.797789990901947,2025-07-01 17:54:07.016,1751372647016,-6839,-4928,-3,-897,-93,551
647,2025-07-01 17:54:07.417,2025-07-01 17:54:07.126946,-4.180276393890381,-8.066065788269043,3.026270866394043,-0.5412266254425049,1.1594222784042358,-1.2522737979888916,2025-07-01 17:54:07.124,1751372647124,-6533,-4493,65,-1394,139,1115
648,2025-07-01 17:54:07.699,2025-07-01 17:54:07.430403,-0.5123591423034668,-10.182539939880371,2.097320795059204,0.32131510972976685,0.4043927788734436,-1.4110987186431885,2025-07-01 17:54:07.422,1751372647422,-7162,-4088,-1136,-1520,534,737
649,2025-07-01 17:54:07.784,2025-07-01 17:54:07.529799,0.06703764945268631,-9.619902610778809,2.2361843585968018,0.2822197377681732,0.13805554807186127,-1.1997393369674683,2025-07-01 17:54:07.551,1751372647551,-7435,-3273,-1368,-478,-67,1089
650,2025-07-01 17:54:07.884,2025-07-01 17:54:07.631792,1.6663644313812256,-10.63743782043457,2.691082715988159,0.2382374405860901,0.11484266817569733,-1.235169529914856,2025-07-01 17:54:07.662,1751372647662,-7302,-3396,-1581,-753,53,440
651,2025-07-01 17:54:08.092,2025-07-01 17:54:07.833989,3.2776620388031006,-9.38048267364502,2.5091233253479004,-0.17104226350784302,-0.08552113175392151,-0.7770205736160278,2025-07-01 17:54:07.858,1751372647858,-7517,-3330,-1230,-486,-472,135
652,2025-07-01 17:54:08.185,2025-07-01 17:54:07.922179,4.503493309020996,-8.640673637390137,2.1811177730560303,-0.1918116807937622,0.05375614017248154,-0.8600982427597046,2025-07-01 17:54:07.933,1751372647933,-7410,-3111,-1204,-680,-800,513
653,2025-07-01 17:54:08.298,2025-07-01 17:54:08.028129,5.5114521980285645,-8.746018409729004,2.1523873805999756,0.025656340643763542,0.02321287989616394,-0.5106833577156067,2025-07-01 17:54:08.016,1751372648016,-7760,-2722,-1391,-829,-455,138
654,2025-07-01 17:54:08.586,2025-07-01 17:54:08.326940,5.374982833862305,-8.214506149291992,2.33913516998291,0.09162978827953339,-0.04642575979232788,-0.10506882518529892,2025-07-01 17:54:08.354,1751372648354,-7586,-2511,-987,82,348,-12
655,2025-07-01 17:54:08.691,2025-07-01 17:54:08.427089,5.322310447692871,-7.929595947265625,2.4588451385498047,0.12950342893600464,-0.00733038317412138,-0.024434609338641167,2025-07-01 17:54:08.456,1751372648456,-7622,-2471,-1319,61,267,-42
656,2025-07-01 17:54:08.898,2025-07-01 17:54:08.630146,5.552153587341309,-7.960720539093018,2.964021682739258,-0.20525072515010834,-0.05619960278272629,-0.08918632566928864,2025-07-01 17:54:08.633,1751372648633,-7680,-2619,-1020,106,-303,35
657,2025-07-01 17:54:08.985,2025-07-01 17:54:08.727618,6.074089527130127,-7.508216381072998,2.3989901542663574,0.06963863968849182,-0.05864306539297104,-0.14538592100143433,2025-07-01 17:54:08.723,1751372648723,-7653,-2668,-933,2,-219,-329
658,2025-07-01 17:54:09.097,2025-07-01 17:54:08.837657,6.811503887176514,-6.461950302124023,1.5729905366897583,0.06230825558304787,0.059864792972803116,0.06719517707824707,2025-07-01 17:54:08.867,1751372648867,-7656,-2671,-1105,121,-326,-362
659,2025-07-01 17:54:09.185,2025-07-01 17:54:08.920702,6.557718276977539,-5.961562156677246,0.9576807022094727,0.6927211880683899,-0.07819075137376785,-0.04398229718208313,2025-07-01 17:54:08.906,1751372648906,-7643,-2461,-761,-81,381,-150
660,2025-07-01 17:54:09.391,2025-07-01 17:54:09.133894,7.163451671600342,-8.149862289428711,2.9903578758239746,-0.2565633952617645,-1.7971655130386353,-1.5076154470443726,2025-07-01 17:54:09.097,1751372649097,-7715,-2700,-926,-356,237,-845
661,2025-07-01 17:54:09.484,2025-07-01 17:54:09.233881,7.615955829620361,-5.815515995025635,2.4157495498657227,-0.2822197377681732,-1.557706356048584,-1.1203268766403198,2025-07-01 17:54:09.252,1751372649252,-7552,-3011,-1223,158,496,-142
662,2025-07-01 17:54:09.698,2025-07-01 17:54:09.427580,9.622296333312988,-5.461174011230469,0.9145850539207458,1.4587461948394775,-0.3396410644054413,-0.42271876335144043,2025-07-01 17:54:09.389,1751372649389,-7495,-2978,-1585,221,438,-279
663,2025-07-01 17:54:09.790,2025-07-01 17:54:09.532557,8.561665534973145,-4.0749311447143555,0.10773907601833344,0.3995058834552765,-0.05619960278272629,-0.07208210229873657,2025-07-01 17:54:09.520,1751372649520,-7748,-2945,-1572,810,349,-13
664,2025-07-01 17:54:09.925,2025-07-01 17:54:09.632552,9.062053680419922,-4.132391929626465,0.3734954595565796,0.20402899384498596,-0.09651670604944229,-0.10018189996480942,2025-07-01 17:54:09.610,1751372649610,-7506,-3186,-1369,-19,-87,132
665,2025-07-01 17:54:09.989,2025-07-01 17:54:09.731288,9.210494041442871,-3.9624037742614746,0.8451532125473022,0.24923302233219147,-0.04886921867728233,-0.02321287989616394,2025-07-01 17:54:09.756,1751372649756,-7536,-3030,-1390,41,-68,30
666,2025-07-01 17:54:10.092,2025-07-01 17:54:09.837834,9.011775016784668,-3.9456443786621094,0.47165772318840027,0.1014036312699318,0.0354301854968071,-0.012217304669320583,2025-07-01 17:54:09.801,1751372649801,-7322,-3385,-1234,14,303,-564
667,2025-07-01 17:54:10.192,2025-07-01 17:54:09.931390,9.155426979064941,-3.936067581176758,0.7565677165985107,-0.17470745742321014,0.09773843735456467,0.024434609338641167,2025-07-01 17:54:09.929,1751372649929,-7366,-3367,-1255,64,9,-246
668,2025-07-01 17:54:10.284,2025-07-01 17:54:10.027849,9.751583099365234,-4.6734819412231445,1.5514427423477173,-0.18448130786418915,0.19792033731937408,0.16859880089759827,2025-07-01 17:54:10.067,1751372650067,-7307,-3013,-1544,-338,-22,-686
669,2025-07-01 17:54:10.402,2025-07-01 17:54:10.147077,9.282320022583008,-7.422025203704834,2.3558945655822754,-1.5931365489959717,1.3158037662506104,1.4697418212890625,2025-07-01 17:54:10.171,1751372650171,-7150,-3652,-1574,-669,-174,-1021
670,2025-07-01 17:54:10.590,2025-07-01 17:54:10.328464,4.999093055725098,-6.6630635261535645,2.6192567348480225,-0.5766568183898926,1.6798794269561768,1.1398745775222778,2025-07-01 17:54:10.340,1751372650340,-7049,-3728,-1642,79,-164,-640
671,2025-07-01 17:54:10.697,2025-07-01 17:54:10.434173,4.467580318450928,-7.666234016418457,2.8155810832977295,-0.6866125464439392,0.5876523852348328,0.11484266817569733,2025-07-01 17:54:10.430,1751372650430,-7296,-3867,-1559,273,-673,-266
672,2025-07-01 17:54:10.784,2025-07-01 17:54:10.520807,6.129156112670898,-6.5696892738342285,1.0678139925003052,-0.304210901260376,0.17959438264369965,-0.5400048494338989,2025-07-01 17:54:10.514,1751372650514,-7279,-3877,-1552,-44,-719,56
673,2025-07-01 17:54:10.884,2025-07-01 17:54:10.620926,6.811503887176514,-7.122750282287598,2.161964178085327,0.8454375267028809,-0.24678955972194672,-0.28099802136421204,2025-07-01 17:54:10.627,1751372650627,-7157,-3838,-953,572,-1109,-108
674,2025-07-01 17:54:11.186,2025-07-01 17:54:11.024188,6.44279670715332,-7.259219646453857,2.2170307636260986,0.1160643994808197,-0.09529497474431992,0.2382374405860901,2025-07-01 17:54:11.060,1751372651060,-7072,-4228,769,1412,-12,-967
675,2025-07-01 17:54:11.395,2025-07-01 17:54:11.128985,6.033388137817383,-6.9695210456848145,2.4612393379211426,-0.013439035043120384,0.00733038317412138,0.019547687843441963,2025-07-01 17:54:11.163,1751372651163,-6887,-4520,702,631,-585,-1260
676,2025-07-01 17:54:11.596,2025-07-01 17:54:11.337082,6.596025466918945,-8.810662269592285,1.6352397203445435,-0.5424483418464661,-0.06719517707824707,0.9492846131324768,2025-07-01 17:54:11.333,1751372651333,-7034,-4866,1402,617,-192,-889
677,2025-07-01 17:54:11.693,2025-07-01 17:54:11.440434,5.257667064666748,-10.338163375854492,2.0901381969451904,0.47280970215797424,-0.6878342628479004,1.7678439617156982,2025-07-01 17:54:11.437,1751372651437,-6784,-4836,1575,516,-366,-1187
678,2025-07-01 17:54:11.805,2025-07-01 17:54:11.530215,2.631227731704712,-8.808267593383789,2.827552318572998,0.13316862285137177,-0.4386012554168701,1.606575608253479,2025-07-01 17:54:11.537,1751372651537,-6729,-4841,1022,-326,-291,-1992
679,2025-07-01 17:54:11.908,2025-07-01 17:54:11.633654,0.8451532125473022,-9.57441234588623,2.650381326675415,0.1466076523065567,-0.5766568183898926,1.510058879852295,2025-07-01 17:54:11.622,1751372651622,-6055,-5699,956,-1365,-268,-894
680,2025-07-01 17:54:12.105,2025-07-01 17:54:11.835524,-1.2545616626739502,-9.99339771270752,1.7549498081207275,-0.6817256212234497,-0.6976081132888794,1.663996934890747,2025-07-01 17:54:11.863,1751372651863,-5989,-6212,1148,-390,400,636
681,2025-07-01 17:54:12.195,2025-07-01 17:54:11.935941,-2.7030537128448486,-8.607154846191406,2.676717519760132,-0.513126790523529,-0.9663888216018677,1.5418238639831543,2025-07-01 17:54:11.963,1751372651963,-5781,-5993,665,566,1214,1037
682,2025-07-01 17:54:12.394,2025-07-01 17:54:12.131591,-3.141192674636841,-8.202534675598145,3.624821424484253,0.5571091175079346,-0.8955284357070923,0.33108896017074585,2025-07-01 17:54:12.105,1751372652105,-6043,-5307,547,714,2071,1017
683,2025-07-01 17:54:12.484,2025-07-01 17:54:12.235238,-3.2968156337738037,-6.998251438140869,4.067748546600342,0.5876523852348328,-0.5485569834709167,0.17104226350784302,2025-07-01 17:54:12.267,1751372652267,-6734,-5044,318,843,1843,734
684,2025-07-01 17:54:12.598,2025-07-01 17:54:12.344456,-3.5194764137268066,-7.24485445022583,4.778826713562012,0.6157521605491638,-0.3127630054950714,0.15027284622192383,2025-07-01 17:54:12.321,1751372652321,-6968,-4824,279,837,253,-365
685,2025-07-01 17:54:12.711,2025-07-01 17:54:12.431474,-3.3638534545898438,-6.742072105407715,5.157110691070557,0.5900958180427551,-0.23457226157188416,0.2272418737411499,2025-07-01 17:54:12.436,1751372652436,-6568,-5149,157,343,96,-520
686,2025-07-01 17:54:12.905,2025-07-01 17:54:12.637009,-3.5482068061828613,-6.124367713928223,6.203376770019531,0.18448130786418915,-0.16004669666290283,0.4105014503002167,2025-07-01 17:54:12.671,1751372652671,-6341,-5481,774,56,-141,298
687,2025-07-01 17:54:12.993,2025-07-01 17:54:12.737289,-3.950432777404785,-5.999869346618652,6.536170482635498,0.22113321721553802,-0.13316862285137177,0.16004669666290283,2025-07-01 17:54:12.758,1751372652758,-6324,-5453,812,62,-344,166
688,2025-07-01 17:54:13.096,2025-07-01 17:54:12.838353,-3.44765043258667,-6.210559368133545,6.835445880889893,0.22357667982578278,-0.13805554807186127,0.06230825558304787,2025-07-01 17:54:12.874,1751372652874,-6701,-5046,796,22,-118,286
689,2025-07-01 17:54:13.224,2025-07-01 17:54:12.936200,-3.7014358043670654,-5.688623428344727,7.129932880401611,0.22968533635139465,-0.07941248267889023,-0.09773843735456467,2025-07-01 17:54:12.954,1751372652954,-6689,-4999,503,-313,105,-35
690,2025-07-01 17:54:13.288,2025-07-01 17:54:13.035193,-3.6822822093963623,-5.693411827087402,7.074865818023682,0.41172316670417786,-0.0757472887635231,-0.059864792972803116,2025-07-01 17:54:13.043,1751372653043,-6551,-5117,482,405,166,-2
691,2025-07-01 17:54:13.402,2025-07-01 17:54:13.120679,-3.552995204925537,-5.600037574768066,7.374141216278076,0.2932153046131134,-0.10751228034496307,-0.06841690838336945,2025-07-01 17:54:13.129,1751372653129,-6573,-4861,426,504,-64,185
692,2025-07-01 17:54:13.499,2025-07-01 17:54:13.240059,-3.404554843902588,-4.970362663269043,7.462726593017578,0.21013765037059784,-0.013439035043120384,-0.09896016865968704,2025-07-01 17:54:13.228,1751372653228,-6717,-5190,795,-529,52,370
693,2025-07-01 17:54:13.585,2025-07-01 17:54:13.341769,-3.536235809326172,-4.946420669555664,7.735665798187256,0.34697145223617554,-0.01466076634824276,0.05742133408784866,2025-07-01 17:54:13.313,1751372653313,-7012,-5186,614,-265,-776,274
694,2025-07-01 17:54:13.784,2025-07-01 17:54:13.543120,-3.533841609954834,-3.7684733867645264,8.508993148803711,0.5583308339118958,-0.04398229718208313,0.059864792972803116,2025-07-01 17:54:13.583,1751372653583,-6557,-4775,690,-619,-448,359
695,2025-07-01 17:54:13.893,2025-07-01 17:54:13.634348,-3.485957622528076,-3.4739866256713867,8.705317497253418,0.48380526900291443,-0.03298672288656235,0.04398229718208313,2025-07-01 17:54:13.667,1751372653667,-6947,-4759,699,-226,-291,-173
696,2025-07-01 17:54:14.005,2025-07-01 17:54:13.739104,-3.5673606395721436,-3.1316158771514893,8.494627952575684,0.28466320037841797,0.024434609338641167,0.004886921960860491,2025-07-01 17:54:13.779,1751372653779,-6607,-5133,743,-216,-89,-507
697,2025-07-01 17:54:14.105,2025-07-01 17:54:13.834452,-3.426102638244629,-2.6431987285614014,8.571242332458496,0.13927727937698364,-0.06108652427792549,-0.01710422709584236,2025-07-01 17:54:13.857,1751372653857,-6554,-4855,686,-213,26,-202
698,2025-07-01 17:54:14.187,2025-07-01 17:54:13.945365,-3.287238836288452,-2.8227639198303223,8.664615631103516,0.07208210229873657,-0.0403171069920063,-0.059864792972803116,2025-07-01 17:54:13.956,1751372653956,-6545,-5206,680,-361,-86,-323
699,2025-07-01 17:54:14.289,2025-07-01 17:54:14.042186,-3.4524388313293457,-2.5713725090026855,8.712499618530273,0.23335053026676178,0.006108652334660292,-0.04886921867728233,2025-07-01 17:54:14.069,1751372654069,-6531,-5180,867,17,260,-292
700,2025-07-01 17:54:14.384,2025-07-01 17:54:14.126567,-3.49314022064209,-2.3511061668395996,8.935160636901855,0.1319468915462494,-0.006108652334660292,-0.02321287989616394,2025-07-01 17:54:14.120,1751372654120,-6778,-5001,855,76,-18,-369
701,2025-07-01 17:54:14.485,2025-07-01 17:54:14.242130,-3.2632968425750732,-2.1571757793426514,8.746018409729004,0.2834414839744568,-0.0024434609804302454,0.015882495790719986,2025-07-01 17:54:14.225,1751372654225,-6766,-5224,831,-79,121,-313
702,2025-07-01 17:54:14.814,2025-07-01 17:54:14.546255,-3.4093432426452637,-1.45806884765625,8.834604263305664,0.1563815027475357,0.02932153269648552,0.004886921960860491,2025-07-01 17:54:14.563,1751372654563,-6703,-5037,862,67,-117,-288
703,2025-07-01 17:54:14.884,2025-07-01 17:54:14.632943,-3.308786630630493,-1.6065093278884888,8.947132110595703,-0.05742133408784866,-0.02076941914856434,-0.02321287989616394,2025-07-01 17:54:14.670,1751372654670,-6710,-4997,866,111,84,-149
704,2025-07-01 17:54:14.997,2025-07-01 17:54:14.751426,-3.2561142444610596,-1.3215993642807007,8.820239067077637,-0.24190263450145721,0.006108652334660292,0.01710422709584236,2025-07-01 17:54:14.764,1751372654764,-6718,-5008,864,-378,-283,28
705,2025-07-01 17:54:15.085,2025-07-01 17:54:14.842669,-3.177105665206909,-2.0422539710998535,8.516175270080566,-0.9272934198379517,-0.0806342139840126,-0.08918632566928864,2025-07-01 17:54:14.839,1751372654839,-6710,-5085,655,-338,-289,2
706,2025-07-01 17:54:15.236,2025-07-01 17:54:14.935625,-3.268085241317749,-3.552995204925537,8.734047889709473,-1.3964380025863647,0.00733038317412138,-0.06230825558304787,2025-07-01 17:54:14.949,1751372654949,-6672,-5038,652,-83,-337,-250
707,2025-07-01 17:54:15.288,2025-07-01 17:54:15.040882,-3.24414324760437,-4.338293552398682,8.111555099487305,-1.3158037662506104,-0.02076941914856434,-0.05864306539297104,2025-07-01 17:54:15.006,1751372655006,-6399,-5055,678,84,-327,-240
708,2025-07-01 17:54:15.393,2025-07-01 17:54:15.220935,-3.0789434909820557,-6.466738700866699,7.196970462799072,-0.8258898258209229,0.03787364438176155,0.05497787147760391,2025-07-01 17:54:15.244,1751372655244,-6278,-5449,695,70,165,73
709,2025-07-01 17:54:15.598,2025-07-01 17:54:15.343826,-2.983175277709961,-6.57926607131958,6.45476770401001,-0.6010913848876953,0.2125810980796814,-0.02321287989616394,2025-07-01 17:54:15.370,1751372655370,-6752,-5220,891,-151,-543,305
710,2025-07-01 17:54:15.791,2025-07-01 17:54:15.540678,-3.28963303565979,-6.715735912322998,5.463568210601807,-0.22968533635139465,0.4740314185619354,-0.28099802136421204,2025-07-01 17:54:15.549,1751372655549,-6723,-5248,731,-219,-514,-239
711,2025-07-01 17:54:15.896,2025-07-01 17:54:15.653130,-3.5051112174987793,-6.485892295837402,4.752490520477295,-0.2834414839744568,0.656069278717041,-0.29077184200286865,2025-07-01 17:54:15.651,1751372655651,-6686,-5068,723,-638,-227,-165
712,2025-07-01 17:54:16.084,2025-07-01 17:54:15.828089,-3.754108190536499,-7.240066051483154,3.912125587463379,-0.5693264007568359,0.6426302194595337,-0.9199630618095398,2025-07-01 17:54:15.842,1751372655842,-6688,-5020,699,-564,-129,125
713,2025-07-01 17:54:16.186,2025-07-01 17:54:15.943330,-2.9257144927978516,-9.543288230895996,3.6942532062530518,-0.979827880859375,0.3017674386501312,-1.1985175609588623,2025-07-01 17:54:15.945,1751372655945,-6349,-5036,825,-430,6,267
714,2025-07-01 17:54:16.287,2025-07-01 17:54:16.036879,-2.094926595687866,-9.914389610290527,3.2154128551483154,-0.4593706727027893,0.32498031854629517,-1.0946705341339111,2025-07-01 17:54:16.010,1751372656010,-6703,-5064,835,-1043,-286,589
715,2025-07-01 17:54:16.384,2025-07-01 17:54:16.229640,-0.7805097699165344,-9.033323287963867,2.1811177730560303,0.5913175344467163,0.6951646208763123,-0.6511823534965515,2025-07-01 17:54:16.191,1751372656191,-6586,-4791,443,-1134,271,845
716,2025-07-01 17:54:16.605,2025-07-01 17:54:16.342740,-1.015141487121582,-8.676587104797363,2.248155355453491,-0.29077184200286865,1.292590856552124,-0.49846604466438293,2025-07-01 17:54:16.370,1751372656370,-7209,-4718,523,-784,432,964
717,2025-07-01 17:54:16.784,2025-07-01 17:54:16.539420,0.30885201692581177,-10.649409294128418,2.9257144927978516,-0.7049384713172913,-0.11239920556545258,-1.2864822149276733,2025-07-01 17:54:16.558,1751372656558,-6909,-4377,-344,-1154,524,241
718,2025-07-01 17:54:16.897,2025-07-01 17:54:16.641438,2.190694570541382,-9.914389610290527,2.3774423599243164,0.6817256212234497,-0.1062905490398407,-1.1191051006317139,2025-07-01 17:54:16.634,1751372656634,-7105,-3981,-252,-1022,524,506
719,2025-07-01 17:54:16.996,2025-07-01 17:54:16.738566,3.2537200450897217,-9.519346237182617,2.3343467712402344,0.36651915311813354,0.24556782841682434,-0.769690215587616,2025-07-01 17:54:16.726,1751372656726,-7484,-4107,-638,-1073,293,837
720,2025-07-01 17:54:17.084,2025-07-01 17:54:16.842755,3.8091750144958496,-9.157821655273438,2.7317841053009033,-0.09285151958465576,0.2028072625398636,-0.6719517707824707,2025-07-01 17:54:16.812,1751372656812,-7488,-3955,-455,-1039,-539,606
721,2025-07-01 17:54:17.205,2025-07-01 17:54:16.940749,3.952826976776123,-9.47146224975586,2.4133553504943848,0.0354301854968071,0.1771509200334549,-0.5803219676017761,2025-07-01 17:54:16.908,1751372656908,-7530,-3928,-389,-695,-512,390
722,2025-07-01 17:54:17.288,2025-07-01 17:54:17.050369,4.606443881988525,-9.042900085449219,2.3942017555236816,0.1514945775270462,0.051312681287527084,-0.42760565876960754,2025-07-01 17:54:17.081,1751372657081,-7685,-3476,-188,-415,-778,209
723,2025-07-01 17:54:17.492,2025-07-01 17:54:17.242916,5.305551052093506,-8.1139497756958,2.736572504043579,0.02321287989616394,-0.10995574295520782,-0.26633724570274353,2025-07-01 17:54:17.266,1751372657266,-7733,-3354,-335,-587,645,-88
724,2025-07-01 17:54:17.602,2025-07-01 17:54:17.333733,5.049371242523193,-8.365341186523438,2.8634653091430664,-0.12828169763088226,-0.03176499158143997,-0.02321287989616394,2025-07-01 17:54:17.349,1751372657349,-7744,-3439,-204,-403,707,-3
725,2025-07-01 17:54:17.691,2025-07-01 17:54:17.445323,4.99669885635376,-8.463502883911133,2.6791117191314697,0.04153883829712868,-0.019547687843441963,0.0012217304902151227,2025-07-01 17:54:17.449,1751372657449,-7631,-3055,-849,330,750,-94
726,2025-07-01 17:54:17.795,2025-07-01 17:54:17.539609,4.987122058868408,-8.11634349822998,2.7222073078155518,-0.06230825558304787,-0.00855211354792118,-0.042760565876960754,2025-07-01 17:54:17.561,1751372657561,-7797,-3035,-656,-334,-47,269
727,2025-07-01 17:54:17.909,2025-07-01 17:54:17.647236,4.982333660125732,-8.5903959274292,2.7700912952423096,0.036651913076639175,-0.036651913076639175,-0.0012217304902151227,2025-07-01 17:54:17.637,1751372657637,-7776,-3016,-699,-262,-50,294
728,2025-07-01 17:54:18.007,2025-07-01 17:54:17.742202,5.238513469696045,-8.032546997070312,2.5258827209472656,-0.07452555745840073,-0.04398229718208313,-0.03420845419168472,2025-07-01 17:54:17.719,1751372657719,-7553,-3015,-679,-296,278,-19
729,2025-07-01 17:54:18.126,2025-07-01 17:54:17.843338,5.91128396987915,-7.862558364868164,1.9776105880737305,0.13561208546161652,0.0,0.0708603709936142,2025-07-01 17:54:17.822,1751372657822,-7805,-3186,-686,55,-22,-115
730,2025-07-01 17:54:18.195,2025-07-01 17:54:17.940204,6.244078159332275,-7.376535415649414,0.6344634294509888,-0.25534167885780334,0.18448130786418915,0.1062905490398407,2025-07-01 17:54:17.980,1751372657980,-7800,-3186,-862,-616,-275,202
731,2025-07-01 17:54:18.390,2025-07-01 17:54:18.143158,4.900930881500244,-6.742072105407715,2.229001760482788,0.485027015209198,-1.0873401165008545,-0.9969320893287659,2025-07-01 17:54:18.163,1751372658163,-7566,-2715,-886,-85,585,-325
732,2025-07-01 17:54:18.495,2025-07-01 17:54:18.256416,7.046135425567627,-7.5417351722717285,3.7660791873931885,0.1417207419872284,-1.4660766124725342,-1.63467538356781,2025-07-01 17:54:18.269,1751372658269,-7550,-3178,-909,544,1112,-215
733,2025-07-01 17:54:18.585,2025-07-01 17:54:18.337113,8.468291282653809,-6.936002254486084,2.5713725090026855,0.3066543638706207,-1.1020009517669678,-1.4049900770187378,2025-07-01 17:54:18.344,1751372658344,-7586,-3448,-1400,671,1040,60
734,2025-07-01 17:54:18.713,2025-07-01 17:54:18.439360,8.707711219787598,-5.523423194885254,1.194706678390503,0.5876523852348328,-0.8894197940826416,-1.1337659358978271,2025-07-01 17:54:18.441,1751372658441,-7735,-3442,-1190,946,-23,226
735,2025-07-01 17:54:18.797,2025-07-01 17:54:18.542842,9.150638580322266,-6.766014099121094,1.920149803161621,-0.5717698931694031,0.4178318381309509,-0.12339477986097336,2025-07-01 17:54:18.551,1751372658551,-7344,-3395,-946,1190,270,143
736,2025-07-01 17:54:18.985,2025-07-01 17:54:18.746295,8.93037223815918,-3.7181951999664307,0.7709329724311829,0.37262779474258423,-0.03787364438176155,-0.06963863968849182,2025-07-01 17:54:18.718,1751372658718,-7348,-3195,-927,598,459,-103
737,2025-07-01 17:54:19.112,2025-07-01 17:54:18.839132,9.033323287963867,-3.732560396194458,1.2018892765045166,-0.024434609338641167,-0.004886921960860491,-0.00733038317412138,2025-07-01 17:54:18.800,1751372658800,-7415,-3401,-1309,-159,625,-503
738,2025-07-01 17:54:19.184,2025-07-01 17:54:18.946963,9.136273384094238,-5.717353820800781,1.8171991109848022,-0.2773328125476837,0.039095375686883926,0.14416420459747314,2025-07-01 17:54:18.981,1751372658981,-7438,-3709,-1002,-171,-189,-420
739,2025-07-01 17:54:19.409,2025-07-01 17:54:19.140607,7.582436561584473,-7.24485445022583,1.7980455160140991,-1.056796908378601,1.5467108488082886,2.018298864364624,2025-07-01 17:54:19.111,1751372659111,-7425,-3703,-1015,-130,-184,-388
740,2025-07-01 17:54:19.503,2025-07-01 17:54:19.242540,5.626373767852783,-7.750030994415283,3.1651346683502197,-0.3286454975605011,1.7446311712265015,1.8692476749420166,2025-07-01 17:54:19.254,1751372659254,-7142,-3566,-1019,-189,-205,-61
741,2025-07-01 17:54:19.590,2025-07-01 17:54:19.337088,4.73573112487793,-7.773972988128662,2.27209734916687,-0.9358455538749695,0.5913175344467163,0.7574729323387146,2025-07-01 17:54:19.365,1751372659365,-7538,-3666,-960,39,-377,326
742,2025-07-01 17:54:19.685,2025-07-01 17:54:19.429101,5.118803024291992,-7.90086555480957,1.534683346748352,-0.1270599663257599,0.3090978264808655,0.009773843921720982,2025-07-01 17:54:19.467,1751372659467,-7360,-3276,-1098,-284,-250,189
743,2025-07-01 17:54:19.807,2025-07-01 17:54:19.540631,5.2049946784973145,-6.801927089691162,0.9193734526634216,-0.2370157092809677,0.00855211354792118,-0.4153883755207062,2025-07-01 17:54:19.512,1751372659512,-7381,-3312,-1051,-354,-551,205
744,2025-07-01 17:54:19.886,2025-07-01 17:54:19.644367,5.829881191253662,-7.479485988616943,1.2737152576446533,0.14905111491680145,0.03787364438176155,0.06719517707824707,2025-07-01 17:54:19.616,1751372659616,-7336,-3592,-847,-331,-636,605
745,2025-07-01 17:54:19.996,2025-07-01 17:54:19.742962,5.099649429321289,-8.238448143005371,1.9249382019042969,0.22357667982578278,-0.0806342139840126,0.025656340643763542,2025-07-01 17:54:19.755,1751372659755,-7348,-3046,-893,-1084,-579,130
746,2025-07-01 17:54:20.185,2025-07-01 17:54:19.945550,5.154716491699219,-8.075642585754395,1.9919757843017578,-0.34086281061172485,-0.06352998316287994,-0.04398229718208313,2025-07-01 17:54:19.968,1751372659968,-8030,-2685,-560,155,-258,385
747,2025-07-01 17:54:20.311,2025-07-01 17:54:20.045398,5.324704647064209,-8.056488990783691,2.252943754196167,0.0806342139840126,-0.06230825558304787,-0.0806342139840126,2025-07-01 17:54:20.076,1751372660076,-7912,-2300,-591,546,97,331
748,2025-07-01 17:54:20.384,2025-07-01 17:54:20.144857,5.149928092956543,-7.627926826477051,2.425326347351074,-0.04153883829712868,-0.01710422709584236,0.036651913076639175,2025-07-01 17:54:20.183,1751372660183,-8032,-2273,-566,-103,-318,-85
749,2025-07-01 17:54:20.487,2025-07-01 17:54:20.239243,5.640739440917969,-8.667010307312012,1.8171991109848022,0.33475416898727417,-0.12461651116609573,0.15027284622192383,2025-07-01 17:54:20.240,1751372660240,-8048,-2600,-233,-109,84,122
750,2025-07-01 17:54:20.585,2025-07-01 17:54:20.337828,5.767632007598877,-9.749189376831055,2.363077163696289,0.042760565876960754,-0.2064724564552307,0.6682865619659424,2025-07-01 17:54:20.321,1751372660321,-8024,-2638,-187,271,271,-2
751,2025-07-01 17:54:20.688,2025-07-01 17:54:20.438860,4.548983097076416,-9.588777542114258,2.607285737991333,0.788016140460968,-0.5082398653030396,1.197295904159546,2025-07-01 17:54:20.430,1751372660430,-7875,-2617,-406,-315,87,-328
752,2025-07-01 17:54:20.815,2025-07-01 17:54:20.530648,3.0573954582214355,-10.668562889099121,3.0406360626220703,0.5632177591323853,-0.6157521605491638,1.3096951246261597,2025-07-01 17:54:20.511,1751372660511,-8055,-2632,-578,-642,-347,16
753,2025-07-01 17:54:20.895,2025-07-01 17:54:20.646084,1.4676456451416016,-11.135432243347168,3.550601005554199,0.20036379992961884,-0.38240164518356323,1.6676621437072754,2025-07-01 17:54:20.685,1751372660685,-7830,-2531,-434,54,343,320
754,2025-07-01 17:54:20.988,2025-07-01 17:54:20.748578,-0.06464344263076782,-9.619902610778809,3.4356794357299805,0.5253441333770752,-0.3591887652873993,1.8191566467285156,2025-07-01 17:54:20.769,1751372660769,-8038,-2521,-450,-89,290,352
755,2025-07-01 17:54:21.084,2025-07-01 17:54:20.845058,-1.4221558570861816,-8.592789649963379,3.4141316413879395,-0.05497787147760391,-0.5167919993400574,1.5638149976730347,2025-07-01 17:54:20.872,1751372660872,-8030,-2444,-480,686,-13,-364
756,2025-07-01 17:54:21.386,2025-07-01 17:54:21.144778,-4.127603530883789,-7.110779285430908,3.2800562381744385,-1.6371188163757324,-0.6914994716644287,0.8246681094169617,2025-07-01 17:54:21.139,1751372661139,-8003,-2824,-497,937,-23,-390
757,2025-07-01 17:54:21.585,2025-07-01 17:54:21.344955,-4.252102375030518,-7.479485988616943,4.505887508392334,0.2015855312347412,-0.598647952079773,0.5155702829360962,2025-07-01 17:54:21.350,1751372661350,-7424,-3249,-278,556,-406,-1106
758,2025-07-01 17:54:21.684,2025-07-01 17:54:21.445275,-4.520252704620361,-7.058106422424316,4.292803764343262,0.8991936445236206,-0.3982841372489929,0.394618958234787,2025-07-01 17:54:21.413,1751372661413,-7378,-3562,-17,624,-613,-1328
759,2025-07-01 17:54:21.792,2025-07-01 17:54:21.522839,-4.393360137939453,-6.452373504638672,4.896142482757568,0.66584312915802,-0.3701843321323395,0.1722639948129654,2025-07-01 17:54:21.509,1751372661509,-7536,-3753,130,859,-234,-1326
760,2025-07-01 17:54:21.884,2025-07-01 17:54:21.644842,-4.343081951141357,-5.779603004455566,5.652710437774658,0.5106833577156067,-0.28466320037841797,0.1966986060142517,2025-07-01 17:54:21.676,1751372661676,-7437,-4081,514,853,-334,-1016
761,2025-07-01 17:54:21.990,2025-07-01 17:54:21.745731,-5.351040840148926,-5.477933406829834,5.95677375793457,0.24678955972194672,0.09407325088977814,0.35674530267715454,2025-07-01 17:54:21.768,1751372661768,-7074,-4395,581,457,-352,-714
762,2025-07-01 17:54:22.084,2025-07-01 17:54:21.846610,-5.109226226806641,-6.0597243309021,6.598419666290283,0.3604104816913605,-0.1258382350206375,0.11484266817569733,2025-07-01 17:54:21.872,1751372661872,-7203,-4713,821,240,-91,-407
763,2025-07-01 17:54:22.185,2025-07-01 17:54:21.947250,-4.989516258239746,-5.564124584197998,6.53377628326416,0.2773328125476837,-0.15760323405265808,-0.04642575979232788,2025-07-01 17:54:21.959,1751372661959,-7221,-4269,833,637,216,108
764,2025-07-01 17:54:22.286,2025-07-01 17:54:22.049055,-4.929661273956299,-5.061342239379883,6.797138690948486,0.8307767510414124,-0.0354301854968071,-0.13805554807186127,2025-07-01 17:54:22.037,1751372662037,-7047,-4019,478,102,521,530
765,2025-07-01 17:54:22.399,2025-07-01 17:54:22.146806,-4.817133903503418,-4.680664539337158,6.821080684661865,0.5656611919403076,-0.12461651116609573,-0.2223549485206604,2025-07-01 17:54:22.135,1751372662135,-7292,-4427,567,90,597,70
766,2025-07-01 17:54:22.584,2025-07-01 17:54:22.339791,-4.537012100219727,-3.6990416049957275,7.654263019561768,0.5094616413116455,0.1270599663257599,0.1160643994808197,2025-07-01 17:54:22.301,1751372662301,-7208,-4252,254,290,-30,-519
767,2025-07-01 17:54:22.689,2025-07-01 17:54:22.444922,-4.910507678985596,-3.627215623855591,8.078036308288574,0.4447098970413208,0.042760565876960754,0.08307767659425735,2025-07-01 17:54:22.484,1751372662484,-7250,-4349,516,-1,-27,-393
768,2025-07-01 17:54:22.884,2025-07-01 17:54:22.645936,-4.78122091293335,-2.4133553504943848,8.010998725891113,0.38606682419776917,-0.07696902006864548,0.02932153269648552,2025-07-01 17:54:22.668,1751372662668,-7012,-4871,579,-42,-301,-796
769,2025-07-01 17:54:22.984,2025-07-01 17:54:22.746788,-4.620809078216553,-2.4133553504943848,8.17380428314209,0.2125810980796814,-0.11362093687057495,-0.015882495790719986,2025-07-01 17:54:22.749,1751372662749,-7003,-4894,612,-51,-359,-863
770,2025-07-01 17:54:23.298,2025-07-01 17:54:23.042678,-4.525041103363037,-2.0446481704711914,8.523358345031738,0.1771509200334549,-0.05619960278272629,-0.11972958594560623,2025-07-01 17:54:23.050,1751372663050,-6750,-5200,506,275,-84,-214
771,2025-07-01 17:54:23.385,2025-07-01 17:54:23.143256,-4.367023944854736,-1.8387469053268433,8.377311706542969,0.22479841113090515,-0.021991148591041565,-0.004886921960860491,2025-07-01 17:54:23.119,1751372663119,-6555,-5200,488,310,105,-228
772,2025-07-01 17:54:23.702,2025-07-01 17:54:23.444757,-4.388571739196777,-1.6543933153152466,8.44434928894043,-0.042760565876960754,-0.021991148591041565,-0.06230825558304787,2025-07-01 17:54:23.434,1751372663434,-6748,-5246,863,-7,-5,51
773,2025-07-01 17:54:23.992,2025-07-01 17:54:23.731820,-4.455609321594238,-3.0190882682800293,8.085219383239746,-0.6780604124069214,-0.024434609338641167,-0.09773843735456467,2025-07-01 17:54:23.749,1751372663749,-6713,-5085,649,-374,62,81
774,2025-07-01 17:54:24.096,2025-07-01 17:54:23.854944,-4.3406877517700195,-3.485957622528076,7.872135162353516,-0.8625417351722717,-0.04153883829712868,-0.07696902006864548,2025-07-01 17:54:23.853,1751372663853,-6712,-4997,821,-299,-85,-122
775,2025-07-01 17:54:24.191,2025-07-01 17:54:23.951027,-4.417302131652832,-4.527435302734375,7.778761386871338,-0.9810495972633362,-0.01710422709584236,-0.0757472887635231,2025-07-01 17:54:23.923,1751372663923,-6720,-5053,805,-138,299,-37
776,2025-07-01 17:54:24.486,2025-07-01 17:54:24.244727,-3.7205893993377686,-5.1810526847839355,5.729324817657471,-0.4153883755207062,0.2785545587539673,-0.25045475363731384,2025-07-01 17:54:24.276,1751372664276,-6654,-4758,516,-548,364,213
777,2025-07-01 17:54:24.585,2025-07-01 17:54:24.344149,-4.292803764343262,-5.839457988739014,5.760449409484863,-0.6487388610839844,0.4789183437824249,-0.394618958234787,2025-07-01 17:54:24.376,1751372664376,-6640,-4746,203,-1332,-639,379
778,2025-07-01 17:54:24.688,2025-07-01 17:54:24.447643,-4.644751071929932,-6.1052141189575195,5.686229228973389,-0.28466320037841797,0.45814892649650574,-0.42760565876960754,2025-07-01 17:54:24.460,1751372664460,-6915,-4738,200,-1314,-402,360
779,2025-07-01 17:54:24.797,2025-07-01 17:54:24.550992,-3.840299606323242,-7.0317702293396,4.436455726623535,-0.46547931432724,0.7391469478607178,-0.3836233615875244,2025-07-01 17:54:24.555,1751372664555,-6788,-4566,-78,-1774,-621,496
780,2025-07-01 17:54:24.894,2025-07-01 17:54:24.644056,-4.034229755401611,-7.350199222564697,3.6750996112823486,-0.036651913076639175,1.0445796251296997,-0.636521577835083,2025-07-01 17:54:24.647,1751372664647,-7192,-4502,-102,-2083,-851,804
781,2025-07-01 17:54:24.991,2025-07-01 17:54:24.737200,-3.713406801223755,-7.419631004333496,2.7246015071868896,0.015882495790719986,1.0702359676361084,-1.0800096988677979,2025-07-01 17:54:24.760,1751372664760,-7183,-4499,-97,-1970,-725,818
782,2025-07-01 17:54:25.092,2025-07-01 17:54:24.853910,-3.450044631958008,-8.427590370178223,2.96162748336792,0.3176499307155609,0.960280179977417,-1.4672982692718506,2025-07-01 17:54:24.837,1751372664837,-7197,-4316,-127,-1543,-393,878
783,2025-07-01 17:54:25.190,2025-07-01 17:54:24.944200,-2.190694570541382,-9.564835548400879,3.361459255218506,-0.03787364438176155,0.7757988572120667,-1.9071213006973267,2025-07-01 17:54:24.910,1751372664910,-7265,-4069,69,-1039,-336,1080
784,2025-07-01 17:54:25.304,2025-07-01 17:54:25.049385,-0.08619125932455063,-10.256759643554688,2.873042106628418,-0.4764748811721802,0.7024950385093689,-2.1783454418182373,2025-07-01 17:54:25.017,1751372665017,-7065,-4143,-324,-801,593,1612
785,2025-07-01 17:54:25.384,2025-07-01 17:54:25.146179,1.8076223134994507,-11.015722274780273,1.7070658206939697,-0.2565633952617645,0.4337143301963806,-1.8081611394882202,2025-07-01 17:54:25.128,1751372665128,-7529,-3524,-557,-303,1271,1888
786,2025-07-01 17:54:25.586,2025-07-01 17:54:25.359127,4.393360137939453,-9.294290542602539,2.382230758666992,0.2541199326515198,-0.08552113175392151,-0.9810495972633362,2025-07-01 17:54:25.381,1751372665381,-7623,-2438,-1352,-792,1025,740
787,2025-07-01 17:54:25.735,2025-07-01 17:54:25.445685,5.152322292327881,-9.016563415527344,2.2601263523101807,0.32498031854629517,-0.15393804013729095,-0.646295428276062,2025-07-01 17:54:25.454,1751372665454,-7632,-2215,-1272,-495,626,391
788,2025-07-01 17:54:25.792,2025-07-01 17:54:25.549452,5.468356609344482,-8.7484130859375,2.7030537128448486,0.03298672288656235,0.11728613078594208,-0.27488934993743896,2025-07-01 17:54:25.558,1751372665558,-7994,-2037,-1635,-465,333,242
789,2025-07-01 17:54:25.889,2025-07-01 17:54:25.646689,5.264849662780762,-8.066065788269043,2.492363929748535,0.2382374405860901,0.18814650177955627,-0.13561208546161652,2025-07-01 17:54:25.651,1751372665651,-8053,-2015,-1653,-438,-90,286
790,2025-07-01 17:54:25.986,2025-07-01 17:54:25.730967,5.458779811859131,-8.015787124633789,2.432508945465088,0.26145032048225403,-0.01466076634824276,-0.05253441259264946,2025-07-01 17:54:25.740,1751372665740,-7679,-2023,-1539,-248,46,-85
791,2025-07-01 17:54:26.205,2025-07-01 17:54:25.946071,6.600813865661621,-7.558494567871094,2.075772762298584,-0.18570303916931152,0.17104226350784302,0.06963863968849182,2025-07-01 17:54:25.914,1751372665914,-7972,-2172,-1650,-67,152,59
792,2025-07-01 17:54:26.494,2025-07-01 17:54:26.251560,5.714959621429443,-7.182605266571045,3.6391866207122803,-0.013439035043120384,-0.846659243106842,-1.1288789510726929,2025-07-01 17:54:26.274,1751372666274,-7800,-2171,-1808,-234,388,-641
793,2025-07-01 17:54:26.587,2025-07-01 17:54:26.351830,6.938396453857422,-7.429207801818848,3.9624037742614746,0.15760323405265808,-0.44837507605552673,-0.9321803450584412,2025-07-01 17:54:26.358,1751372666358,-7121,-2007,-1975,-2283,739,-588
794,2025-07-01 17:54:26.688,2025-07-01 17:54:26.452611,6.9455790519714355,-6.92881965637207,3.912125587463379,0.40194934606552124,-0.30543261766433716,-0.5522221922874451,2025-07-01 17:54:26.470,1751372666470,-7471,-2242,-1991,-2936,1096,-441
795,2025-07-01 17:54:26.785,2025-07-01 17:54:26.562918,7.204153060913086,-6.1267619132995605,3.5027170181274414,0.6194173693656921,-0.20525072515010834,-0.10506882518529892,2025-07-01 17:54:26.540,1751372666540,-7083,-2534,-2875,125,1659,436
796,2025-07-01 17:54:26.886,2025-07-01 17:54:26.621477,7.139509677886963,-5.861005783081055,3.4380736351013184,0.13805554807186127,0.01710422709584236,-0.004886921960860491,2025-07-01 17:54:26.616,1751372666616,-7066,-2444,-2932,338,1452,783
797,2025-07-01 17:54:26.986,2025-07-01 17:54:26.744163,7.230489253997803,-5.7341132164001465,3.466804027557373,0.02932153269648552,0.04764748737215996,0.08552113175392151,2025-07-01 17:54:26.729,1751372666729,-7160,-2211,-3149,233,1270,618
798,2025-07-01 17:54:27.089,2025-07-01 17:54:26.822721,7.419631004333496,-5.655104637145996,3.4404678344726562,0.07330382615327835,-0.04886921867728233,0.15271630883216858,2025-07-01 17:54:26.808,1751372666808,-7147,-2228,-3160,148,1371,587