id,ActualTime,WatchTimeStamp,Ax watch,Ay watch,Az watch,Gx watch,Gy watch,Gz watch,Esense TimeStamp,Time in Epochs (ignore),Ax esense,Ay esense,Az esense,Gx esense,Gy esense,Gz esense
1,2025-07-01 17:40:39.929,2025-07-01 17:40:39.604401,9.528923034667969,-2.2840683460235596,0.06224924325942993,0.9468411207199097,0.4642575979232788,0.9810495972633362,2025-07-01 17:40:39.616,1751371839616,-7832,1593,319,-226,311,1564
2,2025-07-01 17:40:40.237,2025-07-01 17:40:39.904438,10.788272857666016,-1.7764976024627686,1.3670891523361206,0.05375614017248154,-0.14905111491680145,-0.4251621961593628,2025-07-01 17:40:39.898,1751371839898,-7679,1877,-380,-83,213,1579
3,2025-07-01 17:40:40.839,2025-07-01 17:40:40.303813,10.766724586486816,-2.0925323963165283,1.1468225717544556,-2.068389654159546,-0.25045475363731384,0.16249015927314758,2025-07-01 17:40:40.273,1751371840273,-7810,4014,-786,-2,-119,195
4,2025-07-01 17:40:41.146,2025-07-01 17:40:40.503906,9.670180320739746,-4.4532151222229,0.35673606395721436,-1.3096951246261597,0.3481931984424591,0.7061602473258972,2025-07-01 17:40:40.516,1751371840516,-7573,3302,-251,533,813,-1354
5,2025-07-01 17:40:41.225,2025-07-01 17:40:40.704732,6.926425457000732,-5.446808815002441,0.6488286852836609,0.17348572611808777,-0.1368338167667389,0.25045475363731384,2025-07-01 17:40:40.704,1751371840704,-7382,2284,-997,-950,1660,-46
6,2025-07-01 17:40:41.328,2025-07-01 17:40:40.803963,7.15387487411499,-5.037400245666504,0.07661445438861847,0.23579397797584534,-0.16737708449363708,0.4447098970413208,2025-07-01 17:40:40.806,1751371840806,-7082,2452,-984,-1332,1843,269
7,2025-07-01 17:40:41.440,2025-07-01 17:40:40.803963,7.15387487411499,-5.037400245666504,0.07661445438861847,0.23579397797584534,-0.16737708449363708,0.4447098970413208,2025-07-01 17:40:40.806,1751371840806,-7082,2452,-984,-1332,1843,269
8,2025-07-01 17:40:41.534,2025-07-01 17:40:41.003962,7.989450931549072,-5.868188381195068,-0.49799394607543945,0.44715335965156555,-0.5106833577156067,0.5693264007568359,2025-07-01 17:40:40.978,1751371840978,-7112,3854,-1169,-1198,1448,884
9,2025-07-01 17:40:41.825,2025-07-01 17:40:41.304109,6.746860504150391,-7.232883453369141,-0.20111294090747833,1.470963478088379,-1.0897835493087769,1.254717230796814,2025-07-01 17:40:41.327,1751371841327,-7145,4279,-1865,-1624,1323,294
10,2025-07-01 17:40:41.927,2025-07-01 17:40:41.504466,5.214571475982666,-8.109161376953125,0.4165911078453064,0.5632177591323853,-0.19792033731937408,0.5595525503158569,2025-07-01 17:40:41.522,1751371841522,-7270,3215,-1241,-1452,-185,-1382
11,2025-07-01 17:40:42.027,2025-07-01 17:40:41.703865,13.259089469909668,0.4213795065879822,0.586579442024231,-0.00733038317412138,-0.3591887652873993,-1.0812314748764038,2025-07-01 17:40:41.685,1751371841685,-7529,3006,-927,-816,-382,-549
12,2025-07-01 17:40:42.132,2025-07-01 17:40:41.803720,1.216254472732544,-11.868058204650879,1.6424223184585571,-0.26511552929878235,0.9627236127853394,-1.7397441864013672,2025-07-01 17:40:41.775,1751371841775,-7755,2989,-1077,-771,-320,-560
13,2025-07-01 17:40:42.225,2025-07-01 17:40:41.904985,3.1435868740081787,-8.556877136230469,0.12928688526153564,-0.23335053026676178,0.7660250067710876,0.34208452701568604,2025-07-01 17:40:41.867,1751371841867,-7739,2951,-222,-594,-605,-210
14,2025-07-01 17:40:42.334,2025-07-01 17:40:42.003879,7.01979923248291,-7.328651428222656,-0.031124621629714966,0.10018189996480942,0.1062905490398407,0.02687807008624077,2025-07-01 17:40:41.964,1751371841964,-7472,3348,-351,622,-1125,-85
15,2025-07-01 17:40:42.534,2025-07-01 17:40:42.303845,6.052541732788086,-8.554482460021973,1.158793568611145,-0.4740314185619354,0.04398229718208313,-0.799011766910553,2025-07-01 17:40:42.312,1751371842312,-7701,3237,-1283,-43,60,437
16,2025-07-01 17:40:43.027,2025-07-01 17:40:42.703791,5.540182590484619,-7.486668586730957,-0.8475474119186401,-1.2974777221679688,0.22113321721553802,0.5180137157440186,2025-07-01 17:40:42.677,1751371842677,-7515,3745,-1906,355,410,565
17,2025-07-01 17:40:43.331,2025-07-01 17:40:43.003814,5.458779811859131,-6.619967937469482,-5.123591423034668,-1.4844025373458862,0.29565876722335815,0.921184778213501,2025-07-01 17:40:43.043,1751371843043,-7376,4422,-2166,611,262,431
18,2025-07-01 17:40:43.525,2025-07-01 17:40:43.303721,2.4229321479797363,-6.481103897094727,-7.359776020050049,-0.46547931432724,-0.6890559792518616,0.5070181488990784,2025-07-01 17:40:43.307,1751371843307,-7615,5661,-2797,-122,-331,-601
19,2025-07-01 17:40:43.728,2025-07-01 17:40:43.408552,0.9672574996948242,-5.647922039031982,-8.042123794555664,0.31520646810531616,-1.23394775390625,0.4129449129104614,2025-07-01 17:40:43.394,1751371843394,-7498,5266,-2752,-1190,-1646,-2194
20,2025-07-01 17:40:44.152,2025-07-01 17:40:43.807819,-0.019153613597154617,-7.117961883544922,-6.203376770019531,0.4691445231437683,-1.1716395616531372,0.3494149148464203,2025-07-01 17:40:43.846,1751371843846,-7873,-1511,2350,-572,-1120,-2309
21,2025-07-01 17:40:44.325,2025-07-01 17:40:44.038748,-2.9879636764526367,-9.01895809173584,-4.469974517822266,0.18936823308467865,-0.24556782841682434,-0.04153883829712868,2025-07-01 17:40:44.023,1751371844023,-7811,-1240,2294,629,-618,-1322
22,2025-07-01 17:40:44.425,2025-07-01 17:40:44.125897,-5.34625244140625,-10.474632263183594,-5.0876784324646,0.3396410644054413,-0.14782938361167908,0.6890559792518616,2025-07-01 17:40:44.112,1751371844112,-8209,-1548,2302,480,364,-1069
23,2025-07-01 17:40:44.527,2025-07-01 17:40:44.226269,-2.734178304672241,-9.150638580322266,-3.773261785507202,0.33597588539123535,0.19303341209888458,1.5992451906204224,2025-07-01 17:40:44.209,1751371844209,-8187,-1821,2210,821,403,-661
24,2025-07-01 17:40:44.726,2025-07-01 17:40:44.430353,-3.8498764038085938,-6.6127848625183105,-4.469974517822266,-0.14782938361167908,0.9126327037811279,0.4642575979232788,2025-07-01 17:40:44.414,1751371844414,-7912,-1981,641,1960,-44,-1398
25,2025-07-01 17:40:44.825,2025-07-01 17:40:44.513884,-5.920860767364502,-6.605602264404297,-6.210559368133545,0.5558874011039734,0.6597344875335693,-0.09162978827953339,2025-07-01 17:40:44.475,1751371844475,-8268,-2047,219,1648,461,-1222
26,2025-07-01 17:40:44.925,2025-07-01 17:40:44.629216,-4.532223701477051,-7.496245384216309,-7.438784599304199,0.5290092825889587,-0.11362093687057495,0.2541199326515198,2025-07-01 17:40:44.604,1751371844604,-7583,-2093,513,1328,528,-220
27,2025-07-01 17:40:45.146,2025-07-01 17:40:44.805561,-2.011129379272461,-8.35336971282959,-5.137956619262695,0.42638394236564636,-0.32498031854629517,0.4105014503002167,2025-07-01 17:40:44.776,1751371844776,-8964,-2243,765,-1630,1103,216
28,2025-07-01 17:40:45.226,2025-07-01 17:40:44.928764,-5.633556365966797,-7.967903137207031,-2.978386878967285,0.17348572611808777,-0.2321287989616394,0.059864792972803116,2025-07-01 17:40:44.922,1751371844922,-8279,-1234,1507,-1861,-5,496
29,2025-07-01 17:40:45.446,2025-07-01 17:40:45.135164,-3.0573954582214355,-5.8203043937683105,-3.5960910320281982,-0.7195992469787598,0.13072516024112701,0.18814650177955627,2025-07-01 17:40:45.105,1751371845105,-8160,-1601,1525,-1491,-108,139
30,2025-07-01 17:40:45.534,2025-07-01 17:40:45.135164,-3.0573954582214355,-5.8203043937683105,-3.5960910320281982,-0.7195992469787598,0.13072516024112701,0.18814650177955627,2025-07-01 17:40:45.105,1751371845105,-8160,-1601,1525,-1491,-108,139
31,2025-07-01 17:40:45.733,2025-07-01 17:40:45.408299,-7.0126166343688965,-10.589553833007812,-5.202600479125977,1.948660135269165,-2.7232372760772705,-2.691472291946411,2025-07-01 17:40:45.370,1751371845370,-8113,-893,1475,-694,-253,773
32,2025-07-01 17:40:45.833,2025-07-01 17:40:45.525737,-4.299986362457275,-12.437877655029297,3.9264907836914062,3.280346393585205,-2.0757200717926025,0.045204028487205505,2025-07-01 17:40:45.557,1751371845557,-8477,-1860,1017,-4344,728,-112
33,2025-07-01 17:40:45.941,2025-07-01 17:40:45.632861,-2.2673089504241943,-7.3454108238220215,4.98472785949707,4.701219081878662,0.5827654600143433,0.5363397002220154,2025-07-01 17:40:45.648,1751371845648,-8547,-1261,752,-2171,613,1048
34,2025-07-01 17:40:46.246,2025-07-01 17:40:45.909521,-4.637568473815918,-6.1770405769348145,4.807557106018066,-0.06352998316287994,0.025656340643763542,0.012217304669320583,2025-07-01 17:40:45.920,1751371845920,-8137,-188,60,-274,834,1066
35,2025-07-01 17:40:46.334,2025-07-01 17:40:46.015519,-7.144298076629639,-8.611943244934082,4.8722004890441895,0.3836233615875244,0.294437050819397,-0.07941248267889023,2025-07-01 17:40:46.009,1751371846009,-8724,115,-198,296,747,618
36,2025-07-01 17:40:46.633,2025-07-01 17:40:46.321401,-5.808333396911621,-7.103596210479736,4.757278919219971,-0.7281513810157776,0.656069278717041,0.05619960278272629,2025-07-01 17:40:46.290,1751371846290,-8168,-359,524,1285,-730,40
37,2025-07-01 17:40:46.725,2025-07-01 17:40:46.321401,-5.808333396911621,-7.103596210479736,4.757278919219971,-0.7281513810157776,0.656069278717041,0.05619960278272629,2025-07-01 17:40:46.361,1751371846361,-8449,-538,220,491,-304,-377
38,2025-07-01 17:40:46.938,2025-07-01 17:40:46.621309,-5.389348030090332,-6.296750545501709,5.461174011230469,-0.7941248416900635,0.17592918872833252,-0.009773843921720982,2025-07-01 17:40:46.639,1751371846639,-8570,-155,570,-56,91,-218
39,2025-07-01 17:40:47.040,2025-07-01 17:40:46.729917,-4.618414878845215,-6.270414352416992,4.168305397033691,-0.013439035043120384,-0.09651670604944229,0.07330382615327835,2025-07-01 17:40:46.730,1751371846730,-8343,-194,798,-73,-158,440
40,2025-07-01 17:40:47.231,2025-07-01 17:40:46.930293,-4.580107688903809,-6.708553314208984,2.5761611461639404,0.750142514705658,-0.07696902006864548,-0.1722639948129654,2025-07-01 17:40:46.917,1751371846917,-8189,-292,723,416,-755,84
41,2025-07-01 17:40:47.335,2025-07-01 17:40:47.031881,-6.4164605140686035,-6.646304130554199,4.084507942199707,-0.6609562039375305,-0.03420845419168472,-0.10262536257505417,2025-07-01 17:40:47.040,1751371847040,-8526,58,1150,346,-599,426
42,2025-07-01 17:40:47.425,2025-07-01 17:40:47.107659,-4.548983097076416,-5.758055210113525,5.542576789855957,0.45326200127601624,-0.16737708449363708,0.02321287989616394,2025-07-01 17:40:47.085,1751371847085,-8116,324,1017,520,-155,243
43,2025-07-01 17:40:47.530,2025-07-01 17:40:47.237992,-6.387730121612549,-5.157110691070557,5.564124584197998,-0.07696902006864548,0.24068090319633484,-0.36651915311813354,2025-07-01 17:40:47.276,1751371847276,-8576,605,1316,218,-151,135
44,2025-07-01 17:40:47.726,2025-07-01 17:40:47.438445,-6.366182327270508,-6.332663536071777,3.0526070594787598,-0.44104471802711487,-0.018325956538319588,-0.02076941914856434,2025-07-01 17:40:47.466,1751371847466,-8169,422,1388,831,-323,795
45,2025-07-01 17:40:48.025,2025-07-01 17:40:47.717509,-4.19224739074707,-6.337451934814453,4.268861770629883,0.45692721009254456,0.19792033731937408,0.04153883829712868,2025-07-01 17:40:47.715,1751371847715,-8468,840,1355,182,-52,181
46,2025-07-01 17:40:48.125,2025-07-01 17:40:47.809812,-4.793191909790039,-6.799532890319824,3.3231520652770996,-0.475253164768219,-0.23090706765651703,-0.3836233615875244,2025-07-01 17:40:47.805,1751371847805,-8547,687,1009,81,332,153
47,2025-07-01 17:40:48.227,2025-07-01 17:40:47.908597,-7.793126583099365,-7.254431247711182,5.96874475479126,0.4202753007411957,0.3481931984424591,0.33719760179519653,2025-07-01 17:40:47.897,1751371847897,-8542,916,1159,-262,-322,112
48,2025-07-01 17:40:48.325,2025-07-01 17:40:48.022478,-4.216189384460449,-6.538564682006836,4.268861770629883,-0.3445279896259308,0.6279694437980652,0.2993239760398865,2025-07-01 17:40:47.993,1751371847993,-8263,429,998,-137,-196,-774
49,2025-07-01 17:40:48.425,2025-07-01 17:40:48.109575,-3.9432501792907715,-10.194510459899902,3.464409828186035,0.7819074988365173,-0.22846360504627228,-0.21991148591041565,2025-07-01 17:40:48.082,1751371848082,-8380,747,1196,258,41,456
50,2025-07-01 17:40:48.759,2025-07-01 17:40:48.427089,-6.323086738586426,-3.5027170181274414,4.378994941711426,-0.5668829679489136,0.2565633952617645,-0.11484266817569733,2025-07-01 17:40:48.433,1751371848433,-8344,641,1313,230,-56,306
51,2025-07-01 17:40:48.928,2025-07-01 17:40:48.637334,-7.800309181213379,-7.750030994415283,4.479551315307617,-0.38117989897727966,-0.07208210229873657,-0.07208210229873657,2025-07-01 17:40:48.616,1751371848616,-8358,659,972,-276,-57,-310
52,2025-07-01 17:40:49.026,2025-07-01 17:40:48.723264,-5.365406036376953,-6.399701118469238,4.292803764343262,-0.7037167549133301,0.07330382615327835,-0.0024434609804302454,2025-07-01 17:40:48.704,1751371848704,-8157,825,987,55,-282,-338
53,2025-07-01 17:40:49.125,2025-07-01 17:40:48.831047,-5.214571475982666,-6.71334171295166,3.7708675861358643,-0.02321287989616394,-0.0012217304902151227,0.06963863968849182,2025-07-01 17:40:48.798,1751371848798,-8341,857,1306,348,-293,610
54,2025-07-01 17:40:49.325,2025-07-01 17:40:49.003854,-6.562506675720215,-6.2632317543029785,2.5450363159179688,-0.3787364661693573,-0.024434609338641167,-0.05009094998240471,2025-07-01 17:40:48.979,1751371848979,-8509,659,1369,-93,-200,-299
55,2025-07-01 17:40:49.433,2025-07-01 17:40:49.109065,-4.807557106018066,-6.45476770401001,4.501099109649658,0.43737950921058655,-0.1612684279680252,0.0354301854968071,2025-07-01 17:40:49.072,1751371849072,-8478,1025,1163,198,-239,885
56,2025-07-01 17:40:49.525,2025-07-01 17:40:49.210095,-6.200982570648193,-5.688623428344727,5.279214859008789,-0.5241223573684692,0.384845107793808,-0.31154128909111023,2025-07-01 17:40:49.245,1751371849245,-8117,1001,1271,407,-370,454
57,2025-07-01 17:40:49.827,2025-07-01 17:40:49.517229,-8.195352554321289,-6.766014099121094,2.6599581241607666,-0.028099801391363144,0.036651913076639175,-0.3396410644054413,2025-07-01 17:40:49.513,1751371849513,-8101,1399,1503,355,-241,269
58,2025-07-01 17:40:49.933,2025-07-01 17:40:49.635563,-4.991910457611084,-6.165069580078125,3.2417490482330322,0.23945917189121246,-0.042760565876960754,0.21380282938480377,2025-07-01 17:40:49.610,1751371849610,-8106,1240,1494,-148,-595,-319
59,2025-07-01 17:40:50.033,2025-07-01 17:40:49.704557,-6.361393928527832,-7.000645637512207,3.313575267791748,-0.7330383062362671,0.2480112910270691,-0.43615779280662537,2025-07-01 17:40:49.714,1751371849714,-8464,1228,1460,215,-3,9
60,2025-07-01 17:40:50.327,2025-07-01 17:40:49.904363,-6.052541732788086,-7.51779317855835,3.77565598487854,-0.3445279896259308,0.17348572611808777,-0.22479841113090515,2025-07-01 17:40:49.882,1751371849882,-8070,1114,1796,-301,-147,25
61,2025-07-01 17:40:50.434,2025-07-01 17:40:50.132912,-5.789179801940918,-8.801085472106934,2.583343744277954,-0.36163222789764404,0.28955012559890747,-0.15760323405265808,2025-07-01 17:40:50.144,1751371850144,-8311,1186,1698,89,-146,-126
62,2025-07-01 17:40:51.581,2025-07-01 17:40:50.604437,-6.785167694091797,-9.818621635437012,2.389413356781006,-0.8258898258209229,0.12217304855585098,0.051312681287527084,2025-07-01 17:40:50.604,1751371850604,-8445,1590,1824,-93,126,-80
63,2025-07-01 17:40:51.745,2025-07-01 17:40:50.804443,-6.337451934814453,-7.486668586730957,1.381454348564148,0.15515977144241333,0.27122417092323303,-0.20402899384498596,2025-07-01 17:40:50.792,1751371850792,-8474,978,1633,670,173,-1821
64,2025-07-01 17:40:52.033,2025-07-01 17:40:51.204527,-6.919242858886719,-9.141061782836914,2.786850690841675,0.07452555745840073,-0.01710422709584236,0.06963863968849182,2025-07-01 17:40:51.225,1751371851225,-8150,396,2011,187,-181,-787
65,2025-07-01 17:40:52.267,2025-07-01 17:40:51.413251,-5.846640586853027,-7.254431247711182,1.4987702369689941,-0.3897320330142975,0.0,-0.2528982162475586,2025-07-01 17:40:51.402,1751371851402,-8463,-108,1973,2,-316,-566
66,2025-07-01 17:40:52.325,2025-07-01 17:40:52.004901,-6.8809356689453125,-8.092401504516602,2.3343467712402344,-0.5962044596672058,0.3640756905078888,-0.2638937830924988,2025-07-01 17:40:51.974,1751371851974,-8247,114,2570,-16,-391,90
67,2025-07-01 17:40:52.453,2025-07-01 17:40:52.103933,-4.991910457611084,-6.938396453857422,1.3192051649093628,0.0708603709936142,-0.2773328125476837,0.1563815027475357,2025-07-01 17:40:52.118,1751371852118,-8448,345,2637,269,-351,-338
68,2025-07-01 17:40:52.537,2025-07-01 17:40:52.204805,-6.998251438140869,-10.127472877502441,2.293645143508911,-0.14905111491680145,0.22479841113090515,-0.14049901068210602,2025-07-01 17:40:52.219,1751371852219,-8478,341,2553,-149,-301,-441
69,2025-07-01 17:40:52.637,2025-07-01 17:40:52.304535,-3.069366693496704,-6.720524311065674,1.400607943534851,0.025656340643763542,-0.1966986060142517,0.32131510972976685,2025-07-01 17:40:52.300,1751371852300,-8297,-315,2536,-296,-326,-362
70,2025-07-01 17:40:52.731,2025-07-01 17:40:52.404553,-7.225700855255127,-6.485892295837402,3.222595453262329,-0.09040805697441101,0.21624629199504852,-0.08918632566928864,2025-07-01 17:40:52.390,1751371852390,-8258,-242,2506,-107,-279,-334
71,2025-07-01 17:40:52.832,2025-07-01 17:40:52.504846,-4.663905143737793,-8.106766700744629,-1.4460978507995605,-0.16737708449363708,-0.12339477986097336,0.09896016865968704,2025-07-01 17:40:52.512,1751371852512,-8195,17,2473,-327,-367,-515
72,2025-07-01 17:40:52.931,2025-07-01 17:40:52.604514,-8.008605003356934,-7.400477409362793,-0.5530605912208557,-0.34086281061172485,0.09529497474431992,-0.21380282938480377,2025-07-01 17:40:52.582,1751371852582,-8204,-404,2466,-364,13,-139
73,2025-07-01 17:40:53.033,2025-07-01 17:40:52.704603,-5.214571475982666,-7.082048416137695,1.7860745191574097,0.4862487316131592,-0.21135938167572021,0.2382374405860901,2025-07-01 17:40:52.683,1751371852683,-8066,3,2884,32,68,-58
74,2025-07-01 17:40:53.428,2025-07-01 17:40:53.104771,-6.299144744873047,-7.864952564239502,2.9688100814819336,-0.26022860407829285,0.06352998316287994,0.45326200127601624,2025-07-01 17:40:53.116,1751371853116,-8148,-28,2876,1,-306,49
75,2025-07-01 17:40:53.542,2025-07-01 17:40:53.205023,-4.256890773773193,-6.011840343475342,1.45806884765625,-0.2272418737411499,0.21624629199504852,0.051312681287527084,2025-07-01 17:40:53.215,1751371853215,-8465,-835,2817,-21,-123,-145
76,2025-07-01 17:40:53.636,2025-07-01 17:40:53.305065,-6.205770969390869,-9.074024200439453,1.2617442607879639,-0.03176499158143997,0.17348572611808777,-0.051312681287527084,2025-07-01 17:40:53.299,1751371853299,-8271,-272,2827,521,122,-62
77,2025-07-01 17:40:53.725,2025-07-01 17:40:53.404406,-6.368576526641846,-7.450755596160889,0.14365209639072418,0.34208452701568604,0.0757472887635231,-0.0354301854968071,2025-07-01 17:40:53.380,1751371853380,-8241,-284,2456,-82,296,-139
78,2025-07-01 17:40:53.826,2025-07-01 17:40:53.504620,-4.091690540313721,-6.962338447570801,3.0382418632507324,0.8222246170043945,-0.09285151958465576,0.08796459436416626,2025-07-01 17:40:53.490,1751371853490,-8142,-130,2293,-874,357,-266
79,2025-07-01 17:40:53.925,2025-07-01 17:40:53.605164,-10.086771965026855,-10.278307914733887,0.9002198576927185,-0.6548475623130798,-0.15027284622192383,-0.3640756905078888,2025-07-01 17:40:53.565,1751371853565,-8152,-223,2287,-816,216,352
80,2025-07-01 17:40:54.028,2025-07-01 17:40:53.704864,-5.3797712326049805,-8.087613105773926,1.843535304069519,-0.6255260109901428,-0.29565876722335815,0.45814892649650574,2025-07-01 17:40:53.667,1751371853667,-8367,112,2599,-831,-17,-112
81,2025-07-01 17:40:54.129,2025-07-01 17:40:53.904024,-7.38132381439209,-7.51779317855835,2.432508945465088,-0.5998696684837341,0.06230825558304787,0.013439035043120384,2025-07-01 17:40:53.917,1751371853917,-8264,-511,3362,-274,-708,-79
82,2025-07-01 17:40:54.249,2025-07-01 17:40:53.904024,-7.38132381439209,-7.51779317855835,2.432508945465088,-0.5998696684837341,0.06230825558304787,0.013439035043120384,2025-07-01 17:40:53.917,1751371853917,-8264,-511,3362,-274,-708,-79
83,2025-07-01 17:40:54.437,2025-07-01 17:40:54.104341,-5.547365188598633,-9.732429504394531,1.4077905416488647,0.17592918872833252,-0.012217304669320583,0.05619960278272629,2025-07-01 17:40:54.128,1751371854128,-8196,-660,3033,-14,107,125
84,2025-07-01 17:40:54.525,2025-07-01 17:40:54.203933,-6.97430944442749,-8.317456245422363,0.8978256583213806,-0.5290092825889587,0.06963863968849182,-0.1514945775270462,2025-07-01 17:40:54.203,1751371854203,-8198,-1037,2988,-43,78,33
85,2025-07-01 17:40:54.629,2025-07-01 17:40:54.303760,-4.867412090301514,-8.51138687133789,1.0749965906143188,0.24678955972194672,-0.04886921867728233,0.00733038317412138,2025-07-01 17:40:54.322,1751371854322,-8069,-788,3175,589,-200,-69
86,2025-07-01 17:40:54.743,2025-07-01 17:40:54.403764,-7.194576263427734,-7.601590633392334,-0.2298433631658554,-0.019547687843441963,0.019547687843441963,-0.00733038317412138,2025-07-01 17:40:54.383,1751371854383,-8043,-739,3397,371,-418,-271
87,2025-07-01 17:40:54.934,2025-07-01 17:40:54.603819,-7.158663272857666,-7.692570209503174,1.4532804489135742,-0.25534167885780334,0.14049901068210602,-0.17959438264369965,2025-07-01 17:40:54.585,1751371854585,-7827,-501,3422,-164,-313,139
88,2025-07-01 17:40:55.034,2025-07-01 17:40:54.803914,-7.228095054626465,-8.018181800842285,1.4053963422775269,-0.2736676335334778,0.006108652334660292,-0.41661009192466736,2025-07-01 17:40:54.766,1751371854766,-8059,-806,3205,-370,78,-47
89,2025-07-01 17:40:55.225,2025-07-01 17:40:54.904607,-6.222530364990234,-7.194576263427734,2.279279947280884,-0.49357911944389343,-0.14782938361167908,0.2981022298336029,2025-07-01 17:40:54.908,1751371854908,-8143,-66,3062,-562,-534,721
90,2025-07-01 17:40:55.350,2025-07-01 17:40:55.003754,-3.845088005065918,-7.158663272857666,-0.0694318488240242,0.3591887652873993,0.02687807008624077,-0.06719517707824707,2025-07-01 17:40:55.003,1751371855003,-8052,-478,3315,98,-377,98
91,2025-07-01 17:40:55.525,2025-07-01 17:40:55.204254,-4.876988887786865,-6.3973069190979,0.2561795711517334,1.0115928649902344,0.17104226350784302,-0.06719517707824707,2025-07-01 17:40:55.178,1751371855178,-7634,-509,3697,287,71,-400
92,2025-07-01 17:40:55.640,2025-07-01 17:40:55.304028,-4.663905143737793,-5.207388877868652,0.4165911078453064,0.15271630883216858,-0.18081611394882202,-0.07941248267889023,2025-07-01 17:40:55.275,1751371855275,-8044,-714,3703,54,84,-390
93,2025-07-01 17:40:56.025,2025-07-01 17:40:55.704531,-6.907271862030029,-5.784391403198242,2.319981336593628,-0.05742133408784866,0.45326200127601624,-0.31642818450927734,2025-07-01 17:40:55.720,1751371855720,-7817,-418,3657,249,145,91
94,2025-07-01 17:40:56.125,2025-07-01 17:40:55.804602,-5.070919036865234,-8.149862289428711,-0.3471592366695404,0.6352998614311218,0.004886921960860491,-0.11972958594560623,2025-07-01 17:40:55.809,1751371855809,-7655,-527,3491,220,-588,553
95,2025-07-01 17:40:56.225,2025-07-01 17:40:55.904767,-7.091625213623047,-7.074865818023682,1.0678139925003052,-0.46670106053352356,0.13805554807186127,-0.02687807008624077,2025-07-01 17:40:55.917,1751371855917,-8047,-224,3493,257,258,-36
96,2025-07-01 17:40:56.325,2025-07-01 17:40:56.004052,-5.097255229949951,-8.851364135742188,1.7094600200653076,0.19425514340400696,0.04886921867728233,-0.17348572611808777,2025-07-01 17:40:56.004,1751371856004,-7838,-286,3519,-81,-39,287
97,2025-07-01 17:40:56.425,2025-07-01 17:40:56.104903,-4.944026470184326,-7.204153060913086,1.039083480834961,-0.8625417351722717,0.1417207419872284,-0.00855211354792118,2025-07-01 17:40:56.087,1751371856087,-7863,-449,3433,-2,-10,17
98,2025-07-01 17:40:56.552,2025-07-01 17:40:56.204453,-6.7277069091796875,-7.879317760467529,1.161187767982483,0.3237585723400116,-0.013439035043120384,-0.15393804013729095,2025-07-01 17:40:56.183,1751371856183,-7852,-329,3683,-35,24,29
99,2025-07-01 17:40:56.763,2025-07-01 17:40:56.404780,-7.376535415649414,-8.801085472106934,2.0398597717285156,-0.48258355259895325,0.11850785464048386,-0.0024434609804302454,2025-07-01 17:40:56.442,1751371856442,-8216,-16,3676,1171,149,-572
100,2025-07-01 17:40:57.047,2025-07-01 17:40:56.704933,-6.722918510437012,-10.704475402832031,1.1180921792984009,-0.42149701714515686,0.03420845419168472,-0.09651670604944229,2025-07-01 17:40:56.720,1751371856720,-7866,257,2736,-1212,3751,-699
101,2025-07-01 17:40:57.128,2025-07-01 17:40:56.803844,-5.353435039520264,-8.341399192810059,1.5634137392044067,-0.4764748811721802,0.030543262138962746,0.05253441259264946,2025-07-01 17:40:56.804,1751371856804,-8553,-1149,1691,-2432,2790,-962
102,2025-07-01 17:40:57.233,2025-07-01 17:40:56.904045,-5.0685248374938965,-8.322244644165039,-0.4596867263317108,0.5363397002220154,0.13439035415649414,0.04153883829712868,2025-07-01 17:40:56.888,1751371856888,-8575,-1021,1824,-2198,2498,-938
103,2025-07-01 17:40:57.326,2025-07-01 17:40:57.005683,-5.647922039031982,-7.201758861541748,1.479616641998291,0.15393804013729095,-0.03176499158143997,-0.22968533635139465,2025-07-01 17:40:57.011,1751371857011,-8511,-1401,1169,-1288,1074,21
104,2025-07-01 17:40:57.431,2025-07-01 17:40:57.104373,-5.456385612487793,-9.215282440185547,1.1013327836990356,0.08918632566928864,-0.1722639948129654,-0.019547687843441963,2025-07-01 17:40:57.078,1751371857078,-8495,-1011,1301,-841,794,-284
105,2025-07-01 17:40:57.541,2025-07-01 17:40:57.204887,-4.1156325340271,-7.546523571014404,1.2306196689605713,0.02932153269648552,-0.10262536257505417,-0.08552113175392151,2025-07-01 17:40:57.176,1751371857176,-8078,-1309,1066,-381,1081,-293
106,2025-07-01 17:40:57.840,2025-07-01 17:40:57.504452,-6.768408298492432,-8.537723541259766,0.3447650372982025,-0.5412266254425049,0.08552113175392151,0.00855211354792118,2025-07-01 17:40:57.518,1751371857518,-8513,-1000,289,-717,729,294
107,2025-07-01 17:40:58.030,2025-07-01 17:40:57.704917,-6.744466304779053,-8.899248123168945,0.790086567401886,-0.8869763612747192,0.19914206862449646,-0.31642818450927734,2025-07-01 17:40:57.702,1751371857702,-8182,-898,29,-378,547,-134
108,2025-07-01 17:40:58.125,2025-07-01 17:40:57.804811,-5.128379821777344,-7.2113356590271,0.6727706789970398,0.10751228034496307,0.02076941914856434,-0.042760565876960754,2025-07-01 17:40:57.820,1751371857820,-8135,-1103,-295,-271,-63,-265
109,2025-07-01 17:40:58.225,2025-07-01 17:40:57.904892,-5.322310447692871,-9.057265281677246,0.1604115068912506,-0.015882495790719986,0.0024434609804302454,-0.11362093687057495,2025-07-01 17:40:57.880,1751371857880,-8323,-1048,-377,-259,325,-122
110,2025-07-01 17:40:58.330,2025-07-01 17:40:58.104781,-4.69024133682251,-8.980650901794434,-1.0869675874710083,0.7721336483955383,0.30543261766433716,-0.039095375686883926,2025-07-01 17:40:58.084,1751371858084,-8496,-425,-186,211,140,-333
111,2025-07-01 17:40:58.538,2025-07-01 17:40:58.204852,-6.48828649520874,-6.97430944442749,1.1420341730117798,0.16737708449363708,0.2724458873271942,-0.015882495790719986,2025-07-01 17:40:58.195,1751371858195,-8118,-1080,-383,-152,-156,-1579
112,2025-07-01 17:40:58.625,2025-07-01 17:40:58.304799,-3.49314022064209,-7.783549785614014,0.6488286852836609,-0.08307767659425735,-0.14294247329235077,0.04398229718208313,2025-07-01 17:40:58.334,1751371858334,-8238,-1426,16,73,-376,-602
113,2025-07-01 17:40:58.925,2025-07-01 17:40:58.504474,-3.555389642715454,-7.876923561096191,1.0749965906143188,0.2834414839744568,-0.16982053220272064,0.1111774742603302,2025-07-01 17:40:58.513,1751371858513,-8190,-1600,12,-102,61,-146
114,2025-07-01 17:40:59.028,2025-07-01 17:40:58.705118,-3.9264907836914062,-7.594407558441162,0.6847416758537292,-0.2370157092809677,-0.20525072515010834,0.16004669666290283,2025-07-01 17:40:58.699,1751371858699,-8315,-1633,-58,258,-219,103
115,2025-07-01 17:40:59.126,2025-07-01 17:40:58.804597,-5.509057998657227,-8.746018409729004,0.8092401623725891,-0.5571091175079346,0.20891591906547546,0.02932153269648552,2025-07-01 17:40:58.776,1751371858776,-8314,-1434,-29,219,-305,-275
116,2025-07-01 17:40:59.540,2025-07-01 17:40:59.204566,-6.36378812789917,-11.386823654174805,0.3232172429561615,-0.14538592100143433,-0.036651913076639175,-0.04886921867728233,2025-07-01 17:40:59.167,1751371859167,-8093,-1717,164,782,-526,257
117,2025-07-01 17:40:59.754,2025-07-01 17:40:59.404795,-6.3063273429870605,-8.037335395812988,-0.6703764796257019,-0.7586946487426758,0.02076941914856434,-0.039095375686883926,2025-07-01 17:40:59.420,1751371859420,-8112,-1249,491,-74,-489,215
118,2025-07-01 17:40:59.840,2025-07-01 17:40:59.504515,-5.612008571624756,-8.161833763122559,-1.5083470344543457,-0.06352998316287994,0.0708603709936142,-0.0659734457731247,2025-07-01 17:40:59.539,1751371859539,-8473,-1240,501,285,-256,601
119,2025-07-01 17:40:59.958,2025-07-01 17:40:59.604347,-4.0964789390563965,-7.920019149780273,0.3064578175544739,-0.33597588539123535,0.09896016865968704,-0.0354301854968071,2025-07-01 17:40:59.609,1751371859609,-8168,-1235,1104,247,-1498,624
120,2025-07-01 17:41:00.026,2025-07-01 17:40:59.704548,-5.781997203826904,-12.179304122924805,-1.314416766166687,-0.8026769161224365,0.1319468915462494,0.02076941914856434,2025-07-01 17:40:59.699,1751371859699,-8183,-755,1627,511,-1496,1061
121,2025-07-01 17:41:00.126,2025-07-01 17:40:59.804624,-4.2329487800598145,-8.638279914855957,0.8475474119186401,1.0299187898635864,-0.1563815027475357,-0.012217304669320583,2025-07-01 17:40:59.804,1751371859804,-8271,-798,1517,665,-1407,456
122,2025-07-01 17:41:00.227,2025-07-01 17:40:59.904528,-5.676652431488037,-9.279925346374512,-2.1356279850006104,0.1258382350206375,0.2223549485206604,-0.11362093687057495,2025-07-01 17:40:59.896,1751371859896,-8245,-874,1820,893,-1343,603
123,2025-07-01 17:41:00.349,2025-07-01 17:41:00.006498,-3.471592426300049,-9.50498104095459,-0.7805097699165344,0.030543262138962746,-0.09040805697441101,0.25045475363731384,2025-07-01 17:40:59.990,1751371859990,-8111,-585,2181,788,-1069,618
124,2025-07-01 17:41:00.564,2025-07-01 17:41:00.203802,-3.3039982318878174,-8.061277389526367,-0.0933738648891449,0.00855211354792118,-0.10384709388017654,0.0659734457731247,2025-07-01 17:41:00.226,1751371860226,-8107,-272,2479,632,-233,265
125,2025-07-01 17:41:00.728,2025-07-01 17:41:00.303975,-5.231330871582031,-9.023746490478516,-0.5315127968788147,0.13927727937698364,0.3628539443016052,-0.1417207419872284,2025-07-01 17:41:00.312,1751371860312,-8131,-326,2438,217,-126,113
126,2025-07-01 17:41:00.826,2025-07-01 17:41:00.503838,-3.4308910369873047,-8.520963668823242,-0.871489405632019,0.394618958234787,0.07208210229873657,-0.09651670604944229,2025-07-01 17:41:00.497,1751371860497,-8099,124,2875,125,-121,361
127,2025-07-01 17:41:00.938,2025-07-01 17:41:00.604514,-2.942473888397217,-6.469132900238037,-2.276885747909546,-0.2724458873271942,0.20525072515010834,-0.20525072515010834,2025-07-01 17:41:00.601,1751371860601,-8267,-556,2834,-615,-156,56
128,2025-07-01 17:41:01.025,2025-07-01 17:41:00.704811,-6.524199485778809,-9.516951560974121,1.036689281463623,0.5375614166259766,0.10262536257505417,-0.12339477986097336,2025-07-01 17:41:00.691,1751371860691,-8450,188,2713,-233,146,-72
129,2025-07-01 17:41:01.125,2025-07-01 17:41:00.804591,0.8690952062606812,-10.532093048095703,-4.7836151123046875,-0.6511823534965515,0.23457226157188416,0.2638937830924988,2025-07-01 17:41:00.771,1751371860771,-7986,30,2722,-852,-320,-406
130,2025-07-01 17:41:01.226,2025-07-01 17:41:00.904882,-1.0558429956436157,-8.887276649475098,-8.394071578979492,0.5216789245605469,-2.2406537532806396,1.2192870378494263,2025-07-01 17:41:00.884,1751371860884,-8189,9,3039,-194,-8,-71
131,2025-07-01 17:41:01.425,2025-07-01 17:41:01.104435,-5.7772088050842285,-8.286332130432129,8.11634349822998,0.846659243106842,-2.4190263748168945,0.2981022298336029,2025-07-01 17:41:01.119,1751371861119,-7922,-631,2069,-5120,1594,-595
132,2025-07-01 17:41:01.525,2025-07-01 17:41:01.206254,-5.7772088050842285,-8.286332130432129,8.11634349822998,0.846659243106842,-2.4190263748168945,0.2981022298336029,2025-07-01 17:41:01.223,1751371861223,-7882,-863,1717,-5545,1658,-138
133,2025-07-01 17:41:01.739,2025-07-01 17:41:01.405732,-3.8594532012939453,-7.613561630249023,7.419631004333496,0.08307767659425735,0.2125810980796814,-0.2736676335334778,2025-07-01 17:41:01.390,1751371861390,-8573,-737,952,-1443,838,263
134,2025-07-01 17:41:01.825,2025-07-01 17:41:01.504307,-4.141968727111816,-5.961562156677246,5.322310447692871,-0.17348572611808777,0.06475171446800232,-0.10384709388017654,2025-07-01 17:41:01.491,1751371861491,-8135,-859,852,-981,830,331
135,2025-07-01 17:41:01.934,2025-07-01 17:41:01.604453,-3.9264907836914062,-6.200982570648193,6.107608318328857,0.4080579876899719,0.08918632566928864,-0.2064724564552307,2025-07-01 17:41:01.574,1751371861574,-8328,-463,513,-789,1378,513
136,2025-07-01 17:41:02.042,2025-07-01 17:41:01.705459,-5.861005783081055,-8.932766914367676,5.714959621429443,0.3078760802745819,0.34208452701568604,-0.19914206862449646,2025-07-01 17:41:01.668,1751371861668,-8571,-567,344,-84,788,141
137,2025-07-01 17:41:02.157,2025-07-01 17:41:01.804468,-3.19865345954895,-4.745307922363281,5.015852451324463,-0.6157521605491638,-0.08552113175392151,0.20891591906547546,2025-07-01 17:41:01.841,1751371861841,-8503,-427,373,173,-127,64
138,2025-07-01 17:41:02.326,2025-07-01 17:41:02.006020,-3.07415509223938,-6.236895561218262,5.719748020172119,-0.24190263450145721,-0.15882496535778046,0.1563815027475357,2025-07-01 17:41:02.021,1751371862021,-8177,-614,328,-66,57,-96
139,2025-07-01 17:41:02.441,2025-07-01 17:41:02.105504,-3.936067581176758,-7.038952827453613,5.832275390625,0.23945917189121246,0.34697145223617554,-0.0354301854968071,2025-07-01 17:41:02.121,1751371862121,-8714,-150,332,-115,344,-94
140,2025-07-01 17:41:02.527,2025-07-01 17:41:02.204252,-4.513070106506348,-6.615179061889648,4.920084476470947,-0.4911356568336487,0.1661553531885147,-0.01710422709584236,2025-07-01 17:41:02.204,1751371862204,-8161,-462,152,165,-151,-298
141,2025-07-01 17:41:02.633,2025-07-01 17:41:02.305503,-3.4117374420166016,-6.598419666290283,4.786009311676025,0.901637077331543,-0.09285151958465576,0.09407325088977814,2025-07-01 17:41:02.290,1751371862290,-8321,-236,213,178,70,34
142,2025-07-01 17:41:02.726,2025-07-01 17:41:02.404399,-3.4165258407592773,-6.313509941101074,5.284003257751465,-0.5839871764183044,0.025656340643763542,-0.27000242471694946,2025-07-01 17:41:02.422,1751371862422,-8101,-489,630,-45,-559,-299
143,2025-07-01 17:41:02.833,2025-07-01 17:41:02.504723,-4.5609540939331055,-6.655880928039551,6.797138690948486,0.08674286305904388,-0.2370157092809677,0.19914206862449646,2025-07-01 17:41:02.479,1751371862479,-8338,-539,432,365,90,-100
144,2025-07-01 17:41:03.125,2025-07-01 17:41:02.805528,-4.72376012802124,-9.478644371032715,5.592854976654053,-0.16859880089759827,0.1869247704744339,-0.02687807008624077,2025-07-01 17:41:02.770,1751371862770,-8544,-588,789,-25,-300,111
145,2025-07-01 17:41:03.338,2025-07-01 17:41:03.004695,-6.076483726501465,-7.139509677886963,6.517016887664795,-0.4056145250797272,-0.04153883829712868,-0.02321287989616394,2025-07-01 17:41:03.004,1751371863004,-8539,-779,787,88,14,-430
146,2025-07-01 17:41:03.472,2025-07-01 17:41:03.105004,-2.8874073028564453,-7.402871608734131,3.313575267791748,-0.3604104816913605,0.09162978827953339,-0.0659734457731247,2025-07-01 17:41:03.104,1751371863104,-8180,-244,673,199,-160,-175
147,2025-07-01 17:41:03.525,2025-07-01 17:41:03.204800,-5.784391403198242,-7.041347026824951,5.659893035888672,-0.4349360466003418,0.1062905490398407,-0.24190263450145721,2025-07-01 17:41:03.205,1751371863205,-8574,-616,852,376,-123,366
148,2025-07-01 17:41:03.734,2025-07-01 17:41:03.304542,-4.1180267333984375,-6.864176273345947,3.7708675861358643,0.47769662737846375,-0.15027284622192383,-0.042760565876960754,2025-07-01 17:41:03.313,1751371863313,-8548,-368,763,240,-246,-5
149,2025-07-01 17:41:03.826,2025-07-01 17:41:03.504868,-3.641580820083618,-6.129156112670898,4.481945514678955,0.14782938361167908,-0.2871066629886627,-0.0024434609804302454,2025-07-01 17:41:03.477,1751371863477,-8385,11,986,556,-17,-11
150,2025-07-01 17:41:04.236,2025-07-01 17:41:03.905564,-3.773261785507202,-7.283161640167236,5.049371242523193,0.22968533635139465,-0.14538592100143433,-0.06230825558304787,2025-07-01 17:41:03.918,1751371863918,-8172,-226,907,-3,-574,53
151,2025-07-01 17:41:04.431,2025-07-01 17:41:04.105661,-2.806004285812378,-7.082048416137695,4.606443881988525,-0.25045475363731384,0.17837265133857727,-0.11728613078594208,2025-07-01 17:41:04.097,1751371864097,-8097,-537,913,223,69,-581
152,2025-07-01 17:41:04.527,2025-07-01 17:41:04.205406,-6.3302693367004395,-7.532158374786377,4.60165548324585,-0.750142514705658,0.05864306539297104,-0.09285151958465576,2025-07-01 17:41:04.199,1751371864199,-8529,-572,671,245,559,-620
153,2025-07-01 17:41:04.629,2025-07-01 17:41:04.309181,-6.3302693367004395,-7.532158374786377,4.60165548324585,-0.750142514705658,0.05864306539297104,-0.09285151958465576,2025-07-01 17:41:04.283,1751371864283,-8467,-135,1047,203,302,-453
154,2025-07-01 17:41:04.728,2025-07-01 17:41:04.403913,-3.0406360626220703,-5.760449409484863,3.8307228088378906,0.006108652334660292,-0.32620203495025635,-0.11850785464048386,2025-07-01 17:41:04.364,1751371864364,-8222,-798,714,55,632,-1361
155,2025-07-01 17:41:04.836,2025-07-01 17:41:04.504044,-5.918466567993164,-9.244012832641602,4.8722004890441895,-0.13805554807186127,0.13316862285137177,0.10506882518529892,2025-07-01 17:41:04.470,1751371864470,-8566,-458,469,-821,1756,-836
156,2025-07-01 17:41:04.925,2025-07-01 17:41:04.605774,-2.8227639198303223,-8.638279914855957,6.1530985832214355,0.46792277693748474,-0.05009094998240471,0.2736676335334778,2025-07-01 17:41:04.627,1751371864627,-8139,-1108,200,-556,237,411
157,2025-07-01 17:41:05.127,2025-07-01 17:41:04.805820,-2.535459518432617,-10.374075889587402,4.5609540939331055,0.13805554807186127,-0.04642575979232788,0.2541199326515198,2025-07-01 17:41:04.836,1751371864836,-8551,-741,-66,781,-289,403
158,2025-07-01 17:41:05.228,2025-07-01 17:41:04.805820,-2.535459518432617,-10.374075889587402,4.5609540939331055,0.13805554807186127,-0.04642575979232788,0.2541199326515198,2025-07-01 17:41:04.837,1751371864837,-8477,-858,-128,894,-381,509
159,2025-07-01 17:41:05.326,2025-07-01 17:41:05.005912,-3.77565598487854,-7.582436561584473,4.501099109649658,0.39584067463874817,-0.2174680233001709,0.12095131725072861,2025-07-01 17:41:05.002,1751371865002,-8575,-314,355,448,-1027,759
160,2025-07-01 17:41:05.455,2025-07-01 17:41:05.105647,-4.077325344085693,-8.786720275878906,3.0119056701660156,-0.20036379992961884,0.4043927788734436,-0.08552113175392151,2025-07-01 17:41:05.081,1751371865081,-8501,-243,144,834,-943,735
161,2025-07-01 17:41:05.529,2025-07-01 17:41:05.206149,-6.66785192489624,-7.271190643310547,3.60566782951355,-0.18325957655906677,0.12095131725072861,-0.2272418737411499,2025-07-01 17:41:05.204,1751371865204,-8364,345,505,1122,-1109,1141
162,2025-07-01 17:41:05.828,2025-07-01 17:41:05.505672,-4.738125324249268,-10.156203269958496,4.010287761688232,-0.13805554807186127,-0.019547687843441963,0.3701843321323395,2025-07-01 17:41:05.546,1751371865546,-8534,531,1271,797,-1616,-111
163,2025-07-01 17:41:06.230,2025-07-01 17:41:05.904855,-6.14831018447876,-9.002198219299316,4.618414878845215,-0.2736676335334778,-0.1869247704744339,0.39706242084503174,2025-07-01 17:41:05.893,1751371865893,-8066,794,1962,1046,-1510,580
164,2025-07-01 17:41:06.325,2025-07-01 17:41:06.007912,-3.7277719974517822,-7.716512203216553,3.339911460876465,-0.34208452701568604,0.013439035043120384,0.11850785464048386,2025-07-01 17:41:06.001,1751371866001,-8228,889,2641,321,-404,-143
165,2025-07-01 17:41:06.425,2025-07-01 17:41:06.105407,-4.520252704620361,-10.156203269958496,3.201047658920288,0.5900958180427551,-0.10018189996480942,0.11972958594560623,2025-07-01 17:41:06.084,1751371866084,-7887,485,2534,-54,8,-225
166,2025-07-01 17:41:06.725,2025-07-01 17:41:06.504370,-4.572925090789795,-8.552088737487793,2.8203697204589844,0.17348572611808777,0.12339477986097336,-0.08307767659425735,2025-07-01 17:41:06.519,1751371866519,-8196,599,2440,116,-69,-269
167,2025-07-01 17:41:06.825,2025-07-01 17:41:06.504370,-4.572925090789795,-8.552088737487793,2.8203697204589844,0.17348572611808777,0.12339477986097336,-0.08307767659425735,2025-07-01 17:41:06.519,1751371866519,-8196,599,2440,116,-69,-269
168,2025-07-01 17:41:07.234,2025-07-01 17:41:06.906907,-3.663128614425659,-7.268796443939209,2.911349296569824,0.35185837745666504,-0.14049901068210602,-0.2626720666885376,2025-07-01 17:41:06.906,1751371866906,-8116,397,2681,-519,144,-224
169,2025-07-01 17:41:07.336,2025-07-01 17:41:07.006894,-7.601590633392334,-11.293449401855469,2.3558945655822754,-0.09407325088977814,-0.07819075137376785,0.019547687843441963,2025-07-01 17:41:06.988,1751371866988,-8118,418,2003,62,514,183
170,2025-07-01 17:41:07.538,2025-07-01 17:41:07.207214,-6.320692539215088,-8.710105895996094,1.8195933103561401,-0.3591887652873993,0.1466076523065567,-0.025656340643763542,2025-07-01 17:41:07.186,1751371867186,-8144,128,2060,-93,358,232
171,2025-07-01 17:41:07.637,2025-07-01 17:41:07.307211,-4.912901878356934,-7.292738437652588,0.42856210470199585,0.6096435189247131,-0.32986724376678467,-0.09651670604944229,2025-07-01 17:41:07.267,1751371867267,-8190,1290,2426,270,-267,1386
172,2025-07-01 17:41:07.734,2025-07-01 17:41:07.410991,-5.092466831207275,-6.3518171310424805,2.0039467811584473,-0.0012217304902151227,0.004886921960860491,-0.010995574295520782,2025-07-01 17:41:07.425,1751371867425,-8277,1290,2189,60,-213,311
173,2025-07-01 17:41:07.934,2025-07-01 17:41:07.606458,-6.155492782592773,-10.821791648864746,2.846705913543701,-0.5717698931694031,0.17837265133857727,0.2919935882091522,2025-07-01 17:41:07.604,1751371867604,-8320,1590,2018,35,139,343
174,2025-07-01 17:41:08.029,2025-07-01 17:41:07.706237,-6.155492782592773,-10.821791648864746,2.846705913543701,-0.5717698931694031,0.17837265133857727,0.2919935882091522,2025-07-01 17:41:07.690,1751371867690,-8294,1389,2011,-364,-56,-71
175,2025-07-01 17:41:08.130,2025-07-01 17:41:07.808042,-1.1468225717544556,-8.978256225585938,5.513846397399902,0.37751471996307373,-0.42271876335144043,0.39584067463874817,2025-07-01 17:41:07.790,1751371867790,-8217,1020,2160,-328,598,527
176,2025-07-01 17:41:08.531,2025-07-01 17:41:08.206749,-5.796362400054932,-7.364564418792725,2.499546527862549,1.0335839986801147,-0.26511552929878235,0.059864792972803116,2025-07-01 17:41:08.171,1751371868171,-7897,1459,2014,-321,-525,-597
177,2025-07-01 17:41:08.738,2025-07-01 17:41:08.407141,-4.67827033996582,-7.908048152923584,3.643975019454956,-0.6866125464439392,-0.08552113175392151,-0.013439035043120384,2025-07-01 17:41:08.422,1751371868422,-8087,1628,2330,-341,136,-242
178,2025-07-01 17:41:09.625,2025-07-01 17:41:09.208636,-6.797138690948486,-10.002974510192871,2.382230758666992,-1.197295904159546,0.5424483418464661,-0.02076941914856434,2025-07-01 17:41:09.217,1751371869217,-8125,1012,2348,320,118,-326
179,2025-07-01 17:41:09.725,2025-07-01 17:41:09.404610,-6.18182897567749,-7.122750282287598,0.1173158809542656,0.025656340643763542,0.1966986060142517,0.04398229718208313,2025-07-01 17:41:09.408,1751371869408,-8270,992,2383,105,-308,-333
180,2025-07-01 17:41:09.825,2025-07-01 17:41:09.604076,-4.58968448638916,-11.295844078063965,2.698265314102173,0.13561208546161652,-0.013439035043120384,0.02687807008624077,2025-07-01 17:41:09.620,1751371869620,-8134,952,2367,50,-318,-360
181,2025-07-01 17:41:10.325,2025-07-01 17:41:10.104515,-7.084442615509033,-8.281543731689453,1.0271124839782715,-0.675616979598999,0.618195652961731,-0.26022860407829285,2025-07-01 17:41:10.122,1751371870122,-8148,1058,2276,-543,-588,-774
182,2025-07-01 17:41:10.750,2025-07-01 17:41:10.405097,-4.491522312164307,-9.165003776550293,2.0853497982025146,-0.05497787147760391,-0.09407325088977814,0.21380282938480377,2025-07-01 17:41:10.396,1751371870396,-7884,38,2709,328,-574,-972
183,2025-07-01 17:41:10.825,2025-07-01 17:41:10.505312,-4.757278919219971,-9.667786598205566,0.08379705995321274,0.006108652334660292,0.13316862285137177,-0.19425514340400696,2025-07-01 17:41:10.482,1751371870482,-8266,111,3085,383,-384,-180
184,2025-07-01 17:41:10.929,2025-07-01 17:41:10.604869,-7.180211067199707,-7.915230751037598,-0.2106897532939911,-0.08796459436416626,0.22357667982578278,-0.1270599663257599,2025-07-01 17:41:10.582,1751371870582,-8285,325,3109,354,-127,-377
185,2025-07-01 17:41:11.141,2025-07-01 17:41:10.904416,-3.2848446369171143,-7.951143741607666,1.1468225717544556,-0.11728613078594208,-0.2919935882091522,0.3127630054950714,2025-07-01 17:41:10.927,1751371870927,-7936,-260,2770,-15,85,9
186,2025-07-01 17:41:11.425,2025-07-01 17:41:11.104713,-4.656722068786621,-7.218518257141113,0.6153098344802856,-0.03176499158143997,-0.02321287989616394,-0.08429940044879913,2025-07-01 17:41:11.141,1751371871141,-8227,-103,2805,515,273,104
187,2025-07-01 17:41:11.542,2025-07-01 17:41:11.304796,-2.31758713722229,-10.163386344909668,2.056619167327881,0.5057964324951172,-0.4544837474822998,-0.1368338167667389,2025-07-01 17:41:11.294,1751371871294,-8310,98,3098,-87,175,32
188,2025-07-01 17:41:11.725,2025-07-01 17:41:11.404972,-6.088454723358154,-9.272743225097656,0.6320692300796509,-1.0653489828109741,0.3591887652873993,0.04153883829712868,2025-07-01 17:41:11.378,1751371871378,-8257,-46,2788,-91,188,-357
189,2025-07-01 17:41:12.151,2025-07-01 17:41:11.903810,-6.710947513580322,-12.955025672912598,-0.09816227108240128,-1.1288789510726929,-0.34208452701568604,0.22357667982578278,2025-07-01 17:41:11.921,1751371871921,-8148,345,2879,306,-93,265
190,2025-07-01 17:41:12.363,2025-07-01 17:41:12.004647,-3.4596214294433594,-7.161057472229004,1.2042834758758545,0.6621779203414917,0.051312681287527084,0.10995574295520782,2025-07-01 17:41:12.006,1751371872006,-8265,-223,2506,92,50,-426
191,2025-07-01 17:41:12.426,2025-07-01 17:41:12.104007,-5.104437828063965,-8.315062522888184,-1.0199298858642578,0.5485569834709167,-0.09162978827953339,-0.04398229718208313,2025-07-01 17:41:12.109,1751371872109,-8087,261,2832,112,65,263
192,2025-07-01 17:41:12.525,2025-07-01 17:41:12.304938,-4.0533833503723145,-7.496245384216309,1.048660397529602,0.01710422709584236,-0.19303341209888458,0.1514945775270462,2025-07-01 17:41:12.299,1751371872299,-7934,-182,2881,-324,18,-349
193,2025-07-01 17:41:12.726,2025-07-01 17:41:12.404509,-5.329493045806885,-10.699687004089355,-0.0694318488240242,-0.5681046843528748,0.32986724376678467,-0.16249015927314758,2025-07-01 17:41:12.372,1751371872372,-8317,93,2891,-304,120,-91
194,2025-07-01 17:41:12.839,2025-07-01 17:41:12.504678,-5.018246650695801,-7.955932140350342,1.1204863786697388,-0.24434609711170197,-0.0757472887635231,-0.05742133408784866,2025-07-01 17:41:12.467,1751371872467,-8270,-298,2868,-81,-25,270
195,2025-07-01 17:41:13.025,2025-07-01 17:41:12.804057,-4.127603530883789,-6.900089263916016,0.11971008777618408,0.018325956538319588,-0.03298672288656235,-0.0012217304902151227,2025-07-01 17:41:12.820,1751371872820,-8087,-11,2913,68,-290,-380
196,2025-07-01 17:41:13.228,2025-07-01 17:41:12.904540,-6.354211330413818,-11.647790908813477,-0.16759411990642548,-0.44593164324760437,0.059864792972803116,-0.1368338167667389,2025-07-01 17:41:12.928,1751371872928,-8072,303,2885,-341,-368,-526
197,2025-07-01 17:41:13.325,2025-07-01 17:41:13.104890,-6.878541469573975,-7.769184589385986,0.21787235140800476,-0.6218608021736145,0.513126790523529,-0.3274237811565399,2025-07-01 17:41:13.089,1751371873089,-7897,121,3173,-63,-189,-80
198,2025-07-01 17:41:13.525,2025-07-01 17:41:13.304054,-6.40927791595459,-7.8314337730407715,-1.3718775510787964,-0.35674530267715454,0.12828169763088226,-0.1771509200334549,2025-07-01 17:41:13.273,1751371873273,-8303,12,3144,-75,-17,293
199,2025-07-01 17:41:13.631,2025-07-01 17:41:13.404689,-3.976768970489502,-7.714118003845215,-1.3048399686813354,-0.10506882518529892,-0.0012217304902151227,0.08185594528913498,2025-07-01 17:41:13.386,1751371873386,-7934,-277,3129,-16,-29,340
200,2025-07-01 17:41:14.128,2025-07-01 17:41:13.804082,-4.1156325340271,-7.6351094245910645,-0.6320692300796509,0.44715335965156555,-0.00733038317412138,-0.0757472887635231,2025-07-01 17:41:13.810,1751371873810,-8118,269,2935,-107,322,-308
201,2025-07-01 17:41:14.230,2025-07-01 17:41:13.904754,-4.704606533050537,-11.3269681930542,-1.2689268589019775,0.4605923891067505,0.15882496535778046,0.019547687843441963,2025-07-01 17:41:13.908,1751371873908,-8256,-315,2901,-554,-108,-406
202,2025-07-01 17:41:14.325,2025-07-01 17:41:14.004919,-2.1811177730560303,-5.990292549133301,-1.0869675874710083,0.36163222789764404,-0.16859880089759827,-0.25534167885780334,2025-07-01 17:41:13.985,1751371873985,-8257,-156,2890,-155,283,-300
203,2025-07-01 17:41:14.453,2025-07-01 17:41:14.104565,-1.1085153818130493,-14.832079887390137,-5.2049946784973145,-0.626747727394104,0.5791002511978149,0.49357911944389343,2025-07-01 17:41:14.083,1751371874083,-8201,246,2940,-871,477,-276
204,2025-07-01 17:41:14.529,2025-07-01 17:41:14.304684,-7.400477409362793,-7.287950038909912,4.065354347229004,0.7550294399261475,-3.852116346359253,0.6731734871864319,2025-07-01 17:41:14.289,1751371874289,-7879,-369,2037,-5676,1857,1024
205,2025-07-01 17:41:14.933,2025-07-01 17:41:14.606386,-1.9991583824157715,-7.493851184844971,7.603984832763672,0.6511823534965515,0.3689626157283783,-0.7269296646118164,2025-07-01 17:41:14.634,1751371874634,-8316,-83,1071,-1206,1242,331
206,2025-07-01 17:41:15.025,2025-07-01 17:41:14.803955,-4.987122058868408,-8.793902397155762,7.359776020050049,-0.513126790523529,0.4948008358478546,0.18325957655906677,2025-07-01 17:41:14.819,1751371874819,-8528,154,-298,-1097,1843,-46
207,2025-07-01 17:41:15.227,2025-07-01 17:41:14.903851,-0.9648633003234863,-10.326191902160645,7.007828235626221,0.21380282938480377,-0.04764748737215996,-0.06841690838336945,2025-07-01 17:41:14.915,1751371874915,-8488,364,-839,-1094,1692,-150
208,2025-07-01 17:41:15.325,2025-07-01 17:41:15.004021,-4.6950297355651855,-7.615955829620361,8.29590892791748,-0.9443976879119873,0.15393804013729095,-0.22602014243602753,2025-07-01 17:41:14.993,1751371874993,-8563,-11,-625,-398,664,122
209,2025-07-01 17:41:15.435,2025-07-01 17:41:15.104216,-1.4101848602294922,-6.509834289550781,5.430049419403076,0.13072516024112701,-0.05864306539297104,-0.21624629199504852,2025-07-01 17:41:15.108,1751371875108,-8241,-113,-871,-596,478,-542
210,2025-07-01 17:41:15.528,2025-07-01 17:41:15.204624,-3.912125587463379,-6.854599475860596,8.020575523376465,0.17470745742321014,0.2834414839744568,-0.1368338167667389,2025-07-01 17:41:15.181,1751371875181,-8398,359,-812,-606,627,-51
211,2025-07-01 17:41:15.630,2025-07-01 17:41:15.304698,-2.0614075660705566,-5.070919036865234,7.1490864753723145,-0.294437050819397,-0.17348572611808777,0.15760323405265808,2025-07-01 17:41:15.266,1751371875266,-8235,-86,-873,-210,298,-617
212,2025-07-01 17:41:15.742,2025-07-01 17:41:15.404831,-4.551377296447754,-6.232107162475586,6.66785192489624,0.4605923891067505,0.6524040699005127,0.03176499158143997,2025-07-01 17:41:15.438,1751371875438,-8210,-362,-711,-93,310,-535
213,2025-07-01 17:41:15.932,2025-07-01 17:41:15.603918,-5.145139217376709,-10.20648193359375,8.293514251708984,-0.455705463886261,0.07208210229873657,-0.09651670604944229,2025-07-01 17:41:15.611,1751371875611,-7921,351,-1054,378,-72,-352
214,2025-07-01 17:41:16.025,2025-07-01 17:41:15.704085,-1.0630255937576294,-4.654327869415283,5.604825973510742,0.8735373020172119,-0.15515977144241333,0.05375614017248154,2025-07-01 17:41:15.742,1751371875742,-8189,22,-1005,6,431,-344
215,2025-07-01 17:41:16.528,2025-07-01 17:41:16.304930,-2.365471363067627,-7.735665798187256,6.196194171905518,-0.04398229718208313,-0.05497787147760391,0.09529497474431992,2025-07-01 17:41:16.264,1751371876264,-8262,-260,-1138,-247,-90,-210
216,2025-07-01 17:41:16.725,2025-07-01 17:41:16.505277,-3.4165258407592773,-6.63433313369751,6.536170482635498,-0.37140607833862305,0.13439035415649414,-0.21135938167572021,2025-07-01 17:41:16.504,1751371876504,-8237,73,-1007,295,-67,-125
217,2025-07-01 17:41:16.925,2025-07-01 17:41:16.603842,-2.942473888397217,-6.234501361846924,6.651092529296875,-0.2724458873271942,0.45326200127601624,0.04764748737215996,2025-07-01 17:41:16.621,1751371876621,-8256,-285,-990,9,116,-309
218,2025-07-01 17:41:17.025,2025-07-01 17:41:16.703859,-3.687070608139038,-6.294356346130371,5.853823184967041,0.2993239760398865,-0.39706242084503174,-0.11362093687057495,2025-07-01 17:41:16.695,1751371876695,-8507,-24,-1097,94,-67,454
219,2025-07-01 17:41:17.125,2025-07-01 17:41:16.804580,-2.518700122833252,-6.248866558074951,8.152256965637207,-0.7953465580940247,0.4386012554168701,0.06719517707824707,2025-07-01 17:41:16.790,1751371876790,-8248,94,-947,202,-255,-161
220,2025-07-01 17:41:17.241,2025-07-01 17:41:16.904865,-4.1611223220825195,-6.4164605140686035,6.552929878234863,0.16249015927314758,0.14294247329235077,-0.384845107793808,2025-07-01 17:41:16.875,1751371876875,-8517,311,-1052,481,-270,464
221,2025-07-01 17:41:17.425,2025-07-01 17:41:17.104640,-4.122815132141113,-9.050082206726074,6.892906665802002,-0.2883284091949463,0.7709119319915771,-0.018325956538319588,2025-07-01 17:41:17.141,1751371877141,-8497,176,-870,245,-423,-75
222,2025-07-01 17:41:17.628,2025-07-01 17:41:17.304888,-3.047818660736084,-4.680664539337158,5.394136428833008,0.06841690838336945,-0.3481931984424591,-0.05497787147760391,2025-07-01 17:41:17.325,1751371877325,-8461,375,-227,187,-544,120
223,2025-07-01 17:41:17.727,2025-07-01 17:41:17.405020,-3.9384617805480957,-7.453149795532227,5.473145008087158,0.2480112910270691,0.16249015927314758,-0.06719517707824707,2025-07-01 17:41:17.416,1751371877416,-8122,-66,-243,198,-561,80
224,2025-07-01 17:41:17.830,2025-07-01 17:41:17.504510,-3.265691041946411,-6.1267619132995605,5.614402770996094,-0.25534167885780334,-0.03298672288656235,-0.14416420459747314,2025-07-01 17:41:17.507,1751371877507,-8377,203,-279,420,-548,-23
225,2025-07-01 17:41:18.136,2025-07-01 17:41:17.805246,-3.0166940689086914,-6.212953567504883,6.536170482635498,-0.21502456068992615,0.03420845419168472,-0.045204028487205505,2025-07-01 17:41:17.789,1751371877789,-8160,-70,83,172,-186,-137
226,2025-07-01 17:41:18.239,2025-07-01 17:41:18.004816,-1.1827356815338135,-4.412513732910156,5.006275653839111,0.6621779203414917,-0.49357911944389343,0.4508185386657715,2025-07-01 17:41:17.975,1751371877975,-8474,-585,297,557,-1037,-182
227,2025-07-01 17:41:18.426,2025-07-01 17:41:18.104542,-5.097255229949951,-6.655880928039551,5.319916248321533,0.950506329536438,0.01466076634824276,-0.1918116807937622,2025-07-01 17:41:18.125,1751371878125,-8498,168,633,605,-1073,295
228,2025-07-01 17:41:18.529,2025-07-01 17:41:18.304535,-3.002328872680664,-9.737217903137207,6.320692539215088,0.789237916469574,-0.2834414839744568,-0.0708603709936142,2025-07-01 17:41:18.327,1751371878327,-8489,-101,479,306,-337,-105
229,2025-07-01 17:41:18.730,2025-07-01 17:41:18.404437,-5.351040840148926,-8.7268648147583,5.216965675354004,-0.2724458873271942,0.05864306539297104,-0.18936823308467865,2025-07-01 17:41:18.406,1751371878406,-8384,350,894,638,-276,340
230,2025-07-01 17:41:18.833,2025-07-01 17:41:18.504561,-2.873042106628418,-6.157886981964111,5.279214859008789,-1.0115928649902344,0.2871066629886627,0.16493362188339233,2025-07-01 17:41:18.506,1751371878506,-8527,-34,808,837,-429,-21
231,2025-07-01 17:41:19.035,2025-07-01 17:41:18.704627,-4.019864559173584,-7.184999465942383,3.7469255924224854,0.22968533635139465,0.1111774742603302,-0.01466076634824276,2025-07-01 17:41:18.669,1751371878669,-8187,160,1040,609,-555,-61
232,2025-07-01 17:41:19.242,2025-07-01 17:41:18.904939,-3.4548330307006836,-6.912060260772705,5.078101634979248,0.28099802136421204,-0.013439035043120384,0.22968533635139465,2025-07-01 17:41:18.872,1751371878872,-8503,618,924,133,-575,-52
233,2025-07-01 17:41:19.326,2025-07-01 17:41:19.004701,-4.692635536193848,-7.972691535949707,5.04218864440918,-0.3090978264808655,0.384845107793808,-0.2577851414680481,2025-07-01 17:41:19.034,1751371879034,-8338,834,1151,608,-323,-2
234,2025-07-01 17:41:19.525,2025-07-01 17:41:19.205281,-3.1292216777801514,-9.14585018157959,4.086902141571045,0.3274237811565399,0.05742133408784866,-0.036651913076639175,2025-07-01 17:41:19.242,1751371879242,-8450,636,1347,-8,-341,-77
235,2025-07-01 17:41:19.633,2025-07-01 17:41:19.304620,-4.759673118591309,-7.2568254470825195,4.865017890930176,-0.24434609711170197,0.29077184200286865,-0.25045475363731384,2025-07-01 17:41:19.302,1751371879302,-8544,830,1362,7,-164,100
236,2025-07-01 17:41:19.725,2025-07-01 17:41:19.404614,-2.760514497756958,-6.232107162475586,5.5114521980285645,-0.07208210229873657,-0.3677408695220947,0.2932153046131134,2025-07-01 17:41:19.402,1751371879402,-8124,165,1233,11,-384,-173
237,2025-07-01 17:41:19.825,2025-07-01 17:41:19.504257,-4.649539470672607,-8.35336971282959,4.797980308532715,-0.5974262356758118,0.4508185386657715,-0.36651915311813354,2025-07-01 17:41:19.497,1751371879497,-8392,462,1557,120,32,-282
238,2025-07-01 17:41:20.034,2025-07-01 17:41:19.704578,-3.5745432376861572,-8.1139497756958,3.995922565460205,0.9932668805122375,-0.08796459436416626,0.2724458873271942,2025-07-01 17:41:19.665,1751371879665,-8121,214,1274,82,-188,-294
239,2025-07-01 17:41:20.154,2025-07-01 17:41:19.804602,-2.9305028915405273,-5.580883979797363,3.912125587463379,-1.017701506614685,0.27977627515792847,-0.3689626157283783,2025-07-01 17:41:19.801,1751371879801,-8170,341,1189,-6,3,35
240,2025-07-01 17:41:20.235,2025-07-01 17:41:19.904761,-4.127603530883789,-11.082759857177734,4.630385875701904,0.3286454975605011,-0.0354301854968071,0.05375614017248154,2025-07-01 17:41:19.876,1751371879876,-8537,814,1622,268,-130,-126
241,2025-07-01 17:41:20.355,2025-07-01 17:41:20.104484,-1.173158884048462,-5.657498836517334,3.380612850189209,0.11850785464048386,-0.3530801236629486,-0.3579670190811157,2025-07-01 17:41:20.108,1751371880108,-8324,798,1218,33,22,54
242,2025-07-01 17:41:20.435,2025-07-01 17:41:20.204413,-6.97430944442749,-13.132196426391602,6.157886981964111,-0.09529497474431992,0.09896016865968704,0.013439035043120384,2025-07-01 17:41:20.210,1751371880210,-8288,240,1482,-249,-607,-817
243,2025-07-01 17:41:20.634,2025-07-01 17:41:20.304678,-2.5761611461639404,-5.243301868438721,3.0885202884674072,0.5448917746543884,-0.03787364438176155,0.1722639948129654,2025-07-01 17:41:20.297,1751371880297,-8497,-53,1539,262,-55,-201
244,2025-07-01 17:41:20.727,2025-07-01 17:41:20.404684,-4.23773717880249,-6.3973069190979,2.6815059185028076,0.24678955972194672,0.05253441259264946,-0.1612684279680252,2025-07-01 17:41:20.395,1751371880395,-8412,534,1608,334,325,-44
245,2025-07-01 17:41:20.825,2025-07-01 17:41:20.604906,-4.359841346740723,-7.82185697555542,5.339069843292236,-0.5241223573684692,0.8674286603927612,0.2064724564552307,2025-07-01 17:41:20.588,1751371880588,-8525,121,1613,291,125,-228
246,2025-07-01 17:41:20.925,2025-07-01 17:41:20.604906,-4.359841346740723,-7.82185697555542,5.339069843292236,-0.5241223573684692,0.8674286603927612,0.2064724564552307,2025-07-01 17:41:20.588,1751371880588,-8525,121,1613,291,125,-228
247,2025-07-01 17:41:21.234,2025-07-01 17:41:20.904888,-3.4404678344726562,-6.588842868804932,4.551377296447754,0.38606682419776917,-0.0403171069920063,-0.06963863968849182,2025-07-01 17:41:20.919,1751371880919,-8541,584,1816,148,-235,367
248,2025-07-01 17:41:21.329,2025-07-01 17:41:21.005348,-5.590460777282715,-9.770736694335938,4.3622355461120605,-0.4190535545349121,0.013439035043120384,0.028099801391363144,2025-07-01 17:41:21.013,1751371881013,-8524,605,1833,331,-528,324
249,2025-07-01 17:41:21.429,2025-07-01 17:41:21.204986,-3.892971992492676,-7.682993412017822,4.812345504760742,-0.28099802136421204,0.31642818450927734,-0.24068090319633484,2025-07-01 17:41:21.192,1751371881192,-8492,250,2080,288,-350,-365
250,2025-07-01 17:41:21.626,2025-07-01 17:41:21.304882,-4.60165548324585,-8.678980827331543,3.1459810733795166,0.8344419002532959,0.14294247329235077,0.06841690838336945,2025-07-01 17:41:21.278,1751371881278,-8150,359,2093,77,-335,-372
251,2025-07-01 17:41:21.725,2025-07-01 17:41:21.404118,-2.942473888397217,-6.466738700866699,3.4141316413879395,-0.04764748737215996,-0.15882496535778046,-0.15882496535778046,2025-07-01 17:41:21.369,1751371881369,-8460,344,1789,-128,-95,90
252,2025-07-01 17:41:21.830,2025-07-01 17:41:21.503838,-4.125209331512451,-8.87291145324707,4.1874589920043945,-0.1771509200334549,0.2370157092809677,-0.02932153269648552,2025-07-01 17:41:21.466,1751371881466,-8141,517,2117,120,30,-127
253,2025-07-01 17:41:21.925,2025-07-01 17:41:21.604206,-4.927267074584961,-8.063671112060547,4.228160381317139,-0.33719760179519653,0.22968533635139465,-0.18448130786418915,2025-07-01 17:41:21.586,1751371881586,-8450,153,1686,-16,291,69
254,2025-07-01 17:41:22.225,2025-07-01 17:41:21.903792,-4.563348293304443,-9.588777542114258,2.736572504043579,-0.01710422709584236,0.31154128909111023,0.05253441259264946,2025-07-01 17:41:21.914,1751371881914,-8245,115,1970,13,-185,-474
255,2025-07-01 17:41:22.325,2025-07-01 17:41:22.007747,-3.141192674636841,-8.118738174438477,2.3965959548950195,-0.059864792972803116,-0.015882495790719986,0.16249015927314758,2025-07-01 17:41:22.012,1751371882012,-8131,-50,2005,-81,18,-242
256,2025-07-01 17:41:22.425,2025-07-01 17:41:22.104724,-3.0813376903533936,-8.937555313110352,4.144362926483154,1.1838568449020386,0.09896016865968704,0.0,2025-07-01 17:41:22.093,1751371882093,-8149,-33,2420,355,-264,45
257,2025-07-01 17:41:22.528,2025-07-01 17:41:22.204622,-5.475539207458496,-10.105925559997559,2.9305028915405273,-0.6291912198066711,0.05253441259264946,-0.07941248267889023,2025-07-01 17:41:22.186,1751371882186,-8473,201,2044,168,-8,28
258,2025-07-01 17:41:22.625,2025-07-01 17:41:22.404904,-4.02465295791626,-8.506598472595215,2.367865562438965,-0.7440338730812073,0.02932153269648552,-0.02321287989616394,2025-07-01 17:41:22.380,1751371882380,-8504,-4,2174,89,262,81
259,2025-07-01 17:41:22.840,2025-07-01 17:41:22.504513,-4.910507678985596,-8.018181800842285,2.4444799423217773,0.07330382615327835,0.04642575979232788,0.030543262138962746,2025-07-01 17:41:22.539,1751371882539,-8158,-39,2319,329,-81,118
260,2025-07-01 17:41:23.026,2025-07-01 17:41:22.804699,-4.405331134796143,-6.900089263916016,2.6671407222747803,0.01710422709584236,0.17592918872833252,-0.06352998316287994,2025-07-01 17:41:22.839,1751371882839,-8517,245,2135,587,559,-112
261,2025-07-01 17:41:23.225,2025-07-01 17:41:22.904706,-2.7676970958709717,-8.468291282653809,3.6343982219696045,0.07941248267889023,-0.0806342139840126,-0.13561208546161652,2025-07-01 17:41:22.902,1751371882902,-8521,558,2129,521,522,-67
262,2025-07-01 17:41:23.334,2025-07-01 17:41:23.004698,-4.568136692047119,-7.5417351722717285,3.531447410583496,-0.50335294008255,0.010995574295520782,-0.4740314185619354,2025-07-01 17:41:23.026,1751371883026,-8357,235,1870,349,691,47
263,2025-07-01 17:41:23.425,2025-07-01 17:41:23.104727,-5.671864032745361,-9.543288230895996,3.4356794357299805,-0.394618958234787,0.00366519158706069,0.3139847218990326,2025-07-01 17:41:23.094,1751371883094,-8460,161,1831,-274,-63,-201
264,2025-07-01 17:41:23.538,2025-07-01 17:41:23.303900,-5.272032260894775,-8.810662269592285,4.065354347229004,-1.06657075881958,0.32131510972976685,-0.024434609338641167,2025-07-01 17:41:23.285,1751371883285,-8484,517,1845,380,256,-304
265,2025-07-01 17:41:23.633,2025-07-01 17:41:23.404675,-3.1316158771514893,-9.011775016784668,2.676717519760132,-0.18081611394882202,-0.19547687470912933,0.17104226350784302,2025-07-01 17:41:23.438,1751371883438,-8332,92,1630,-487,284,-248
266,2025-07-01 17:41:23.934,2025-07-01 17:41:23.704075,-3.799597978591919,-8.346187591552734,1.2186486721038818,0.2919935882091522,0.05497787147760391,-0.06230825558304787,2025-07-01 17:41:23.705,1751371883705,-8507,84,1427,-85,43,-281
267,2025-07-01 17:41:24.342,2025-07-01 17:41:24.104684,-5.70777702331543,-10.819397926330566,2.2026655673980713,0.18448130786418915,-0.04153883829712868,0.14049901068210602,2025-07-01 17:41:24.068,1751371884068,-8410,-117,1794,-156,246,373
268,2025-07-01 17:41:24.832,2025-07-01 17:41:24.504529,-2.920926094055176,-10.491392135620117,2.073378562927246,-0.09285151958465576,0.07941248267889023,0.2382374405860901,2025-07-01 17:41:24.520,1751371884520,-8463,-541,1551,-145,55,-603
269,2025-07-01 17:41:24.942,2025-07-01 17:41:24.704666,-4.010287761688232,-8.200140953063965,1.9177556037902832,-0.5412266254425049,-0.17104226350784302,0.01710422709584236,2025-07-01 17:41:24.735,1751371884735,-8074,-234,1745,-330,-396,-354
270,2025-07-01 17:41:25.026,2025-07-01 17:41:24.704666,-4.010287761688232,-8.200140953063965,1.9177556037902832,-0.5412266254425049,-0.17104226350784302,0.01710422709584236,2025-07-01 17:41:24.737,1751371884737,-8188,-160,1704,-292,-284,-236
271,2025-07-01 17:41:25.129,2025-07-01 17:41:24.904629,-2.7533318996429443,-9.552865028381348,2.070984363555908,-0.6316346526145935,-0.26511552929878235,0.19914206862449646,2025-07-01 17:41:24.917,1751371884917,-8166,-398,1672,-210,-21,-337
272,2025-07-01 17:41:25.330,2025-07-01 17:41:25.004579,-4.206612586975098,-9.148244857788086,0.5363011956214905,-0.46792277693748474,0.16493362188339233,-0.25534167885780334,2025-07-01 17:41:24.984,1751371884984,-8459,-415,1869,-328,361,124
273,2025-07-01 17:41:25.537,2025-07-01 17:41:25.204050,-4.503493309020996,-9.038111686706543,-0.05746084079146385,0.015882495790719986,0.7012733221054077,-0.1466076523065567,2025-07-01 17:41:25.245,1751371885245,-8463,-444,1409,-325,549,-216
274,2025-07-01 17:41:25.625,2025-07-01 17:41:25.403954,-5.698200225830078,-10.625467300415039,1.3455413579940796,-0.25534167885780334,0.4129449129104614,-0.02076941914856434,2025-07-01 17:41:25.422,1751371885422,-8467,-426,1375,81,171,-47
275,2025-07-01 17:41:25.833,2025-07-01 17:41:25.504796,-3.0597896575927734,-6.998251438140869,0.7206547260284424,1.0384708642959595,-0.3481931984424591,0.11972958594560623,2025-07-01 17:41:25.514,1751371885514,-8485,-505,1364,64,140,-50
276,2025-07-01 17:41:25.929,2025-07-01 17:41:25.605479,-5.928043365478516,-8.192957878112793,-1.158793568611145,0.015882495790719986,0.3090978264808655,-0.30543261766433716,2025-07-01 17:41:25.622,1751371885622,-8538,-169,1242,-91,47,139
277,2025-07-01 17:41:26.031,2025-07-01 17:41:25.704170,-4.656722068786621,-7.762001991271973,0.7230489253997803,0.30543261766433716,0.22357667982578278,-0.0403171069920063,2025-07-01 17:41:25.695,1751371885695,-8088,-639,1348,-4,-93,41
278,2025-07-01 17:41:26.128,2025-07-01 17:41:25.804836,-2.9712042808532715,-10.08198356628418,0.0933738648891449,0.5522221922874451,-0.0012217304902151227,0.1514945775270462,2025-07-01 17:41:25.811,1751371885811,-8346,-515,1190,-68,-48,54
279,2025-07-01 17:41:26.325,2025-07-01 17:41:26.004444,-3.6367924213409424,-8.916007041931152,-0.5123591423034668,-0.27122417092323303,-0.010995574295520782,0.04886921867728233,2025-07-01 17:41:25.996,1751371885996,-8517,-236,1401,-13,-268,-279
280,2025-07-01 17:41:26.431,2025-07-01 17:41:26.104580,-4.28322696685791,-10.314221382141113,1.1827356815338135,-0.2590068578720093,0.04642575979232788,-0.00855211354792118,2025-07-01 17:41:26.071,1751371886071,-8556,-565,1162,-287,108,-185
281,2025-07-01 17:41:26.626,2025-07-01 17:41:26.405408,-2.5067291259765625,-7.673416614532471,1.1109095811843872,-0.43615779280662537,0.07208210229873657,-0.28955012559890747,2025-07-01 17:41:26.407,1751371886407,-8386,-386,1382,126,-64,-376
282,2025-07-01 17:41:26.831,2025-07-01 17:41:26.504307,-5.236119270324707,-12.342109680175781,-0.4644751250743866,-0.33597588539123535,-0.3604104816913605,-0.0403171069920063,2025-07-01 17:41:26.502,1751371886502,-8477,-555,1196,323,-336,-285
283,2025-07-01 17:41:27.025,2025-07-01 17:41:26.604452,-4.613626480102539,-9.157821655273438,0.038307227194309235,-0.43249258399009705,0.6255260109901428,0.33719760179519653,2025-07-01 17:41:26.595,1751371886595,-8150,-941,1183,-117,-140,-460
284,2025-07-01 17:41:27.133,2025-07-01 17:41:26.904377,-5.027823448181152,-9.495404243469238,0.6320692300796509,-0.10995574295520782,0.3982841372489929,-0.12828169763088226,2025-07-01 17:41:26.902,1751371886902,-8518,-773,1224,-98,-41,-354
285,2025-07-01 17:41:27.425,2025-07-01 17:41:27.104475,-2.9305028915405273,-12.263101577758789,-0.8523358106613159,0.24556782841682434,0.030543262138962746,0.2223549485206604,2025-07-01 17:41:27.132,1751371887132,-8354,-248,1549,34,-41,295
286,2025-07-01 17:41:27.627,2025-07-01 17:41:27.404502,-4.577713489532471,-6.4380083084106445,-1.335964560508728,0.49235737323760986,0.19547687470912933,-0.051312681287527084,2025-07-01 17:41:27.414,1751371887414,-8527,-693,1503,381,-109,-148
287,2025-07-01 17:41:27.728,2025-07-01 17:41:27.503980,-3.114856481552124,-10.24000072479248,-1.072602391242981,-0.3139847218990326,0.0024434609804302454,-0.10751228034496307,2025-07-01 17:41:27.490,1751371887490,-8142,-729,1512,334,-50,-52
288,2025-07-01 17:41:27.925,2025-07-01 17:41:27.604501,-1.1875240802764893,-11.899182319641113,-0.0933738648891449,0.6866125464439392,1.843591332435608,-0.3543018400669098,2025-07-01 17:41:27.599,1751371887599,-8557,-432,1517,323,297,-44
289,2025-07-01 17:41:28.025,2025-07-01 17:41:27.704709,-1.6376339197158813,-8.793902397155762,-1.778891921043396,0.6524040699005127,-2.9040534496307373,1.3096951246261597,2025-07-01 17:41:27.681,1751371887681,-8465,-215,1871,-561,150,342
290,2025-07-01 17:41:28.125,2025-07-01 17:41:27.804406,-4.836287498474121,-8.22887134552002,2.7700912952423096,0.35674530267715454,-3.6725218296051025,0.7415903806686401,2025-07-01 17:41:27.764,1751371887764,-8152,116,1440,-2473,551,1103
291,2025-07-01 17:41:28.246,2025-07-01 17:41:27.904214,-2.4444799423217773,-7.6782050132751465,8.317456245422363,-0.06719517707824707,-3.6028831005096436,0.978606104850769,2025-07-01 17:41:27.944,1751371887944,-8175,-406,1020,-5519,1138,1298
292,2025-07-01 17:41:28.525,2025-07-01 17:41:28.204642,-0.9552865028381348,-6.385335922241211,8.269572257995605,-0.1612684279680252,0.4508185386657715,-0.5363397002220154,2025-07-01 17:41:28.208,1751371888208,-8554,32,825,-2056,532,234
293,2025-07-01 17:41:28.636,2025-07-01 17:41:28.304335,-0.8355764150619507,-4.6040496826171875,6.165069580078125,1.2400563955307007,0.3579670190811157,-0.28099802136421204,2025-07-01 17:41:28.344,1751371888344,-8175,324,513,-866,555,381
294,2025-07-01 17:41:28.744,2025-07-01 17:41:28.404698,-0.828393816947937,-3.2992098331451416,6.40927791595459,-0.009773843921720982,-0.40194934606552124,-0.31154128909111023,2025-07-01 17:41:28.388,1751371888388,-8372,512,-69,-21,866,575
295,2025-07-01 17:41:28.825,2025-07-01 17:41:28.504654,-2.868253707885742,-6.236895561218262,7.393294811248779,0.15027284622192383,0.5754350423812866,-0.38240164518356323,2025-07-01 17:41:28.492,1751371888492,-8460,542,123,455,359,-36
296,2025-07-01 17:41:28.934,2025-07-01 17:41:28.604573,-1.094150185585022,-5.48272180557251,6.919242858886719,-0.36651915311813354,-0.18448130786418915,-0.1258382350206375,2025-07-01 17:41:28.584,1751371888584,-8478,479,-353,132,568,268
297,2025-07-01 17:41:29.031,2025-07-01 17:41:28.704309,-1.5155296325683594,-6.279991149902344,7.292738437652588,0.5229006409645081,0.3677408695220947,-0.036651913076639175,2025-07-01 17:41:28.700,1751371888700,-8451,820,112,-12,-87,380
298,2025-07-01 17:41:29.432,2025-07-01 17:41:29.104776,0.3495534360408783,-9.255983352661133,6.943184852600098,-0.37751471996307373,0.16737708449363708,0.32620203495025635,2025-07-01 17:41:29.125,1751371889125,-8505,255,-216,-384,466,-601
299,2025-07-01 17:41:29.541,2025-07-01 17:41:29.204449,-3.3949780464172363,-6.746860504150391,6.624756336212158,0.2590068578720093,0.12828169763088226,-0.3029891550540924,2025-07-01 17:41:29.204,1751371889204,-8364,177,-352,-377,383,3
300,2025-07-01 17:41:29.631,2025-07-01 17:41:29.304166,-1.316810965538025,-4.0078935623168945,6.165069580078125,0.08429940044879913,-0.32131510972976685,-0.051312681287527084,2025-07-01 17:41:29.311,1751371889311,-8144,157,-234,-331,376,-369
301,2025-07-01 17:41:29.732,2025-07-01 17:41:29.404436,-2.233790159225464,-8.135497093200684,9.41400146484375,-0.32498031854629517,0.3286454975605011,0.2028072625398636,2025-07-01 17:41:29.401,1751371889401,-8376,625,-150,-163,217,114
302,2025-07-01 17:41:29.842,2025-07-01 17:41:29.504396,-2.0925323963165283,-6.63433313369751,5.4252610206604,-0.27000242471694946,0.384845107793808,-0.17348572611808777,2025-07-01 17:41:29.472,1751371889472,-8138,284,-237,104,-96,-602
303,2025-07-01 17:41:29.939,2025-07-01 17:41:29.603956,-2.0398597717285156,-6.586448669433594,6.44279670715332,0.06963863968849182,0.14294247329235077,0.019547687843441963,2025-07-01 17:41:29.571,1751371889571,-8340,381,-142,111,119,-71
304,2025-07-01 17:41:30.128,2025-07-01 17:41:29.803824,-2.456450939178467,-6.710947513580322,7.603984832763672,-0.13072516024112701,0.3127630054950714,0.051312681287527084,2025-07-01 17:41:29.774,1751371889774,-8528,147,-217,-33,-32,-18
305,2025-07-01 17:41:30.228,2025-07-01 17:41:30.004718,-3.383007049560547,-7.965508937835693,7.022193431854248,-0.039095375686883926,0.46181413531303406,-0.18081611394882202,2025-07-01 17:41:30.026,1751371890026,-8333,609,-249,127,279,188
306,2025-07-01 17:41:30.430,2025-07-01 17:41:30.204455,-1.5322890281677246,-8.178592681884766,6.035782337188721,0.2773328125476837,0.11972958594560623,0.07330382615327835,2025-07-01 17:41:30.199,1751371890199,-8453,246,-243,370,-120,89
307,2025-07-01 17:41:30.647,2025-07-01 17:41:30.305026,-2.0661959648132324,-6.732495307922363,7.196970462799072,-0.4801400899887085,0.18448130786418915,-0.16859880089759827,2025-07-01 17:41:30.294,1751371890294,-8488,216,-609,301,305,-340
308,2025-07-01 17:41:30.734,2025-07-01 17:41:30.404896,-1.4532804489135742,-5.384559631347656,7.654263019561768,0.2223549485206604,-0.004886921960860491,-0.019547687843441963,2025-07-01 17:41:30.383,1751371890383,-8167,317,-162,104,-253,50
309,2025-07-01 17:41:30.825,2025-07-01 17:41:30.504734,-1.8818424940109253,-8.35336971282959,6.457161903381348,0.23579397797584534,0.21380282938480377,-0.021991148591041565,2025-07-01 17:41:30.466,1751371890466,-8521,193,-527,291,369,87
310,2025-07-01 17:41:30.937,2025-07-01 17:41:30.604851,-2.959233283996582,-7.752425193786621,6.84981107711792,-0.3982841372489929,0.036651913076639175,-0.2272418737411499,2025-07-01 17:41:30.568,1751371890568,-8130,197,-566,-50,32,97
311,2025-07-01 17:41:31.125,2025-07-01 17:41:30.805662,-1.9560627937316895,-6.354211330413818,6.718130111694336,-0.4398229718208313,0.4153883755207062,-0.4911356568336487,2025-07-01 17:41:30.825,1751371890825,-8574,238,-183,548,10,349
312,2025-07-01 17:41:31.230,2025-07-01 17:41:30.904673,-2.1092917919158936,-6.172252178192139,6.821080684661865,0.08674286305904388,-0.22846360504627228,0.0708603709936142,2025-07-01 17:41:30.916,1751371890916,-8144,301,-130,299,-386,93
313,2025-07-01 17:41:31.325,2025-07-01 17:41:31.004971,-2.7772738933563232,-8.856152534484863,5.200206279754639,0.6450737118721008,0.32498031854629517,0.21380282938480377,2025-07-01 17:41:31.000,1751371891000,-8486,141,25,334,-788,-37
314,2025-07-01 17:41:31.438,2025-07-01 17:41:31.204724,-2.674323320388794,-11.18092155456543,6.959944248199463,-0.14416420459747314,0.26022860407829285,-0.08796459436416626,2025-07-01 17:41:31.195,1751371891195,-8191,174,295,224,-461,-125
315,2025-07-01 17:41:31.625,2025-07-01 17:41:31.304753,-2.4636335372924805,-5.904101371765137,6.655880928039551,-0.4764748811721802,0.46181413531303406,-0.2565633952617645,2025-07-01 17:41:31.291,1751371891291,-8163,309,-55,194,-142,55
316,2025-07-01 17:41:31.926,2025-07-01 17:41:31.703870,-1.7573440074920654,-6.0190229415893555,5.109226226806641,0.8576548099517822,-0.3286454975605011,-0.14049901068210602,2025-07-01 17:41:31.731,1751371891731,-8473,143,541,259,-411,-163
317,2025-07-01 17:41:32.050,2025-07-01 17:41:31.703870,-1.7573440074920654,-6.0190229415893555,5.109226226806641,0.8576548099517822,-0.3286454975605011,-0.14049901068210602,2025-07-01 17:41:31.731,1751371891731,-8473,143,541,259,-411,-163
318,2025-07-01 17:41:32.325,2025-07-01 17:41:32.004998,-3.0789434909820557,-7.453149795532227,4.747702121734619,0.13805554807186127,0.4593706727027893,-0.09896016865968704,2025-07-01 17:41:31.999,1751371891999,-8466,230,419,564,-215,-53
319,2025-07-01 17:41:32.425,2025-07-01 17:41:32.205181,-4.46518611907959,-9.466673851013184,6.629544734954834,-0.4948008358478546,0.27611109614372253,-0.22968533635139465,2025-07-01 17:41:32.182,1751371892182,-8351,613,839,555,-132,108
320,2025-07-01 17:41:32.525,2025-07-01 17:41:32.205181,-4.46518611907959,-9.466673851013184,6.629544734954834,-0.4948008358478546,0.27611109614372253,-0.22968533635139465,2025-07-01 17:41:32.182,1751371892182,-8351,613,839,555,-132,108
321,2025-07-01 17:41:32.725,2025-07-01 17:41:32.404968,-4.259284973144531,-7.95832633972168,4.855441093444824,0.7134906053543091,0.504574716091156,-0.16249015927314758,2025-07-01 17:41:32.370,1751371892370,-8426,567,887,523,-274,262
322,2025-07-01 17:41:32.926,2025-07-01 17:41:32.604350,-2.6431987285614014,-8.973467826843262,5.959167957305908,0.13072516024112701,0.021991148591041565,0.20891591906547546,2025-07-01 17:41:32.578,1751371892578,-8537,217,903,132,21,329
323,2025-07-01 17:41:33.037,2025-07-01 17:41:32.705015,-1.3886369466781616,-6.718130111694336,5.2049946784973145,0.1661553531885147,-0.1722639948129654,-0.13805554807186127,2025-07-01 17:41:32.711,1751371892711,-8511,242,1358,-117,-436,104
324,2025-07-01 17:41:33.125,2025-07-01 17:41:32.805147,-3.5434184074401855,-10.390835762023926,6.567295074462891,-0.7305948138237,0.3701843321323395,0.00366519158706069,2025-07-01 17:41:32.812,1751371892812,-8151,199,1327,160,-383,65
325,2025-07-01 17:41:33.225,2025-07-01 17:41:32.904304,-1.7549498081207275,-8.99740982055664,5.16429328918457,0.19303341209888458,-0.09651670604944229,-0.0806342139840126,2025-07-01 17:41:32.908,1751371892908,-8150,337,1404,122,-415,-549
326,2025-07-01 17:41:33.332,2025-07-01 17:41:33.004806,-1.946485996246338,-6.665457725524902,6.186617374420166,0.475253164768219,-0.17959438264369965,0.06719517707824707,2025-07-01 17:41:32.991,1751371892991,-8385,537,1196,-46,75,331
327,2025-07-01 17:41:33.525,2025-07-01 17:41:33.303852,-2.631227731704712,-7.649474620819092,6.390124320983887,-0.05619960278272629,0.2370157092809677,-0.16859880089759827,2025-07-01 17:41:33.337,1751371893337,-8343,490,1223,-121,-65,117
328,2025-07-01 17:41:34.035,2025-07-01 17:41:33.704554,-0.2346317619085312,-13.783419609069824,5.578489780426025,0.22968533635139465,-0.23457226157188416,0.19058994948863983,2025-07-01 17:41:33.706,1751371893706,-8557,791,1233,-554,-571,-325
329,2025-07-01 17:41:34.126,2025-07-01 17:41:33.803899,-4.4939165115356445,-8.008605003356934,5.3797712326049805,-1.3060299158096313,0.08307767659425735,-0.36163222789764404,2025-07-01 17:41:33.800,1751371893800,-8476,-8,1252,-310,276,-364
330,2025-07-01 17:41:34.337,2025-07-01 17:41:34.006544,-3.1292216777801514,-8.621520042419434,3.7277719974517822,-0.16982053220272064,0.40683624148368835,-0.0024434609804302454,2025-07-01 17:41:33.969,1751371893969,-8424,555,1567,76,261,-124
331,2025-07-01 17:41:34.564,2025-07-01 17:41:34.205955,-2.2697031497955322,-8.133103370666504,5.284003257751465,0.44226643443107605,-0.08307767659425735,0.11484266817569733,2025-07-01 17:41:34.229,1751371894229,-8522,244,1536,294,256,34
332,2025-07-01 17:41:34.771,2025-07-01 17:41:34.404806,-1.7860745191574097,-8.655038833618164,4.671087741851807,0.32986724376678467,-0.20402899384498596,0.2028072625398636,2025-07-01 17:41:34.364,1751371894364,-8401,552,1569,299,111,13
333,2025-07-01 17:41:34.832,2025-07-01 17:41:34.504341,-4.479551315307617,-9.277531623840332,5.0014872550964355,-0.9468411207199097,0.375071257352829,-0.1014036312699318,2025-07-01 17:41:34.518,1751371894518,-8098,265,1416,274,45,-254
334,2025-07-01 17:41:34.948,2025-07-01 17:41:34.704752,-2.892195701599121,-6.361393928527832,3.6774938106536865,-0.1966986060142517,-0.16859880089759827,-0.4349360466003418,2025-07-01 17:41:34.715,1751371894715,-8473,-46,1548,-2,135,-71
335,2025-07-01 17:41:35.038,2025-07-01 17:41:34.704752,-2.892195701599121,-6.361393928527832,3.6774938106536865,-0.1966986060142517,-0.16859880089759827,-0.4349360466003418,2025-07-01 17:41:34.715,1751371894715,-8473,-46,1548,-2,135,-71
336,2025-07-01 17:41:35.242,2025-07-01 17:41:34.904574,-3.4165258407592773,-8.547300338745117,4.575319290161133,0.1258382350206375,-0.02076941914856434,-0.09896016865968704,2025-07-01 17:41:34.892,1751371894892,-8092,-50,1272,277,-280,-380
337,2025-07-01 17:41:35.331,2025-07-01 17:41:35.004496,-3.155557870864868,-7.632715225219727,3.825934410095215,-0.4703662395477295,0.3640756905078888,0.1661553531885147,2025-07-01 17:41:34.982,1751371894982,-8130,551,1438,18,-191,-27
338,2025-07-01 17:41:35.748,2025-07-01 17:41:35.404841,-2.6862943172454834,-10.54645824432373,3.998316764831543,0.24190263450145721,-0.051312681287527084,0.1160643994808197,2025-07-01 17:41:35.420,1751371895420,-8468,114,1851,52,-344,-351
339,2025-07-01 17:41:35.836,2025-07-01 17:41:35.504419,-5.082890033721924,-8.468291282653809,4.141968727111816,-0.7171558141708374,0.44593164324760437,0.3433062732219696,2025-07-01 17:41:35.520,1751371895520,-8530,84,1857,-20,45,-331
340,2025-07-01 17:41:35.935,2025-07-01 17:41:35.604619,0.06703764945268631,-6.9024834632873535,3.928884983062744,-0.4129449129104614,-0.2015855312347412,-0.02321287989616394,2025-07-01 17:41:35.600,1751371895600,-8127,-337,1858,-329,75,-11
341,2025-07-01 17:41:36.041,2025-07-01 17:41:35.704444,-5.592854976654053,-13.048398971557617,4.908113479614258,-1.2864822149276733,0.39584067463874817,-0.32009339332580566,2025-07-01 17:41:35.688,1751371895688,-8327,-14,2075,309,-73,163
342,2025-07-01 17:41:36.130,2025-07-01 17:41:35.804390,-1.920149803161621,-7.948749542236328,3.6774938106536865,0.5277875661849976,-0.13805554807186127,0.09162978827953339,2025-07-01 17:41:35.778,1751371895778,-8545,305,2069,353,80,316
343,2025-07-01 17:41:36.236,2025-07-01 17:41:35.905968,-2.942473888397217,-10.041281700134277,2.5067291259765625,-0.16249015927314758,0.2480112910270691,0.12461651116609573,2025-07-01 17:41:35.910,1751371895910,-8422,-69,1889,78,145,224
344,2025-07-01 17:41:36.325,2025-07-01 17:41:36.004234,-3.799597978591919,-8.585607528686523,3.56017804145813,0.0024434609804302454,0.012217304669320583,0.00733038317412138,2025-07-01 17:41:35.990,1751371895990,-8171,-31,1811,338,-107,127
345,2025-07-01 17:41:36.525,2025-07-01 17:41:36.204504,-6.787561893463135,-12.172121047973633,5.197812080383301,-0.35185837745666504,-0.35552358627319336,-0.3738495409488678,2025-07-01 17:41:36.236,1751371896236,-8490,375,1862,281,239,139
346,2025-07-01 17:41:36.625,2025-07-01 17:41:36.304394,-1.7334020137786865,-8.360552787780762,2.473210334777832,-0.4031710624694824,0.32131510972976685,0.6963863968849182,2025-07-01 17:41:36.320,1751371896320,-8154,-374,1611,-120,-62,-570
347,2025-07-01 17:41:36.732,2025-07-01 17:41:36.404372,-4.043806552886963,-10.398017883300781,3.023876667022705,-0.2370157092809677,0.11972958594560623,-0.2370157092809677,2025-07-01 17:41:36.418,1751371896418,-8394,164,1896,588,-258,530
348,2025-07-01 17:41:36.825,2025-07-01 17:41:36.504294,-2.319981336593628,-7.156269073486328,1.9369091987609863,1.1276572942733765,-0.07330382615327835,-0.1514945775270462,2025-07-01 17:41:36.492,1751371896492,-8271,349,1847,623,-317,-585
349,2025-07-01 17:41:36.926,2025-07-01 17:41:36.604653,-4.738125324249268,-10.551246643066406,3.6798880100250244,-0.8100073337554932,-0.1869247704744339,-0.49357911944389343,2025-07-01 17:41:36.582,1751371896582,-8331,319,1490,-65,144,331
350,2025-07-01 17:41:37.037,2025-07-01 17:41:36.704333,-2.3080103397369385,-9.871294021606445,3.8810009956359863,-0.5754350423812866,0.29565876722335815,0.513126790523529,2025-07-01 17:41:36.673,1751371896673,-7896,-384,1903,-288,-458,-1132
351,2025-07-01 17:41:37.126,2025-07-01 17:41:36.905239,-2.6862943172454834,-8.841787338256836,1.2186486721038818,0.8210029006004333,-0.37751471996307373,-0.04886921867728233,2025-07-01 17:41:36.882,1751371896882,-8118,-124,2061,350,-574,-361
352,2025-07-01 17:41:37.645,2025-07-01 17:41:37.307575,-1.4389152526855469,-9.696516990661621,4.680664539337158,0.24923302233219147,-0.5448917746543884,0.29077184200286865,2025-07-01 17:41:37.325,1751371897325,-8464,-594,1440,-195,185,-694
353,2025-07-01 17:41:37.827,2025-07-01 17:41:37.504937,-3.7493197917938232,-8.250418663024902,3.0550012588500977,-0.39095374941825867,0.2528982162475586,0.3274237811565399,2025-07-01 17:41:37.508,1751371897508,-8141,-703,1086,47,743,29
354,2025-07-01 17:41:37.927,2025-07-01 17:41:37.606470,-2.492363929748535,-11.39161205291748,-0.7637503147125244,0.13439035415649414,0.4239404797554016,-0.04764748737215996,2025-07-01 17:41:37.591,1751371897591,-8331,-675,1066,-197,881,-523
355,2025-07-01 17:41:38.225,2025-07-01 17:41:37.906103,-4.426878929138184,-9.797073364257812,2.315192937850952,-0.7721336483955383,0.22357667982578278,-0.06352998316287994,2025-07-01 17:41:37.883,1751371897883,-8170,-693,473,281,312,282
356,2025-07-01 17:41:38.425,2025-07-01 17:41:38.204358,-3.7421371936798096,-9.9000244140625,0.507570743560791,0.2736676335334778,0.23457226157188416,-0.03176499158143997,2025-07-01 17:41:38.223,1751371898223,-8506,-491,648,119,-165,-53
357,2025-07-01 17:41:38.725,2025-07-01 17:41:38.504640,-3.2632968425750732,-7.558494567871094,0.07661445438861847,-0.15760323405265808,0.18081611394882202,0.0354301854968071,2025-07-01 17:41:38.485,1751371898485,-8495,-510,757,312,-219,728
358,2025-07-01 17:41:38.825,2025-07-01 17:41:38.604784,-4.079719543457031,-9.437943458557129,1.0342950820922852,0.8649851679801941,-0.02932153269648552,0.07941248267889023,2025-07-01 17:41:38.564,1751371898564,-8439,69,902,763,-793,358
359,2025-07-01 17:41:39.142,2025-07-01 17:41:38.805986,-1.843535304069519,-10.493785858154297,-0.019153613597154617,0.16004669666290283,-0.42271876335144043,-0.27000242471694946,2025-07-01 17:41:38.768,1751371898768,-8545,-266,1597,223,-887,276
360,2025-07-01 17:41:39.236,2025-07-01 17:41:39.011901,-5.039794445037842,-8.7268648147583,1.4772224426269531,0.26022860407829285,-0.02321287989616394,0.17104226350784302,2025-07-01 17:41:39.004,1751371899004,-8488,41,1448,252,-235,-90
361,2025-07-01 17:41:39.435,2025-07-01 17:41:39.104463,-2.8562827110290527,-8.683769226074219,-0.5626373887062073,0.9627236127853394,0.22113321721553802,-0.24556782841682434,2025-07-01 17:41:39.108,1751371899108,-8455,-148,1845,-68,-221,-258
362,2025-07-01 17:41:39.535,2025-07-01 17:41:39.204346,-5.568912982940674,-8.487444877624512,-0.24660277366638184,-0.036651913076639175,0.24556782841682434,-0.01710422709584236,2025-07-01 17:41:39.187,1751371899187,-8321,-72,1725,155,-132,-2
363,2025-07-01 17:41:39.631,2025-07-01 17:41:39.404603,-3.205836057662964,-8.777143478393555,-0.3447650372982025,-0.9065240025520325,0.12339477986097336,0.02932153269648552,2025-07-01 17:41:39.379,1751371899379,-8321,64,1760,144,22,-104
364,2025-07-01 17:41:40.138,2025-07-01 17:41:39.904464,-2.1332337856292725,-10.69489860534668,-0.05267243832349777,0.17348572611808777,0.27611109614372253,-0.07330382615327835,2025-07-01 17:41:39.934,1751371899934,-8338,19,1766,-92,274,126
365,2025-07-01 17:41:40.237,2025-07-01 17:41:40.004025,-2.7006595134735107,-10.180145263671875,0.8355764150619507,-0.979827880859375,0.028099801391363144,-0.4911356568336487,2025-07-01 17:41:40.002,1751371900002,-8088,-210,1701,-39,-36,-2
366,2025-07-01 17:41:40.425,2025-07-01 17:41:40.104649,-5.066130638122559,-10.034099578857422,0.8451532125473022,-0.7257078886032104,-0.1270599663257599,0.13316862285137177,2025-07-01 17:41:40.113,1751371900113,-8561,17,1857,-330,31,-599
367,2025-07-01 17:41:40.533,2025-07-01 17:41:40.204438,-2.315192937850952,-9.720458984375,-1.259350061416626,-0.29077184200286865,0.5216789245605469,0.2687807083129883,2025-07-01 17:41:40.202,1751371900202,-8400,-364,1838,1149,-165,-580
368,2025-07-01 17:41:40.634,2025-07-01 17:41:40.405191,-2.8419175148010254,-9.423578262329102,-1.5538369417190552,0.513126790523529,0.03176499158143997,-0.036651913076639175,2025-07-01 17:41:40.367,1751371900367,-8225,-782,2037,343,-391,-770
369,2025-07-01 17:41:41.028,2025-07-01 17:41:40.804282,-2.118868589401245,-9.93354320526123,-1.6184803247451782,-1.0335839986801147,0.17959438264369965,0.13561208546161652,2025-07-01 17:41:40.834,1751371900834,-8489,-364,2418,3,24,-112
370,2025-07-01 17:41:41.329,2025-07-01 17:41:41.107845,-3.4955344200134277,-9.033323287963867,-0.44771572947502136,-0.9126327037811279,0.21135938167572021,0.03420845419168472,2025-07-01 17:41:41.081,1751371901081,-8493,-546,2423,97,215,83
371,2025-07-01 17:41:41.532,2025-07-01 17:41:41.204188,-2.274491548538208,-9.421183586120605,-0.5291185975074768,-0.33475416898727417,-0.059864792972803116,0.09162978827953339,2025-07-01 17:41:41.185,1751371901185,-8308,-634,2327,-263,360,-308
372,2025-07-01 17:41:41.728,2025-07-01 17:41:41.404458,-4.050989151000977,-8.789113998413086,-0.30885201692581177,0.09896016865968704,0.2028072625398636,-0.1258382350206375,2025-07-01 17:41:41.377,1751371901377,-8471,-411,2080,43,-381,-528
373,2025-07-01 17:41:41.926,2025-07-01 17:41:41.604528,-2.2433669567108154,-11.075576782226562,-2.8874073028564453,-1.4672982692718506,0.1514945775270462,-0.042760565876960754,2025-07-01 17:41:41.616,1751371901616,-8115,-891,2424,379,88,-598
374,2025-07-01 17:41:42.126,2025-07-01 17:41:41.806274,-2.212242364883423,-9.512163162231445,-2.734178304672241,-0.021991148591041565,-0.012217304669320583,0.06719517707824707,2025-07-01 17:41:41.817,1751371901817,-8104,-775,2041,-317,-73,-71
375,2025-07-01 17:41:42.226,2025-07-01 17:41:41.904580,-1.6831238269805908,-11.820174217224121,-1.723825216293335,0.39217549562454224,-0.06352998316287994,-0.17592918872833252,2025-07-01 17:41:41.921,1751371901921,-8450,-629,2029,-302,-92,87
376,2025-07-01 17:41:42.326,2025-07-01 17:41:42.004534,-3.936067581176758,-10.005369186401367,-1.0606313943862915,0.7195992469787598,-0.2174680233001709,0.006108652334660292,2025-07-01 17:41:41.981,1751371901981,-8156,-786,2376,-285,-118,-30
377,2025-07-01 17:41:42.426,2025-07-01 17:41:42.104946,-2.669534921646118,-9.528923034667969,-2.2385785579681396,-0.00855211354792118,-0.039095375686883926,-0.19303341209888458,2025-07-01 17:41:42.081,1751371902081,-8261,-787,2313,20,-259,-166
378,2025-07-01 17:41:42.725,2025-07-01 17:41:42.403715,-3.6176388263702393,-8.164227485656738,-1.235408067703247,-0.656069278717041,0.3982841372489929,-0.4129449129104614,2025-07-01 17:41:42.364,1751371902364,-8231,-677,1951,-310,167,378
379,2025-07-01 17:41:42.928,2025-07-01 17:41:42.703944,-4.110844135284424,-7.785943984985352,-6.567295074462891,-1.3634512424468994,-1.8680258989334106,0.3579670190811157,2025-07-01 17:41:42.697,1751371902697,-8073,-232,2261,-154,232,81
380,2025-07-01 17:41:43.126,2025-07-01 17:41:42.804374,-4.398148536682129,-8.250418663024902,-2.410961151123047,0.27611109614372253,-3.293785333633423,-1.0739010572433472,2025-07-01 17:41:42.795,1751371902795,-8067,-381,1772,-1235,941,542
381,2025-07-01 17:41:43.225,2025-07-01 17:41:42.906060,-3.794809579849243,-9.042900085449219,4.125209331512451,2.6988027095794678,-3.0164525508880615,-0.6279694437980652,2025-07-01 17:41:42.896,1751371902896,-8530,331,1276,-5389,1527,2489
382,2025-07-01 17:41:43.325,2025-07-01 17:41:43.009768,0.4357447028160095,-10.398017883300781,9.016563415527344,2.403143882751465,-1.5503759384155273,0.28099802136421204,2025-07-01 17:41:42.972,1751371902972,-8498,381,1224,-5555,1799,2697
383,2025-07-01 17:41:43.425,2025-07-01 17:41:43.104255,-0.5027823448181152,-3.667917013168335,7.084442615509033,2.476447820663452,0.0012217304902151227,-0.2993239760398865,2025-07-01 17:41:43.077,1751371903077,-8413,603,1116,-2632,1836,749
384,2025-07-01 17:41:43.525,2025-07-01 17:41:43.305106,-0.4812345504760742,-5.049371242523193,7.1251444816589355,0.685390830039978,-0.00366519158706069,-0.22602014243602753,2025-07-01 17:41:43.266,1751371903266,-8093,483,555,-1542,1139,87
385,2025-07-01 17:41:43.727,2025-07-01 17:41:43.404646,-1.2066776752471924,-7.927201747894287,8.185775756835938,-0.4105014503002167,-0.24923302233219147,-0.08918632566928864,2025-07-01 17:41:43.422,1751371903422,-8512,750,-396,-483,2159,624
386,2025-07-01 17:41:43.848,2025-07-01 17:41:43.506283,-1.259350061416626,-2.832340717315674,6.3063273429870605,0.8283332586288452,0.28588494658470154,-0.09651670604944229,2025-07-01 17:41:43.506,1751371903506,-8572,1063,-503,-595,1746,604
387,2025-07-01 17:41:44.125,2025-07-01 17:41:43.804951,-0.3423708379268646,-7.144298076629639,6.167463779449463,-0.3494149148464203,0.11972958594560623,-0.03787364438176155,2025-07-01 17:41:43.808,1751371903808,-8087,713,-666,356,-115,-583
388,2025-07-01 17:41:44.225,2025-07-01 17:41:44.006185,0.6105214357376099,-5.48272180557251,6.746860504150391,0.7941248416900635,-0.22602014243602753,-0.0403171069920063,2025-07-01 17:41:43.973,1751371903973,-8235,815,-733,-275,90,-540
389,2025-07-01 17:41:44.626,2025-07-01 17:41:44.306768,-0.33039984107017517,-5.679046630859375,6.2632317543029785,-0.059864792972803116,0.20036379992961884,0.07330382615327835,2025-07-01 17:41:44.345,1751371904345,-8152,434,-964,-107,391,-73
390,2025-07-01 17:41:44.731,2025-07-01 17:41:44.404601,-1.9536685943603516,-8.56645393371582,8.954314231872559,-0.789237916469574,0.3885102868080139,-0.38728857040405273,2025-07-01 17:41:44.419,1751371904419,-8483,821,-971,-325,148,-32
391,2025-07-01 17:41:44.825,2025-07-01 17:41:44.504348,-0.5889736413955688,-5.4013190269470215,6.936002254486084,-0.04153883829712868,-0.11972958594560623,0.05497787147760391,2025-07-01 17:41:44.518,1751371904518,-7876,572,-990,-369,-314,-220
392,2025-07-01 17:41:44.927,2025-07-01 17:41:44.607080,-0.5123591423034668,-6.9695210456848145,7.003039836883545,0.23579397797584534,0.2687807083129883,-0.03176499158143997,2025-07-01 17:41:44.591,1751371904591,-8144,450,-992,100,-43,-106
393,2025-07-01 17:41:45.036,2025-07-01 17:41:44.706375,-2.1954829692840576,-7.443572998046875,7.429207801818848,-0.7391469478607178,0.4349360466003418,-0.32498031854629517,2025-07-01 17:41:44.681,1751371904681,-8201,478,-1343,280,270,-78
394,2025-07-01 17:41:45.148,2025-07-01 17:41:44.806414,-0.033518824726343155,-4.458003520965576,5.530605792999268,0.7733554244041443,-0.12339477986097336,0.3530801236629486,2025-07-01 17:41:44.769,1751371904769,-8132,868,-1013,-25,-377,291
395,2025-07-01 17:41:45.239,2025-07-01 17:41:44.910249,-2.2673089504241943,-8.429984092712402,8.10437297821045,-0.33475416898727417,-0.14538592100143433,-0.02076941914856434,2025-07-01 17:41:44.872,1751371904872,-8240,800,-1339,157,124,315
396,2025-07-01 17:41:45.541,2025-07-01 17:41:45.204601,-3.2130186557769775,-10.733205795288086,8.001421928405762,-0.48258355259895325,0.02687807008624077,-0.009773843921720982,2025-07-01 17:41:45.221,1751371905221,-8124,1062,-641,539,-297,-74
397,2025-07-01 17:41:45.628,2025-07-01 17:41:45.404937,-1.6879122257232666,-6.9455790519714355,7.000645637512207,-0.7049384713172913,-0.015882495790719986,-0.2028072625398636,2025-07-01 17:41:45.407,1751371905407,-8572,666,-697,-50,-108,177
398,2025-07-01 17:41:46.551,2025-07-01 17:41:46.107906,-1.922544002532959,-7.168240070343018,6.244078159332275,-0.004886921960860491,0.5204572081565857,-0.00733038317412138,2025-07-01 17:41:46.120,1751371906120,-8132,461,-1058,267,72,103
399,2025-07-01 17:41:46.625,2025-07-01 17:41:46.305200,-1.3215993642807007,-7.824251174926758,5.099649429321289,0.13927727937698364,0.08918632566928864,0.0024434609804302454,2025-07-01 17:41:46.301,1751371906301,-8180,845,-829,201,-896,881
400,2025-07-01 17:41:46.725,2025-07-01 17:41:46.404493,-2.741360902786255,-9.10993766784668,5.95677375793457,-0.5962044596672058,0.02687807008624077,-0.23335053026676178,2025-07-01 17:41:46.393,1751371906393,-8249,727,-479,621,-457,792
401,2025-07-01 17:41:46.827,2025-07-01 17:41:46.504167,-0.0933738648891449,-6.584054470062256,4.553771495819092,0.14782938361167908,-0.015882495790719986,0.09651670604944229,2025-07-01 17:41:46.503,1751371906503,-8126,752,-618,813,-1051,622
402,2025-07-01 17:41:47.146,2025-07-01 17:41:46.809514,-2.58813214302063,-9.279925346374512,6.313509941101074,-0.5216789245605469,0.39584067463874817,-0.20402899384498596,2025-07-01 17:41:46.849,1751371906849,-8155,1175,-17,785,-978,470
403,2025-07-01 17:41:47.449,2025-07-01 17:41:47.105796,-2.183511972427368,-7.206547260284424,5.094861030578613,-0.31154128909111023,0.504574716091156,-0.26511552929878235,2025-07-01 17:41:47.121,1751371907121,-8276,2002,693,1869,-1386,-28
404,2025-07-01 17:41:47.525,2025-07-01 17:41:47.206277,-2.126051187515259,-9.351752281188965,4.216189384460449,0.07696902006864548,0.07819075137376785,-0.2736676335334778,2025-07-01 17:41:47.213,1751371907213,-8230,1639,1397,296,-1654,-582
405,2025-07-01 17:41:47.625,2025-07-01 17:41:47.404741,-3.691859006881714,-9.040505409240723,5.602431774139404,0.4642575979232788,0.07696902006864548,0.2834414839744568,2025-07-01 17:41:47.403,1751371907403,-8173,1782,1259,373,-893,-118
406,2025-07-01 17:41:47.826,2025-07-01 17:41:47.503964,-2.123656988143921,-7.694964408874512,4.908113479614258,-0.33719760179519653,0.4691445231437683,-0.2370157092809677,2025-07-01 17:41:47.492,1751371907492,-8279,1658,1259,250,-621,-555
407,2025-07-01 17:41:48.025,2025-07-01 17:41:47.704073,-2.255337953567505,-9.725247383117676,4.213795185089111,-0.4129449129104614,0.1563815027475357,0.04642575979232788,2025-07-01 17:41:47.665,1751371907665,-8256,1803,1535,-62,-555,-159
408,2025-07-01 17:41:48.635,2025-07-01 17:41:48.305171,-0.9289502501487732,-8.676587104797363,4.503493309020996,0.3384193480014801,-0.0012217304902151227,0.1771509200334549,2025-07-01 17:41:48.279,1751371908279,-8460,1381,1498,-430,303,-119
409,2025-07-01 17:41:48.925,2025-07-01 17:41:48.610570,-0.9744400978088379,-9.445125579833984,3.77565598487854,-0.006108652334660292,-0.3127630054950714,0.03298672288656235,2025-07-01 17:41:48.601,1751371908601,-8220,1261,1741,-602,-358,-180
410,2025-07-01 17:41:49.025,2025-07-01 17:41:48.711009,-2.188300371170044,-8.530540466308594,4.462791919708252,0.6743952035903931,-0.2223549485206604,0.14294247329235077,2025-07-01 17:41:48.671,1751371908671,-8491,1517,2140,-568,27,-73
411,2025-07-01 17:41:49.125,2025-07-01 17:41:48.807053,-2.765302896499634,-8.983044624328613,4.6255974769592285,-0.5119050741195679,0.16859880089759827,-0.09651670604944229,2025-07-01 17:41:48.833,1751371908833,-8454,1546,1759,-597,312,48
412,2025-07-01 17:41:49.325,2025-07-01 17:41:49.103834,-3.8283286094665527,-9.859322547912598,5.738901615142822,-0.9053022861480713,0.3078760802745819,-0.11362093687057495,2025-07-01 17:41:49.113,1751371909113,-8278,1432,1903,-424,1125,-361
413,2025-07-01 17:41:49.425,2025-07-01 17:41:49.205361,-0.8523358106613159,-7.295132637023926,2.7006595134735107,1.0005972385406494,-0.5424483418464661,0.1722639948129654,2025-07-01 17:41:49.182,1751371909182,-7926,973,1792,-1355,1087,-578
414,2025-07-01 17:41:49.630,2025-07-01 17:41:49.305028,-3.1316158771514893,-9.277531623840332,4.07014274597168,-0.29565876722335815,0.2064724564552307,-0.1466076523065567,2025-07-01 17:41:49.273,1751371909273,-8421,1370,1181,-749,1618,-345
415,2025-07-01 17:41:49.847,2025-07-01 17:41:49.507169,-3.19865345954895,-9.986215591430664,4.07014274597168,-0.18325957655906677,0.46547931432724,0.039095375686883926,2025-07-01 17:41:49.484,1751371909484,-8515,904,1120,-456,1095,-795
416,2025-07-01 17:41:49.941,2025-07-01 17:41:49.604511,-1.580173134803772,-8.451532363891602,3.8379054069519043,0.33719760179519653,-0.19303341209888458,-0.15515977144241333,2025-07-01 17:41:49.629,1751371909629,-8468,723,835,-397,1126,-482
417,2025-07-01 17:41:50.036,2025-07-01 17:41:49.711110,-1.6280571222305298,-7.503427982330322,4.2951979637146,-0.45814892649650574,0.04764748737215996,0.23579397797584534,2025-07-01 17:41:49.724,1751371909724,-8730,716,658,-818,790,-553
418,2025-07-01 17:41:50.142,2025-07-01 17:41:49.807060,-1.9249382019042969,-14.144943237304688,3.177105665206909,0.12950342893600464,-0.1160643994808197,-0.24434609711170197,2025-07-01 17:41:49.817,1751371909817,-8368,692,502,-356,894,-211
419,2025-07-01 17:41:50.239,2025-07-01 17:41:50.005462,-1.6879122257232666,-7.8529815673828125,4.1611223220825195,-0.07696902006864548,0.0,0.05742133408784866,2025-07-01 17:41:49.989,1751371909989,-8488,427,535,-205,613,-611
420,2025-07-01 17:41:50.429,2025-07-01 17:41:50.211703,0.016759412363171577,-5.17626428604126,3.0861260890960693,-0.13316862285137177,-0.03420845419168472,0.006108652334660292,2025-07-01 17:41:50.180,1751371910180,-8160,-66,142,-296,-78,-565
421,2025-07-01 17:41:50.535,2025-07-01 17:41:50.309802,-3.9169139862060547,-9.983820915222168,2.6192567348480225,0.5094616413116455,-0.12461651116609573,-0.32620203495025635,2025-07-01 17:41:50.278,1751371910278,-8779,849,199,-43,340,341
422,2025-07-01 17:41:50.829,2025-07-01 17:41:50.506571,-3.892971992492676,-9.229647636413574,3.066972494125366,-1.0543533563613892,0.18570303916931152,-0.36163222789764404,2025-07-01 17:41:50.474,1751371910474,-8528,312,240,330,279,-77
423,2025-07-01 17:41:50.943,2025-07-01 17:41:50.604088,-2.188300371170044,-7.9415669441223145,3.711012601852417,-0.09651670604944229,-0.32131510972976685,0.33108896017074585,2025-07-01 17:41:50.619,1751371910619,-8086,299,243,-75,33,-411
424,2025-07-01 17:41:51.037,2025-07-01 17:41:50.604088,-2.188300371170044,-7.9415669441223145,3.711012601852417,-0.09651670604944229,-0.32131510972976685,0.33108896017074585,2025-07-01 17:41:50.619,1751371910619,-8086,299,243,-75,33,-411
425,2025-07-01 17:41:51.233,2025-07-01 17:41:50.906791,-1.4460978507995605,-8.090007781982422,4.019864559173584,0.7330383062362671,-0.10995574295520782,0.16249015927314758,2025-07-01 17:41:50.899,1751371910899,-8354,341,176,-578,-85,-72
426,2025-07-01 17:41:51.331,2025-07-01 17:41:51.106106,-2.4875755310058594,-8.686163902282715,2.1092917919158936,-0.2785545587539673,0.07330382615327835,0.1466076523065567,2025-07-01 17:41:51.079,1751371911079,-8469,116,627,-186,-223,62
427,2025-07-01 17:41:51.832,2025-07-01 17:41:51.504986,-3.641580820083618,-11.389217376708984,3.2321722507476807,-1.4147639274597168,0.22602014243602753,0.06230825558304787,2025-07-01 17:41:51.476,1751371911476,-8449,-298,862,321,-922,276
428,2025-07-01 17:41:51.929,2025-07-01 17:41:51.606757,-1.3192051649093628,-7.934384346008301,2.365471363067627,1.0250319242477417,-0.27000242471694946,-0.01466076634824276,2025-07-01 17:41:51.619,1751371911619,-8132,235,762,503,-1665,554
429,2025-07-01 17:41:52.034,2025-07-01 17:41:51.606757,-1.3192051649093628,-7.934384346008301,2.365471363067627,1.0250319242477417,-0.27000242471694946,-0.01466076634824276,2025-07-01 17:41:51.619,1751371911619,-8132,235,762,503,-1665,554
430,2025-07-01 17:41:52.325,2025-07-01 17:41:52.014648,-4.5154643058776855,-7.704541206359863,4.0533833503723145,-0.4092797040939331,0.8552113175392151,0.15271630883216858,2025-07-01 17:41:52.002,1751371912002,-7852,1286,2511,758,-970,192
431,2025-07-01 17:41:52.539,2025-07-01 17:41:52.212873,-5.166687488555908,-10.268731117248535,2.6839001178741455,-1.0739010572433472,0.013439035043120384,-0.2968805134296417,2025-07-01 17:41:52.244,1751371912244,-7875,1189,3056,666,-545,-557
432,2025-07-01 17:41:52.633,2025-07-01 17:41:52.313861,-1.8267759084701538,-8.437167167663574,2.9328970909118652,-0.059864792972803116,0.05619960278272629,0.019547687843441963,2025-07-01 17:41:52.330,1751371912330,-7854,1376,3176,432,-474,-162
433,2025-07-01 17:41:52.826,2025-07-01 17:41:52.611620,-3.995922565460205,-12.650961875915527,2.1116859912872314,-0.30054569244384766,0.1319468915462494,0.0403171069920063,2025-07-01 17:41:52.610,1751371912610,-7963,992,3413,578,-525,214
434,2025-07-01 17:41:53.026,2025-07-01 17:41:52.704370,-1.256955862045288,-7.208941459655762,2.5234885215759277,-0.38728857040405273,0.02932153269648552,-0.05619960278272629,2025-07-01 17:41:52.699,1751371912699,-7975,1291,3436,637,-198,582
435,2025-07-01 17:41:53.125,2025-07-01 17:41:52.815532,-3.7900211811065674,-9.59596061706543,0.9050082564353943,0.3738495409488678,0.10018189996480942,-0.07330382615327835,2025-07-01 17:41:52.782,1751371912782,-7995,1707,3324,781,9,630
436,2025-07-01 17:41:53.225,2025-07-01 17:41:52.913745,-2.964021682739258,-10.527304649353027,0.8068459630012512,0.598647952079773,0.24068090319633484,-0.2223549485206604,2025-07-01 17:41:52.875,1751371912875,-7614,1688,3208,581,-296,287
437,2025-07-01 17:41:53.326,2025-07-01 17:41:53.013106,-1.0438719987869263,-7.654263019561768,2.0614075660705566,1.0140362977981567,-0.2528982162475586,0.15271630883216858,2025-07-01 17:41:53.046,1751371913046,-7670,1838,3035,542,323,97
438,2025-07-01 17:41:53.525,2025-07-01 17:41:53.213627,-2.032677173614502,-8.030152320861816,1.45806884765625,0.5571091175079346,0.12950342893600464,-0.2993239760398865,2025-07-01 17:41:53.178,1751371913178,-7830,1799,3329,91,78,126
439,2025-07-01 17:41:53.625,2025-07-01 17:41:53.312548,-2.4684219360351562,-8.820239067077637,1.2473790645599365,0.2834414839744568,0.17837265133857727,-0.02321287989616394,2025-07-01 17:41:53.325,1751371913325,-7654,1428,3338,285,8,115
440,2025-07-01 17:41:53.725,2025-07-01 17:41:53.413519,-2.2146365642547607,-10.520122528076172,0.7972691655158997,0.3995058834552765,0.010995574295520782,0.22968533635139465,2025-07-01 17:41:53.413,1751371913413,-7966,1479,3131,-65,233,-346
441,2025-07-01 17:41:53.880,2025-07-01 17:41:53.511092,-2.094926595687866,-6.84981107711792,2.4851813316345215,-0.9553932547569275,0.1466076523065567,-0.013439035043120384,2025-07-01 17:41:53.517,1751371913517,-7903,1536,3078,-517,-64,-412
442,2025-07-01 17:41:53.944,2025-07-01 17:41:53.614024,-3.665522813796997,-10.951078414916992,1.7980455160140991,0.9847147464752197,-0.4031710624694824,-0.23457226157188416,2025-07-01 17:41:53.593,1751371913593,-7814,1662,2750,632,200,-173
443,2025-07-01 17:41:54.025,2025-07-01 17:41:53.805448,0.22026655077934265,-9.605537414550781,2.365471363067627,0.8136724829673767,-0.32009339332580566,-0.14782938361167908,2025-07-01 17:41:53.775,1751371913775,-8046,1536,2697,-371,561,-549
444,2025-07-01 17:41:54.226,2025-07-01 17:41:53.914432,-4.671087741851807,-12.684480667114258,-0.038307227194309235,-0.7965682744979858,0.22113321721553802,-0.0757472887635231,2025-07-01 17:41:53.884,1751371913884,-8233,1173,2848,-260,424,-172
445,2025-07-01 17:41:54.425,2025-07-01 17:41:54.114982,-2.3582887649536133,-7.048529624938965,-0.004788403399288654,0.5192354321479797,-0.34574973583221436,-0.19303341209888458,2025-07-01 17:41:54.089,1751371914089,-8083,1841,2616,-317,401,-24
446,2025-07-01 17:41:54.525,2025-07-01 17:41:54.214024,-1.8267759084701538,-11.473014831542969,-0.6488286852836609,1.1166616678237915,0.49846604466438293,-0.34574973583221436,2025-07-01 17:41:54.226,1751371914226,-8201,1590,2237,-144,-126,-600
447,2025-07-01 17:41:54.725,2025-07-01 17:41:54.314173,1.5418659448623657,-9.581595420837402,-1.6136919260025024,0.8979719281196594,-1.1337659358978271,1.0482447147369385,2025-07-01 17:41:54.312,1751371914312,-7932,1627,2668,91,58,272
448,2025-07-01 17:41:54.830,2025-07-01 17:41:54.518875,-2.937685489654541,-9.35893440246582,2.7509377002716064,-0.2076941877603531,-2.9773571491241455,-0.34086281061172485,2025-07-01 17:41:54.487,1751371914487,-7886,1611,2460,-70,-89,-519
449,2025-07-01 17:41:54.925,2025-07-01 17:41:54.614953,-0.2561795711517334,-10.527304649353027,6.983886241912842,-0.013439035043120384,-3.3255503177642822,-0.10262536257505417,2025-07-01 17:41:54.584,1751371914584,-8024,1518,3114,-810,590,-755
450,2025-07-01 17:41:55.326,2025-07-01 17:41:55.014154,0.8523358106613159,-5.018246650695801,9.411606788635254,1.6701055765151978,-0.616973876953125,0.10262536257505417,2025-07-01 17:41:55.024,1751371915024,-8438,583,-525,-3079,2854,232
451,2025-07-01 17:41:55.430,2025-07-01 17:41:55.115064,0.5961562395095825,-6.196194171905518,7.429207801818848,-0.33108896017074585,0.15027284622192383,-0.1918116807937622,2025-07-01 17:41:55.123,1751371915123,-8091,683,-1109,-1826,1876,150
452,2025-07-01 17:41:55.534,2025-07-01 17:41:55.214706,1.0678139925003052,-4.95120906829834,8.463502883911133,0.09896016865968704,-0.0659734457731247,-0.07330382615327835,2025-07-01 17:41:55.219,1751371915219,-8078,1032,-1031,-1591,1516,346
453,2025-07-01 17:41:55.726,2025-07-01 17:41:55.417987,0.42616790533065796,-4.795586109161377,8.473079681396484,0.036651913076639175,-0.030543262138962746,-0.0757472887635231,2025-07-01 17:41:55.391,1751371915391,-8071,1341,-1557,-1248,1190,613
454,2025-07-01 17:41:55.826,2025-07-01 17:41:55.516052,-0.026336219161748886,-5.779603004455566,8.111555099487305,0.01466076634824276,0.19792033731937408,-0.1258382350206375,2025-07-01 17:41:55.491,1751371915491,-8308,1612,-1571,-1129,201,258
455,2025-07-01 17:41:55.925,2025-07-01 17:41:55.611558,0.8690952062606812,-4.067748546600342,7.467514991760254,0.019547687843441963,0.10262536257505417,-0.07941248267889023,2025-07-01 17:41:55.575,1751371915575,-8225,1563,-1186,-754,76,90
456,2025-07-01 17:41:56.325,2025-07-01 17:41:56.013503,0.31124621629714966,-5.944802761077881,9.402029991149902,0.24434609711170197,-0.5607742667198181,-0.16004669666290283,2025-07-01 17:41:56.019,1751371916019,-7920,1590,-1038,-66,65,-4
457,2025-07-01 17:41:56.442,2025-07-01 17:41:56.121159,1.0031704902648926,-4.8267107009887695,9.066842079162598,-0.8710938692092896,0.6719517707824707,0.28955012559890747,2025-07-01 17:41:56.114,1751371916114,-7899,1573,-1125,288,-26,-107
458,2025-07-01 17:41:57.228,2025-07-01 17:41:56.317124,-0.5602431893348694,-6.282385349273682,7.469909191131592,0.22357667982578278,0.4056145250797272,-0.05375614017248154,2025-07-01 17:41:56.301,1751371916301,-8316,1453,-913,-15,132,-21
459,2025-07-01 17:41:57.339,2025-07-01 17:41:57.013065,-0.49559974670410156,-7.795520782470703,8.20732307434082,-0.5204572081565857,0.21868975460529327,0.18936823308467865,2025-07-01 17:41:57.015,1751371917015,-7874,1356,-928,-82,-229,6
460,2025-07-01 17:41:57.425,2025-07-01 17:41:57.119373,2.4660277366638184,-5.250484466552734,7.187393665313721,0.06230825558304787,-0.05375614017248154,-0.12461651116609573,2025-07-01 17:41:57.110,1751371917110,-7860,1319,-1146,370,83,98
461,2025-07-01 17:41:57.535,2025-07-01 17:41:57.218037,-1.3623007535934448,-7.347805023193359,8.429984092712402,-0.00366519158706069,-0.16737708449363708,-0.23335053026676178,2025-07-01 17:41:57.225,1751371917225,-7924,1161,-927,-33,79,-107
462,2025-07-01 17:41:57.649,2025-07-01 17:41:57.319347,0.6967126727104187,-6.71334171295166,6.931213855743408,-0.9162978529930115,0.2382374405860901,0.27122417092323303,2025-07-01 17:41:57.308,1751371917308,-8203,1570,-1070,364,-559,114
463,2025-07-01 17:41:57.732,2025-07-01 17:41:57.423846,1.3838485479354858,-5.506663799285889,7.127538681030273,-0.15882496535778046,-0.2871066629886627,-0.20525072515010834,2025-07-01 17:41:57.425,1751371917425,-7854,1330,-1066,-51,-205,37
464,2025-07-01 17:41:57.826,2025-07-01 17:41:57.516254,-1.742978811264038,-6.536170482635498,7.194576263427734,0.4801400899887085,0.6609562039375305,-0.27000242471694946,2025-07-01 17:41:57.493,1751371917493,-8170,1530,-1134,522,-11,271
465,2025-07-01 17:41:57.940,2025-07-01 17:41:57.617144,1.3120225667953491,-6.694188117980957,5.75326681137085,0.4141666293144226,-0.23579397797584534,0.06475171446800232,2025-07-01 17:41:57.654,1751371917654,-8275,1344,-733,513,-170,201
466,2025-07-01 17:41:58.025,2025-07-01 17:41:57.717534,-0.2944868206977844,-8.24084186553955,7.479485988616943,-0.2272418737411499,0.3995058834552765,-0.2174680233001709,2025-07-01 17:41:57.735,1751371917735,-8144,1276,-789,395,-400,326
467,2025-07-01 17:41:58.226,2025-07-01 17:41:57.914114,0.40462008118629456,-6.636727333068848,6.672640323638916,0.2528982162475586,0.021991148591041565,0.21502456068992615,2025-07-01 17:41:57.915,1751371917915,-8296,1201,-613,158,-726,-126
468,2025-07-01 17:41:58.325,2025-07-01 17:41:58.014026,-0.304063618183136,-8.154650688171387,7.15387487411499,-1.0030407905578613,-0.10995574295520782,-0.24556782841682434,2025-07-01 17:41:57.998,1751371917998,-8074,1537,-550,199,-614,57
469,2025-07-01 17:41:58.440,2025-07-01 17:41:58.119641,-0.31364041566848755,-7.417236804962158,6.993463039398193,-0.19303341209888458,0.3689626157283783,0.1563815027475357,2025-07-01 17:41:58.095,1751371918095,-8066,1181,-334,159,-739,-292
470,2025-07-01 17:41:58.545,2025-07-01 17:41:58.216492,0.8547300100326538,-7.070077419281006,6.291962146759033,-0.2223549485206604,-0.13805554807186127,-0.06841690838336945,2025-07-01 17:41:58.181,1751371918181,-8087,1380,-274,374,-403,47
471,2025-07-01 17:41:58.625,2025-07-01 17:41:58.317674,-0.20111294090747833,-7.489062786102295,6.9240312576293945,-0.10262536257505417,0.13439035415649414,-0.12095131725072861,2025-07-01 17:41:58.291,1751371918291,-8155,1603,87,566,-529,-53
472,2025-07-01 17:41:58.827,2025-07-01 17:41:58.519068,1.4484920501708984,-6.856993675231934,3.706224203109741,0.17592918872833252,-0.3799581825733185,0.05497787147760391,2025-07-01 17:41:58.486,1751371918486,-8462,1236,112,-222,297,-1187
473,2025-07-01 17:41:58.926,2025-07-01 17:41:58.622395,-1.0438719987869263,-7.771578788757324,6.761225700378418,-0.2968805134296417,0.22968533635139465,-0.16371189057826996,2025-07-01 17:41:58.662,1751371918662,-8330,823,119,-444,397,-738
474,2025-07-01 17:41:59.127,2025-07-01 17:41:58.816351,-0.2298433631658554,-8.44434928894043,5.767632007598877,-0.021991148591041565,0.4960225820541382,-0.06841690838336945,2025-07-01 17:41:58.810,1751371918810,-8414,478,-263,-525,607,-168
475,2025-07-01 17:41:59.325,2025-07-01 17:41:59.004261,1.4245500564575195,-4.0078935623168945,4.280832767486572,-0.13805554807186127,-0.21135938167572021,-0.36651915311813354,2025-07-01 17:41:59.042,1751371919042,-8135,524,-334,63,344,-142
476,2025-07-01 17:41:59.425,2025-07-01 17:41:59.204487,1.8076223134994507,-5.987898349761963,4.975151062011719,-0.08552113175392151,0.5204572081565857,0.5510004758834839,2025-07-01 17:41:59.186,1751371919186,-8071,270,-219,17,-236,-468
477,2025-07-01 17:41:59.725,2025-07-01 17:41:59.418071,-0.7086837291717529,-7.805097579956055,5.535394191741943,-0.5644394755363464,-0.05253441259264946,-0.2272418737411499,2025-07-01 17:41:59.441,1751371919441,-8215,436,-368,522,-436,-364
478,2025-07-01 17:41:59.932,2025-07-01 17:41:59.623716,0.9576807022094727,-7.247248649597168,5.279214859008789,0.13316862285137177,-0.3323107063770294,-0.04886921867728233,2025-07-01 17:41:59.622,1751371919622,-8319,294,-381,80,-350,-339
479,2025-07-01 17:42:00.025,2025-07-01 17:41:59.803837,-0.22266076505184174,-8.983044624328613,4.048594951629639,1.703092336654663,-0.46181413531303406,0.3677408695220947,2025-07-01 17:41:59.813,1751371919813,-8091,488,-128,79,-401,-161
480,2025-07-01 17:42:00.225,2025-07-01 17:41:59.906688,-0.7038952708244324,-3.4979286193847656,7.534552574157715,2.138028383255005,-1.0238101482391357,0.4715879559516907,2025-07-01 17:41:59.906,1751371919906,-8351,450,103,-285,32,-62
481,2025-07-01 17:42:00.326,2025-07-01 17:42:00.018942,0.004788403399288654,-4.687847137451172,10.160991668701172,0.3995058834552765,-0.12095131725072861,0.010995574295520782,2025-07-01 17:41:59.995,1751371919995,-8475,638,347,-45,-514,49
482,2025-07-01 17:42:00.630,2025-07-01 17:42:00.315717,-0.2513911724090576,-7.869740962982178,5.623979568481445,-0.23090706765651703,0.7134906053543091,-0.18325957655906677,2025-07-01 17:42:00.278,1751371920278,-8175,871,-51,362,-35,228
483,2025-07-01 17:42:00.834,2025-07-01 17:42:00.521172,0.5123591423034668,-6.830657482147217,7.017405033111572,-1.6273449659347534,0.9443976879119873,-0.7073819637298584,2025-07-01 17:42:00.519,1751371920519,-8188,717,-283,-40,316,314
484,2025-07-01 17:42:00.927,2025-07-01 17:42:00.618894,0.19393034279346466,-9.153033256530762,6.0836663246154785,0.7257078886032104,0.21380282938480377,0.11972958594560623,2025-07-01 17:42:00.609,1751371920609,-8530,1081,-293,31,-114,104
485,2025-07-01 17:42:01.034,2025-07-01 17:42:00.721402,-1.6903064250946045,-10.079588890075684,4.0533833503723145,1.3194689750671387,-0.47280970215797424,0.4337143301963806,2025-07-01 17:42:00.704,1751371920704,-8481,857,-69,-342,-167,19
486,2025-07-01 17:42:01.336,2025-07-01 17:42:01.105438,0.6919242739677429,-5.638344764709473,7.979874134063721,-0.846659243106842,0.979827880859375,-0.4349360466003418,2025-07-01 17:42:01.079,1751371921079,-8457,683,307,-347,-240,-183
487,2025-07-01 17:42:01.544,2025-07-01 17:42:01.220168,-1.2689268589019775,-9.308655738830566,3.4117374420166016,0.2883284091949463,0.28099802136421204,-0.16982053220272064,2025-07-01 17:42:01.251,1751371921251,-8516,678,-89,134,-203,-308
488,2025-07-01 17:42:01.636,2025-07-01 17:42:01.317668,-1.800439715385437,-7.299921035766602,4.766855716705322,-0.5510004758834839,0.2577851414680481,-0.2834414839744568,2025-07-01 17:42:01.341,1751371921341,-8123,865,-58,309,-216,-145
489,2025-07-01 17:42:01.836,2025-07-01 17:42:01.521169,-1.5275006294250488,-8.956708908081055,5.813121795654297,-0.4447098970413208,0.059864792972803116,-0.07208210229873657,2025-07-01 17:42:01.509,1751371921509,-8145,654,-11,326,-130,-362
490,2025-07-01 17:42:01.928,2025-07-01 17:42:01.622192,0.9265560507774353,-6.478709697723389,4.357447147369385,0.04153883829712868,-0.304210901260376,0.10018189996480942,2025-07-01 17:42:01.623,1751371921623,-8489,722,336,-47,-306,74
491,2025-07-01 17:42:02.030,2025-07-01 17:42:01.721085,-1.0319008827209473,-8.291120529174805,5.020640850067139,-0.24556782841682434,-0.02932153269648552,-0.3188716471195221,2025-07-01 17:42:01.688,1751371921688,-8119,827,366,-94,-377,-303
492,2025-07-01 17:42:02.130,2025-07-01 17:42:01.822902,-1.7142484188079834,-8.042123794555664,5.992686748504639,0.2724458873271942,0.3481931984424591,0.06475171446800232,2025-07-01 17:42:01.805,1751371921805,-8458,735,196,-74,-368,-88
493,2025-07-01 17:42:02.236,2025-07-01 17:42:01.922098,-0.2801215946674347,-6.957550048828125,5.674258232116699,0.16249015927314758,-0.2064724564552307,0.00366519158706069,2025-07-01 17:42:01.885,1751371921885,-8483,698,170,355,96,100
494,2025-07-01 17:42:02.326,2025-07-01 17:42:02.020993,0.17717093229293823,-8.525752067565918,4.63517427444458,0.2871066629886627,0.07696902006864548,0.030543262138962746,2025-07-01 17:42:02.054,1751371922054,-8469,751,535,527,-159,-9
495,2025-07-01 17:42:02.425,2025-07-01 17:42:02.116669,-1.7884687185287476,-9.21288776397705,6.117185115814209,-0.26145032048225403,0.3995058834552765,-0.34086281061172485,2025-07-01 17:42:02.148,1751371922148,-8436,1021,164,167,29,301
496,2025-07-01 17:42:02.553,2025-07-01 17:42:02.220308,-0.18914192914962769,-6.48828649520874,5.317522048950195,-0.33475416898727417,-0.06963863968849182,0.07941248267889023,2025-07-01 17:42:02.238,1751371922238,-8326,767,530,260,-824,-92
497,2025-07-01 17:42:02.725,2025-07-01 17:42:02.422610,-0.026336219161748886,-7.06528902053833,5.109226226806641,0.31154128909111023,-0.26145032048225403,-0.07696902006864548,2025-07-01 17:42:02.424,1751371922424,-8115,1028,796,715,-1170,-48
498,2025-07-01 17:42:02.827,2025-07-01 17:42:02.522937,-1.9632453918457031,-11.3269681930542,5.774814605712891,-0.30543261766433716,0.5363397002220154,0.28588494658470154,2025-07-01 17:42:02.502,1751371922502,-8557,1367,1075,1112,-1058,147
499,2025-07-01 17:42:02.927,2025-07-01 17:42:02.622572,1.6041151285171509,-6.354211330413818,5.544970989227295,0.19303341209888458,0.15882496535778046,0.12950342893600464,2025-07-01 17:42:02.591,1751371922591,-8301,1030,909,723,-1141,146
500,2025-07-01 17:42:03.225,2025-07-01 17:42:02.816291,-1.1228805780410767,-6.114790916442871,5.499481201171875,-0.04153883829712868,0.18081611394882202,0.09162978827953339,2025-07-01 17:42:02.781,1751371922781,-8090,1179,921,169,-892,74
501,2025-07-01 17:42:03.432,2025-07-01 17:42:03.205011,0.16759411990642548,-7.319074630737305,3.7493197917938232,0.17837265133857727,-0.1820378452539444,-0.03787364438176155,2025-07-01 17:42:03.221,1751371923221,-8288,1315,2109,-75,24,-608
502,2025-07-01 17:42:03.634,2025-07-01 17:42:03.321952,-2.2409727573394775,-10.900800704956055,6.335057735443115,-0.18814650177955627,0.03176499158143997,-0.13072516024112701,2025-07-01 17:42:03.311,1751371923311,-8092,1600,1963,52,84,-184
503,2025-07-01 17:42:03.725,2025-07-01 17:42:03.415960,-0.2825157940387726,-8.473079681396484,5.015852451324463,0.07819075137376785,-0.16004669666290283,0.0659734457731247,2025-07-01 17:42:03.406,1751371923406,-8252,1094,1747,-214,310,-469
504,2025-07-01 17:42:03.847,2025-07-01 17:42:03.522266,-0.9145850539207458,-8.62391471862793,5.370194435119629,-0.4789183437824249,0.5913175344467163,0.010995574295520782,2025-07-01 17:42:03.495,1751371923495,-8544,1165,1916,-417,142,86
505,2025-07-01 17:42:03.926,2025-07-01 17:42:03.623577,-1.2282254695892334,-8.793902397155762,3.5051112174987793,-0.01710422709584236,-0.50335294008255,0.14416420459747314,2025-07-01 17:42:03.603,1751371923603,-8248,1276,1705,-533,353,38
506,2025-07-01 17:42:04.128,2025-07-01 17:42:03.818632,-0.40940847992897034,-6.315904140472412,4.1611223220825195,0.7965682744979858,-0.22846360504627228,0.30543261766433716,2025-07-01 17:42:03.859,1751371923859,-8190,691,1474,-920,255,-215
507,2025-07-01 17:42:04.625,2025-07-01 17:42:04.313377,-2.5905263423919678,-8.7484130859375,3.667917013168335,0.30054569244384766,0.3017674386501312,-0.13439035415649414,2025-07-01 17:42:04.296,1751371924296,-8475,1042,1621,470,331,333
508,2025-07-01 17:42:04.725,2025-07-01 17:42:04.428548,-0.1843535304069519,-8.564059257507324,3.9887399673461914,0.18814650177955627,-0.1771509200334549,0.13072516024112701,2025-07-01 17:42:04.401,1751371924401,-8259,1115,1448,419,-516,-223
509,2025-07-01 17:42:04.826,2025-07-01 17:42:04.524844,-1.821987509727478,-9.174580574035645,4.639962673187256,0.12339477986097336,0.03298672288656235,0.02076941914856434,2025-07-01 17:42:04.487,1751371924487,-8335,929,1529,340,-58,-283
510,2025-07-01 17:42:04.964,2025-07-01 17:42:04.620812,-0.7613561153411865,-7.953537940979004,3.7038300037384033,-0.14049901068210602,0.09040805697441101,-0.09529497474431992,2025-07-01 17:42:04.581,1751371924581,-8090,1063,1843,-112,-172,-197
511,2025-07-01 17:42:05.026,2025-07-01 17:42:04.725510,-2.762908697128296,-9.583989143371582,5.104437828063965,-0.4899139404296875,0.16982053220272064,-0.2223549485206604,2025-07-01 17:42:04.685,1751371924685,-8498,1108,1835,74,77,-13
512,2025-07-01 17:42:05.325,2025-07-01 17:42:05.028428,-0.5770025849342346,-6.981492042541504,4.323928356170654,0.27122417092323303,-0.4043927788734436,0.06841690838336945,2025-07-01 17:42:05.023,1751371925023,-8075,964,1706,73,-175,118
513,2025-07-01 17:42:05.433,2025-07-01 17:42:05.126291,-2.7748796939849854,-11.259930610656738,5.643133640289307,-0.5766568183898926,0.8967501521110535,-0.06230825558304787,2025-07-01 17:42:05.110,1751371925110,-8547,1406,1761,368,-110,321
514,2025-07-01 17:42:05.526,2025-07-01 17:42:05.304788,-2.6001031398773193,-10.651803016662598,5.518634796142578,0.12095131725072861,0.0757472887635231,0.16371189057826996,2025-07-01 17:42:05.289,1751371925289,-8253,1137,2075,119,-130,-298
515,2025-07-01 17:42:05.660,2025-07-01 17:42:05.304788,-2.6001031398773193,-10.651803016662598,5.518634796142578,0.12095131725072861,0.0757472887635231,0.16371189057826996,2025-07-01 17:42:05.289,1751371925289,-8253,1137,2075,119,-130,-298
516,2025-07-01 17:42:05.825,2025-07-01 17:42:05.526656,-3.773261785507202,-12.622231483459473,3.8786067962646484,-0.8381071090698242,0.6719517707824707,0.33597588539123535,2025-07-01 17:42:05.521,1751371925521,-7886,988,2147,352,-191,-331
517,2025-07-01 17:42:05.930,2025-07-01 17:42:05.626719,1.3287819623947144,-7.960720539093018,4.606443881988525,-0.10995574295520782,0.20402899384498596,0.2675589919090271,2025-07-01 17:42:05.601,1751371925601,-8106,1511,2099,296,-307,-286
518,2025-07-01 17:42:06.025,2025-07-01 17:42:05.723183,-2.896984100341797,-11.24795913696289,3.734954595565796,-0.40072759985923767,-0.13805554807186127,-0.3689626157283783,2025-07-01 17:42:05.751,1751371925751,-8135,1643,2056,319,-352,25
519,2025-07-01 17:42:06.325,2025-07-01 17:42:06.026015,-1.1851298809051514,-8.815450668334961,4.383783340454102,0.07696902006864548,-0.5277875661849976,-0.1612684279680252,2025-07-01 17:42:06.008,1751371926008,-8142,1015,1930,39,56,199
520,2025-07-01 17:42:06.425,2025-07-01 17:42:06.126324,-1.8291701078414917,-10.754754066467285,3.531447410583496,-0.6780604124069214,0.8515461683273315,0.1258382350206375,2025-07-01 17:42:06.109,1751371926109,-8117,1158,2101,353,-6,71
521,2025-07-01 17:42:06.558,2025-07-01 17:42:06.227214,-0.5722141861915588,-10.84094524383545,5.281609058380127,0.789237916469574,0.06841690838336945,0.475253164768219,2025-07-01 17:42:06.208,1751371926208,-8084,1011,1711,389,181,-367
522,2025-07-01 17:42:06.636,2025-07-01 17:42:06.318387,-2.7246015071868896,-7.15387487411499,1.6974890232086182,0.0757472887635231,-0.09773843735456467,-0.17348572611808777,2025-07-01 17:42:06.290,1751371926290,-8150,1370,1767,126,94,35
523,2025-07-01 17:42:06.852,2025-07-01 17:42:06.528700,-2.1739351749420166,-9.476250648498535,3.248931646347046,-0.40194934606552124,-0.19425514340400696,-0.5448917746543884,2025-07-01 17:42:06.569,1751371926569,-8476,1547,1773,12,-31,-35
524,2025-07-01 17:42:06.935,2025-07-01 17:42:06.635021,-2.9089550971984863,-10.414777755737305,3.7708675861358643,0.04764748737215996,0.19547687470912933,0.27488934993743896,2025-07-01 17:42:06.656,1751371926656,-8222,924,2107,101,11,-543
525,2025-07-01 17:42:07.127,2025-07-01 17:42:06.827177,-1.8602946996688843,-10.828974723815918,2.8107926845550537,0.4092797040939331,0.22846360504627228,-0.024434609338641167,2025-07-01 17:42:06.856,1751371926856,-8458,1361,1666,288,379,323
526,2025-07-01 17:42:07.337,2025-07-01 17:42:07.022790,-1.9919757843017578,-10.074800491333008,1.6304513216018677,-0.4239404797554016,-0.04886921867728233,-0.04642575979232788,2025-07-01 17:42:07.041,1751371927041,-8180,1262,1671,-9,360,185
527,2025-07-01 17:42:07.930,2025-07-01 17:42:07.128692,-1.6304513216018677,-9.318233489990234,3.56017804145813,-0.6450737118721008,0.3176499307155609,0.1466076523065567,2025-07-01 17:42:07.090,1751371927090,-8280,819,1782,1080,-1099,-1502
528,2025-07-01 17:42:08.332,2025-07-01 17:42:08.027999,-2.054224967956543,-9.385271072387695,3.1723172664642334,-0.8014551997184753,0.3274237811565399,-0.19058994948863983,2025-07-01 17:42:08.016,1751371928016,-8178,760,2343,-112,637,-31
529,2025-07-01 17:42:08.425,2025-07-01 17:42:08.133731,-1.8842366933822632,-8.667010307312012,3.1076738834381104,0.004886921960860491,0.09162978827953339,-0.16737708449363708,2025-07-01 17:42:08.127,1751371928127,-8076,1049,2428,2,-128,-271
530,2025-07-01 17:42:09.155,2025-07-01 17:42:08.325374,-0.028730420395731926,-4.367023944854736,2.6216509342193604,0.7745771408081055,-0.31520646810531616,0.09529497474431992,2025-07-01 17:42:08.357,1751371928357,-8256,495,2375,32,90,64
531,2025-07-01 17:42:09.227,2025-07-01 17:42:08.507173,-1.6041151285171509,-9.44991397857666,3.488351821899414,-0.5791002511978149,0.21013765037059784,-0.1661553531885147,2025-07-01 17:42:08.468,1751371928468,-8069,1373,2398,35,-258,-264
532,2025-07-01 17:42:09.425,2025-07-01 17:42:09.127820,-1.0055646896362305,-10.723628997802734,1.400607943534851,0.8833111524581909,-2.680476665496826,-0.009773843921720982,2025-07-01 17:42:09.155,1751371929155,-8242,477,2033,-167,-305,-603
533,2025-07-01 17:42:09.525,2025-07-01 17:42:09.229360,-0.047884032130241394,-8.238448143005371,4.414907932281494,1.7837265729904175,-3.106860637664795,0.3237585723400116,2025-07-01 17:42:09.198,1751371929198,-8160,874,1288,-2620,3167,-472
534,2025-07-01 17:42:09.625,2025-07-01 17:42:09.325148,0.5530605912208557,-7.829039573669434,5.889736175537109,0.6487388610839844,-1.7165313959121704,0.3286454975605011,2025-07-01 17:42:09.364,1751371929364,-8400,433,479,-3629,2547,-54
535,2025-07-01 17:42:09.833,2025-07-01 17:42:09.523843,1.659181833267212,-7.453149795532227,6.366182327270508,0.08185594528913498,-0.042760565876960754,-0.20525072515010834,2025-07-01 17:42:09.524,1751371929524,-8102,705,53,-3140,1607,896
536,2025-07-01 17:42:09.953,2025-07-01 17:42:09.628839,1.7166426181793213,-7.644686222076416,6.2416839599609375,0.7757988572120667,0.2015855312347412,-0.3323107063770294,2025-07-01 17:42:09.615,1751371929615,-8527,1211,-455,-2074,1000,822
537,2025-07-01 17:42:10.025,2025-07-01 17:42:09.734159,2.408566951751709,-7.615955829620361,6.607996463775635,0.6939429044723511,0.11484266817569733,-0.17959438264369965,2025-07-01 17:42:09.722,1751371929722,-8286,1635,-487,-1207,376,148
538,2025-07-01 17:42:10.135,2025-07-01 17:42:09.828793,2.7748796939849854,-6.433219909667969,6.40927791595459,-0.09407325088977814,0.11728613078594208,-0.3701843321323395,2025-07-01 17:42:09.800,1751371929800,-8256,1420,-498,-1326,353,303
539,2025-07-01 17:42:10.425,2025-07-01 17:42:10.135169,1.7501614093780518,-4.644751071929932,6.9455790519714355,0.35185837745666504,-0.3139847218990326,-0.49846604466438293,2025-07-01 17:42:10.147,1751371930147,-8306,2153,-878,275,337,156
540,2025-07-01 17:42:10.662,2025-07-01 17:42:10.325513,4.460397720336914,-8.78193187713623,7.987056732177734,-0.025656340643763542,0.13927727937698364,-0.0012217304902151227,2025-07-01 17:42:10.326,1751371930326,-7857,1667,-505,227,-139,-163
541,2025-07-01 17:42:10.725,2025-07-01 17:42:10.511188,1.7525556087493896,-6.617573261260986,7.266402244567871,-0.26145032048225403,0.30543261766433716,-0.0012217304902151227,2025-07-01 17:42:10.504,1751371930504,-8255,1769,-420,258,57,85
542,2025-07-01 17:42:10.925,2025-07-01 17:42:10.629049,1.45806884765625,-6.382941722869873,7.000645637512207,0.5754350423812866,-0.2565633952617645,-0.01710422709584236,2025-07-01 17:42:10.611,1751371930611,-8271,2052,-395,621,51,-351
543,2025-07-01 17:42:11.025,2025-07-01 17:42:10.732374,1.5418659448623657,-7.299921035766602,7.266402244567871,-0.5827654600143433,0.03420845419168472,-0.02932153269648552,2025-07-01 17:42:10.712,1751371930712,-8242,1775,-408,263,-306,-202
544,2025-07-01 17:42:11.126,2025-07-01 17:42:10.830215,1.5155296325683594,-4.41969633102417,7.654263019561768,0.8417723178863525,-0.08552113175392151,-0.09896016865968704,2025-07-01 17:42:10.792,1751371930792,-8259,1762,-565,82,-303,-524
545,2025-07-01 17:42:11.325,2025-07-01 17:42:11.025994,0.15083470940589905,-6.054935932159424,7.280767440795898,-0.00855211354792118,-0.05619960278272629,-0.3274237811565399,2025-07-01 17:42:11.055,1751371931055,-8267,1842,-381,72,-148,-273
546,2025-07-01 17:42:11.444,2025-07-01 17:42:11.129170,3.426102638244629,-5.882553577423096,7.441178798675537,-0.5302310585975647,0.16004669666290283,0.21991148591041565,2025-07-01 17:42:11.142,1751371931142,-8226,1843,-295,-347,106,-84
547,2025-07-01 17:42:11.625,2025-07-01 17:42:11.332845,0.9050082564353943,-6.658275127410889,7.663839817047119,0.34208452701568604,0.43127086758613586,-0.1368338167667389,2025-07-01 17:42:11.324,1751371931324,-8250,1646,-214,-345,193,-135
548,2025-07-01 17:42:11.725,2025-07-01 17:42:11.422032,1.6974890232086182,-3.5218706130981445,6.004657745361328,0.41661009192466736,-0.18814650177955627,-0.08307767659425735,2025-07-01 17:42:11.425,1751371931425,-8108,1593,-184,-92,-28,-97
549,2025-07-01 17:42:11.941,2025-07-01 17:42:11.620585,0.8164227604866028,-5.142745018005371,7.841010570526123,-0.09651670604944229,0.6719517707824707,0.12461651116609573,2025-07-01 17:42:11.612,1751371931612,-7930,1795,-232,520,-242,32
550,2025-07-01 17:42:12.249,2025-07-01 17:42:11.936557,1.800439715385437,-5.329493045806885,6.914454460144043,-0.7098253965377808,0.1820378452539444,-0.18814650177955627,2025-07-01 17:42:11.917,1751371931917,-8229,1764,-157,523,-210,-66
551,2025-07-01 17:42:12.538,2025-07-01 17:42:12.231769,1.1300631761550903,-7.067683219909668,7.067683219909668,-0.12095131725072861,0.4043927788734436,-0.028099801391363144,2025-07-01 17:42:12.221,1751371932221,-8219,2066,127,427,-386,52
552,2025-07-01 17:42:12.727,2025-07-01 17:42:12.426380,1.2497732639312744,-6.560112476348877,6.402095317840576,-0.09773843735456467,0.09651670604944229,-0.04398229718208313,2025-07-01 17:42:12.425,1751371932425,-8292,1754,108,210,-251,-82
553,2025-07-01 17:42:12.826,2025-07-01 17:42:12.526822,1.4221558570861816,-8.147468566894531,7.268796443939209,-0.978606104850769,0.05497787147760391,-0.27122417092323303,2025-07-01 17:42:12.511,1751371932511,-8234,1898,88,139,-184,106
554,2025-07-01 17:42:12.935,2025-07-01 17:42:12.616634,1.8746598958969116,-8.60236644744873,6.423643112182617,-0.02321287989616394,0.1771509200334549,0.22357667982578278,2025-07-01 17:42:12.589,1751371932589,-8083,2063,-45,301,-256,-75
555,2025-07-01 17:42:13.032,2025-07-01 17:42:12.743144,1.091755986213684,-9.375694274902344,7.85537576675415,-0.3897320330142975,0.3995058834552765,-0.1722639948129654,2025-07-01 17:42:12.769,1751371932769,-8148,2154,526,453,-1897,39
556,2025-07-01 17:42:13.145,2025-07-01 17:42:12.831649,1.9153614044189453,-5.049371242523193,4.0964789390563965,0.5583308339118958,0.12095131725072861,0.23945917189121246,2025-07-01 17:42:12.855,1751371932855,-8045,1492,823,661,-1390,-357
557,2025-07-01 17:42:13.225,2025-07-01 17:42:12.930060,2.4803929328918457,-7.1706342697143555,6.172252178192139,-0.7379252314567566,-1.301142930984497,-0.5937610268592834,2025-07-01 17:42:12.955,1751371932955,-8088,1944,867,554,-341,169
558,2025-07-01 17:42:13.438,2025-07-01 17:42:13.134762,2.070984363555908,-5.4252610206604,5.420472621917725,0.16371189057826996,0.626747727394104,0.10384709388017654,2025-07-01 17:42:13.121,1751371933121,-8222,1643,1070,133,-190,-242
559,2025-07-01 17:42:13.629,2025-07-01 17:42:13.232078,0.4668693244457245,-6.7708024978637695,6.514622688293457,0.1661553531885147,0.08307767659425735,-0.07330382615327835,2025-07-01 17:42:13.223,1751371933223,-8162,2089,767,225,283,178
560,2025-07-01 17:42:13.738,2025-07-01 17:42:13.432608,1.53707754611969,-6.655880928039551,6.445190906524658,-0.384845107793808,-0.08307767659425735,-0.2590068578720093,2025-07-01 17:42:13.420,1751371933420,-8260,1455,1113,-239,-126,82
561,2025-07-01 17:42:13.936,2025-07-01 17:42:13.707775,2.169146776199341,-4.28322696685791,5.061342239379883,-0.3591887652873993,-0.588874101638794,-0.24556782841682434,2025-07-01 17:42:13.667,1751371933667,-8123,1851,1049,14,-32,-14
562,2025-07-01 17:42:14.135,2025-07-01 17:42:13.831083,-0.1149216815829277,-9.859322547912598,6.878541469573975,0.042760565876960754,0.2565633952617645,-0.010995574295520782,2025-07-01 17:42:13.853,1751371933853,-8266,2055,928,2,-635,-136
563,2025-07-01 17:42:14.329,2025-07-01 17:42:14.029245,1.9704279899597168,-6.959944248199463,6.0836663246154785,-0.5974262356758118,-0.5937610268592834,-0.11972958594560623,2025-07-01 17:42:14.017,1751371934017,-7874,1808,909,-265,-620,-613
564,2025-07-01 17:42:14.441,2025-07-01 17:42:14.131890,-0.0694318488240242,-9.531316757202148,7.242460250854492,-0.2480112910270691,0.5913175344467163,0.28099802136421204,2025-07-01 17:42:14.115,1751371934115,-8112,2126,1139,-86,122,-619
565,2025-07-01 17:42:14.526,2025-07-01 17:42:14.228321,0.7326257228851318,-6.7708024978637695,4.970362663269043,-0.039095375686883926,0.2223549485206604,0.059864792972803116,2025-07-01 17:42:14.212,1751371934212,-7881,1608,942,-527,-15,-714
566,2025-07-01 17:42:14.647,2025-07-01 17:42:14.328590,0.507570743560791,-6.627150535583496,4.960785865783691,0.3640756905078888,-0.1319468915462494,-0.2321287989616394,2025-07-01 17:42:14.320,1751371934320,-8318,1824,761,-403,1084,-210
567,2025-07-01 17:42:14.731,2025-07-01 17:42:14.432682,0.6751648783683777,-8.508993148803711,6.375759124755859,-0.18936823308467865,-0.15760323405265808,-0.18936823308467865,2025-07-01 17:42:14.399,1751371934399,-8086,1641,832,-618,1187,-794
568,2025-07-01 17:42:14.826,2025-07-01 17:42:14.530233,0.5482721924781799,-8.96149730682373,6.66785192489624,-0.030543262138962746,0.34574973583221436,0.28955012559890747,2025-07-01 17:42:14.566,1751371934566,-8169,997,-1,-401,858,-473
569,2025-07-01 17:42:14.925,2025-07-01 17:42:14.604846,1.290474772453308,-6.710947513580322,5.6191911697387695,0.21502456068992615,-0.18814650177955627,0.00733038317412138,2025-07-01 17:42:14.566,1751371934566,-8169,997,-1,-401,858,-473
570,2025-07-01 17:42:15.027,2025-07-01 17:42:14.718539,0.524330198764801,-9.445125579833984,6.421248912811279,-0.18448130786418915,0.23945917189121246,0.0757472887635231,2025-07-01 17:42:14.748,1751371934748,-8147,1287,-122,-639,857,40
571,2025-07-01 17:42:15.125,2025-07-01 17:42:14.718539,0.524330198764801,-9.445125579833984,6.421248912811279,-0.18448130786418915,0.23945917189121246,0.0757472887635231,2025-07-01 17:42:14.748,1751371934748,-8147,1287,-122,-639,857,40
572,2025-07-01 17:42:15.426,2025-07-01 17:42:15.129420,0.7613561153411865,-7.316680431365967,6.440402507781982,-0.3176499307155609,0.4948008358478546,0.02932153269648552,2025-07-01 17:42:15.125,1751371935125,-8322,1165,-115,-313,583,261
573,2025-07-01 17:42:15.626,2025-07-01 17:42:15.336123,-0.272938996553421,-9.217676162719727,6.478709697723389,-1.0629055500030518,0.7281513810157776,-0.024434609338641167,2025-07-01 17:42:15.308,1751371935308,-8117,1360,64,53,323,-311
574,2025-07-01 17:42:15.725,2025-07-01 17:42:15.432248,2.6384103298187256,-10.019734382629395,5.935225963592529,0.1466076523065567,-0.10018189996480942,0.08796459436416626,2025-07-01 17:42:15.463,1751371935463,-8167,1544,-266,-111,75,284
575,2025-07-01 17:42:15.825,2025-07-01 17:42:15.432248,2.6384103298187256,-10.019734382629395,5.935225963592529,0.1466076523065567,-0.10018189996480942,0.08796459436416626,2025-07-01 17:42:15.463,1751371935463,-8167,1544,-266,-111,75,284
576,2025-07-01 17:42:16.527,2025-07-01 17:42:16.232834,0.7110779285430908,-7.548917770385742,4.656722068786621,0.16493362188339233,-0.13072516024112701,-0.11850785464048386,2025-07-01 17:42:16.193,1751371936193,-8066,1501,821,464,-459,176
577,2025-07-01 17:42:16.725,2025-07-01 17:42:16.404739,0.3758896589279175,-7.7428483963012695,4.156333923339844,-0.12461651116609573,-0.10873401165008545,-0.20036379992961884,2025-07-01 17:42:16.376,1751371936376,-8244,1848,1083,423,-850,106
578,2025-07-01 17:42:16.837,2025-07-01 17:42:16.510159,1.0893617868423462,-8.7268648147583,4.896142482757568,-0.11728613078594208,0.16982053220272064,0.16004669666290283,2025-07-01 17:42:16.539,1751371936539,-8189,1717,1025,543,-380,12
579,2025-07-01 17:42:17.025,2025-07-01 17:42:16.729100,2.255337953567505,-5.157110691070557,2.2433669567108154,0.7672467231750488,0.09896016865968704,0.5265658497810364,2025-07-01 17:42:16.725,1751371936725,-8272,1826,918,305,-834,-430
580,2025-07-01 17:42:17.126,2025-07-01 17:42:16.828335,0.6392518281936646,-7.680599212646484,3.665522813796997,-0.8014551997184753,-0.7257078886032104,-1.2034045457839966,2025-07-01 17:42:16.814,1751371936814,-8250,1415,1362,216,-467,-152
581,2025-07-01 17:42:17.325,2025-07-01 17:42:17.015051,0.4357447028160095,-6.655880928039551,3.9408559799194336,0.18081611394882202,0.21380282938480377,0.18814650177955627,2025-07-01 17:42:16.994,1751371936994,-8224,1663,1338,211,-389,-176
582,2025-07-01 17:42:17.436,2025-07-01 17:42:17.124174,-0.16998831927776337,-6.777985095977783,3.0861260890960693,-0.03787364438176155,-0.14294247329235077,-0.4239404797554016,2025-07-01 17:42:17.088,1751371937088,-8248,1009,1244,-46,-576,-775
583,2025-07-01 17:42:17.643,2025-07-01 17:42:17.304548,-0.6703764796257019,-7.682993412017822,5.492298603057861,-0.22113321721553802,0.40194934606552124,0.025656340643763542,2025-07-01 17:42:17.276,1751371937276,-8121,1120,1616,94,111,-220
584,2025-07-01 17:42:17.826,2025-07-01 17:42:17.504822,0.2059013396501541,-8.212111473083496,5.34625244140625,-1.226617455482483,-0.3433062732219696,-0.598647952079773,2025-07-01 17:42:17.464,1751371937464,-8156,1815,1542,315,-74,-134
585,2025-07-01 17:42:18.136,2025-07-01 17:42:17.804774,-1.5083470344543457,-8.391676902770996,4.412513732910156,-0.17959438264369965,-0.375071257352829,-0.13316862285137177,2025-07-01 17:42:17.806,1751371937806,-8315,1259,1155,142,-270,30
586,2025-07-01 17:42:18.327,2025-07-01 17:42:18.004670,0.4836287498474121,-10.991780281066895,6.517016887664795,-0.27488934993743896,0.1368338167667389,-0.03420845419168472,2025-07-01 17:42:17.989,1751371937989,-8497,1225,1644,-319,108,-261
587,2025-07-01 17:42:19.325,2025-07-01 17:42:19.004733,-2.9496564865112305,-8.300697326660156,3.6846764087677,-0.9028588533401489,0.01466076634824276,-0.2822197377681732,2025-07-01 17:42:18.968,1751371938968,-8072,678,2360,-336,193,-181
588,2025-07-01 17:42:19.425,2025-07-01 17:42:19.104544,-0.8020575642585754,-8.731653213500977,4.9368438720703125,0.2541199326515198,0.29077184200286865,-0.09529497474431992,2025-07-01 17:42:19.066,1751371939066,-8143,904,2184,-6,-268,71
589,2025-07-01 17:42:19.646,2025-07-01 17:42:19.204978,-1.3072341680526733,-8.537723541259766,2.9041666984558105,-0.13072516024112701,0.5876523852348328,0.2590068578720093,2025-07-01 17:42:19.179,1751371939179,-7934,828,2361,-283,-166,-389
590,2025-07-01 17:42:19.834,2025-07-01 17:42:19.506397,-2.1045033931732178,-8.365341186523438,3.308786630630493,0.7330383062362671,-0.4178318381309509,0.5436700582504272,2025-07-01 17:42:19.513,1751371939513,-8316,641,2410,-220,184,272
591,2025-07-01 17:42:19.935,2025-07-01 17:42:19.605148,-0.727837324142456,-7.884106159210205,2.0254945755004883,-0.34208452701568604,0.7110471725463867,-0.02932153269648552,2025-07-01 17:42:19.600,1751371939600,-8070,650,2386,-220,519,-7
592,2025-07-01 17:42:20.029,2025-07-01 17:42:19.704892,0.181959331035614,-8.058882713317871,3.584120035171509,-0.036651913076639175,-0.4031710624694824,-0.3494149148464203,2025-07-01 17:42:19.701,1751371939701,-8545,737,2083,193,243,-5
593,2025-07-01 17:42:20.125,2025-07-01 17:42:19.804597,-1.1468225717544556,-10.773907661437988,1.3838485479354858,-0.08429940044879913,0.3225368559360504,-0.1111774742603302,2025-07-01 17:42:19.796,1751371939796,-8504,912,1932,-71,-157,-568
594,2025-07-01 17:42:20.230,2025-07-01 17:42:20.004448,0.3232172429561615,-8.305485725402832,2.9448680877685547,0.09162978827953339,-0.5192354321479797,0.4178318381309509,2025-07-01 17:42:19.985,1751371939985,-8477,735,1778,11,143,586
595,2025-07-01 17:42:20.630,2025-07-01 17:42:20.304386,2.360682964324951,-10.362105369567871,1.3335703611373901,1.3194689750671387,-0.13805554807186127,0.11362093687057495,2025-07-01 17:42:20.266,1751371940266,-8085,1071,2414,180,82,107
596,2025-07-01 17:42:20.761,2025-07-01 17:42:20.404763,-2.2625205516815186,-11.039664268493652,1.460463047027588,-1.1276572942733765,0.1563815027475357,-0.6707300543785095,2025-07-01 17:42:20.419,1751371940419,-8423,742,1618,0,702,-42
597,2025-07-01 17:42:20.837,2025-07-01 17:42:20.504625,-1.7357962131500244,-9.591172218322754,2.4157495498657227,0.0806342139840126,-0.06230825558304787,0.44593164324760437,2025-07-01 17:42:20.499,1751371940499,-8157,876,1271,52,342,-260
598,2025-07-01 17:42:20.928,2025-07-01 17:42:20.504625,-1.7357962131500244,-9.591172218322754,2.4157495498657227,0.0806342139840126,-0.06230825558304787,0.44593164324760437,2025-07-01 17:42:20.499,1751371940499,-8157,876,1271,52,342,-260
599,2025-07-01 17:42:21.125,2025-07-01 17:42:20.804809,-0.2968810200691223,-9.38048267364502,1.7956513166427612,-0.13561208546161652,-0.2932153046131134,-0.08674286305904388,2025-07-01 17:42:20.804,1751371940804,-8567,784,969,-200,585,-338
600,2025-07-01 17:42:21.462,2025-07-01 17:42:21.104801,-0.9696516990661621,-12.897564888000488,1.1635819673538208,-0.26145032048225403,0.34086281061172485,-0.09773843735456467,2025-07-01 17:42:21.125,1751371941125,-8783,461,311,-313,1868,-263
601,2025-07-01 17:42:21.625,2025-07-01 17:42:21.304795,0.15322890877723694,-7.319074630737305,1.070208191871643,0.6133087277412415,0.14416420459747314,0.06963863968849182,2025-07-01 17:42:21.311,1751371941311,-8134,207,-40,-790,287,-93
602,2025-07-01 17:42:21.727,2025-07-01 17:42:21.503839,-3.4811692237854004,-11.774683952331543,-0.1149216815829277,-0.18936823308467865,-0.0012217304902151227,0.6976081132888794,2025-07-01 17:42:21.524,1751371941524,-8356,665,-288,-249,316,-312
603,2025-07-01 17:42:21.925,2025-07-01 17:42:21.604658,1.8291701078414917,-8.504204750061035,-2.070984363555908,0.9920451641082764,-0.13927727937698364,0.21135938167572021,2025-07-01 17:42:21.620,1751371941620,-8271,135,-163,-229,336,-453
604,2025-07-01 17:42:22.525,2025-07-01 17:42:22.204578,-2.123656988143921,-12.48815631866455,0.9696516990661621,0.02076941914856434,0.4398229718208313,0.2321287989616394,2025-07-01 17:42:22.219,1751371942219,-8173,738,-398,110,286,-326
605,2025-07-01 17:42:22.629,2025-07-01 17:42:22.305065,0.8762778043746948,-11.923124313354492,1.3239935636520386,0.8063421249389648,0.1160643994808197,0.50335294008255,2025-07-01 17:42:22.316,1751371942316,-8204,612,-775,11,146,-348
606,2025-07-01 17:42:22.726,2025-07-01 17:42:22.404797,-1.7070658206939697,-4.022258758544922,2.0446481704711914,0.12095131725072861,-0.15515977144241333,-0.6682865619659424,2025-07-01 17:42:22.395,1751371942395,-8458,777,-469,-368,380,581
607,2025-07-01 17:42:22.825,2025-07-01 17:42:22.504603,-2.0925323963165283,-13.117831230163574,-0.7781155705451965,-0.16493362188339233,-0.19914206862449646,-0.1869247704744339,2025-07-01 17:42:22.490,1751371942490,-8556,1140,-809,274,182,-48
608,2025-07-01 17:42:22.925,2025-07-01 17:42:22.604328,-1.8315643072128296,-10.017339706420898,3.5170822143554688,-0.5241223573684692,0.5009095072746277,0.051312681287527084,2025-07-01 17:42:22.575,1751371942575,-8234,1085,-825,16,86,-363
609,2025-07-01 17:42:23.026,2025-07-01 17:42:22.704696,3.160346269607544,-11.293449401855469,-0.1412578970193863,-0.04764748737215996,0.3384193480014801,0.17592918872833252,2025-07-01 17:42:22.689,1751371942689,-8278,481,-882,-232,-116,-330
610,2025-07-01 17:42:23.229,2025-07-01 17:42:22.904782,-0.5793967843055725,-10.170568466186523,1.2880805730819702,0.6206390857696533,-2.4055874347686768,-0.06108652427792549,2025-07-01 17:42:22.883,1751371942883,-8568,1635,-584,-150,105,124
611,2025-07-01 17:42:23.437,2025-07-01 17:42:23.009668,0.6512228846549988,-9.749189376831055,4.220977783203125,1.7201964855194092,-3.393967390060425,0.33719760179519653,2025-07-01 17:42:23.019,1751371943019,-7921,1269,-520,-1552,112,-114
612,2025-07-01 17:42:23.535,2025-07-01 17:42:23.204560,1.314416766166687,-4.07014274597168,10.527304649353027,-1.804495930671692,-0.9272934198379517,-0.009773843921720982,2025-07-01 17:42:23.208,1751371943208,-8170,1108,-631,-2056,290,725
613,2025-07-01 17:42:23.625,2025-07-01 17:42:23.306246,2.650381326675415,-6.876147270202637,7.927201747894287,0.4190535545349121,-0.15515977144241333,-0.21868975460529327,2025-07-01 17:42:23.297,1751371943297,-7832,1311,-414,-1702,-48,1004
614,2025-07-01 17:42:23.732,2025-07-01 17:42:23.404467,2.738966703414917,-5.796362400054932,7.249642848968506,0.26633724570274353,0.37262779474258423,-0.42149701714515686,2025-07-01 17:42:23.405,1751371943405,-8222,1154,-827,-1823,183,613
615,2025-07-01 17:42:23.833,2025-07-01 17:42:23.504712,4.357447147369385,-6.0621185302734375,6.909666061401367,0.46670106053352356,0.23457226157188416,-0.2773328125476837,2025-07-01 17:42:23.492,1751371943492,-7896,1428,-650,-1159,329,360
616,2025-07-01 17:42:23.940,2025-07-01 17:42:23.604734,3.248931646347046,-6.502651691436768,7.9846625328063965,0.12950342893600464,0.4605923891067505,-0.05009094998240471,2025-07-01 17:42:23.575,1751371943575,-8233,1908,-670,-964,-15,136
617,2025-07-01 17:42:24.248,2025-07-01 17:42:23.905012,1.7956513166427612,-3.840299606323242,8.470685958862305,0.8955284357070923,0.2638937830924988,0.19303341209888458,2025-07-01 17:42:23.923,1751371943923,-7933,2198,-786,-66,41,194
618,2025-07-01 17:42:24.325,2025-07-01 17:42:24.005396,2.6671407222747803,-4.039018154144287,7.196970462799072,0.22113321721553802,0.42638394236564636,-0.2736676335334778,2025-07-01 17:42:24.012,1751371944012,-8045,2364,-777,-31,-366,318
619,2025-07-01 17:42:24.433,2025-07-01 17:42:24.103878,2.367865562438965,-5.540182590484619,6.845022678375244,-0.5082398653030396,-0.7452555894851685,-0.22968533635139465,2025-07-01 17:42:24.106,1751371944106,-7899,2619,-548,163,-373,211
620,2025-07-01 17:42:24.626,2025-07-01 17:42:24.204284,1.800439715385437,-5.018246650695801,6.617573261260986,-0.2076941877603531,0.2981022298336029,-0.1661553531885147,2025-07-01 17:42:24.209,1751371944209,-7678,2663,-611,182,-304,-85
621,2025-07-01 17:42:24.730,2025-07-01 17:42:24.404715,2.9233202934265137,-6.402095317840576,7.429207801818848,-0.5363397002220154,-0.34697145223617554,0.1563815027475357,2025-07-01 17:42:24.372,1751371944372,-7920,2844,-636,171,-331,480
622,2025-07-01 17:42:24.837,2025-07-01 17:42:24.505028,2.6839001178741455,-6.512228488922119,7.587224960327148,-0.27611109614372253,0.27977627515792847,-0.0757472887635231,2025-07-01 17:42:24.465,1751371944465,-7644,2521,-588,344,-383,330
623,2025-07-01 17:42:24.935,2025-07-01 17:42:24.604216,0.9720458984375,-5.035006046295166,6.392518520355225,-0.09651670604944229,0.2590068578720093,-0.6133087277412415,2025-07-01 17:42:24.589,1751371944589,-7880,3082,-582,304,115,222
624,2025-07-01 17:42:25.125,2025-07-01 17:42:24.804580,1.86508309841156,-4.910507678985596,5.655104637145996,-0.5204572081565857,0.5021312236785889,-0.14782938361167908,2025-07-01 17:42:24.820,1751371944820,-7717,2918,-378,-3232,235,-77
625,2025-07-01 17:42:25.235,2025-07-01 17:42:24.904749,3.0621838569641113,-7.965508937835693,8.576030731201172,-0.4508185386657715,0.08307767659425735,-0.21013765037059784,2025-07-01 17:42:24.916,1751371944916,-7868,2855,346,-495,-296,-88
626,2025-07-01 17:42:25.345,2025-07-01 17:42:25.005960,0.4405331015586853,-5.161899089813232,6.157886981964111,0.1514945775270462,0.05497787147760391,-0.06352998316287994,2025-07-01 17:42:25.003,1751371945003,-8007,3107,613,262,-479,30
627,2025-07-01 17:42:25.430,2025-07-01 17:42:25.104608,1.802833914756775,-5.063736438751221,6.2201361656188965,0.15027284622192383,-0.09285151958465576,-0.14782938361167908,2025-07-01 17:42:25.125,1751371945125,-7650,2779,500,333,122,-134
628,2025-07-01 17:42:25.525,2025-07-01 17:42:25.204674,2.121262788772583,-6.828263282775879,6.457161903381348,0.24190263450145721,0.06475171446800232,0.0354301854968071,2025-07-01 17:42:25.187,1751371945187,-7938,2772,319,242,134,-265
629,2025-07-01 17:42:25.629,2025-07-01 17:42:25.303777,2.7317841053009033,-7.922413349151611,7.546523571014404,-0.8723155856132507,0.3176499307155609,-0.33719760179519653,2025-07-01 17:42:25.301,1751371945301,-7584,2267,-15,1228,434,-200
630,2025-07-01 17:42:25.725,2025-07-01 17:42:25.404587,2.2649147510528564,-9.979032516479492,6.2847795486450195,-0.11728613078594208,-0.025656340643763542,-0.12950342893600464,2025-07-01 17:42:25.367,1751371945367,-8018,2526,-175,2629,730,-257
631,2025-07-01 17:42:25.830,2025-07-01 17:42:25.504785,2.75812029838562,-7.453149795532227,7.977479934692383,-0.5082398653030396,-0.0354301854968071,0.22357667982578278,2025-07-01 17:42:25.502,1751371945502,-7987,2937,-575,964,-218,112
632,2025-07-01 17:42:26.130,2025-07-01 17:42:25.804400,1.3910311460494995,-5.027823448181152,6.00226354598999,0.485027015209198,0.35552358627319336,0.2785545587539673,2025-07-01 17:42:25.817,1751371945817,-8050,2846,-249,518,-606,18
633,2025-07-01 17:42:26.239,2025-07-01 17:42:25.904899,3.3016040325164795,-4.551377296447754,5.386953830718994,-0.28588494658470154,-0.8063421249389648,-0.2724458873271942,2025-07-01 17:42:25.918,1751371945918,-7653,2637,-586,238,-173,19
634,2025-07-01 17:42:26.425,2025-07-01 17:42:26.013591,-0.16759411990642548,-7.805097579956055,7.280767440795898,0.14905111491680145,0.37629300355911255,0.32009339332580566,2025-07-01 17:42:26.001,1751371946001,-7902,2765,-145,656,-502,531
635,2025-07-01 17:42:26.525,2025-07-01 17:42:26.204171,2.3056161403656006,-8.128314971923828,5.990292549133301,-0.5216789245605469,0.26145032048225403,0.04764748737215996,2025-07-01 17:42:26.211,1751371946211,-7868,2926,-142,498,-236,-217
636,2025-07-01 17:42:26.625,2025-07-01 17:42:26.304286,0.9816226959228516,-6.6630635261535645,6.210559368133545,-0.15760323405265808,0.010995574295520782,-0.0012217304902151227,2025-07-01 17:42:26.270,1751371946270,-7843,2865,89,437,-416,-317
637,2025-07-01 17:42:26.732,2025-07-01 17:42:26.404676,1.7118542194366455,-8.066065788269043,6.900089263916016,-0.03298672288656235,0.23579397797584534,-0.0659734457731247,2025-07-01 17:42:26.390,1751371946390,-8019,2642,-87,377,-514,-378
638,2025-07-01 17:42:26.832,2025-07-01 17:42:26.504439,3.507505416870117,-6.423643112182617,4.455609321594238,0.33108896017074585,0.05253441259264946,-0.2125810980796814,2025-07-01 17:42:26.528,1751371946528,-8024,2635,-88,178,-226,-378
639,2025-07-01 17:42:27.033,2025-07-01 17:42:26.704693,1.53707754611969,-7.702147006988525,7.0557122230529785,-0.4031710624694824,0.5998696684837341,0.31031954288482666,2025-07-01 17:42:26.713,1751371946713,-7866,2618,267,74,-249,-142
640,2025-07-01 17:42:27.425,2025-07-01 17:42:27.004528,0.31124621629714966,-6.806715488433838,5.846640586853027,0.5534439086914062,-0.03787364438176155,0.29077184200286865,2025-07-01 17:42:27.007,1751371947007,-8284,2417,278,-282,-48,201
641,2025-07-01 17:42:27.526,2025-07-01 17:42:27.204678,0.8140285611152649,-7.850587368011475,6.088454723358154,0.7684684991836548,0.32498031854629517,0.12461651116609573,2025-07-01 17:42:27.186,1751371947186,-7925,2596,372,288,55,297
642,2025-07-01 17:42:27.930,2025-07-01 17:42:27.604614,1.8195933103561401,-8.798690795898438,9.047688484191895,-0.21502456068992615,0.5607742667198181,0.5363397002220154,2025-07-01 17:42:27.610,1751371947610,-8230,2903,331,-61,22,-112
643,2025-07-01 17:42:28.027,2025-07-01 17:42:27.704199,1.8363527059555054,-6.021417140960693,4.649539470672607,0.21380282938480377,0.2174680233001709,0.06841690838336945,2025-07-01 17:42:27.710,1751371947710,-7979,2373,383,51,-266,-232
644,2025-07-01 17:42:28.125,2025-07-01 17:42:27.704199,1.8363527059555054,-6.021417140960693,4.649539470672607,0.21380282938480377,0.2174680233001709,0.06841690838336945,2025-07-01 17:42:27.710,1751371947710,-7979,2373,383,51,-266,-232
645,2025-07-01 17:42:28.238,2025-07-01 17:42:27.904460,1.3000515699386597,-8.446743965148926,6.610390663146973,-0.3017674386501312,0.5754350423812866,0.1368338167667389,2025-07-01 17:42:27.886,1751371947886,-7843,2832,193,204,7,91
646,2025-07-01 17:42:28.325,2025-07-01 17:42:28.005008,2.3942017555236816,-5.52821159362793,4.932055473327637,0.6878342628479004,-0.616973876953125,-0.036651913076639175,2025-07-01 17:42:27.972,1751371947972,-7855,2214,163,-301,-113,-292
647,2025-07-01 17:42:28.447,2025-07-01 17:42:28.111102,0.7469909191131592,-9.627084732055664,7.570465564727783,-0.45204028487205505,0.4813618063926697,0.019547687843441963,2025-07-01 17:42:28.149,1751371948149,-7868,2182,365,-343,115,92
648,2025-07-01 17:42:28.625,2025-07-01 17:42:28.305075,1.5514427423477173,-6.806715488433838,5.743690013885498,-0.7843509912490845,0.4056145250797272,-0.13439035415649414,2025-07-01 17:42:28.287,1751371948287,-7841,2274,329,-214,-5,82
649,2025-07-01 17:42:28.740,2025-07-01 17:42:28.406457,1.721431016921997,-7.625532627105713,6.078877925872803,-0.3481931984424591,-0.2968805134296417,-0.25534167885780334,2025-07-01 17:42:28.446,1751371948446,-7877,2503,181,356,68,-10
650,2025-07-01 17:42:28.925,2025-07-01 17:42:28.604746,1.3503297567367554,-7.216124057769775,5.916072368621826,-0.32131510972976685,0.20036379992961884,-0.16859880089759827,2025-07-01 17:42:28.616,1751371948616,-7821,2255,128,107,-88,17
651,2025-07-01 17:42:29.026,2025-07-01 17:42:28.706767,2.5929205417633057,-7.7428483963012695,5.774814605712891,0.3799581825733185,-0.4202753007411957,0.06108652427792549,2025-07-01 17:42:28.690,1751371948690,-7934,2441,168,259,-109,-3
652,2025-07-01 17:42:29.126,2025-07-01 17:42:28.806281,0.23942017555236816,-8.755595207214355,6.50025749206543,-0.2834414839744568,0.5839871764183044,-0.1014036312699318,2025-07-01 17:42:28.793,1751371948793,-7827,2662,359,-96,-10,63
653,2025-07-01 17:42:29.325,2025-07-01 17:42:29.011141,1.8818424940109253,-6.196194171905518,5.523423194885254,0.24923302233219147,-0.27488934993743896,-0.028099801391363144,2025-07-01 17:42:28.986,1751371948986,-8231,2262,344,411,-610,-352
654,2025-07-01 17:42:29.525,2025-07-01 17:42:29.206344,0.6727706789970398,-7.005434036254883,4.441244125366211,0.03787364438176155,0.16737708449363708,-0.02932153269648552,2025-07-01 17:42:29.173,1751371949173,-7852,2452,180,404,-420,76
655,2025-07-01 17:42:29.640,2025-07-01 17:42:29.306107,2.3918075561523438,-10.666168212890625,5.671864032745361,-0.23579397797584534,0.10506882518529892,0.17470745742321014,2025-07-01 17:42:29.321,1751371949321,-7848,2598,723,-42,-584,-261
656,2025-07-01 17:42:29.840,2025-07-01 17:42:29.506210,1.8483237028121948,-6.780379295349121,4.759673118591309,-0.2638937830924988,-0.251676470041275,-0.2125810980796814,2025-07-01 17:42:29.525,1751371949525,-7855,2676,762,357,-155,-65
657,2025-07-01 17:42:29.933,2025-07-01 17:42:29.606252,0.8930372595787048,-10.910377502441406,6.651092529296875,0.19303341209888458,0.4862487316131592,0.32620203495025635,2025-07-01 17:42:29.607,1751371949607,-8308,2463,746,-47,57,-350
658,2025-07-01 17:42:30.030,2025-07-01 17:42:29.706430,2.363077163696289,-4.5154643058776855,2.535459518432617,0.31642818450927734,-0.34208452701568604,0.010995574295520782,2025-07-01 17:42:29.690,1751371949690,-7817,2370,915,70,-602,-238
659,2025-07-01 17:42:30.234,2025-07-01 17:42:29.908672,0.6512228846549988,-11.209651947021484,6.794744491577148,0.05742133408784866,-0.09773843735456467,-0.2687807083129883,2025-07-01 17:42:29.887,1751371949887,-8096,2845,1113,304,309,188
660,2025-07-01 17:42:30.328,2025-07-01 17:42:30.005993,1.3431471586227417,-8.453926086425781,5.5114521980285645,-0.6023131608963013,0.3225368559360504,-0.3017674386501312,2025-07-01 17:42:30.000,1751371950000,-8047,1936,1035,-339,36,-559
661,2025-07-01 17:42:30.648,2025-07-01 17:42:30.304078,-0.33279404044151306,-6.476315498352051,5.781997203826904,0.7171558141708374,-0.7049384713172913,0.27977627515792847,2025-07-01 17:42:30.327,1751371950327,-8213,2182,734,90,291,-2
662,2025-07-01 17:42:30.750,2025-07-01 17:42:30.405607,2.647987127304077,-9.488221168518066,7.0772600173950195,-0.6035348773002625,0.50335294008255,-0.17959438264369965,2025-07-01 17:42:30.405,1751371950405,-7828,2594,729,-341,-42,-142
663,2025-07-01 17:42:30.831,2025-07-01 17:42:30.505085,1.0654197931289673,-7.7428483963012695,5.602431774139404,0.27977627515792847,0.3836233615875244,-0.1563815027475357,2025-07-01 17:42:30.510,1751371950510,-8228,2296,645,-310,181,-300
664,2025-07-01 17:42:30.949,2025-07-01 17:42:30.606321,2.118868589401245,-9.330204010009766,3.754108190536499,0.34574973583221436,0.04398229718208313,-0.1869247704744339,2025-07-01 17:42:30.586,1751371950586,-7893,2407,728,-183,-47,47
665,2025-07-01 17:42:31.032,2025-07-01 17:42:30.708031,0.033518824726343155,-9.567230224609375,6.2847795486450195,0.1661553531885147,-0.11728613078594208,0.10751228034496307,2025-07-01 17:42:30.690,1751371950690,-8020,2394,820,-31,586,-270
666,2025-07-01 17:42:31.230,2025-07-01 17:42:30.914177,2.274491548538208,-8.17141056060791,5.281609058380127,-0.3689626157283783,-0.6133087277412415,-0.2968805134296417,2025-07-01 17:42:30.949,1751371950949,-8166,2425,624,-577,-28,-342
667,2025-07-01 17:42:31.735,2025-07-01 17:42:31.407721,0.1843535304069519,-8.458714485168457,5.238513469696045,-0.27977627515792847,0.43737950921058655,0.0757472887635231,2025-07-01 17:42:31.396,1751371951396,-8277,2209,848,343,63,94
668,2025-07-01 17:42:31.825,2025-07-01 17:42:31.506116,0.6129156351089478,-8.904036521911621,4.180276393890381,-0.3701843321323395,-0.0806342139840126,0.06963863968849182,2025-07-01 17:42:31.478,1751371951478,-8252,2226,832,351,-276,15
669,2025-07-01 17:42:31.927,2025-07-01 17:42:31.606082,0.6129156351089478,-8.904036521911621,4.180276393890381,-0.3701843321323395,-0.0806342139840126,0.06963863968849182,2025-07-01 17:42:31.609,1751371951609,-8087,2225,461,-94,287,312
670,2025-07-01 17:42:32.125,2025-07-01 17:42:31.806636,1.6759412288665771,-8.489839553833008,4.5825018882751465,-0.3066543638706207,-0.1270599663257599,-0.6108652353286743,2025-07-01 17:42:31.791,1751371951791,-8047,1989,892,-286,-185,-225
671,2025-07-01 17:42:32.248,2025-07-01 17:42:31.905452,0.8571242094039917,-9.856928825378418,4.031835556030273,-0.09773843735456467,-0.4996877610683441,-0.18325957655906677,2025-07-01 17:42:31.865,1751371951865,-8196,2396,1046,-327,-597,39
672,2025-07-01 17:42:32.426,2025-07-01 17:42:32.208053,-0.9097966551780701,-9.701305389404297,5.477933406829834,0.21135938167572021,0.49357911944389343,0.29077184200286865,2025-07-01 17:42:32.199,1751371952199,-7830,2184,746,-289,90,-320
673,2025-07-01 17:42:32.641,2025-07-01 17:42:32.306446,2.319981336593628,-7.249642848968506,2.853888511657715,0.18814650177955627,-0.2785545587539673,0.3335324227809906,2025-07-01 17:42:32.318,1751371952318,-8260,1806,855,-2062,1657,-386
674,2025-07-01 17:42:32.733,2025-07-01 17:42:32.404762,-1.625662922859192,-9.861717224121094,7.038952827453613,-0.06719517707824707,0.025656340643763542,-0.19303341209888458,2025-07-01 17:42:32.381,1751371952381,-8111,1767,692,-1594,1378,-400
675,2025-07-01 17:42:32.850,2025-07-01 17:42:32.513387,2.477998733520508,-8.362946510314941,5.640739440917969,0.15760323405265808,-0.1062905490398407,0.2223549485206604,2025-07-01 17:42:32.482,1751371952482,-8084,1621,542,-1303,1390,-742
676,2025-07-01 17:42:32.925,2025-07-01 17:42:32.605118,-0.3758896589279175,-10.843339920043945,6.447585105895996,-0.0806342139840126,-0.1722639948129654,-0.18814650177955627,2025-07-01 17:42:32.585,1751371952585,-8722,1809,615,-664,499,-260
677,2025-07-01 17:42:33.225,2025-07-01 17:42:32.904774,0.5889736413955688,-8.054094314575195,5.125985622406006,-0.7574729323387146,-0.27000242471694946,-0.2480112910270691,2025-07-01 17:42:32.923,1751371952923,-8069,1513,519,31,110,-391
678,2025-07-01 17:42:33.425,2025-07-01 17:42:33.105013,0.07422025501728058,-10.78587818145752,4.410119533538818,0.14416420459747314,0.588874101638794,-0.3017674386501312,2025-07-01 17:42:33.127,1751371953127,-8297,960,547,105,-167,-669
679,2025-07-01 17:42:33.626,2025-07-01 17:42:33.304996,-0.6943184733390808,-10.034099578857422,3.7205893993377686,-0.1062905490398407,0.8234463334083557,-0.039095375686883926,2025-07-01 17:42:33.301,1751371953301,-8520,1188,777,977,-471,127
680,2025-07-01 17:42:33.752,2025-07-01 17:42:33.405615,1.6089035272598267,-7.888894557952881,3.184288263320923,0.45692721009254456,-0.37140607833862305,0.009773843921720982,2025-07-01 17:42:33.375,1751371953375,-8091,1288,393,995,-578,22
681,2025-07-01 17:42:33.925,2025-07-01 17:42:33.604174,0.8164227604866028,-7.735665798187256,4.098873138427734,0.2541199326515198,-0.6817256212234497,0.22846360504627228,2025-07-01 17:42:33.575,1751371953575,-7889,1317,880,1355,-489,-67
682,2025-07-01 17:42:34.025,2025-07-01 17:42:33.705204,-0.5985504388809204,-9.840168952941895,3.663128614425659,-0.45814892649650574,0.27122417092323303,-0.1918116807937622,2025-07-01 17:42:33.730,1751371953730,-8707,1466,714,835,63,515
683,2025-07-01 17:42:34.132,2025-07-01 17:42:33.805294,0.6871358752250671,-7.4986395835876465,4.244919776916504,0.7623597979545593,-0.3237585723400116,0.3897320330142975,2025-07-01 17:42:33.829,1751371953829,-8244,1152,1037,662,-472,74
684,2025-07-01 17:42:34.256,2025-07-01 17:42:33.905437,-0.5506663918495178,-10.63504409790039,5.377377033233643,-0.7134906053543091,0.5619960427284241,-0.2577851414680481,2025-07-01 17:42:33.914,1751371953914,-8492,1589,1098,1080,-456,115
685,2025-07-01 17:42:34.364,2025-07-01 17:42:34.004911,0.5793967843055725,-8.576030731201172,3.380612850189209,-0.20402899384498596,-0.01466076634824276,-0.010995574295520782,2025-07-01 17:42:34.013,1751371954013,-8488,1424,1108,657,-351,-271
686,2025-07-01 17:42:34.431,2025-07-01 17:42:34.104808,1.0678139925003052,-10.366893768310547,4.6471452713012695,0.07330382615327835,0.14416420459747314,0.1368338167667389,2025-07-01 17:42:34.087,1751371954087,-8485,1651,899,773,-252,-95
687,2025-07-01 17:42:34.527,2025-07-01 17:42:34.213005,0.33518823981285095,-9.342175483703613,3.77565598487854,-0.3225368559360504,0.10995574295520782,0.11728613078594208,2025-07-01 17:42:34.197,1751371954197,-8486,1429,941,787,-328,-417
688,2025-07-01 17:42:34.625,2025-07-01 17:42:34.304864,-0.7015010714530945,-9.512163162231445,4.211400985717773,0.039095375686883926,-0.2883284091949463,-0.05009094998240471,2025-07-01 17:42:34.299,1751371954299,-8515,1630,897,421,-161,-625
689,2025-07-01 17:42:34.725,2025-07-01 17:42:34.404953,-0.8427590131759644,-9.121908187866211,4.72376012802124,-0.02932153269648552,0.5106833577156067,0.2981022298336029,2025-07-01 17:42:34.374,1751371954374,-8135,1345,1001,1053,-226,-253
690,2025-07-01 17:42:35.027,2025-07-01 17:42:34.704530,-0.7469909191131592,-7.070077419281006,4.309563159942627,0.750142514705658,-0.3701843321323395,-0.09773843735456467,2025-07-01 17:42:34.723,1751371954723,-8115,970,967,356,52,-295
691,2025-07-01 17:42:35.125,2025-07-01 17:42:34.804801,0.3711012601852417,-9.780313491821289,3.464409828186035,-0.43737950921058655,0.5265658497810364,0.12828169763088226,2025-07-01 17:42:34.820,1751371954820,-8145,1276,1318,142,-383,-75
692,2025-07-01 17:42:35.225,2025-07-01 17:42:34.905008,-0.24181437492370605,-8.987833023071289,5.200206279754639,-0.1661553531885147,0.18448130786418915,-0.16859880089759827,2025-07-01 17:42:34.904,1751371954904,-8538,1447,1308,-54,6,31
693,2025-07-01 17:42:35.435,2025-07-01 17:42:35.104778,0.7972691655158997,-10.78587818145752,4.829104900360107,-0.5216789245605469,0.14782938361167908,-0.6670648455619812,2025-07-01 17:42:35.114,1751371955114,-8547,1498,1377,-88,260,1246
694,2025-07-01 17:42:35.538,2025-07-01 17:42:35.204611,-0.6153098344802856,-9.679757118225098,3.117250680923462,0.2382374405860901,-0.6218608021736145,-0.030543262138962746,2025-07-01 17:42:35.174,1751371955174,-7867,1507,1158,-54,-381,212
695,2025-07-01 17:42:35.868,2025-07-01 17:42:35.505227,-0.5027823448181152,-8.628703117370605,3.2082302570343018,0.036651913076639175,0.26511552929878235,0.00733038317412138,2025-07-01 17:42:35.475,1751371955475,-8294,1950,1235,369,-590,110
696,2025-07-01 17:42:36.073,2025-07-01 17:42:35.705035,1.0079588890075684,-9.17936897277832,3.5458126068115234,0.2480112910270691,0.13805554807186127,0.2919935882091522,2025-07-01 17:42:35.719,1751371955719,-8131,1435,1589,123,80,-354
697,2025-07-01 17:42:36.154,2025-07-01 17:42:35.805202,-0.9433154463768005,-9.009381294250488,3.1004912853240967,-0.42271876335144043,0.11728613078594208,-0.28588494658470154,2025-07-01 17:42:35.805,1751371955805,-8122,1831,1417,-294,-264,16
698,2025-07-01 17:42:36.226,2025-07-01 17:42:35.905031,-1.05105459690094,-9.986215591430664,4.101267337799072,0.5827654600143433,-0.25045475363731384,-0.11972958594560623,2025-07-01 17:42:35.894,1751371955894,-8289,1617,1607,7,1,-132
699,2025-07-01 17:42:36.326,2025-07-01 17:42:36.004851,0.7757213711738586,-9.528923034667969,1.920149803161621,0.31154128909111023,0.2064724564552307,0.3066543638706207,2025-07-01 17:42:35.987,1751371955987,-8115,1610,1655,-270,114,-92
700,2025-07-01 17:42:36.426,2025-07-01 17:42:36.104934,-0.1867477297782898,-9.672574996948242,3.421314239501953,-0.8087855577468872,-0.11484266817569733,-0.5009095072746277,2025-07-01 17:42:36.108,1751371956108,-8525,1686,1613,124,270,335
701,2025-07-01 17:42:36.541,2025-07-01 17:42:36.204688,-1.5825673341751099,-8.508993148803711,4.3861775398254395,0.2968805134296417,0.1417207419872284,0.3640756905078888,2025-07-01 17:42:36.170,1751371956170,-8209,1654,1448,-29,-167,-350
702,2025-07-01 17:42:36.741,2025-07-01 17:42:36.405819,-1.7693150043487549,-8.858546257019043,1.678335428237915,-0.5009095072746277,-0.0354301854968071,-0.44715335965156555,2025-07-01 17:42:36.381,1751371956381,-8319,1734,1650,309,-27,636
703,2025-07-01 17:42:36.837,2025-07-01 17:42:36.605314,0.019153613597154617,-10.273519515991211,3.406949043273926,-0.3897320330142975,0.5632177591323853,-0.6145304441452026,2025-07-01 17:42:36.624,1751371956624,-8162,2361,1209,-354,259,348
704,2025-07-01 17:42:37.027,2025-07-01 17:42:36.704602,1.4484920501708984,-6.174646377563477,2.008735179901123,1.2290608882904053,-0.44837507605552673,-0.10751228034496307,2025-07-01 17:42:36.708,1751371956708,-8269,2394,1023,52,359,-342
705,2025-07-01 17:42:37.136,2025-07-01 17:42:36.804847,2.913743495941162,-12.24394702911377,0.19393034279346466,-0.856433093547821,0.0757472887635231,-0.7354817390441895,2025-07-01 17:42:36.837,1751371956837,-8097,2244,1372,-216,610,50
706,2025-07-01 17:42:37.233,2025-07-01 17:42:36.904831,1.8411411046981812,-10.51054573059082,-0.0454898327589035,0.7819074988365173,-1.6310101747512817,0.3384193480014801,2025-07-01 17:42:36.884,1751371956884,-7977,1496,1019,-1749,1164,-162
707,2025-07-01 17:42:37.330,2025-07-01 17:42:37.004883,1.5825673341751099,-8.995016098022461,1.9728221893310547,0.5229006409645081,-2.29440975189209,0.19058994948863983,2025-07-01 17:42:36.981,1751371956981,-7817,2089,908,-3875,2860,261
708,2025-07-01 17:42:37.435,2025-07-01 17:42:37.104829,2.585737943649292,-11.84650993347168,3.998316764831543,0.1966986060142517,-2.348165988922119,-0.03787364438176155,2025-07-01 17:42:37.110,1751371957110,-8077,2617,1139,-4494,2200,537
709,2025-07-01 17:42:37.525,2025-07-01 17:42:37.204962,1.824381709098816,-10.532093048095703,5.202600479125977,0.8038986921310425,-1.919338583946228,0.34208452701568604,2025-07-01 17:42:37.174,1751371957174,-8747,2293,1331,-3814,1264,593
710,2025-07-01 17:42:37.630,2025-07-01 17:42:37.304571,1.3838485479354858,-7.405265808105469,5.166687488555908,1.6212363243103027,-0.9456194043159485,0.3078760802745819,2025-07-01 17:42:37.333,1751371957333,-8141,1754,1313,-3453,405,-343
711,2025-07-01 17:42:37.725,2025-07-01 17:42:37.504701,3.2321722507476807,-6.7492547035217285,5.0014872550964355,1.007927656173706,0.08674286305904388,-0.14049901068210602,2025-07-01 17:42:37.517,1751371957517,-7934,1609,926,-2222,152,-1371
712,2025-07-01 17:42:37.927,2025-07-01 17:42:37.704481,4.675876140594482,-7.01979923248291,5.714959621429443,-0.3604104816913605,-0.12461651116609573,-0.4593706727027893,2025-07-01 17:42:37.693,1751371957693,-8310,2340,-605,-241,1439,1875
713,2025-07-01 17:42:38.126,2025-07-01 17:42:37.804760,5.054159641265869,-8.810662269592285,5.39174222946167,-0.024434609338641167,0.18936823308467865,-0.2321287989616394,2025-07-01 17:42:37.795,1751371957795,-7826,2931,-434,-889,574,651
714,2025-07-01 17:42:38.827,2025-07-01 17:42:38.504799,2.8874073028564453,-8.04691219329834,5.430049419403076,-0.8185594081878662,-0.09896016865968704,-0.2736676335334778,2025-07-01 17:42:38.509,1751371958509,-7793,3446,-200,550,-549,92
715,2025-07-01 17:42:38.930,2025-07-01 17:42:38.504799,2.8874073028564453,-8.04691219329834,5.430049419403076,-0.8185594081878662,-0.09896016865968704,-0.2736676335334778,2025-07-01 17:42:38.509,1751371958509,-7793,3446,-200,550,-549,92
716,2025-07-01 17:42:39.125,2025-07-01 17:42:38.904596,4.568136692047119,-8.719682693481445,5.410895824432373,-0.5558874011039734,-0.4398229718208313,0.013439035043120384,2025-07-01 17:42:38.888,1751371958888,-7807,3384,-212,-110,124,-110
717,2025-07-01 17:42:39.825,2025-07-01 17:42:39.604906,3.268085241317749,-8.176198959350586,6.349422931671143,-0.7452555894851685,-0.23335053026676178,-0.12461651116609573,2025-07-01 17:42:39.604,1751371959604,-7785,2954,-339,-72,15,-324
718,2025-07-01 17:42:40.026,2025-07-01 17:42:39.704648,1.3910311460494995,-7.292738437652588,5.317522048950195,0.2577851414680481,0.5839871764183044,0.3274237811565399,2025-07-01 17:42:39.669,1751371959669,-7964,3347,-344,137,-285,125
719,2025-07-01 17:42:40.326,2025-07-01 17:42:40.005093,3.287238836288452,-5.7341132164001465,4.0078935623168945,-0.27000242471694946,-0.18448130786418915,-0.30543261766433716,2025-07-01 17:42:39.997,1751371959997,-7749,2954,-364,106,61,-81
720,2025-07-01 17:42:40.634,2025-07-01 17:42:40.305384,1.8507179021835327,-8.769960403442383,5.5976433753967285,-0.07941248267889023,0.04642575979232788,0.10384709388017654,2025-07-01 17:42:40.306,1751371960306,-7747,3283,-276,-31,-135,-236
721,2025-07-01 17:42:40.825,2025-07-01 17:42:40.505064,2.779668092727661,-7.225700855255127,4.802768707275391,0.8063421249389648,-0.2577851414680481,-0.02932153269648552,2025-07-01 17:42:40.489,1751371960489,-7570,2986,-49,279,-602,-297
722,2025-07-01 17:42:40.931,2025-07-01 17:42:40.604482,2.652775526046753,-8.638279914855957,5.195417881011963,-1.5833626985549927,0.1417207419872284,-0.7428121566772461,2025-07-01 17:42:40.603,1751371960603,-7611,3338,-67,543,-341,-185
723,2025-07-01 17:42:41.053,2025-07-01 17:42:40.704583,2.849100112915039,-8.027758598327637,6.268020153045654,0.8161159753799438,-0.27122417092323303,0.49235737323760986,2025-07-01 17:42:40.673,1751371960673,-7596,3108,-121,268,-330,-374
724,2025-07-01 17:42:41.229,2025-07-01 17:42:40.903948,1.9129672050476074,-7.319074630737305,3.8810009956359863,0.4642575979232788,0.15393804013729095,-0.13927727937698364,2025-07-01 17:42:40.881,1751371960881,-7671,2782,-110,599,-163,-262
725,2025-07-01 17:42:41.439,2025-07-01 17:42:41.104901,2.011129379272461,-8.501810073852539,5.212177276611328,-0.13072516024112701,0.042760565876960754,0.05864306539297104,2025-07-01 17:42:41.119,1751371961119,-7675,3161,260,-96,-319,-59
726,2025-07-01 17:42:41.532,2025-07-01 17:42:41.204923,2.1308395862579346,-8.022970199584961,4.843470096588135,-0.12095131725072861,-0.0012217304902151227,0.06475171446800232,2025-07-01 17:42:41.202,1751371961202,-7661,2948,314,346,-322,-8
727,2025-07-01 17:42:41.631,2025-07-01 17:42:41.304848,1.8962076902389526,-8.662221908569336,4.721365928649902,-0.051312681287527084,-0.042760565876960754,0.00366519158706069,2025-07-01 17:42:41.312,1751371961312,-7680,2992,346,316,3,-76
728,2025-07-01 17:42:41.732,2025-07-01 17:42:41.403860,2.0829553604125977,-7.620744228363037,4.898536682128906,0.6817256212234497,-0.21502456068992615,0.1062905490398407,2025-07-01 17:42:41.389,1751371961389,-7598,2949,264,316,49,91
729,2025-07-01 17:42:41.934,2025-07-01 17:42:41.604400,2.3367409706115723,-7.891288757324219,5.48272180557251,0.3396410644054413,-0.11972958594560623,0.3396410644054413,2025-07-01 17:42:41.570,1751371961570,-7649,3130,265,98,47,22
730,2025-07-01 17:42:42.057,2025-07-01 17:42:41.704777,1.4676456451416016,-8.681375503540039,3.5697548389434814,-0.3127630054950714,0.46181413531303406,-0.1966986060142517,2025-07-01 17:42:41.668,1751371961668,-7646,3133,298,142,-313,-110
731,2025-07-01 17:42:42.235,2025-07-01 17:42:42.004443,2.2649147510528564,-9.765948295593262,5.9088897705078125,-1.2180652618408203,0.50335294008255,-0.5241223573684692,2025-07-01 17:42:42.008,1751371962008,-7760,3111,-15,246,-10,164
732,2025-07-01 17:42:42.425,2025-07-01 17:42:42.104679,2.008735179901123,-6.9024834632873535,3.864241600036621,1.2388347387313843,-0.08918632566928864,0.9382890462875366,2025-07-01 17:42:42.112,1751371962112,-7596,2805,-103,463,-489,539
733,2025-07-01 17:42:42.525,2025-07-01 17:42:42.204420,2.52109432220459,-7.99184513092041,4.644751071929932,-0.8710938692092896,-0.006108652334660292,-0.846659243106842,2025-07-01 17:42:42.185,1751371962185,-7776,3116,123,851,-825,564
734,2025-07-01 17:42:42.625,2025-07-01 17:42:42.305040,1.0319008827209473,-9.557653427124023,3.957615375518799,0.13805554807186127,0.23335053026676178,0.16004669666290283,2025-07-01 17:42:42.307,1751371962307,-7563,3361,-40,432,-1364,-101
735,2025-07-01 17:42:42.838,2025-07-01 17:42:42.604996,2.164358377456665,-8.497021675109863,5.758055210113525,0.045204028487205505,-0.02687807008624077,0.19425514340400696,2025-07-01 17:42:42.594,1751371962594,-7536,3298,582,775,-1403,-314
736,2025-07-01 17:42:43.126,2025-07-01 17:42:42.804809,2.183511972427368,-9.96945571899414,5.284003257751465,-0.15882496535778046,0.18814650177955627,0.00733038317412138,2025-07-01 17:42:42.838,1751371962838,-7792,3848,465,9,85,-115
737,2025-07-01 17:42:43.225,2025-07-01 17:42:42.904643,1.5897499322891235,-8.259995460510254,4.8482584953308105,0.14538592100143433,-0.039095375686883926,0.2076941877603531,2025-07-01 17:42:42.913,1751371962913,-7799,2956,750,-162,-336,-422
738,2025-07-01 17:42:43.362,2025-07-01 17:42:43.004086,2.2409727573394775,-8.889671325683594,4.752490520477295,0.08796459436416626,0.12095131725072861,0.07696902006864548,2025-07-01 17:42:43.036,1751371963036,-7619,3051,693,-70,101,-222
739,2025-07-01 17:42:43.425,2025-07-01 17:42:43.204707,2.0853497982025146,-8.975862503051758,4.513070106506348,-0.15882496535778046,0.05619960278272629,-0.08185594528913498,2025-07-01 17:42:43.223,1751371963223,-7945,3171,713,83,9,-220
740,2025-07-01 17:42:43.627,2025-07-01 17:42:43.304859,3.064578056335449,-9.004592895507812,4.903325080871582,0.13805554807186127,0.018325956538319588,0.1319468915462494,2025-07-01 17:42:43.310,1751371963310,-7937,3088,709,-320,-121,-379
741,2025-07-01 17:42:43.726,2025-07-01 17:42:43.404793,3.4356794357299805,-6.938396453857422,5.073313236236572,0.1820378452539444,-0.5351179838180542,-0.05619960278272629,2025-07-01 17:42:43.365,1751371963365,-7834,3105,684,-113,259,-578
742,2025-07-01 17:42:43.946,2025-07-01 17:42:43.604899,4.850652694702148,-7.156269073486328,5.738901615142822,0.8161159753799438,-0.8820894360542297,-0.5326744914054871,2025-07-01 17:42:43.581,1751371963581,-8026,3197,138,1767,-155,-1068