id,ActualTime,WatchTimeStamp,Ax watch,Ay watch,Az watch,Gx watch,Gy watch,Gz watch,Esense TimeStamp,Time in Epochs (ignore),Ax esense,Ay esense,Az esense,Gx esense,Gy esense,Gz esense
1,2025-07-01 17:45:19.884,2025-07-01 17:45:19.548228,10.60152530670166,-2.980781078338623,0.6655880808830261,0.9101892113685608,-0.28466320037841797,-0.45204028487205505,2025-07-01 17:45:19.514,1751372119514,-7321,-3527,495,-1244,65,-1391
2,2025-07-01 17:45:19.993,2025-07-01 17:45:19.642512,9.940725326538086,-2.7892448902130127,0.06464344263076782,0.04764748737215996,-0.042760565876960754,-0.15027284622192383,2025-07-01 17:45:19.613,1751372119613,-7768,-3309,781,-722,-301,843
3,2025-07-01 17:45:20.095,2025-07-01 17:45:19.754668,9.390059471130371,-2.9712042808532715,-0.4812345504760742,-0.394618958234787,0.08552113175392151,-0.03176499158143997,2025-07-01 17:45:19.754,1751372119754,-7977,-3399,691,-220,-434,1321
4,2025-07-01 17:45:20.286,2025-07-01 17:45:19.944774,13.527239799499512,-10.831368446350098,0.6177040338516235,1.9706512689590454,0.6536257863044739,2.342057466506958,2025-07-01 17:45:19.970,1751372119970,-7851,-2432,1001,563,-630,429
5,2025-07-01 17:45:20.383,2025-07-01 17:45:20.043448,8.968679428100586,-8.942343711853027,3.6822822093963623,2.6841418743133545,2.883283853530884,3.8545596599578857,2025-07-01 17:45:20.052,1751372120052,-7967,-2819,1159,218,-301,601
6,2025-07-01 17:45:20.480,2025-07-01 17:45:20.116367,-1.3958195447921753,-4.697423934936523,2.1068975925445557,3.11785626411438,3.5295794010162354,3.277902841567993,2025-07-01 17:45:20.137,1751372120137,-7927,-2044,1591,1051,801,2336
7,2025-07-01 17:45:20.679,2025-07-01 17:45:20.348941,-0.706289529800415,-3.6296098232269287,5.418078422546387,2.1710150241851807,-0.5155702829360962,0.8833111524581909,2025-07-01 17:45:20.323,1751372120323,-8127,-1242,885,255,1300,273
8,2025-07-01 17:45:20.808,2025-07-01 17:45:20.450826,0.3519476354122162,0.043095629662275314,8.767566680908203,1.6603317260742188,-0.45326200127601624,0.045204028487205505,2025-07-01 17:45:20.420,1751372120420,-8497,-1766,722,115,614,-803
9,2025-07-01 17:45:20.895,2025-07-01 17:45:20.547928,-0.6871358752250671,-0.7158663272857666,9.821015357971191,0.394618958234787,-0.33475416898727417,0.6047565937042236,2025-07-01 17:45:20.513,1751372120513,-8074,-2066,753,271,363,-250
10,2025-07-01 17:45:20.991,2025-07-01 17:45:20.617271,-2.1068975925445557,0.5554547905921936,12.45463752746582,-0.3017674386501312,-0.0403171069920063,0.19914206862449646,2025-07-01 17:45:20.634,1751372120634,-8236,-1693,869,-371,187,-329
11,2025-07-01 17:45:21.077,2025-07-01 17:45:20.741438,-1.8602946996688843,-1.091755986213684,8.791508674621582,-0.9578366875648499,-0.46181413531303406,0.27488934993743896,2025-07-01 17:45:20.771,1751372120771,-8509,-1262,377,-270,405,596
12,2025-07-01 17:45:21.186,2025-07-01 17:45:20.842668,-0.7733271718025208,-3.248931646347046,8.724471092224121,-0.6438519954681396,-0.475253164768219,0.5522221922874451,2025-07-01 17:45:20.871,1751372120871,-8187,-1168,320,-320,174,604
13,2025-07-01 17:45:21.283,2025-07-01 17:45:20.956481,-0.395043283700943,-1.1037269830703735,10.251971244812012,-0.3885102868080139,-0.34574973583221436,0.09285151958465576,2025-07-01 17:45:20.961,1751372120961,-8127,-1185,340,14,293,135
14,2025-07-01 17:45:21.388,2025-07-01 17:45:21.050366,-1.4748282432556152,-4.412513732910156,7.4770917892456055,-1.1044443845748901,0.9089674949645996,0.0757472887635231,2025-07-01 17:45:21.077,1751372121077,-8123,-1245,166,113,-51,-92
15,2025-07-01 17:45:21.482,2025-07-01 17:45:21.116220,-1.4389152526855469,-3.35667085647583,8.508993148803711,4.290717601776123,-0.03176499158143997,-0.35063666105270386,2025-07-01 17:45:21.134,1751372121134,-8166,-1261,537,-97,43,101
16,2025-07-01 17:45:21.576,2025-07-01 17:45:21.220619,0.751779317855835,1.5682021379470825,9.909601211547852,0.6059783101081848,-1.0005972385406494,-0.20891591906547546,2025-07-01 17:45:21.227,1751372121227,-8069,-1406,307,-331,361,41
17,2025-07-01 17:45:21.676,2025-07-01 17:45:21.323098,0.05267243832349777,1.0558429956436157,11.549629211425781,-0.7489207983016968,-0.19547687470912933,0.07819075137376785,2025-07-01 17:45:21.341,1751372121341,-8179,-1562,217,-310,35,71
18,2025-07-01 17:45:21.896,2025-07-01 17:45:21.523443,0.9648633003234863,-2.2361843585968018,8.80587387084961,-2.7061331272125244,0.17348572611808777,-0.09285151958465576,2025-07-01 17:45:21.507,1751372121507,-8076,-1097,382,371,326,270
19,2025-07-01 17:45:22.176,2025-07-01 17:45:21.816093,4.244919776916504,-0.08140286058187485,12.378023147583008,-0.7611380815505981,-0.8991936445236206,0.5229006409645081,2025-07-01 17:45:21.849,1751372121849,-8533,-1573,-69,342,268,191
20,2025-07-01 17:45:22.276,2025-07-01 17:45:21.919080,0.3734954595565796,0.5051765441894531,9.172186851501465,-0.5057964324951172,0.40683624148368835,0.2382374405860901,2025-07-01 17:45:21.948,1751372121948,-8145,-1189,154,134,-262,-14
21,2025-07-01 17:45:22.383,2025-07-01 17:45:22.035481,1.5873557329177856,-2.513911724090576,8.604761123657227,-1.2791517972946167,0.40683624148368835,0.14294247329235077,2025-07-01 17:45:22.034,1751372122034,-8127,-1341,-10,19,181,185
22,2025-07-01 17:45:22.476,2025-07-01 17:45:22.129791,0.3974374830722809,0.6560112833976746,7.654263019561768,-2.015855312347412,0.827111542224884,-1.06657075881958,2025-07-01 17:45:22.149,1751372122149,-8452,-983,-51,-97,142,401
23,2025-07-01 17:45:22.877,2025-07-01 17:45:22.546586,3.670311212539673,-8.480262756347656,5.95677375793457,-0.7330383062362671,-0.5387831330299377,-1.5528194904327393,2025-07-01 17:45:22.572,1751372122572,-8452,-659,-181,-10,-47,201
24,2025-07-01 17:45:22.977,2025-07-01 17:45:22.627005,6.40927791595459,-7.4100542068481445,4.759673118591309,-0.2528982162475586,-0.06352998316287994,-1.3072515726089478,2025-07-01 17:45:22.662,1751372122662,-8514,-605,-383,-23,54,548
25,2025-07-01 17:45:23.176,2025-07-01 17:45:22.839538,5.272032260894775,-7.2783732414245605,5.073313236236572,-0.09285151958465576,-0.00366519158706069,-0.38606682419776917,2025-07-01 17:45:22.874,1751372122874,-8177,47,259,68,-609,457
26,2025-07-01 17:45:23.287,2025-07-01 17:45:22.929968,5.9974751472473145,-6.794744491577148,4.017470359802246,0.10262536257505417,-0.12828169763088226,-0.4153883755207062,2025-07-01 17:45:22.931,1751372122931,-8177,105,304,102,37,538
27,2025-07-01 17:45:23.378,2025-07-01 17:45:23.022472,6.236895561218262,-8.719682693481445,5.1331682205200195,0.16493362188339233,0.18325957655906677,-0.03787364438176155,2025-07-01 17:45:23.029,1751372123029,-8495,117,-15,-101,-67,259
28,2025-07-01 17:45:23.477,2025-07-01 17:45:23.120452,7.577648162841797,-8.635885238647461,4.632780075073242,-0.17348572611808777,0.17470745742321014,1.0885618925094604,2025-07-01 17:45:23.136,1751372123136,-8529,69,-99,-134,263,-324
29,2025-07-01 17:45:23.584,2025-07-01 17:45:23.318588,-0.2968810200691223,-8.161833763122559,1.2234370708465576,-1.7873916625976562,0.15393804013729095,2.057394027709961,2025-07-01 17:45:23.294,1751372123294,-8488,-583,-85,-597,-380,-494
30,2025-07-01 17:45:23.782,2025-07-01 17:45:23.431564,-2.231395959854126,-7.1706342697143555,2.806004285812378,1.284038782119751,-0.5644394755363464,0.8344419002532959,2025-07-01 17:45:23.415,1751372123415,-8180,-206,122,5,10,-529
31,2025-07-01 17:45:23.876,2025-07-01 17:45:23.537657,0.11971008777618408,-7.575253963470459,4.194641590118408,0.7904596328735352,-0.8796459436416626,-0.02687807008624077,2025-07-01 17:45:23.563,1751372123563,-8529,-179,132,-13,-249,-252
32,2025-07-01 17:45:23.976,2025-07-01 17:45:23.629183,0.7661445140838623,-8.937555313110352,4.975151062011719,0.2919935882091522,0.05497787147760391,-0.28955012559890747,2025-07-01 17:45:23.661,1751372123661,-8521,-421,401,246,-437,-461
33,2025-07-01 17:45:24.080,2025-07-01 17:45:23.727770,0.7445967197418213,-7.718906402587891,4.76924991607666,0.7684684991836548,-0.09407325088977814,-0.28588494658470154,2025-07-01 17:45:23.761,1751372123761,-8507,-388,618,293,-586,-430
34,2025-07-01 17:45:24.198,2025-07-01 17:45:23.817082,-0.10534487664699554,-7.620744228363037,5.5545477867126465,0.7134906053543091,-0.12217304855585098,-0.3066543638706207,2025-07-01 17:45:23.838,1751372123838,-8154,-789,605,5,56,-593
35,2025-07-01 17:45:24.279,2025-07-01 17:45:23.917399,1.5155296325683594,-7.989450931549072,5.693411827087402,0.2675589919090271,-0.25045475363731384,0.23090706765651703,2025-07-01 17:45:23.925,1751372123925,-8191,-660,539,-79,-102,-428
36,2025-07-01 17:45:24.513,2025-07-01 17:45:24.117180,-0.5482721924781799,-9.361329078674316,8.219294548034668,0.23579397797584534,0.8600982427597046,1.205847978591919,2025-07-01 17:45:24.119,1751372124119,-8516,-1086,576,209,-205,-789
37,2025-07-01 17:45:24.983,2025-07-01 17:45:24.616233,-5.549759387969971,-4.460397720336914,6.232107162475586,0.6768386960029602,-0.48258355259895325,0.8026769161224365,2025-07-01 17:45:24.576,1751372124576,-8106,-1514,822,985,-114,-804
38,2025-07-01 17:45:25.836,2025-07-01 17:45:24.716089,-5.365406036376953,-3.555389642715454,6.160281181335449,1.0421360731124878,-0.3494149148464203,0.7049384713172913,2025-07-01 17:45:24.734,1751372124734,-8137,-1716,1139,-30,-614,-612
39,2025-07-01 17:45:25.896,2025-07-01 17:45:24.832222,-5.6191911697387695,-2.5929205417633057,6.48828649520874,1.0946705341339111,-0.0806342139840126,0.4398229718208313,2025-07-01 17:45:24.850,1751372124850,-8308,-1666,1000,109,-406,-243
40,2025-07-01 17:45:25.976,2025-07-01 17:45:24.926313,-5.9735331535339355,-1.8124107122421265,6.967126846313477,0.901637077331543,-0.024434609338641167,0.294437050819397,2025-07-01 17:45:24.957,1751372124957,-8271,-1709,1331,-392,-554,-437
41,2025-07-01 17:45:26.294,2025-07-01 17:45:25.817069,-5.858611583709717,2.612074136734009,7.046135425567627,0.3995058834552765,-0.05619960278272629,0.00366519158706069,2025-07-01 17:45:25.844,1751372125844,-8270,-1986,1358,-801,-518,-1089
42,2025-07-01 17:45:26.476,2025-07-01 17:45:26.117329,-6.200982570648193,3.0166940689086914,6.766014099121094,0.1918116807937622,0.08429940044879913,-0.018325956538319588,2025-07-01 17:45:26.147,1751372126147,-7656,-2807,1917,309,-277,-621
43,2025-07-01 17:45:26.679,2025-07-01 17:45:26.317038,-6.19379997253418,3.600879430770874,6.629544734954834,0.28466320037841797,0.02932153269648552,0.0403171069920063,2025-07-01 17:45:26.352,1751372126352,-7943,-3103,1915,68,-301,-283
44,2025-07-01 17:45:26.786,2025-07-01 17:45:26.416442,-6.196194171905518,3.778050184249878,6.512228488922119,0.29077184200286865,0.030543262138962746,0.025656340643763542,2025-07-01 17:45:26.446,1751372126446,-7622,-3101,1728,-327,-318,-260
45,2025-07-01 17:45:26.881,2025-07-01 17:45:26.516100,-6.210559368133545,3.950432777404785,6.246472358703613,0.10873401165008545,0.0354301854968071,0.006108652334660292,2025-07-01 17:45:26.535,1751372126535,-7599,-3184,1752,4,27,-246
46,2025-07-01 17:45:26.991,2025-07-01 17:45:26.616061,-6.14831018447876,4.0964789390563965,6.1315507888793945,0.1319468915462494,-0.01466076634824276,0.006108652334660292,2025-07-01 17:45:26.643,1751372126643,-7579,-2964,1752,-122,15,-397
47,2025-07-01 17:45:27.308,2025-07-01 17:45:26.916132,-6.308721542358398,4.326322555541992,6.090848922729492,0.12217304855585098,0.024434609338641167,0.004886921960860491,2025-07-01 17:45:26.877,1751372126877,-7738,-3213,2172,-1,-324,-544
48,2025-07-01 17:45:27.487,2025-07-01 17:45:27.116319,-6.246472358703613,4.369418144226074,6.0190229415893555,0.04153883829712868,0.04764748737215996,-0.0024434609804302454,2025-07-01 17:45:27.089,1751372127089,-7710,-3287,2161,27,-296,-532
49,2025-07-01 17:45:27.882,2025-07-01 17:45:27.516227,-6.196194171905518,4.800374507904053,6.028599739074707,0.04886921867728233,-0.009773843921720982,0.03176499158143997,2025-07-01 17:45:27.555,1751372127555,-7481,-3929,2036,-264,115,-542
50,2025-07-01 17:45:27.992,2025-07-01 17:45:27.616246,-6.191405773162842,4.833893299102783,5.940014362335205,0.045204028487205505,-0.010995574295520782,0.006108652334660292,2025-07-01 17:45:27.611,1751372127611,-7513,-3924,1996,-301,99,-161
51,2025-07-01 17:45:28.091,2025-07-01 17:45:27.717031,-6.107608318328857,4.797980308532715,5.746084213256836,0.08674286305904388,0.006108652334660292,0.01466076634824276,2025-07-01 17:45:27.710,1751372127710,-7434,-3748,2040,-267,-81,-315
52,2025-07-01 17:45:28.176,2025-07-01 17:45:27.817075,-6.023811340332031,4.991910457611084,5.853823184967041,-0.013439035043120384,-0.010995574295520782,0.006108652334660292,2025-07-01 17:45:27.811,1751372127811,-7428,-3772,2014,81,122,-381
53,2025-07-01 17:45:28.683,2025-07-01 17:45:28.317164,-6.157886981964111,4.759673118591309,5.829881191253662,-0.20525072515010834,-0.04398229718208313,-0.04153883829712868,2025-07-01 17:45:28.330,1751372128330,-7076,-4172,2308,38,-258,-281
54,2025-07-01 17:45:28.779,2025-07-01 17:45:28.416956,-6.217741966247559,4.8482584953308105,6.066906929016113,-0.2638937830924988,-0.04764748737215996,-0.05375614017248154,2025-07-01 17:45:28.433,1751372128433,-7061,-4179,2334,42,-96,134
55,2025-07-01 17:45:28.919,2025-07-01 17:45:28.516365,-6.023811340332031,4.304774761199951,6.074089527130127,-0.2822197377681732,-0.0354301854968071,-0.06841690838336945,2025-07-01 17:45:28.509,1751372128509,-7066,-4175,2348,37,-53,177
56,2025-07-01 17:45:28.984,2025-07-01 17:45:28.617033,-6.160281181335449,3.995922565460205,6.205770969390869,-0.26511552929878235,-0.06475171446800232,-0.07941248267889023,2025-07-01 17:45:28.615,1751372128615,-7164,-3766,2325,74,277,222
57,2025-07-01 17:45:29.128,2025-07-01 17:45:28.717079,-6.088454723358154,3.9384617805480957,6.335057735443115,-0.32131510972976685,-0.0757472887635231,-0.09773843735456467,2025-07-01 17:45:28.696,1751372128696,-7440,-3956,2019,22,279,221
58,2025-07-01 17:45:29.476,2025-07-01 17:45:29.117106,-5.525817394256592,1.867477297782898,6.835445880889893,-1.1093312501907349,-0.09285151958465576,-0.7648032903671265,2025-07-01 17:45:29.149,1751372129149,-7591,-2504,1802,-123,2001,2508
59,2025-07-01 17:45:29.576,2025-07-01 17:45:29.217104,-5.427655220031738,1.1803414821624756,7.220912456512451,-1.3683381080627441,-0.1514945775270462,-1.0922271013259888,2025-07-01 17:45:29.248,1751372129248,-7938,-1977,1359,-1455,2447,3509
60,2025-07-01 17:45:29.676,2025-07-01 17:45:29.316959,-4.903325080871582,-1.9728221893310547,5.954379558563232,-1.7702875137329102,0.04642575979232788,-1.598023533821106,2025-07-01 17:45:29.320,1751372129320,-8499,-1382,419,-2293,2429,3436
61,2025-07-01 17:45:29.781,2025-07-01 17:45:29.416931,-4.668693542480469,-4.474762916564941,5.992686748504639,-1.5051720142364502,0.05253441259264946,-1.7617353200912476,2025-07-01 17:45:29.409,1751372129409,-8541,-1027,169,-2615,1784,2657
62,2025-07-01 17:45:29.876,2025-07-01 17:45:29.516612,-4.558559894561768,-6.72531270980835,5.770026206970215,-1.5320500135421753,-0.045204028487205505,-2.040289878845215,2025-07-01 17:45:29.506,1751372129506,-8494,-329,-598,-3083,2138,1441
63,2025-07-01 17:45:30.077,2025-07-01 17:45:29.718092,-3.0861260890960693,-8.851364135742188,6.112396717071533,-0.1014036312699318,-1.0201449394226074,-0.8539896011352539,2025-07-01 17:45:29.736,1751372129736,-8471,546,-1387,-1715,764,649
64,2025-07-01 17:45:30.276,2025-07-01 17:45:29.917029,-0.9313444495201111,-8.803479194641113,5.018246650695801,0.05253441259264946,-0.49724429845809937,-0.0806342139840126,2025-07-01 17:45:29.951,1751372129951,-8106,674,-1097,25,-222,99
65,2025-07-01 17:45:30.377,2025-07-01 17:45:30.016983,0.8619126081466675,-8.686163902282715,4.934449672698975,-0.25045475363731384,-0.50335294008255,-0.09285151958465576,2025-07-01 17:45:30.042,1751372130042,-8274,842,-746,-86,-542,84
66,2025-07-01 17:45:30.476,2025-07-01 17:45:30.116967,1.1420341730117798,-8.801085472106934,5.178658485412598,-0.17348572611808777,-0.33108896017074585,-0.19547687470912933,2025-07-01 17:45:30.130,1751372130130,-8115,816,-641,-18,-230,-207
67,2025-07-01 17:45:30.579,2025-07-01 17:45:30.316783,1.1300631761550903,-8.635885238647461,5.154716491699219,-0.1062905490398407,-0.16737708449363708,-0.08307767659425735,2025-07-01 17:45:30.310,1751372130310,-8179,395,-885,-269,-305,-568
68,2025-07-01 17:45:30.784,2025-07-01 17:45:30.416752,1.5921441316604614,-9.210494041442871,7.19936466217041,-0.03787364438176155,-0.09529497474431992,-0.12339477986097336,2025-07-01 17:45:30.397,1751372130397,-8450,567,-864,74,-134,-217
69,2025-07-01 17:45:31.176,2025-07-01 17:45:30.817416,1.900996208190918,-5.178658485412598,5.073313236236572,0.18570303916931152,0.5082398653030396,-0.7855727076530457,2025-07-01 17:45:30.858,1751372130858,-8137,515,-485,449,-271,-18
70,2025-07-01 17:45:31.276,2025-07-01 17:45:31.016269,1.7860745191574097,-8.04691219329834,5.51624059677124,2.5949554443359375,-1.0958921909332275,-0.9468411207199097,2025-07-01 17:45:31.033,1751372131033,-8090,-16,-733,557,245,38
71,2025-07-01 17:45:31.494,2025-07-01 17:45:31.117001,6.160281181335449,-3.2154128551483154,8.164227485656738,1.3903292417526245,-1.606575608253479,-0.3225368559360504,2025-07-01 17:45:31.119,1751372131119,-8464,141,-1077,638,292,308
72,2025-07-01 17:45:31.612,2025-07-01 17:45:31.216995,7.196970462799072,-1.1228805780410767,7.8529815673828125,0.2480112910270691,-0.44837507605552673,-0.02321287989616394,2025-07-01 17:45:31.219,1751372131219,-8133,209,-1106,376,-301,59
73,2025-07-01 17:45:31.694,2025-07-01 17:45:31.317043,8.463502883911133,-0.4812345504760742,8.504204750061035,-2.3603832721710205,-0.028099801391363144,0.14294247329235077,2025-07-01 17:45:31.307,1751372131307,-8183,136,-496,26,-555,-370
74,2025-07-01 17:45:32.186,2025-07-01 17:45:31.816849,-2.540247917175293,-6.914454460144043,4.5154643058776855,0.6133087277412415,-0.34574973583221436,0.1514945775270462,2025-07-01 17:45:31.840,1751372131840,-8157,-544,-634,-70,-340,-685
75,2025-07-01 17:45:32.384,2025-07-01 17:45:32.017084,-1.644816517829895,-7.280767440795898,5.073313236236572,0.19425514340400696,-0.2687807083129883,-0.32620203495025635,2025-07-01 17:45:32.046,1751372132046,-8185,-523,-532,-614,-362,-599
76,2025-07-01 17:45:32.482,2025-07-01 17:45:32.116790,-1.6065093278884888,-8.176198959350586,5.240907669067383,1.0030407905578613,-0.11362093687057495,-0.2981022298336029,2025-07-01 17:45:32.139,1751372132139,-8109,-435,-184,-658,-272,-546
77,2025-07-01 17:45:32.583,2025-07-01 17:45:32.216839,-1.764526605606079,-8.676587104797363,5.5329999923706055,1.281595230102539,-0.24556782841682434,-0.06719517707824707,2025-07-01 17:45:32.244,1751372132244,-8308,-775,-540,-436,321,-175
78,2025-07-01 17:45:32.693,2025-07-01 17:45:32.316999,-2.2912509441375732,-7.223306655883789,5.9735331535339355,1.8252654075622559,-0.2871066629886627,0.2015855312347412,2025-07-01 17:45:32.316,1751372132316,-8167,-892,-409,-300,157,-336
79,2025-07-01 17:45:32.981,2025-07-01 17:45:32.617240,-4.565742492675781,-6.315904140472412,5.822698593139648,1.4404202699661255,-0.010995574295520782,0.42760565876960754,2025-07-01 17:45:32.656,1751372132656,-8312,-481,-799,-270,-26,25
80,2025-07-01 17:45:33.176,2025-07-01 17:45:32.816879,2.631227731704712,-0.8307880163192749,11.537657737731934,-0.6133087277412415,-0.5619960427284241,0.7782423496246338,2025-07-01 17:45:32.845,1751372132845,-8176,-406,-833,-272,48,299
81,2025-07-01 17:45:33.285,2025-07-01 17:45:32.917779,0.8667010068893433,-3.071760892868042,9.081207275390625,-0.9040805697441101,-0.5143485069274902,0.39584067463874817,2025-07-01 17:45:32.933,1751372132933,-8091,-624,-439,-290,13,57
82,2025-07-01 17:45:33.384,2025-07-01 17:45:33.016934,0.4812345504760742,-3.205836057662964,8.310274124145508,0.15393804013729095,-0.045204028487205505,-0.09285151958465576,2025-07-01 17:45:33.016,1751372133016,-8075,-616,-492,-361,19,40
83,2025-07-01 17:45:33.494,2025-07-01 17:45:33.116657,1.1540051698684692,-1.1204863786697388,7.972691535949707,1.3243558406829834,-0.26633724570274353,-0.43127086758613586,2025-07-01 17:45:33.147,1751372133147,-8175,-574,-846,90,-105,274
84,2025-07-01 17:45:33.577,2025-07-01 17:45:33.217505,-0.038307227194309235,-0.9792284965515137,9.157821655273438,0.1563815027475357,0.11972958594560623,-0.02321287989616394,2025-07-01 17:45:33.211,1751372133211,-8117,-225,-878,-72,-31,-49
85,2025-07-01 17:45:33.676,2025-07-01 17:45:33.317073,2.03507137298584,-0.23942017555236816,9.469067573547363,0.5571091175079346,-0.19303341209888458,0.1612684279680252,2025-07-01 17:45:33.288,1751372133288,-8460,-217,-862,-16,-63,-66
86,2025-07-01 17:45:33.876,2025-07-01 17:45:33.518149,2.4157495498657227,1.0103530883789062,9.105149269104004,-0.3176499307155609,-0.0757472887635231,0.4251621961593628,2025-07-01 17:45:33.551,1751372133551,-8120,-204,-452,-109,-86,70
87,2025-07-01 17:45:33.979,2025-07-01 17:45:33.717211,1.5849615335464478,-0.912190854549408,8.736441612243652,-0.5375614166259766,-0.2638937830924988,-0.294437050819397,2025-07-01 17:45:33.735,1751372133735,-8149,-252,-836,333,317,-102
88,2025-07-01 17:45:34.177,2025-07-01 17:45:33.816717,2.161964178085327,-0.9313444495201111,11.094730377197266,0.07452555745840073,-0.21013765037059784,-0.028099801391363144,2025-07-01 17:45:33.827,1751372133827,-8109,-382,-893,261,-10,-116
89,2025-07-01 17:45:34.284,2025-07-01 17:45:34.016821,2.470816135406494,-3.7612907886505127,9.29189682006836,0.9138544201850891,-0.394618958234787,-0.7073819637298584,2025-07-01 17:45:34.019,1751372134019,-8152,-609,-894,-202,66,-325
90,2025-07-01 17:45:34.385,2025-07-01 17:45:34.016821,2.470816135406494,-3.7612907886505127,9.29189682006836,0.9138544201850891,-0.394618958234787,-0.7073819637298584,2025-07-01 17:45:34.019,1751372134019,-8152,-609,-894,-202,66,-325
91,2025-07-01 17:45:34.785,2025-07-01 17:45:34.416490,3.552995204925537,2.123656988143921,11.619060516357422,-0.23579397797584534,-0.7745771408081055,-0.4605923891067505,2025-07-01 17:45:34.384,1751372134384,-8067,-240,-820,-279,33,-306
92,2025-07-01 17:45:34.985,2025-07-01 17:45:34.616629,3.8714241981506348,4.879383087158203,12.627019882202148,2.9321532249450684,-0.1111774742603302,-0.2993239760398865,2025-07-01 17:45:34.632,1751372134632,-8134,-221,-709,-345,-69,19
93,2025-07-01 17:45:35.076,2025-07-01 17:45:34.717061,1.1109095811843872,1.1994950771331787,9.801861763000488,-1.93766450881958,1.187522053718567,0.2528982162475586,2025-07-01 17:45:34.727,1751372134727,-8130,-586,-848,105,50,31
94,2025-07-01 17:45:35.177,2025-07-01 17:45:34.816200,-0.9792284965515137,-3.7852327823638916,5.305551052093506,-4.451985836029053,-0.769690215587616,0.7171558141708374,2025-07-01 17:45:34.843,1751372134843,-8086,-226,-661,-382,-80,0
95,2025-07-01 17:45:35.277,2025-07-01 17:45:34.917588,3.227383852005005,-4.331110954284668,15.16008472442627,0.8344419002532959,0.06719517707824707,0.34086281061172485,2025-07-01 17:45:34.935,1751372134935,-8092,-532,-1071,-523,288,108
96,2025-07-01 17:45:35.389,2025-07-01 17:45:35.016450,2.2002713680267334,-3.138798475265503,10.08437728881836,2.563190460205078,-0.7281513810157776,0.26511552929878235,2025-07-01 17:45:34.997,1751372134997,-8127,-187,-751,285,-83,319
97,2025-07-01 17:45:35.476,2025-07-01 17:45:35.117635,2.3319525718688965,6.447585105895996,12.646173477172852,0.8038986921310425,0.7941248416900635,-0.37262779474258423,2025-07-01 17:45:35.109,1751372135109,-8087,-343,-1028,101,-23,114
98,2025-07-01 17:45:35.776,2025-07-01 17:45:35.417389,-0.2322375625371933,-6.349422931671143,6.66785192489624,1.624901533126831,1.0286970138549805,0.3127630054950714,2025-07-01 17:45:35.442,1751372135442,-8452,-173,-733,-18,116,-19
99,2025-07-01 17:45:35.877,2025-07-01 17:45:35.617362,2.9664158821105957,2.9281086921691895,10.014945983886719,-0.5583308339118958,0.656069278717041,-0.12339477986097336,2025-07-01 17:45:35.626,1751372135626,-8159,-566,-807,29,-272,-267
100,2025-07-01 17:45:36.076,2025-07-01 17:45:35.817250,1.0989385843276978,0.07422025501728058,5.8873419761657715,2.426356792449951,-0.8723155856132507,-0.6524040699005127,2025-07-01 17:45:35.817,1751372135817,-8129,-521,-663,-251,-9,-109
101,2025-07-01 17:45:36.276,2025-07-01 17:45:35.917766,0.19393034279346466,-0.49320554733276367,8.81784439086914,0.9773843884468079,0.2626720666885376,-0.5412266254425049,2025-07-01 17:45:35.913,1751372135913,-8147,-165,-723,-40,295,344
102,2025-07-01 17:45:36.776,2025-07-01 17:45:36.516476,2.099714994430542,1.599326729774475,9.344569206237793,0.2822197377681732,-0.1514945775270462,-0.34697145223617554,2025-07-01 17:45:36.530,1751372136530,-8133,-299,-732,-25,113,-102
103,2025-07-01 17:45:36.877,2025-07-01 17:45:36.616094,1.3000515699386597,-0.4812345504760742,9.433155059814453,-1.1582005023956299,0.33475416898727417,-0.6499606370925903,2025-07-01 17:45:36.625,1751372136625,-8155,-272,-657,275,-311,94
104,2025-07-01 17:45:37.082,2025-07-01 17:45:36.816999,-1.50355863571167,0.47884035110473633,11.14500904083252,0.4642575979232788,0.3274237811565399,-0.304210901260376,2025-07-01 17:45:36.790,1751372136790,-8279,-360,-452,-20,-139,-273
105,2025-07-01 17:45:37.283,2025-07-01 17:45:36.917061,-0.43095630407333374,-0.24420857429504395,9.588777542114258,0.3090978264808655,0.06475171446800232,-0.010995574295520782,2025-07-01 17:45:36.878,1751372136878,-8277,-350,-420,-70,-305,-329
106,2025-07-01 17:45:37.377,2025-07-01 17:45:37.018671,-0.1149216815829277,1.2976573705673218,8.53293514251709,0.19303341209888458,-0.48258355259895325,0.10751228034496307,2025-07-01 17:45:37.058,1751372137058,-8081,-227,-797,-27,324,210
107,2025-07-01 17:45:37.585,2025-07-01 17:45:37.316664,1.015141487121582,0.37828385829925537,10.548852920532227,-0.12461651116609573,-0.2626720666885376,0.14782938361167908,2025-07-01 17:45:37.346,1751372137346,-8138,12,-687,-604,-7,-52
108,2025-07-01 17:45:37.784,2025-07-01 17:45:37.418406,1.6160861253738403,0.4429273009300232,10.45547866821289,-0.8014551997184753,-0.3384193480014801,0.37751471996307373,2025-07-01 17:45:37.421,1751372137421,-8190,-355,-492,-304,-296,115
109,2025-07-01 17:45:37.892,2025-07-01 17:45:37.519062,2.121262788772583,-1.0223240852355957,10.105925559997559,-1.6884315013885498,-0.2993239760398865,-0.2724458873271942,2025-07-01 17:45:37.506,1751372137506,-8182,-356,-475,35,-323,80
110,2025-07-01 17:45:37.993,2025-07-01 17:45:37.718944,-0.5674257874488831,-4.558559894561768,7.467514991760254,4.447099208831787,-0.17348572611808777,-0.4960225820541382,2025-07-01 17:45:37.707,1751372137707,-8142,-181,-400,371,-156,-550
111,2025-07-01 17:45:38.283,2025-07-01 17:45:38.017293,2.0853497982025146,0.6584054827690125,8.700529098510742,-1.1264355182647705,-0.24678955972194672,0.2125810980796814,2025-07-01 17:45:38.054,1751372138054,-8455,-214,-611,274,-346,-25
112,2025-07-01 17:45:38.485,2025-07-01 17:45:38.219987,-0.5291185975074768,-1.7884687185287476,8.990227699279785,6.53870153427124,0.1563815027475357,-0.6255260109901428,2025-07-01 17:45:38.236,1751372138236,-8172,-296,-357,557,-640,-35
113,2025-07-01 17:45:38.676,2025-07-01 17:45:38.318877,4.668693542480469,2.169146776199341,9.619902610778809,-0.6988298296928406,-1.6273449659347534,0.6914994716644287,2025-07-01 17:45:38.327,1751372138327,-8449,-175,-311,135,-157,285
114,2025-07-01 17:45:38.790,2025-07-01 17:45:38.420822,1.1180921792984009,-0.5578489899635315,8.846575736999512,-1.1178834438323975,0.26145032048225403,0.626747727394104,2025-07-01 17:45:38.411,1751372138411,-8552,-349,-121,544,-155,590
115,2025-07-01 17:45:38.888,2025-07-01 17:45:38.518977,3.3279404640197754,0.9792284965515137,9.560047149658203,-1.7446311712265015,-0.015882495790719986,0.08185594528913498,2025-07-01 17:45:38.503,1751372138503,-8467,-258,-113,595,-607,638
116,2025-07-01 17:45:39.088,2025-07-01 17:45:38.819068,0.7350199222564697,-0.8738836050033569,7.6782050132751465,5.650503635406494,-0.7379252314567566,-0.8051204085350037,2025-07-01 17:45:38.859,1751372138859,-8555,-47,174,333,-143,328
117,2025-07-01 17:45:39.289,2025-07-01 17:45:38.920601,4.776432514190674,2.6839001178741455,16.510414123535156,-0.036651913076639175,0.3628539443016052,0.3836233615875244,2025-07-01 17:45:38.957,1751372138957,-8512,382,213,326,-258,-71
118,2025-07-01 17:45:39.483,2025-07-01 17:45:39.118931,0.22744916379451752,-0.26336219906806946,4.912901878356934,-1.235169529914856,1.1533136367797852,-0.8857545852661133,2025-07-01 17:45:39.088,1751372139088,-8540,346,625,262,-296,113
119,2025-07-01 17:45:39.613,2025-07-01 17:45:39.219325,0.22744916379451752,-0.26336219906806946,4.912901878356934,-1.235169529914856,1.1533136367797852,-0.8857545852661133,2025-07-01 17:45:39.236,1751372139236,-8354,154,548,-296,271,348
120,2025-07-01 17:45:39.680,2025-07-01 17:45:39.320872,0.5051765441894531,-10.766724586486816,5.2265424728393555,-2.6902506351470947,-0.23335053026676178,-2.498438835144043,2025-07-01 17:45:39.317,1751372139317,-8155,523,516,-126,-29,-123
121,2025-07-01 17:45:39.776,2025-07-01 17:45:39.420282,0.5051765441894531,-10.766724586486816,5.2265424728393555,-2.6902506351470947,-0.23335053026676178,-2.498438835144043,2025-07-01 17:45:39.411,1751372139411,-8101,129,145,3,349,-142
122,2025-07-01 17:45:39.892,2025-07-01 17:45:39.520254,2.6791117191314697,-12.382811546325684,5.992686748504639,-2.546086311340332,-0.5448917746543884,-1.683544635772705,2025-07-01 17:45:39.501,1751372139501,-8431,289,6,-329,-48,-136
123,2025-07-01 17:45:39.978,2025-07-01 17:45:39.618653,4.841075897216797,-10.182539939880371,5.073313236236572,-0.8552113175392151,-0.03787364438176155,-1.4453071355819702,2025-07-01 17:45:39.619,1751372139619,-8724,-116,305,-628,-959,-864
124,2025-07-01 17:45:40.180,2025-07-01 17:45:39.821094,5.925649166107178,-8.360552787780762,4.398148536682129,0.455705463886261,0.22968533635139465,-0.08918632566928864,2025-07-01 17:45:39.862,1751372139862,-8158,-264,1181,21,-713,-805
125,2025-07-01 17:45:40.278,2025-07-01 17:45:39.921205,7.620744228363037,-9.560047149658203,3.6296098232269287,-1.0115928649902344,0.8747590184211731,1.870469331741333,2025-07-01 17:45:39.953,1751372139953,-8191,-206,1539,-269,-400,-708
126,2025-07-01 17:45:40.381,2025-07-01 17:45:40.121660,-0.9265560507774353,-7.9846625328063965,2.1092917919158936,1.3573426008224487,-0.9138544201850891,1.1997393369674683,2025-07-01 17:45:40.138,1751372140138,-8164,-1145,1544,308,-248,-1116
127,2025-07-01 17:45:40.476,2025-07-01 17:45:40.217073,-0.9265560507774353,-7.9846625328063965,2.1092917919158936,1.3573426008224487,-0.9138544201850891,1.1997393369674683,2025-07-01 17:45:40.211,1751372140211,-8457,-791,1212,389,90,-575
128,2025-07-01 17:45:40.684,2025-07-01 17:45:40.318742,1.2234370708465576,-6.75883150100708,3.507505416870117,2.1795670986175537,-0.9370672702789307,0.10751228034496307,2025-07-01 17:45:40.300,1751372140300,-8325,-466,1594,328,-350,-337
129,2025-07-01 17:45:40.981,2025-07-01 17:45:40.622730,-2.367865562438965,-8.128314971923828,5.837063789367676,0.46670106053352356,1.1191051006317139,2.0231857299804688,2025-07-01 17:45:40.662,1751372140662,-8317,-1444,1805,-21,258,-1071
130,2025-07-01 17:45:41.079,2025-07-01 17:45:40.817719,-3.8977603912353516,-6.651092529296875,5.212177276611328,0.4862487316131592,0.6475171446800232,2.2064452171325684,2025-07-01 17:45:40.847,1751372140847,-8092,-1488,1448,1064,548,-770
131,2025-07-01 17:45:41.176,2025-07-01 17:45:40.916850,-5.595249176025391,-3.2369606494903564,5.521028995513916,1.1801916360855103,-0.15515977144241333,1.3756685256958008,2025-07-01 17:45:40.929,1751372140929,-8288,-1726,1485,1357,556,-795
132,2025-07-01 17:45:41.277,2025-07-01 17:45:41.016456,-5.978321552276611,-1.8171991109848022,5.497087001800537,1.2705997228622437,-0.15027284622192383,0.8857545852661133,2025-07-01 17:45:41.020,1751372141020,-8265,-1787,1512,1328,207,-451
133,2025-07-01 17:45:41.376,2025-07-01 17:45:41.116824,-6.191405773162842,-0.1628057211637497,6.0597243309021,1.2376129627227783,0.045204028487205505,0.5803219676017761,2025-07-01 17:45:41.118,1751372141118,-8263,-2094,1792,693,-38,-578
134,2025-07-01 17:45:41.590,2025-07-01 17:45:41.220258,-6.361393928527832,0.5410895943641663,6.57926607131958,0.8600982427597046,0.0403171069920063,0.2321287989616394,2025-07-01 17:45:41.201,1751372141201,-8249,-2126,1795,842,-42,-598
135,2025-07-01 17:45:41.690,2025-07-01 17:45:41.316501,-6.691793918609619,0.6248866319656372,6.821080684661865,0.8600982427597046,0.0403171069920063,0.2321287989616394,2025-07-01 17:45:41.303,1751372141303,-8260,-2097,1462,345,7,-415
136,2025-07-01 17:45:41.877,2025-07-01 17:45:41.516837,-6.9455790519714355,1.4173674583435059,6.873753070831299,0.8955284357070923,0.1160643994808197,0.09040805697441101,2025-07-01 17:45:41.481,1751372141481,-8054,-2276,1752,-562,-204,-205
137,2025-07-01 17:45:41.976,2025-07-01 17:45:41.617617,-7.110779285430908,1.7405846118927002,6.598419666290283,0.7574729323387146,0.16371189057826996,0.004886921960860491,2025-07-01 17:45:41.658,1751372141658,-7892,-2588,1717,-116,-75,-331
138,2025-07-01 17:45:42.076,2025-07-01 17:45:41.823068,-7.127538681030273,2.7054479122161865,6.107608318328857,0.2919935882091522,0.06963863968849182,-0.05619960278272629,2025-07-01 17:45:41.829,1751372141829,-7881,-2261,1912,369,-46,-284
139,2025-07-01 17:45:42.176,2025-07-01 17:45:41.917349,-7.127538681030273,2.7054479122161865,6.107608318328857,0.2919935882091522,0.06963863968849182,-0.05619960278272629,2025-07-01 17:45:41.924,1751372141924,-7820,-2651,1723,107,-139,-224
140,2025-07-01 17:45:42.376,2025-07-01 17:45:42.016934,-7.029376029968262,3.19865345954895,5.796362400054932,0.3274237811565399,0.042760565876960754,0.05742133408784866,2025-07-01 17:45:42.004,1751372142004,-8034,-2687,1738,-24,-360,-530
141,2025-07-01 17:45:42.476,2025-07-01 17:45:42.121389,-7.12035608291626,3.397372245788574,5.494692802429199,0.3090978264808655,0.045204028487205505,0.06230825558304787,2025-07-01 17:45:42.108,1751372142108,-7995,-2472,2061,313,-330,-715
142,2025-07-01 17:45:42.877,2025-07-01 17:45:42.518197,-7.161057472229004,4.089296340942383,5.238513469696045,0.20891591906547546,0.042760565876960754,0.018325956538319588,2025-07-01 17:45:42.556,1751372142556,-7418,-3230,1964,272,73,-840
143,2025-07-01 17:45:42.981,2025-07-01 17:45:42.617387,-7.024587631225586,4.577713489532471,5.097255229949951,0.08918632566928864,0.03420845419168472,-0.0012217304902151227,2025-07-01 17:45:42.640,1751372142640,-7408,-3595,1989,118,72,-403
144,2025-07-01 17:45:43.085,2025-07-01 17:45:42.726595,-7.156269073486328,4.273650169372559,4.991910457611084,0.09407325088977814,-0.00366519158706069,0.0403171069920063,2025-07-01 17:45:42.755,1751372142755,-7359,-3645,2028,78,-260,-547
145,2025-07-01 17:45:43.184,2025-07-01 17:45:42.817859,-7.156269073486328,4.273650169372559,4.991910457611084,0.09407325088977814,-0.00366519158706069,0.0403171069920063,2025-07-01 17:45:42.829,1751372142829,-7302,-3710,2342,-332,71,-150
146,2025-07-01 17:45:43.292,2025-07-01 17:45:42.917724,-7.1490864753723145,4.381389141082764,4.946420669555664,0.07330382615327835,-0.004886921960860491,0.045204028487205505,2025-07-01 17:45:42.943,1751372142943,-7319,-3538,2364,-366,84,-209
147,2025-07-01 17:45:43.392,2025-07-01 17:45:43.017688,-7.010222434997559,4.639962673187256,5.109226226806641,0.2577851414680481,0.039095375686883926,0.05497787147760391,2025-07-01 17:45:43.014,1751372143014,-7540,-3534,2321,-295,35,-238
148,2025-07-01 17:45:44.082,2025-07-01 17:45:43.717533,-7.144298076629639,5.149928092956543,4.831499099731445,0.04642575979232788,-0.036651913076639175,0.025656340643763542,2025-07-01 17:45:43.731,1751372143731,-7046,-4171,2373,-310,55,-162
149,2025-07-01 17:45:44.184,2025-07-01 17:45:43.817415,-6.873753070831299,5.104437828063965,4.496310710906982,-0.004886921960860491,-0.019547687843441963,0.02076941914856434,2025-07-01 17:45:43.844,1751372143844,-7273,-4026,2179,-585,-270,-356
150,2025-07-01 17:45:44.293,2025-07-01 17:45:43.917657,-6.830657482147217,5.114014625549316,4.55616569519043,-0.021991148591041565,-0.0024434609804302454,-0.010995574295520782,2025-07-01 17:45:43.906,1751372143906,-7255,-4024,2416,7,95,-171
151,2025-07-01 17:45:44.392,2025-07-01 17:45:44.017374,-6.6391215324401855,5.07570743560791,4.532223701477051,-0.1111774742603302,-0.0024434609804302454,0.0012217304902151227,2025-07-01 17:45:44.009,1751372144009,-7287,-4000,2369,12,-95,5
152,2025-07-01 17:45:44.487,2025-07-01 17:45:44.117234,-6.8809356689453125,4.9799394607543945,4.716577529907227,-0.26145032048225403,-0.02321287989616394,-0.02687807008624077,2025-07-01 17:45:44.087,1751372144087,-7242,-4040,2360,-299,95,-112
153,2025-07-01 17:45:44.876,2025-07-01 17:45:44.517430,-6.672640323638916,4.201824188232422,5.468356609344482,-0.44715335965156555,-0.1270599663257599,-0.1612684279680252,2025-07-01 17:45:44.533,1751372144533,-7455,-3745,2031,321,175,399
154,2025-07-01 17:45:45.008,2025-07-01 17:45:44.617400,-6.813898086547852,3.488351821899414,5.583278179168701,-0.6780604124069214,-0.11484266817569733,-0.21380282938480377,2025-07-01 17:45:44.649,1751372144649,-7455,-3539,2320,-17,594,670
155,2025-07-01 17:45:45.076,2025-07-01 17:45:44.717636,-6.426037311553955,3.6583402156829834,5.91128396987915,-0.7391469478607178,-0.2064724564552307,-0.43615779280662537,2025-07-01 17:45:44.715,1751372144715,-7320,-3299,1995,-351,1063,1473
156,2025-07-01 17:45:45.187,2025-07-01 17:45:44.817652,-6.155492782592773,1.5969325304031372,5.590460777282715,-1.1044443845748901,-0.2321287989616394,-0.856433093547821,2025-07-01 17:45:44.801,1751372144801,-7347,-2784,1689,-1356,2050,2908
157,2025-07-01 17:45:45.303,2025-07-01 17:45:44.917073,-5.896918773651123,0.002394201699644327,6.184223175048828,-1.5112806558609009,-0.34208452701568604,-1.2608258724212646,2025-07-01 17:45:44.908,1751372144908,-7784,-2631,1600,-2654,2882,4431
158,2025-07-01 17:45:45.476,2025-07-01 17:45:45.217181,-4.845864295959473,-7.4555439949035645,5.861005783081055,-1.6811012029647827,-1.1594222784042358,-1.872912883758545,2025-07-01 17:45:45.189,1751372145189,-8390,303,-997,-3056,1828,1269
159,2025-07-01 17:45:45.885,2025-07-01 17:45:45.617253,1.4772224426269531,-8.7484130859375,5.214571475982666,-0.05742133408784866,-0.24923302233219147,-0.38728857040405273,2025-07-01 17:45:45.617,1751372145617,-8274,735,-1043,-487,-96,-282
160,2025-07-01 17:45:46.085,2025-07-01 17:45:45.717371,1.6424223184585571,-8.49941635131836,5.116408824920654,0.05009094998240471,-0.18814650177955627,-0.19058994948863983,2025-07-01 17:45:45.714,1751372145714,-8253,1080,-1138,-770,258,54
161,2025-07-01 17:45:46.213,2025-07-01 17:45:45.817273,1.7573440074920654,-8.468291282653809,4.934449672698975,0.0,-0.20402899384498596,-0.16737708449363708,2025-07-01 17:45:45.800,1751372145800,-8260,1137,-1008,-605,364,-110
162,2025-07-01 17:45:46.477,2025-07-01 17:45:46.117116,1.4700398445129395,-8.619126319885254,5.22175407409668,-0.13072516024112701,0.11728613078594208,-0.00366519158706069,2025-07-01 17:45:46.156,1751372146156,-8248,1008,-1002,-305,-295,114
163,2025-07-01 17:45:46.677,2025-07-01 17:45:46.216854,1.7310078144073486,-9.006986618041992,4.817133903503418,0.4911356568336487,-0.14782938361167908,-0.1514945775270462,2025-07-01 17:45:46.257,1751372146257,-8080,1282,-1150,-122,-187,51
164,2025-07-01 17:45:46.776,2025-07-01 17:45:46.420768,1.8818424940109253,-4.05817174911499,6.636727333068848,2.3383922576904297,1.302364706993103,-1.3585642576217651,2025-07-01 17:45:46.421,1751372146421,-8242,1131,-760,388,330,-566
165,2025-07-01 17:45:46.877,2025-07-01 17:45:46.517175,1.0534487962722778,-4.982333660125732,6.823474884033203,2.0366246700286865,-0.22846360504627228,-2.0586159229278564,2025-07-01 17:45:46.527,1751372146527,-8244,1054,-744,605,332,-552
166,2025-07-01 17:45:47.082,2025-07-01 17:45:46.717500,5.3342814445495605,-2.410961151123047,8.757989883422852,0.15027284622192383,-0.7745771408081055,-0.21991148591041565,2025-07-01 17:45:46.699,1751372146699,-8103,897,-1587,993,-29,74
167,2025-07-01 17:45:47.279,2025-07-01 17:45:46.917187,8.101978302001953,-7.225700855255127,8.202534675598145,-5.128824710845947,0.6976081132888794,1.2754865884780884,2025-07-01 17:45:46.877,1751372146877,-8127,657,-1059,177,-642,-424
168,2025-07-01 17:45:47.478,2025-07-01 17:45:47.216647,-0.05985504388809204,-8.063671112060547,-4.32871675491333,-0.8979719281196594,-1.2388347387313843,0.5656611919403076,2025-07-01 17:45:47.179,1751372147179,-8172,513,-1079,78,-61,-1030
169,2025-07-01 17:45:47.590,2025-07-01 17:45:47.216647,-0.05985504388809204,-8.063671112060547,-4.32871675491333,-0.8979719281196594,-1.2388347387313843,0.5656611919403076,2025-07-01 17:45:47.251,1751372147251,-8174,-176,-828,-86,-612,-1003
170,2025-07-01 17:45:47.676,2025-07-01 17:45:47.317150,-1.1013327836990356,-8.197746276855469,-4.508281707763672,0.32131510972976685,-0.7367035150527954,0.33475416898727417,2025-07-01 17:45:47.338,1751372147338,-8516,-483,-187,215,-880,-1081
171,2025-07-01 17:45:47.776,2025-07-01 17:45:47.517006,-0.9696516990661621,-8.860940933227539,-3.77565598487854,1.976759910583496,-0.27000242471694946,-0.4056145250797272,2025-07-01 17:45:47.506,1751372147506,-8158,-783,-309,65,-154,-607
172,2025-07-01 17:45:48.093,2025-07-01 17:45:47.717225,-0.08858546614646912,-9.138668060302734,0.9888052940368652,1.6224581003189087,-0.20036379992961884,-0.2834414839744568,2025-07-01 17:45:47.679,1751372147679,-8111,-739,-240,-172,316,-513
173,2025-07-01 17:45:48.277,2025-07-01 17:45:47.917382,-0.8427590131759644,-9.083600997924805,2.827552318572998,1.0421360731124878,0.028099801391363144,-0.3237585723400116,2025-07-01 17:45:47.957,1751372147957,-8466,-838,-475,104,380,314
174,2025-07-01 17:45:48.378,2025-07-01 17:45:48.017478,-0.12689268589019775,-9.121908187866211,2.580949544906616,0.46181413531303406,-0.11484266817569733,-0.07941248267889023,2025-07-01 17:45:48.043,1751372148043,-8175,-457,-831,-112,311,151
175,2025-07-01 17:45:48.487,2025-07-01 17:45:48.117158,-0.1628057211637497,-9.830592155456543,4.752490520477295,1.1826350688934326,0.05864306539297104,-0.1869247704744339,2025-07-01 17:45:48.095,1751372148095,-8149,-620,-875,42,138,375
176,2025-07-01 17:45:48.806,2025-07-01 17:45:48.516489,-6.157886981964111,-6.406883716583252,6.720524311065674,2.8710665702819824,0.7012733221054077,1.519832730293274,2025-07-01 17:45:48.514,1751372148514,-8253,-783,-754,-444,339,-353
177,2025-07-01 17:45:49.187,2025-07-01 17:45:48.816081,2.2625205516815186,-0.9983820915222168,11.283872604370117,0.051312681287527084,-0.5949827432632446,1.0396926403045654,2025-07-01 17:45:48.854,1751372148854,-8314,-468,-327,279,-558,-220
178,2025-07-01 17:45:49.281,2025-07-01 17:45:48.917889,1.4484920501708984,-0.8906430602073669,9.277531623840332,-1.350012183189392,-1.0445796251296997,0.2272418737411499,2025-07-01 17:45:48.937,1751372148937,-8278,-482,-180,-185,-241,-534
179,2025-07-01 17:45:49.476,2025-07-01 17:45:49.216121,3.6296098232269287,3.536235809326172,9.78989028930664,0.5461135506629944,0.8637634515762329,-0.44715335965156555,2025-07-01 17:45:49.216,1751372149216,-8186,-699,-238,359,62,12
180,2025-07-01 17:45:49.682,2025-07-01 17:45:49.416442,-0.12928688526153564,-4.733336925506592,6.380547523498535,2.375044107437134,-0.9847147464752197,-0.7831292152404785,2025-07-01 17:45:49.413,1751372149413,-8455,-413,-790,560,364,371
181,2025-07-01 17:45:50.188,2025-07-01 17:45:49.817092,0.9624691009521484,-3.73016619682312,5.810727596282959,1.919338583946228,-1.1020009517669678,-1.1349875926971436,2025-07-01 17:45:49.851,1751372149851,-8353,-549,-793,289,37,65
182,2025-07-01 17:45:50.384,2025-07-01 17:45:50.016886,1.522712230682373,7.970297336578369,12.160150527954102,0.8136724829673767,1.0030407905578613,-0.2064724564552307,2025-07-01 17:45:50.025,1751372150025,-8189,-1057,-97,8,-1059,-599
183,2025-07-01 17:45:50.481,2025-07-01 17:45:50.016886,1.522712230682373,7.970297336578369,12.160150527954102,0.8136724829673767,1.0030407905578613,-0.2064724564552307,2025-07-01 17:45:50.025,1751372150025,-8189,-1057,-97,8,-1059,-599
184,2025-07-01 17:45:50.595,2025-07-01 17:45:50.217534,-0.1628057211637497,-6.490680694580078,5.628767967224121,-2.4825563430786133,-1.3072515726089478,0.018325956538319588,2025-07-01 17:45:50.202,1751372150202,-8705,-198,625,240,-1149,318
185,2025-07-01 17:45:50.677,2025-07-01 17:45:50.316870,1.3694833517074585,-5.722142219543457,10.251971244812012,1.890017032623291,-0.12095131725072861,0.004886921960860491,2025-07-01 17:45:50.295,1751372150295,-8763,-256,883,465,-391,260
186,2025-07-01 17:45:51.076,2025-07-01 17:45:50.717036,1.3958195447921753,1.316810965538025,8.20732307434082,2.2394320964813232,-0.7562511563301086,-0.5754350423812866,2025-07-01 17:45:50.752,1751372150752,-8218,-1144,438,265,2489,-2226
187,2025-07-01 17:45:51.180,2025-07-01 17:45:50.816985,-0.12689268589019775,4.376600742340088,10.079588890075684,0.7550294399261475,0.9737191796302795,-1.2986994981765747,2025-07-01 17:45:50.836,1751372150836,-8269,-1576,-564,-56,1975,-1171
188,2025-07-01 17:45:51.385,2025-07-01 17:45:51.016447,1.3934253454208374,1.0630255937576294,9.241618156433105,0.4202753007411957,0.1258382350206375,-0.5106833577156067,2025-07-01 17:45:51.016,1751372151016,-7988,-1534,-762,39,1538,-257
189,2025-07-01 17:45:51.496,2025-07-01 17:45:51.117050,1.381454348564148,0.8140285611152649,9.390059471130371,-0.2541199326515198,-0.23090706765651703,-0.22479841113090515,2025-07-01 17:45:51.120,1751372151120,-8478,-2134,-1664,269,1053,-113
190,2025-07-01 17:45:51.894,2025-07-01 17:45:51.516940,4.122815132141113,-2.607285737991333,10.06043529510498,-0.8136724829673767,-0.5204572081565857,0.7953465580940247,2025-07-01 17:45:51.499,1751372151499,-7834,-1193,-1995,-1329,194,194
191,2025-07-01 17:45:51.976,2025-07-01 17:45:51.616646,2.806004285812378,-0.9959878921508789,8.676587104797363,-0.2431243658065796,-0.3885102868080139,0.797789990901947,2025-07-01 17:45:51.645,1751372151645,-8023,-1012,-1519,-964,-488,330
192,2025-07-01 17:45:52.177,2025-07-01 17:45:51.821751,3.9001545906066895,-0.8810662031173706,12.658143997192383,0.455705463886261,0.08796459436416626,0.32986724376678467,2025-07-01 17:45:51.834,1751372151834,-8213,-455,-1258,-1401,-430,372
193,2025-07-01 17:45:52.276,2025-07-01 17:45:51.917024,3.045424461364746,1.9177556037902832,8.439560890197754,-1.4624114036560059,0.006108652334660292,1.1081095933914185,2025-07-01 17:45:51.920,1751372151920,-8246,-412,-1292,-1159,-708,317
194,2025-07-01 17:45:52.376,2025-07-01 17:45:52.017005,2.9544448852539062,-10.704475402832031,6.732495307922363,-4.825835227966309,0.3787364661693573,1.321912407875061,2025-07-01 17:45:52.015,1751372152015,-8130,-493,-840,-735,-686,79
195,2025-07-01 17:45:53.676,2025-07-01 17:45:53.316649,1.3479355573654175,6.172252178192139,10.340557098388672,-0.8478809595108032,1.3524556159973145,-0.24190263450145721,2025-07-01 17:45:53.276,1751372153276,-8275,-649,-597,454,233,240
196,2025-07-01 17:45:53.776,2025-07-01 17:45:53.417484,0.8810662031173706,-0.33039984107017517,8.93037223815918,-0.2773328125476837,1.3646728992462158,-0.22113321721553802,2025-07-01 17:45:53.441,1751372153441,-8256,-839,-678,-336,41,60
197,2025-07-01 17:45:54.490,2025-07-01 17:45:53.516951,0.9720458984375,0.9289502501487732,3.31118106842041,-3.3072245121002197,0.8637634515762329,-1.1007791757583618,2025-07-01 17:45:53.542,1751372153542,-8518,-853,-645,298,110,626
198,2025-07-01 17:45:54.577,2025-07-01 17:45:53.616590,1.4460978507995605,-4.422090530395508,4.426878929138184,-4.166100978851318,0.4642575979232788,-1.5943583250045776,2025-07-01 17:45:53.632,1751372153632,-8029,-496,-880,818,-74,-55
199,2025-07-01 17:45:55.002,2025-07-01 17:45:54.716062,-2.626439332962036,-8.42040729522705,0.5578489899635315,-0.46181413531303406,-0.5057964324951172,2.0928242206573486,2025-07-01 17:45:54.727,1751372154727,-8511,-714,-553,-143,-379,-537
200,2025-07-01 17:45:55.194,2025-07-01 17:45:54.816262,-0.4668693244457245,-6.088454723358154,2.032677173614502,1.1826350688934326,-0.9040805697441101,0.27488934993743896,2025-07-01 17:45:54.795,1751372154795,-8564,-551,-550,373,23,296
201,2025-07-01 17:45:55.483,2025-07-01 17:45:55.117156,2.4612393379211426,-12.11705493927002,6.8043212890625,0.4764748811721802,0.1111774742603302,0.7489207983016968,2025-07-01 17:45:55.152,1751372155152,-8142,-978,596,104,-1446,-1439
202,2025-07-01 17:45:55.676,2025-07-01 17:45:55.317428,-2.978386878967285,-7.407660007476807,5.616796970367432,0.042760565876960754,0.788016140460968,2.27852725982666,2025-07-01 17:45:55.278,1751372155278,-8310,-1400,390,-126,-1807,-1691
203,2025-07-01 17:45:55.776,2025-07-01 17:45:55.518360,-5.104437828063965,-4.548983097076416,5.07570743560791,0.7086036801338196,-0.15882496535778046,1.6224581003189087,2025-07-01 17:45:55.507,1751372155507,-8279,-2415,1145,1445,-192,-1447
204,2025-07-01 17:45:55.876,2025-07-01 17:45:55.616523,-5.719748020172119,-3.318363666534424,5.298368453979492,1.0702359676361084,-0.32009339332580566,1.1105530261993408,2025-07-01 17:45:55.603,1751372155603,-7871,-2278,1215,1714,-117,-688
205,2025-07-01 17:45:55.977,2025-07-01 17:45:55.718196,-5.8203043937683105,-1.965639591217041,6.224924564361572,1.2962560653686523,-0.27611109614372253,0.7232644557952881,2025-07-01 17:45:55.713,1751372155713,-8061,-2302,1233,1551,373,-489
206,2025-07-01 17:45:56.196,2025-07-01 17:45:55.817284,-5.861005783081055,-0.8403648138046265,6.94079065322876,1.5454890727996826,-0.15393804013729095,0.4080579876899719,2025-07-01 17:45:55.785,1751372155785,-7922,-2631,1185,698,153,-803
207,2025-07-01 17:45:56.378,2025-07-01 17:45:56.016088,-6.236895561218262,0.36152446269989014,7.527369976043701,0.8539896011352539,-0.010995574295520782,0.1661553531885147,2025-07-01 17:45:55.977,1751372155977,-7878,-2683,1184,782,288,-850
208,2025-07-01 17:45:56.580,2025-07-01 17:45:56.216819,-6.086060523986816,2.1308395862579346,7.16584587097168,0.5106833577156067,-0.02076941914856434,0.09651670604944229,2025-07-01 17:45:56.196,1751372156196,-7616,-3041,1515,-795,-436,32
209,2025-07-01 17:45:56.780,2025-07-01 17:45:56.518177,-6.143521785736084,3.2154128551483154,7.247248649597168,0.11728613078594208,-0.030543262138962746,-0.030543262138962746,2025-07-01 17:45:56.501,1751372156501,-7565,-3342,1485,-92,256,-278
210,2025-07-01 17:45:56.976,2025-07-01 17:45:56.617357,-5.935225963592529,3.6559460163116455,7.261613845825195,0.3628539443016052,-0.051312681287527084,0.05864306539297104,2025-07-01 17:45:56.626,1751372156626,-7559,-3358,1427,97,294,-215
211,2025-07-01 17:45:57.283,2025-07-01 17:45:56.916398,-5.655104637145996,4.477157115936279,7.089231014251709,0.34574973583221436,-0.00855211354792118,0.01466076634824276,2025-07-01 17:45:56.945,1751372156945,-7727,-3264,1437,87,-113,-213
212,2025-07-01 17:45:57.380,2025-07-01 17:45:57.017350,-5.774814605712891,4.314351558685303,6.720524311065674,0.26145032048225403,-0.04642575979232788,-0.04764748737215996,2025-07-01 17:45:57.043,1751372157043,-7742,-3627,1499,369,-51,-221
213,2025-07-01 17:45:57.576,2025-07-01 17:45:57.216946,-5.7987565994262695,4.6040496826171875,6.775590896606445,0.18814650177955627,-0.03176499158143997,0.01466076634824276,2025-07-01 17:45:57.215,1751372157215,-7754,-3632,1509,159,-63,-219
214,2025-07-01 17:45:57.676,2025-07-01 17:45:57.417209,-5.78678560256958,4.891354084014893,6.165069580078125,0.2565633952617645,0.02932153269648552,0.00733038317412138,2025-07-01 17:45:57.444,1751372157444,-7686,-3707,1441,12,69,-377
215,2025-07-01 17:45:57.893,2025-07-01 17:45:57.518274,-5.767632007598877,4.776432514190674,6.023811340332031,0.10262536257505417,0.0,0.009773843921720982,2025-07-01 17:45:57.504,1751372157504,-7380,-3553,1519,-264,-340,-596
216,2025-07-01 17:45:57.976,2025-07-01 17:45:57.618146,-5.832275390625,4.666299343109131,6.064512729644775,0.06719517707824707,-0.012217304669320583,0.01466076634824276,2025-07-01 17:45:57.625,1751372157625,-7328,-3864,1800,56,-330,-639
217,2025-07-01 17:45:58.276,2025-07-01 17:45:57.917930,-5.906495571136475,5.272032260894775,5.954379558563232,0.17837265133857727,0.013439035043120384,0.013439035043120384,2025-07-01 17:45:57.891,1751372157891,-7493,-3957,1702,-3,-262,-167
218,2025-07-01 17:45:58.577,2025-07-01 17:45:58.216958,-5.7987565994262695,5.4013190269470215,5.805939197540283,0.08918632566928864,-0.009773843921720982,-0.015882495790719986,2025-07-01 17:45:58.245,1751372158245,-7057,-3983,1791,73,39,-382
219,2025-07-01 17:45:58.685,2025-07-01 17:45:58.316976,-5.983109951019287,5.353435039520264,5.8442463874816895,-0.018325956538319588,0.0024434609804302454,-0.010995574295520782,2025-07-01 17:45:58.350,1751372158350,-7097,-3983,1785,-288,76,-372
220,2025-07-01 17:45:58.776,2025-07-01 17:45:58.416804,-5.9519853591918945,5.142745018005371,5.57370138168335,0.0024434609804302454,-0.004886921960860491,-0.021991148591041565,2025-07-01 17:45:58.397,1751372158397,-7076,-4004,2060,91,26,-297
221,2025-07-01 17:45:58.988,2025-07-01 17:45:58.617251,-5.944802761077881,5.061342239379883,5.688623428344727,-0.14782938361167908,-0.0012217304902151227,-0.024434609338641167,2025-07-01 17:45:58.577,1751372158577,-7290,-3984,2077,17,-101,19
222,2025-07-01 17:45:59.176,2025-07-01 17:45:58.820725,-6.042964935302734,5.054159641265869,5.990292549133301,-0.2272418737411499,-0.004886921960860491,-0.07208210229873657,2025-07-01 17:45:58.846,1751372158846,-7097,-4184,1765,47,271,130
223,2025-07-01 17:45:59.476,2025-07-01 17:45:59.116947,-5.813121795654297,3.9193081855773926,6.658275127410889,-0.5522221922874451,-0.04886921867728233,-0.15271630883216858,2025-07-01 17:45:59.129,1751372159129,-7477,-3798,1701,-119,295,605
224,2025-07-01 17:45:59.576,2025-07-01 17:45:59.216355,-5.801150798797607,3.28963303565979,6.236895561218262,-0.8894197940826416,-0.11728613078594208,-0.34208452701568604,2025-07-01 17:45:59.205,1751372159205,-7331,-3511,1895,104,629,1331
225,2025-07-01 17:45:59.715,2025-07-01 17:45:59.416064,-5.372588634490967,0.8738836050033569,6.560112476348877,-1.519832730293274,-0.12461651116609573,-1.1081095933914185,2025-07-01 17:45:59.422,1751372159422,-7719,-2528,1544,-1750,2345,4358
226,2025-07-01 17:45:59.986,2025-07-01 17:45:59.616883,-4.881777286529541,-3.3925838470458984,5.906495571136475,-2.2125539779663086,-0.4288274049758911,-2.012190103530884,2025-07-01 17:45:59.655,1751372159655,-8718,-52,-881,-3370,2634,2538
227,2025-07-01 17:46:00.180,2025-07-01 17:45:59.817024,-1.699883222579956,-10.225635528564453,6.390124320983887,-0.9541715383529663,-0.675616979598999,-1.4453071355819702,2025-07-01 17:45:59.839,1751372159839,-8085,869,-1603,-982,584,-343
228,2025-07-01 17:46:00.291,2025-07-01 17:45:59.917326,-0.6153098344802856,-9.77791976928711,6.033388137817383,-0.6572909951210022,-0.4129449129104614,-1.0690141916275024,2025-07-01 17:45:59.920,1751372159920,-8310,834,-1553,-1025,-20,-176
229,2025-07-01 17:46:00.497,2025-07-01 17:46:00.116737,0.7206547260284424,-9.004592895507812,5.056553840637207,-0.1319468915462494,-0.05497787147760391,-0.5082398653030396,2025-07-01 17:46:00.131,1751372160131,-8240,395,-1223,24,96,-573
230,2025-07-01 17:46:00.588,2025-07-01 17:46:00.216760,1.1252747774124146,-9.126696586608887,4.608838081359863,0.15760323405265808,-0.04764748737215996,-0.294437050819397,2025-07-01 17:46:00.186,1751372160186,-8303,563,-1203,-265,68,-558
231,2025-07-01 17:46:00.878,2025-07-01 17:46:00.517092,1.501164436340332,-8.746018409729004,4.235342979431152,0.013439035043120384,-0.0354301854968071,-0.13072516024112701,2025-07-01 17:46:00.558,1751372160558,-8318,-70,-935,340,-343,-491
232,2025-07-01 17:46:01.082,2025-07-01 17:46:00.716888,1.9967641830444336,-7.304709434509277,4.541800498962402,0.015882495790719986,0.00855211354792118,-0.15882496535778046,2025-07-01 17:46:00.736,1751372160736,-8092,-330,-1151,526,-334,-786
233,2025-07-01 17:46:01.184,2025-07-01 17:46:00.816899,1.5322890281677246,-7.627926826477051,4.728548526763916,-0.025656340643763542,0.2834414839744568,-0.41661009192466736,2025-07-01 17:46:00.841,1751372160841,-8078,-343,-1137,-82,-567,-346
234,2025-07-01 17:46:01.281,2025-07-01 17:46:00.917143,2.10210919380188,-7.766790390014648,5.518634796142578,0.6120869517326355,-0.05864306539297104,-0.18448130786418915,2025-07-01 17:46:00.913,1751372160913,-8105,-357,-1060,604,-290,74
235,2025-07-01 17:46:01.391,2025-07-01 17:46:01.017497,3.4356794357299805,-8.561665534973145,6.291962146759033,2.135584831237793,0.4288274049758911,-0.29565876722335815,2025-07-01 17:46:01.016,1751372161016,-8288,-306,-1026,892,-1,-48
236,2025-07-01 17:46:01.777,2025-07-01 17:46:01.417546,6.866570472717285,-1.292868971824646,7.354987621307373,0.7391469478607178,-0.7391469478607178,-0.5534439086914062,2025-07-01 17:46:01.453,1751372161453,-8136,-434,-1019,-115,-351,-366
237,2025-07-01 17:46:01.879,2025-07-01 17:46:01.519965,6.296750545501709,-0.42856210470199585,7.63989782333374,-0.7586946487426758,-0.25534167885780334,0.22357667982578278,2025-07-01 17:46:01.552,1751372161552,-8293,-503,-1067,160,-536,-306
238,2025-07-01 17:46:01.977,2025-07-01 17:46:01.616985,5.374982833862305,-2.1356279850006104,7.556100368499756,-0.7464773058891296,-0.3579670190811157,-0.11484266817569733,2025-07-01 17:46:01.637,1751372161637,-8295,-512,-731,299,-328,-144
239,2025-07-01 17:46:02.082,2025-07-01 17:46:01.716926,7.307103633880615,0.23702596127986908,9.519346237182617,-1.519832730293274,-0.2076941877603531,0.02687807008624077,2025-07-01 17:46:01.741,1751372161741,-8082,-816,-763,579,-262,-371
240,2025-07-01 17:46:02.187,2025-07-01 17:46:01.819475,3.423708438873291,-13.891158103942871,3.404554843902588,-3.8936550617218018,1.8777997493743896,2.6364943981170654,2025-07-01 17:46:01.817,1751372161817,-8118,-495,-1074,-34,-131,-143
241,2025-07-01 17:46:02.294,2025-07-01 17:46:01.916851,-0.6560112833976746,-8.47786808013916,1.699883222579956,-1.3292428255081177,0.15393804013729095,2.3359487056732178,2025-07-01 17:46:01.931,1751372161931,-8244,-1107,-879,-1036,-170,35
242,2025-07-01 17:46:02.387,2025-07-01 17:46:02.117195,-0.9792284965515137,-8.034940719604492,-0.2849099934101105,-1.2302825450897217,-0.6866125464439392,0.6194173693656921,2025-07-01 17:46:02.080,1751372162080,-8456,-537,-700,607,-4,475
243,2025-07-01 17:46:02.592,2025-07-01 17:46:02.216754,-0.9050082564353943,-9.62947940826416,-0.033518824726343155,0.00855211354792118,-0.4593706727027893,-0.3090978264808655,2025-07-01 17:46:02.186,1751372162186,-8272,-548,-880,-328,367,-145
244,2025-07-01 17:46:02.878,2025-07-01 17:46:02.516869,0.11252748221158981,-8.71728801727295,2.980781078338623,1.5992451906204224,-0.23579397797584534,-0.3787364661693573,2025-07-01 17:46:02.555,1751372162555,-8096,-486,-922,-415,518,-21
245,2025-07-01 17:46:02.978,2025-07-01 17:46:02.617120,-1.0247182846069336,-7.682993412017822,3.3231520652770996,1.3781119585037231,-0.1661553531885147,-0.14294247329235077,2025-07-01 17:46:02.632,1751372162632,-8266,-417,-1001,-513,189,-18
246,2025-07-01 17:46:03.076,2025-07-01 17:46:02.717066,-0.15083470940589905,-8.71728801727295,4.213795185089111,0.988379955291748,-0.4056145250797272,-0.21868975460529327,2025-07-01 17:46:02.717,1751372162717,-8250,-153,-1387,-406,325,268
247,2025-07-01 17:46:03.176,2025-07-01 17:46:02.816824,3.07415509223938,-10.165780067443848,7.304709434509277,1.8509217500686646,-0.7379252314567566,-0.33475416898727417,2025-07-01 17:46:02.805,1751372162805,-8267,-239,-1352,-479,265,-53
248,2025-07-01 17:46:03.580,2025-07-01 17:46:03.216823,1.45806884765625,-5.758055210113525,6.476315498352051,0.7452555894851685,-2.1795670986175537,0.5778785347938538,2025-07-01 17:46:03.249,1751372163249,-8151,-338,-1570,842,114,359
249,2025-07-01 17:46:03.685,2025-07-01 17:46:03.317148,-1.501164436340332,-6.737283706665039,7.247248649597168,0.6719517707824707,0.5595525503158569,0.5448917746543884,2025-07-01 17:46:03.302,1751372163302,-8088,-283,-1219,863,-363,265
250,2025-07-01 17:46:03.795,2025-07-01 17:46:03.416990,2.6791117191314697,-3.7828385829925537,10.113107681274414,1.3231340646743774,-1.2180652618408203,-0.22357667982578278,2025-07-01 17:46:03.452,1751372163452,-8254,-544,-1320,-499,259,-359
251,2025-07-01 17:46:03.978,2025-07-01 17:46:03.516834,2.4636335372924805,0.272938996553421,11.84650993347168,0.3897320330142975,0.09773843735456467,-0.10751228034496307,2025-07-01 17:46:03.541,1751372163541,-8226,-559,-1354,-348,271,-354
252,2025-07-01 17:46:04.176,2025-07-01 17:46:03.716059,-2.322375535964966,-5.571307182312012,5.236119270324707,-4.789183616638184,-0.5815436840057373,0.7134906053543091,2025-07-01 17:46:03.730,1751372163730,-8260,-465,-1587,-281,312,86
253,2025-07-01 17:46:04.284,2025-07-01 17:46:03.816404,0.44771572947502136,-2.1284453868865967,14.360422134399414,1.1264355182647705,0.40194934606552124,-0.10873401165008545,2025-07-01 17:46:03.821,1751372163821,-8241,-519,-1434,273,297,304
254,2025-07-01 17:46:04.388,2025-07-01 17:46:04.016066,3.691859006881714,5.48272180557251,12.131420135498047,2.1148154735565186,-0.4239404797554016,-0.5644394755363464,2025-07-01 17:46:03.976,1751372163976,-8280,-175,-1557,80,-341,97
255,2025-07-01 17:46:04.576,2025-07-01 17:46:04.216734,-2.2912509441375732,0.49320554733276367,5.351040840148926,-4.809952735900879,-0.6475171446800232,0.685390830039978,2025-07-01 17:46:04.242,1751372164242,-7885,-418,-1343,-299,-291,-413
256,2025-07-01 17:46:04.676,2025-07-01 17:46:04.316762,1.7884687185287476,-0.047884032130241394,7.845798969268799,2.2883012294769287,-0.8307767510414124,-0.9199630618095398,2025-07-01 17:46:04.342,1751372164342,-8269,-403,-1208,224,-117,-43
257,2025-07-01 17:46:04.877,2025-07-01 17:46:04.416127,-1.2401964664459229,3.734954595565796,5.257667064666748,2.8539624214172363,-0.2590068578720093,-1.5332717895507812,2025-07-01 17:46:04.432,1751372164432,-7916,-392,-1273,138,-291,25
258,2025-07-01 17:46:05.076,2025-07-01 17:46:04.816667,4.352658748626709,3.7660791873931885,14.544775009155273,2.3848178386688232,-0.3640756905078888,-0.49846604466438293,2025-07-01 17:46:04.788,1751372164788,-8257,-404,-1184,60,-353,336
259,2025-07-01 17:46:05.302,2025-07-01 17:46:04.916904,3.7876269817352295,-1.7190368175506592,7.108384609222412,1.8594738245010376,-1.5748106241226196,0.1258382350206375,2025-07-01 17:46:04.877,1751372164877,-8300,-266,-1007,251,-295,305
260,2025-07-01 17:46:05.492,2025-07-01 17:46:05.116652,-1.2976573705673218,3.3446998596191406,7.005434036254883,-3.888768196105957,0.3225368559360504,0.37629300355911255,2025-07-01 17:46:05.144,1751372165144,-8262,-462,-1109,-130,77,-202
261,2025-07-01 17:46:05.577,2025-07-01 17:46:05.216835,0.14365209639072418,4.778826713562012,14.786589622497559,4.98588228225708,0.18081611394882202,-0.9382890462875366,2025-07-01 17:46:05.242,1751372165242,-8141,-608,-1042,175,-77,-54
262,2025-07-01 17:46:05.777,2025-07-01 17:46:05.418532,3.0885202884674072,2.9879636764526367,8.786720275878906,1.018923282623291,-0.607200026512146,-0.09285151958465576,2025-07-01 17:46:05.437,1751372165437,-8258,-232,-1133,360,1,82
263,2025-07-01 17:46:06.012,2025-07-01 17:46:05.519101,2.5713725090026855,1.7956513166427612,10.08198356628418,-1.281595230102539,0.2565633952617645,-0.2431243658065796,2025-07-01 17:46:05.501,1751372165501,-8117,-167,-922,291,103,-258
264,2025-07-01 17:46:06.489,2025-07-01 17:46:06.017004,2.4468741416931152,0.45489832758903503,10.793061256408691,-0.7843509912490845,-0.22846360504627228,-0.14538592100143433,2025-07-01 17:46:06.012,1751372166012,-8144,-785,-642,77,71,47
265,2025-07-01 17:46:06.591,2025-07-01 17:46:06.216677,-1.8938134908676147,-9.780313491821289,6.900089263916016,3.3206634521484375,0.8784242272377014,-0.44715335965156555,2025-07-01 17:46:06.234,1751372166234,-8303,-808,-681,362,-59,-193
266,2025-07-01 17:46:06.692,2025-07-01 17:46:06.318983,2.032677173614502,2.9496564865112305,10.249577522277832,2.285857677459717,-1.0616837739944458,-0.15027284622192383,2025-07-01 17:46:06.350,1751372166350,-8472,-717,-703,260,259,31
267,2025-07-01 17:46:06.791,2025-07-01 17:46:06.416384,3.339911460876465,4.747702121734619,13.266271591186523,0.41661009192466736,0.33475416898727417,0.1062905490398407,2025-07-01 17:46:06.456,1751372166456,-8093,-695,-788,614,4,46
268,2025-07-01 17:46:06.909,2025-07-01 17:46:06.517187,0.9217676520347595,0.3687070608139038,8.916007041931152,0.1319468915462494,-0.15760323405265808,0.17470745742321014,2025-07-01 17:46:06.498,1751372166498,-8069,-669,-796,587,23,-270
269,2025-07-01 17:46:07.280,2025-07-01 17:46:06.916759,1.5634137392044067,1.1851298809051514,12.210428237915039,-1.1691961288452148,0.7061602473258972,0.7757988572120667,2025-07-01 17:46:06.952,1751372166952,-8094,-434,-802,36,46,-62
270,2025-07-01 17:46:07.380,2025-07-01 17:46:07.017295,1.8411411046981812,1.946485996246338,10.012551307678223,-2.585181713104248,0.19547687470912933,0.8613200187683105,2025-07-01 17:46:07.034,1751372167034,-8542,-572,-701,-358,-346,-424
271,2025-07-01 17:46:07.509,2025-07-01 17:46:07.116885,0.2346317619085312,-5.458779811859131,5.717353820800781,-2.676811456680298,0.9724974632263184,-0.05497787147760391,2025-07-01 17:46:07.141,1751372167141,-8313,-815,-432,-569,-662,-1043
272,2025-07-01 17:46:07.581,2025-07-01 17:46:07.217150,-0.14365209639072418,-5.774814605712891,7.465120792388916,5.778785228729248,-0.1722639948129654,-1.0030407905578613,2025-07-01 17:46:07.212,1751372167212,-8228,-1035,-773,-174,137,-352
273,2025-07-01 17:46:07.703,2025-07-01 17:46:07.316579,2.80361008644104,3.3710360527038574,10.673351287841797,1.4147639274597168,-1.3634512424468994,-0.051312681287527084,2025-07-01 17:46:07.305,1751372167305,-8488,-766,-804,87,209,-25
274,2025-07-01 17:46:07.877,2025-07-01 17:46:07.516830,1.8195933103561401,3.5386300086975098,8.712499618530273,-1.910786509513855,1.8216001987457275,-0.6218608021736145,2025-07-01 17:46:07.509,1751372167509,-8495,-747,-785,-95,357,258
275,2025-07-01 17:46:08.078,2025-07-01 17:46:07.716668,-2.2002713680267334,-6.356605529785156,2.0853497982025146,-2.135584831237793,0.8503243923187256,-2.0366246700286865,2025-07-01 17:46:07.676,1751372167676,-8083,-863,-509,-183,349,-116
276,2025-07-01 17:46:08.401,2025-07-01 17:46:08.016692,5.372588634490967,-9.090784072875977,4.469974517822266,-0.940732479095459,-0.11728613078594208,-1.3170254230499268,2025-07-01 17:46:07.990,1751372167990,-8129,-737,-1130,-347,367,379
277,2025-07-01 17:46:08.485,2025-07-01 17:46:08.117436,6.296750545501709,-8.65743350982666,3.974374771118164,-0.11239920556545258,-0.02932153269648552,-0.7733554244041443,2025-07-01 17:46:08.113,1751372168113,-8134,-285,-823,362,-199,842
278,2025-07-01 17:46:08.691,2025-07-01 17:46:08.217627,5.772420406341553,-8.027758598327637,3.6128504276275635,0.09162978827953339,0.11850785464048386,-0.35674530267715454,2025-07-01 17:46:08.224,1751372168224,-8189,-4,-405,360,-159,789
279,2025-07-01 17:46:08.891,2025-07-01 17:46:08.616258,8.513781547546387,-8.221688270568848,3.7421371936798096,1.5943583250045776,0.18325957655906677,0.8051204085350037,2025-07-01 17:46:08.650,1751372168650,-8173,83,-589,-294,-71,-319
280,2025-07-01 17:46:09.076,2025-07-01 17:46:08.716215,4.613626480102539,-9.78989028930664,5.523423194885254,-1.6383405923843384,0.5644394755363464,2.5973989963531494,2025-07-01 17:46:08.746,1751372168746,-8181,-269,-599,-628,2,-640
281,2025-07-01 17:46:09.176,2025-07-01 17:46:08.816719,-0.8810662031173706,-11.549629211425781,1.7812861204147339,-0.5021312236785889,-0.656069278717041,1.9058995246887207,2025-07-01 17:46:08.845,1751372168845,-8127,-265,-565,-429,-1,-423
282,2025-07-01 17:46:09.292,2025-07-01 17:46:09.017006,2.9879636764526367,-9.785101890563965,5.073313236236572,0.5009095072746277,-0.8686503767967224,0.12095131725072861,2025-07-01 17:46:09.010,1751372169010,-8188,-310,-433,-271,361,-170
283,2025-07-01 17:46:09.476,2025-07-01 17:46:09.116563,0.8834604024887085,-8.324639320373535,5.724536418914795,0.8429940342903137,0.20891591906547546,-0.40072759985923767,2025-07-01 17:46:09.116,1751372169116,-8186,-181,-439,-33,281,-421
284,2025-07-01 17:46:09.585,2025-07-01 17:46:09.217494,1.3407529592514038,-6.888118267059326,5.770026206970215,0.6426302194595337,-0.012217304669320583,-0.0757472887635231,2025-07-01 17:46:09.217,1751372169217,-8143,-698,-388,-118,-566,-1372
285,2025-07-01 17:46:09.988,2025-07-01 17:46:09.719262,1.359906554222107,-10.096348762512207,6.775590896606445,-0.3933972120285034,0.44593164324760437,1.508837103843689,2025-07-01 17:46:09.740,1751372169740,-8241,-2103,187,1607,37,-947
286,2025-07-01 17:46:10.199,2025-07-01 17:46:09.825759,-1.6496049165725708,-8.858546257019043,5.185841083526611,-0.4288274049758911,0.5534439086914062,2.1930062770843506,2025-07-01 17:46:09.862,1751372169862,-8472,-1547,-45,780,-130,-155
287,2025-07-01 17:46:10.276,2025-07-01 17:46:09.919217,-2.8610711097717285,-7.122750282287598,5.796362400054932,0.21624629199504852,0.10995574295520782,2.1697933673858643,2025-07-01 17:46:09.934,1751372169934,-8122,-1655,326,97,-442,-294
288,2025-07-01 17:46:10.376,2025-07-01 17:46:10.116155,-4.575319290161133,-6.217741966247559,4.568136692047119,0.485027015209198,-0.45204028487205505,0.9395107626914978,2025-07-01 17:46:10.112,1751372170112,-8080,-2114,395,858,-582,-557
289,2025-07-01 17:46:10.876,2025-07-01 17:46:10.521107,-6.090848922729492,-0.7924807667732239,7.879317760467529,1.216843605041504,0.0403171069920063,0.25045475363731384,2025-07-01 17:46:10.521,1751372170521,-8244,-2174,642,371,-284,-685
290,2025-07-01 17:46:10.990,2025-07-01 17:46:10.616823,-6.033388137817383,-0.8690952062606812,7.953537940979004,0.788016140460968,0.19914206862449646,0.21991148591041565,2025-07-01 17:46:10.646,1751372170646,-7935,-2296,754,-390,-337,-1323
291,2025-07-01 17:46:11.076,2025-07-01 17:46:10.718973,-6.0190229415893555,0.3495534360408783,7.558494567871094,0.9480628371238708,0.00366519158706069,0.28955012559890747,2025-07-01 17:46:10.723,1751372170723,-8038,-2709,1052,-780,-197,-718
292,2025-07-01 17:46:11.196,2025-07-01 17:46:10.821792,-5.985504150390625,1.4101848602294922,7.65186882019043,0.6621779203414917,-0.02932153269648552,0.1319468915462494,2025-07-01 17:46:10.812,1751372170812,-8010,-2769,1062,-457,-169,-658
293,2025-07-01 17:46:11.287,2025-07-01 17:46:10.919169,-6.133944988250732,1.1348515748977661,7.872135162353516,0.3543018400669098,-0.006108652334660292,0.07330382615327835,2025-07-01 17:46:10.922,1751372170922,-8046,-2695,1069,-615,-156,-489
294,2025-07-01 17:46:11.414,2025-07-01 17:46:11.018446,-5.987898349761963,2.1045033931732178,7.539340972900391,0.4605923891067505,0.030543262138962746,0.11972958594560623,2025-07-01 17:46:10.997,1751372170997,-8026,-2728,1082,-564,-176,-855
295,2025-07-01 17:46:11.586,2025-07-01 17:46:11.321277,-5.961562156677246,3.222595453262329,6.890512466430664,0.37262779474258423,0.05497787147760391,0.05375614017248154,2025-07-01 17:46:11.358,1751372171358,-7672,-2973,1050,-118,195,-523
296,2025-07-01 17:46:11.784,2025-07-01 17:46:11.420204,-6.217741966247559,3.093308687210083,6.799532890319824,0.18081611394882202,0.0806342139840126,0.0024434609804302454,2025-07-01 17:46:11.457,1751372171457,-7647,-3025,1060,317,-108,-204
297,2025-07-01 17:46:11.896,2025-07-01 17:46:11.620707,-6.44279670715332,3.536235809326172,6.205770969390869,0.4251621961593628,0.1270599663257599,0.00855211354792118,2025-07-01 17:46:11.636,1751372171636,-7948,-3034,1094,337,-271,-186
298,2025-07-01 17:46:12.112,2025-07-01 17:46:11.721578,-6.2416839599609375,3.4189200401306152,6.169857978820801,0.10873401165008545,0.01466076634824276,0.012217304669320583,2025-07-01 17:46:11.723,1751372171723,-7786,-3358,958,266,-210,-141
299,2025-07-01 17:46:12.178,2025-07-01 17:46:11.818718,-6.36378812789917,3.758896589279175,6.339846134185791,0.2919935882091522,0.00855211354792118,-0.004886921960860491,2025-07-01 17:46:11.829,1751372171829,-7573,-3424,1308,-38,-279,-222
300,2025-07-01 17:46:12.297,2025-07-01 17:46:11.916759,-6.294356346130371,3.9695863723754883,6.160281181335449,0.24678955972194672,0.02321287989616394,0.019547687843441963,2025-07-01 17:46:11.900,1751372171900,-7578,-3252,1347,317,6,-530
301,2025-07-01 17:46:12.582,2025-07-01 17:46:12.216864,-6.184223175048828,4.412513732910156,6.421248912811279,0.07452555745840073,-0.004886921960860491,-0.0024434609804302454,2025-07-01 17:46:12.256,1751372172256,-7702,-3642,1216,97,-307,-156
302,2025-07-01 17:46:12.685,2025-07-01 17:46:12.320983,-6.009446144104004,4.352658748626709,6.033388137817383,0.10384709388017654,-0.03298672288656235,0.045204028487205505,2025-07-01 17:46:12.348,1751372172348,-7718,-3675,1238,71,28,-522
303,2025-07-01 17:46:12.783,2025-07-01 17:46:12.423311,-6.110002517700195,4.2090067863464355,6.200982570648193,0.051312681287527084,0.0354301854968071,0.010995574295520782,2025-07-01 17:46:12.439,1751372172439,-7421,-3552,1253,-120,-298,-618
304,2025-07-01 17:46:12.883,2025-07-01 17:46:12.527429,-6.2201361656188965,4.632780075073242,6.114790916442871,0.22846360504627228,0.03787364438176155,0.0354301854968071,2025-07-01 17:46:12.535,1751372172535,-7417,-3870,1270,-124,-318,-548
305,2025-07-01 17:46:12.981,2025-07-01 17:46:12.616797,-6.234501361846924,4.4939165115356445,5.6910176277160645,0.09162978827953339,0.024434609338641167,0.04886921867728233,2025-07-01 17:46:12.609,1751372172609,-7321,-3918,1591,-20,-381,-520
306,2025-07-01 17:46:13.093,2025-07-01 17:46:12.716546,-6.229712963104248,4.46518611907959,5.925649166107178,0.051312681287527084,0.00855211354792118,0.06352998316287994,2025-07-01 17:46:12.717,1751372172717,-7533,-3950,1632,-305,-161,-411
307,2025-07-01 17:46:13.204,2025-07-01 17:46:12.820245,-6.0405707359313965,4.644751071929932,5.6910176277160645,0.1258382350206375,0.02687807008624077,0.024434609338641167,2025-07-01 17:46:12.804,1751372172804,-7159,-4171,1484,10,-283,-565
308,2025-07-01 17:46:13.395,2025-07-01 17:46:12.923377,-6.057330131530762,4.771644115447998,6.2416839599609375,0.10262536257505417,-0.013439035043120384,-0.00366519158706069,2025-07-01 17:46:12.887,1751372172887,-7483,-3774,1436,-344,-513,-534
309,2025-07-01 17:46:13.480,2025-07-01 17:46:13.116194,-6.184223175048828,4.726154327392578,5.681440830230713,0.01710422709584236,-0.01710422709584236,0.013439035043120384,2025-07-01 17:46:13.150,1751372173150,-7074,-4210,1833,-72,-138,-600
310,2025-07-01 17:46:13.688,2025-07-01 17:46:13.317946,-5.896918773651123,4.8722004890441895,5.750872611999512,0.02687807008624077,-0.02932153269648552,0.024434609338641167,2025-07-01 17:46:13.353,1751372173353,-7201,-4235,1773,33,-300,-151
311,2025-07-01 17:46:13.777,2025-07-01 17:46:13.418961,-5.9304375648498535,4.944026470184326,5.5329999923706055,-0.07819075137376785,-0.006108652334660292,0.0,2025-07-01 17:46:13.419,1751372173419,-7197,-4462,1771,93,-267,-150
312,2025-07-01 17:46:13.876,2025-07-01 17:46:13.516529,-6.004657745361328,5.058948040008545,5.849034786224365,-0.07330382615327835,-0.015882495790719986,-0.021991148591041565,2025-07-01 17:46:13.508,1751372173508,-7192,-4448,1767,62,21,-149
313,2025-07-01 17:46:14.077,2025-07-01 17:46:13.716689,-5.987898349761963,4.809951305389404,5.999869346618652,-0.17959438264369965,0.010995574295520782,-0.039095375686883926,2025-07-01 17:46:13.699,1751372173699,-7184,-4267,1738,-360,-109,88
314,2025-07-01 17:46:14.393,2025-07-01 17:46:13.817314,-6.054935932159424,4.891354084014893,5.966350555419922,-0.17592918872833252,-0.018325956538319588,-0.051312681287527084,2025-07-01 17:46:13.817,1751372173817,-7198,-4430,1899,20,289,317
315,2025-07-01 17:46:14.681,2025-07-01 17:46:14.326762,-6.0597243309021,3.2632968425750732,6.943184852600098,-0.7574729323387146,-0.012217304669320583,-0.14294247329235077,2025-07-01 17:46:14.338,1751372174338,-7338,-3748,1647,-182,246,1029
316,2025-07-01 17:46:14.776,2025-07-01 17:46:14.516220,-5.674258232116699,1.644816517829895,6.313509941101074,-0.8539896011352539,-0.024434609338641167,-0.6047565937042236,2025-07-01 17:46:14.499,1751372174499,-7570,-3172,1383,-1106,1336,1992
317,2025-07-01 17:46:15.098,2025-07-01 17:46:14.716238,-5.307945251464844,-1.2641384601593018,6.555324077606201,-1.6701055765151978,0.13927727937698364,-1.7165313959121704,2025-07-01 17:46:14.678,1751372174678,-7963,-2324,879,-1909,1768,2566
318,2025-07-01 17:46:15.276,2025-07-01 17:46:14.922629,-5.394136428833008,-7.565677165985107,5.595249176025391,-1.9315558671951294,-0.384845107793808,-2.079385280609131,2025-07-01 17:46:14.958,1751372174958,-8461,-364,-1343,-2298,1916,2587
319,2025-07-01 17:46:15.391,2025-07-01 17:46:15.118889,-1.6831238269805908,-8.848969459533691,5.008669853210449,-0.27977627515792847,-0.8148942589759827,-0.9969320893287659,2025-07-01 17:46:15.150,1751372175150,-8209,574,-1418,-217,190,-18
320,2025-07-01 17:46:15.590,2025-07-01 17:46:15.229937,0.09816227108240128,-9.399636268615723,4.8722004890441895,-0.6352998614311218,-0.5852088928222656,-0.7586946487426758,2025-07-01 17:46:15.226,1751372175226,-8261,777,-1475,-207,458,-126
321,2025-07-01 17:46:15.676,2025-07-01 17:46:15.323973,1.1061211824417114,-10.6925048828125,4.982333660125732,0.07941248267889023,-0.4960225820541382,-0.5094616413116455,2025-07-01 17:46:15.335,1751372175335,-8307,468,-1499,-710,107,49
322,2025-07-01 17:46:15.798,2025-07-01 17:46:15.419239,1.7381904125213623,-9.591172218322754,4.709394931793213,-0.06230825558304787,-0.3640756905078888,-0.2871066629886627,2025-07-01 17:46:15.413,1751372175413,-8085,515,-1624,-681,-350,-202
323,2025-07-01 17:46:15.990,2025-07-01 17:46:15.622722,1.4532804489135742,-8.702922821044922,4.434061527252197,0.11972958594560623,-0.11972958594560623,-0.07696902006864548,2025-07-01 17:46:15.590,1751372175590,-7934,158,-1353,-866,-445,-146
324,2025-07-01 17:46:16.184,2025-07-01 17:46:15.816774,1.5083470344543457,-8.755595207214355,4.201824188232422,-0.11972958594560623,0.019547687843441963,-0.042760565876960754,2025-07-01 17:46:15.798,1751372175798,-8278,603,-1396,47,44,-381
325,2025-07-01 17:46:16.400,2025-07-01 17:46:16.125229,1.8483237028121948,-8.525752067565918,5.1810526847839355,-0.05375614017248154,-0.030543262138962746,-0.06352998316287994,2025-07-01 17:46:16.126,1751372176126,-8274,331,-1333,447,47,-522
326,2025-07-01 17:46:16.493,2025-07-01 17:46:16.125229,1.8483237028121948,-8.525752067565918,5.1810526847839355,-0.05375614017248154,-0.030543262138962746,-0.06352998316287994,2025-07-01 17:46:16.126,1751372176126,-8274,331,-1333,447,47,-522
327,2025-07-01 17:46:16.676,2025-07-01 17:46:16.330654,0.07900865375995636,-7.074865818023682,7.2113356590271,2.328618288040161,1.0983357429504395,-1.8863518238067627,2025-07-01 17:46:16.357,1751372176357,-8207,370,-1400,805,-58,-368
328,2025-07-01 17:46:16.813,2025-07-01 17:46:16.417809,1.161187767982483,-6.3949127197265625,6.617573261260986,1.7434093952178955,-0.7330383062362671,-1.5625933408737183,2025-07-01 17:46:16.406,1751372176406,-8315,-98,-1376,472,-28,-129
329,2025-07-01 17:46:17.076,2025-07-01 17:46:16.820640,7.663839817047119,-7.876923561096191,6.72531270980835,-5.222898006439209,1.3390166759490967,1.2498302459716797,2025-07-01 17:46:16.848,1751372176848,-8277,-277,-1095,-327,-357,-610
330,2025-07-01 17:46:17.276,2025-07-01 17:46:16.917634,2.873042106628418,-9.593565940856934,5.681440830230713,-2.5326473712921143,1.176526427268982,1.7580702304840088,2025-07-01 17:46:16.940,1751372176940,-8217,-609,-1147,-390,-100,-874
331,2025-07-01 17:46:17.383,2025-07-01 17:46:17.028344,0.730231523513794,-8.200140953063965,5.037400245666504,-1.2376129627227783,0.9712757468223572,1.8558086156845093,2025-07-01 17:46:17.026,1751372177026,-8243,-417,-953,-334,149,-398
332,2025-07-01 17:46:17.485,2025-07-01 17:46:17.131442,-1.0893617868423462,-10.050858497619629,3.4380736351013184,-1.89979088306427,0.02076941914856434,1.927890658378601,2025-07-01 17:46:17.126,1751372177126,-8266,-531,-1155,141,228,125
333,2025-07-01 17:46:17.591,2025-07-01 17:46:17.223639,-2.9472622871398926,-7.529764175415039,0.9888052940368652,-1.7336355447769165,-0.4288274049758911,0.8515461683273315,2025-07-01 17:46:17.210,1751372177210,-8070,-157,-1233,261,149,-71
334,2025-07-01 17:46:17.685,2025-07-01 17:46:17.323420,-1.1109095811843872,-8.128314971923828,1.0989385843276978,1.2290608882904053,-0.8491026759147644,-0.08185594528913498,2025-07-01 17:46:17.314,1751372177314,-8285,-310,-1258,93,283,-264
335,2025-07-01 17:46:17.881,2025-07-01 17:46:17.516654,-0.5722141861915588,-10.1753568649292,4.106055736541748,1.177748203277588,-0.1918116807937622,-0.4190535545349121,2025-07-01 17:46:17.476,1751372177476,-8254,-552,-1171,-204,-67,-605
336,2025-07-01 17:46:17.978,2025-07-01 17:46:17.632379,-1.3982137441635132,-9.799467086791992,3.8163576126098633,0.6670648455619812,-0.15760323405265808,-0.18814650177955627,2025-07-01 17:46:17.655,1751372177655,-7905,-644,-1271,-853,168,-236
337,2025-07-01 17:46:18.085,2025-07-01 17:46:17.632379,-1.3982137441635132,-9.799467086791992,3.8163576126098633,0.6670648455619812,-0.15760323405265808,-0.18814650177955627,2025-07-01 17:46:17.655,1751372177655,-7905,-644,-1271,-853,168,-236
338,2025-07-01 17:46:18.282,2025-07-01 17:46:17.924406,-1.1899182796478271,-7.41484260559082,5.0014872550964355,2.337170362472534,0.025656340643763542,0.07452555745840073,2025-07-01 17:46:17.940,1751372177940,-7866,-803,-1816,-104,-40,-138
339,2025-07-01 17:46:18.388,2025-07-01 17:46:18.021759,1.9369091987609863,-5.87776517868042,13.812150001525879,2.8845057487487793,0.4434881806373596,0.39217549562454224,2025-07-01 17:46:18.022,1751372178022,-7867,-810,-1827,100,285,-376
340,2025-07-01 17:46:18.489,2025-07-01 17:46:18.126335,-3.6846764087677,-0.22266076505184174,7.649474620819092,-1.9083430767059326,1.5931365489959717,0.1612684279680252,2025-07-01 17:46:18.142,1751372178142,-7921,-807,-1414,123,79,-531
341,2025-07-01 17:46:18.586,2025-07-01 17:46:18.229562,-7.15387487411499,-5.825092792510986,2.0901381969451904,1.5601497888565063,-0.30543261766433716,1.549154281616211,2025-07-01 17:46:18.213,1751372178213,-7870,-1032,-1441,-640,90,-183
342,2025-07-01 17:46:18.980,2025-07-01 17:46:18.716127,2.5091233253479004,4.58968448638916,13.323732376098633,1.4294246435165405,0.34086281061172485,-0.3591887652873993,2025-07-01 17:46:18.733,1751372178733,-7896,-831,-1563,-370,14,11
343,2025-07-01 17:46:19.082,2025-07-01 17:46:18.816144,0.11252748221158981,-2.9927520751953125,13.749900817871094,-2.166128158569336,1.7336355447769165,0.8014551997184753,2025-07-01 17:46:18.817,1751372178817,-8208,-1074,-1267,-228,-103,-365
344,2025-07-01 17:46:19.301,2025-07-01 17:46:19.016154,1.6879122257232666,2.2577321529388428,11.262324333190918,2.973691940307617,-0.5143485069274902,-0.7916813492774963,2025-07-01 17:46:19.025,1751372179025,-8264,-781,-1447,270,-5,170
345,2025-07-01 17:46:19.477,2025-07-01 17:46:19.130440,0.3663128614425659,4.24970817565918,7.017405033111572,3.6444220542907715,-0.44837507605552673,-1.0458012819290161,2025-07-01 17:46:19.102,1751372179102,-8209,-425,-1593,600,-276,277
346,2025-07-01 17:46:19.588,2025-07-01 17:46:19.230277,2.451662540435791,1.4963760375976562,12.94305419921875,1.9071213006973267,-0.05619960278272629,-0.12095131725072861,2025-07-01 17:46:19.266,1751372179266,-8277,-440,-1230,-2,66,-33
347,2025-07-01 17:46:19.780,2025-07-01 17:46:19.424824,-1.3527239561080933,-5.609614372253418,4.707000732421875,-4.035375595092773,-0.8148942589759827,0.8918632864952087,2025-07-01 17:46:19.450,1751372179450,-7918,-495,-1259,-574,269,-376
348,2025-07-01 17:46:19.980,2025-07-01 17:46:19.617807,0.5793967843055725,3.9384617805480957,7.728483200073242,1.8582520484924316,-0.9040805697441101,-0.49846604466438293,2025-07-01 17:46:19.587,1751372179587,-8231,-850,-1409,0,140,52
349,2025-07-01 17:46:20.076,2025-07-01 17:46:19.733640,4.795586109161377,5.336675643920898,13.826515197753906,-0.18325957655906677,-0.8759807348251343,-0.22479841113090515,2025-07-01 17:46:19.727,1751372179727,-8253,-862,-1570,-76,58,-83
350,2025-07-01 17:46:20.187,2025-07-01 17:46:19.828133,2.52109432220459,2.0925323963165283,11.116278648376465,-1.987755537033081,1.4648548364639282,0.004886921960860491,2025-07-01 17:46:19.819,1751372179819,-7928,-502,-1547,322,52,-342
351,2025-07-01 17:46:20.287,2025-07-01 17:46:19.927950,-2.1116859912872314,-3.6607344150543213,4.108449935913086,-5.3084187507629395,-0.6426302194595337,1.1557570695877075,2025-07-01 17:46:19.914,1751372179914,-7922,-730,-1550,-427,105,-140
352,2025-07-01 17:46:20.391,2025-07-01 17:46:20.028299,1.6352397203445435,0.014365210197865963,7.936778545379639,1.3878858089447021,-0.7440338730812073,-0.1466076523065567,2025-07-01 17:46:20.001,1751372180001,-8241,-675,-1412,-272,331,288
353,2025-07-01 17:46:20.776,2025-07-01 17:46:20.435328,0.7015010714530945,-0.9457096457481384,7.812280178070068,-0.24678955972194672,-0.37751471996307373,0.0757472887635231,2025-07-01 17:46:20.439,1751372180439,-8240,-468,-1254,86,11,-513
354,2025-07-01 17:46:20.876,2025-07-01 17:46:20.531429,0.8834604024887085,2.0590133666992188,10.709263801574707,0.5009095072746277,-0.1563815027475357,-0.10384709388017654,2025-07-01 17:46:20.529,1751372180529,-8233,-786,-1261,-257,-258,-537
355,2025-07-01 17:46:20.992,2025-07-01 17:46:20.634530,1.8148049116134644,2.1523873805999756,10.805032730102539,-0.26022860407829285,-0.11850785464048386,-0.375071257352829,2025-07-01 17:46:20.639,1751372180639,-7936,-671,-1242,-80,31,-153
356,2025-07-01 17:46:21.076,2025-07-01 17:46:20.734092,0.667982280254364,-2.8993782997131348,8.731653213500977,-0.5216789245605469,0.304210901260376,-0.4043927788734436,2025-07-01 17:46:20.745,1751372180745,-8264,-734,-1231,-108,115,-184
357,2025-07-01 17:46:21.213,2025-07-01 17:46:20.830726,-0.15562310814857483,-1.2473790645599365,8.719682693481445,0.6951646208763123,-0.05742133408784866,-0.1869247704744339,2025-07-01 17:46:20.813,1751372180813,-8069,-907,-1219,331,-212,-536
358,2025-07-01 17:46:21.294,2025-07-01 17:46:20.928140,2.190694570541382,1.8291701078414917,11.489773750305176,1.4819591045379639,0.11972958594560623,-0.16493362188339233,2025-07-01 17:46:20.920,1751372180920,-8201,-1098,-1202,220,-781,15
359,2025-07-01 17:46:21.600,2025-07-01 17:46:21.232780,2.738966703414917,0.21308395266532898,10.960655212402344,0.07330382615327835,-0.05497787147760391,0.09529497474431992,2025-07-01 17:46:21.257,1751372181257,-8249,-741,-937,-81,-383,-32
360,2025-07-01 17:46:21.676,2025-07-01 17:46:21.340191,0.181959331035614,-2.652775526046753,7.642292022705078,-1.500285029411316,0.02321287989616394,0.22357667982578278,2025-07-01 17:46:21.364,1751372181364,-8314,-646,-897,-62,97,127
361,2025-07-01 17:46:21.781,2025-07-01 17:46:21.438687,2.6360161304473877,-1.7549498081207275,10.845733642578125,-2.1954495906829834,0.3127630054950714,0.6426302194595337,2025-07-01 17:46:21.439,1751372181439,-8072,-885,-1083,129,62,-54
362,2025-07-01 17:46:21.912,2025-07-01 17:46:21.540538,-2.0901381969451904,-5.920860767364502,6.2201361656188965,0.17470745742321014,2.0977113246917725,0.06108652427792549,2025-07-01 17:46:21.531,1751372181531,-8083,-703,-722,127,46,33
363,2025-07-01 17:46:21.976,2025-07-01 17:46:21.635092,-0.28730419278144836,-1.678335428237915,8.154650688171387,4.797735691070557,-0.8210029006004333,-0.5094616413116455,2025-07-01 17:46:21.611,1751372181611,-8233,-665,-901,-172,87,22
364,2025-07-01 17:46:22.094,2025-07-01 17:46:21.740057,2.4636335372924805,2.9544448852539062,11.080365180969238,0.32498031854629517,-0.7440338730812073,0.2370157092809677,2025-07-01 17:46:21.702,1751372181702,-8099,-746,-1034,75,66,-99
365,2025-07-01 17:46:22.179,2025-07-01 17:46:21.817149,0.646434485912323,1.2545616626739502,9.876082420349121,-1.3952162265777588,0.1514945775270462,0.5070181488990784,2025-07-01 17:46:21.794,1751372181794,-8295,-710,-689,72,-263,71
366,2025-07-01 17:46:22.477,2025-07-01 17:46:22.120873,-0.19393034279346466,-1.400607943534851,9.023746490478516,5.629734039306641,-0.08307767659425735,-0.49357911944389343,2025-07-01 17:46:22.157,1751372182157,-8073,-891,-1031,-821,104,104
367,2025-07-01 17:46:22.576,2025-07-01 17:46:22.219869,1.9273324012756348,2.535459518432617,9.947908401489258,-1.2180652618408203,-1.1911872625350952,0.20402899384498596,2025-07-01 17:46:22.244,1751372182244,-8104,-684,-745,-148,44,-39
368,2025-07-01 17:46:22.676,2025-07-01 17:46:22.335357,0.7445967197418213,0.8954314589500427,10.474632263183594,-1.361007809638977,0.11239920556545258,0.5277875661849976,2025-07-01 17:46:22.338,1751372182338,-8097,-500,-894,-93,67,-87
369,2025-07-01 17:46:22.779,2025-07-01 17:46:22.435919,0.828393816947937,0.586579442024231,7.884106159210205,-1.1081095933914185,0.021991148591041565,0.4141666293144226,2025-07-01 17:46:22.427,1751372182427,-8079,-497,-650,-126,81,-105
370,2025-07-01 17:46:22.876,2025-07-01 17:46:22.537149,0.5889736413955688,-5.544970989227295,6.461950302124023,-3.36098051071167,0.3237585723400116,0.08552113175392151,2025-07-01 17:46:22.506,1751372182506,-8308,-482,-675,92,97,124
371,2025-07-01 17:46:22.980,2025-07-01 17:46:22.635390,-0.9217676520347595,-4.874594688415527,7.6111674308776855,4.846604824066162,0.3701843321323395,-0.6829473376274109,2025-07-01 17:46:22.625,1751372182625,-8262,-608,-1068,-197,344,62
372,2025-07-01 17:46:23.276,2025-07-01 17:46:22.916376,1.0007762908935547,2.4612393379211426,10.201693534851074,-0.42638394236564636,1.0506882667541504,-0.2919935882091522,2025-07-01 17:46:22.900,1751372182900,-8306,-388,-978,67,291,-108
373,2025-07-01 17:46:23.376,2025-07-01 17:46:23.030897,1.338358759880066,-0.38307225704193115,6.435614109039307,-2.9578094482421875,1.1337659358978271,-0.9077457785606384,2025-07-01 17:46:23.057,1751372183057,-8271,-604,-1289,-552,353,-42
374,2025-07-01 17:46:23.591,2025-07-01 17:46:23.216453,-0.12210428714752197,-8.71728801727295,3.026270866394043,-3.938858985900879,0.7122688889503479,-2.431243658065796,2025-07-01 17:46:23.237,1751372183237,-7858,-247,-1164,-334,563,121
375,2025-07-01 17:46:23.699,2025-07-01 17:46:23.337418,1.0223240852355957,-11.417947769165039,3.648763418197632,-0.09529497474431992,-0.39584067463874817,-2.524095296859741,2025-07-01 17:46:23.323,1751372183323,-7679,-501,-1871,-645,669,-467
376,2025-07-01 17:46:23.785,2025-07-01 17:46:23.434,4.565742492675781,-9.684545516967773,5.008669853210449,1.3084733486175537,-0.4948008358478546,-1.8374826908111572,2025-07-01 17:46:23.415,1751372183415,-8138,-701,-1759,-168,491,-712
377,2025-07-01 17:46:23.893,2025-07-01 17:46:23.532527,6.337451934814453,-8.492233276367188,5.489904403686523,-1.0580185651779175,-0.2541199326515198,-0.7525860071182251,2025-07-01 17:46:23.537,1751372183537,-8301,-671,-1728,315,54,174
378,2025-07-01 17:46:24.078,2025-07-01 17:46:23.739993,6.787561893463135,-7.101202011108398,5.322310447692871,1.7886134386062622,-0.15027284622192383,-0.4764748811721802,2025-07-01 17:46:23.773,1751372183773,-8281,355,-1337,265,-450,617
379,2025-07-01 17:46:24.209,2025-07-01 17:46:23.916034,8.312667846679688,-7.50582218170166,6.598419666290283,0.8943067193031311,0.24434609711170197,0.4911356568336487,2025-07-01 17:46:23.954,1751372183954,-8487,-120,-1341,292,-465,-1237
380,2025-07-01 17:46:24.384,2025-07-01 17:46:24.116122,-1.0079588890075684,-6.045359134674072,4.565742492675781,-1.36955988407135,-0.27488934993743896,1.8851301670074463,2025-07-01 17:46:24.138,1751372184138,-7813,-1334,-703,540,-1141,-2089
381,2025-07-01 17:46:24.486,2025-07-01 17:46:24.216283,2.3965959548950195,-7.94635534286499,4.144362926483154,-1.1643091440200806,-0.8307767510414124,0.9004153609275818,2025-07-01 17:46:24.218,1751372184218,-8125,-1397,-806,823,-509,-990
382,2025-07-01 17:46:24.691,2025-07-01 17:46:24.316382,2.6575639247894287,-8.722076416015625,5.224148273468018,-0.43249258399009705,-0.1417207419872284,0.18814650177955627,2025-07-01 17:46:24.334,1751372184334,-8285,-1469,-415,914,-794,-950
383,2025-07-01 17:46:24.778,2025-07-01 17:46:24.439909,1.7884687185287476,-9.105149269104004,5.319916248321533,0.3982841372489929,-0.036651913076639175,-0.042760565876960754,2025-07-01 17:46:24.438,1751372184438,-8292,-2072,-346,384,-949,-1182
384,2025-07-01 17:46:25.081,2025-07-01 17:46:24.742631,0.3447650372982025,-11.27190113067627,7.481880187988281,0.5363397002220154,0.6047565937042236,1.7641788721084595,2025-07-01 17:46:24.775,1751372184775,-7935,-1998,810,241,-920,-812
385,2025-07-01 17:46:25.176,2025-07-01 17:46:24.837408,-1.7357962131500244,-9.05247688293457,6.469132900238037,0.03787364438176155,0.5277875661849976,2.2821924686431885,2025-07-01 17:46:24.849,1751372184849,-7879,-2405,726,139,-197,-261
386,2025-07-01 17:46:25.280,2025-07-01 17:46:24.924273,-4.244919776916504,-5.813121795654297,6.744466304779053,-0.12461651116609573,0.1270599663257599,2.387261390686035,2025-07-01 17:46:24.955,1751372184955,-7910,-2025,725,607,347,-258
387,2025-07-01 17:46:25.380,2025-07-01 17:46:25.034308,-4.850652694702148,-4.865017890930176,5.430049419403076,0.2993239760398865,-0.08307767659425735,1.8448129892349243,2025-07-01 17:46:25.032,1751372185032,-8278,-2377,641,315,290,-609
388,2025-07-01 17:46:25.476,2025-07-01 17:46:25.144635,-5.272032260894775,-3.883395195007324,5.623979568481445,0.8307767510414124,-0.11362093687057495,1.207069754600525,2025-07-01 17:46:25.150,1751372185150,-7871,-2554,1088,164,31,-470
389,2025-07-01 17:46:25.581,2025-07-01 17:46:25.232632,-5.4228668212890625,-2.516305923461914,6.0836663246154785,1.3463469743728638,-0.09040805697441101,0.7611380815505981,2025-07-01 17:46:25.218,1751372185218,-8035,-2821,939,782,29,-794
390,2025-07-01 17:46:25.689,2025-07-01 17:46:25.334544,-5.772420406341553,-1.0989385843276978,6.998251438140869,1.616349458694458,-0.06719517707824707,0.43737950921058655,2025-07-01 17:46:25.321,1751372185321,-7821,-2455,922,808,276,-573
391,2025-07-01 17:46:25.803,2025-07-01 17:46:25.445872,-5.640739440917969,0.4644751250743866,6.864176273345947,1.4941763877868652,-0.01710422709584236,0.4092797040939331,2025-07-01 17:46:25.483,1751372185483,-7884,-2595,1107,609,322,-99
392,2025-07-01 17:46:25.977,2025-07-01 17:46:25.633611,-5.846640586853027,2.5713725090026855,7.529764175415039,0.7831292152404785,-0.1612684279680252,0.2076941877603531,2025-07-01 17:46:25.666,1751372185666,-8050,-2943,994,168,-270,-891
393,2025-07-01 17:46:26.089,2025-07-01 17:46:25.745006,-5.7556610107421875,2.765302896499634,7.441178798675537,0.3799581825733185,-0.03176499158143997,0.09651670604944229,2025-07-01 17:46:25.767,1751372185767,-8000,-2802,1288,5,29,-214
394,2025-07-01 17:46:26.178,2025-07-01 17:46:25.840505,-5.839457988739014,3.1483752727508545,7.343016624450684,0.25534167885780334,-0.1417207419872284,0.24068090319633484,2025-07-01 17:46:25.850,1751372185850,-7644,-3007,1397,-369,50,-120
395,2025-07-01 17:46:26.279,2025-07-01 17:46:25.941063,-5.578489780426025,3.098097085952759,7.228095054626465,0.14782938361167908,-0.00855211354792118,0.14049901068210602,2025-07-01 17:46:25.942,1751372185942,-7665,-2787,1021,305,283,112
396,2025-07-01 17:46:26.379,2025-07-01 17:46:26.043320,-5.5545477867126465,3.8570590019226074,7.374141216278076,0.41172316670417786,0.02076941914856434,0.10751228034496307,2025-07-01 17:46:26.052,1751372186052,-8011,-2796,1284,-244,-330,-182
397,2025-07-01 17:46:26.477,2025-07-01 17:46:26.140685,-5.439626216888428,3.8163576126098633,7.0772600173950195,0.3604104816913605,-0.009773843921720982,0.05742133408784866,2025-07-01 17:46:26.130,1751372186130,-7672,-3001,1351,-276,-285,-405
398,2025-07-01 17:46:26.582,2025-07-01 17:46:26.244125,-5.461174011230469,4.0078935623168945,6.818686485290527,0.36163222789764404,-0.0354301854968071,0.06352998316287994,2025-07-01 17:46:26.221,1751372186221,-7668,-2992,1363,59,-300,-534
399,2025-07-01 17:46:26.988,2025-07-01 17:46:26.540227,-5.1595048904418945,4.90571928024292,6.730101108551025,0.21135938167572021,-0.08185594528913498,0.05009094998240471,2025-07-01 17:46:26.563,1751372186563,-7777,-3238,1221,-360,98,-212
400,2025-07-01 17:46:27.091,2025-07-01 17:46:26.741295,-5.20978307723999,5.169081687927246,6.557718276977539,0.19058994948863983,0.015882495790719986,-0.006108652334660292,2025-07-01 17:46:26.746,1751372186746,-7767,-3619,1231,-129,26,-583
401,2025-07-01 17:46:27.176,2025-07-01 17:46:26.840263,-5.135562419891357,5.370194435119629,6.418854713439941,0.22113321721553802,0.006108652334660292,0.009773843921720982,2025-07-01 17:46:26.830,1751372186830,-7763,-3659,1235,-278,56,-213
402,2025-07-01 17:46:27.276,2025-07-01 17:46:26.943638,-5.109226226806641,5.384559631347656,6.1985883712768555,0.2577851414680481,0.006108652334660292,0.00733038317412138,2025-07-01 17:46:26.944,1751372186944,-7701,-3458,1255,31,-298,-408
403,2025-07-01 17:46:27.490,2025-07-01 17:46:27.146714,-5.125985622406006,5.774814605712891,6.081272125244141,0.11362093687057495,-0.00366519158706069,-0.012217304669320583,2025-07-01 17:46:27.127,1751372187127,-7356,-3557,1605,-115,-380,-498
404,2025-07-01 17:46:27.805,2025-07-01 17:46:27.435346,-5.12119722366333,5.705382823944092,5.8657941818237305,0.21991148591041565,-0.01710422709584236,-0.025656340643763542,2025-07-01 17:46:27.460,1751372187460,-7494,-3935,1411,341,99,-299
405,2025-07-01 17:46:27.983,2025-07-01 17:46:27.648889,-5.106832027435303,6.01423454284668,5.6910176277160645,0.1014036312699318,-0.0354301854968071,-0.01710422709584236,2025-07-01 17:46:27.646,1751372187646,-7162,-4127,1477,286,99,-230
406,2025-07-01 17:46:28.078,2025-07-01 17:46:27.749520,-5.123591423034668,6.114790916442871,5.717353820800781,0.05009094998240471,0.004886921960860491,-0.06108652427792549,2025-07-01 17:46:27.763,1751372187763,-7451,-4147,1459,-105,-82,-130
407,2025-07-01 17:46:28.187,2025-07-01 17:46:27.840552,-5.063736438751221,6.057330131530762,5.702988624572754,0.0806342139840126,-0.05742133408784866,0.03787364438176155,2025-07-01 17:46:27.834,1751372187834,-7161,-4185,1472,308,-40,-604
408,2025-07-01 17:46:28.277,2025-07-01 17:46:27.947966,-4.903325080871582,6.098031520843506,5.537788391113281,0.20525072515010834,0.0012217304902151227,-0.009773843921720982,2025-07-01 17:46:27.939,1751372187939,-7120,-4046,1510,-307,-357,-209
409,2025-07-01 17:46:28.377,2025-07-01 17:46:28.042517,-5.114014625549316,6.167463779449463,5.485116004943848,0.07696902006864548,-0.00733038317412138,-0.010995574295520782,2025-07-01 17:46:28.007,1751372188007,-7066,-4354,1813,21,47,-139
410,2025-07-01 17:46:28.479,2025-07-01 17:46:28.146560,-5.070919036865234,6.344634532928467,5.394136428833008,0.05375614017248154,-0.00855211354792118,0.004886921960860491,2025-07-01 17:46:28.111,1751372188111,-7261,-4413,1795,42,88,-199
411,2025-07-01 17:46:28.579,2025-07-01 17:46:28.246326,-5.0876784324646,6.208165168762207,5.372588634490967,0.09529497474431992,0.025656340643763542,-0.00855211354792118,2025-07-01 17:46:28.276,1751372188276,-7287,-4419,1506,92,-81,-172
412,2025-07-01 17:46:28.693,2025-07-01 17:46:28.348390,-5.1331682205200195,6.385335922241211,5.281609058380127,0.06475171446800232,0.030543262138962746,0.00366519158706069,2025-07-01 17:46:28.377,1751372188377,-7275,-4450,1504,69,-110,-142
413,2025-07-01 17:46:28.776,2025-07-01 17:46:28.433978,-5.118803024291992,6.411672115325928,5.319916248321533,0.05497787147760391,0.018325956538319588,0.01466076634824276,2025-07-01 17:46:28.458,1751372188458,-7201,-4467,1863,-265,-349,-361
414,2025-07-01 17:46:28.878,2025-07-01 17:46:28.545041,-5.051765441894531,6.524199485778809,5.200206279754639,0.06352998316287994,-0.00366519158706069,0.009773843921720982,2025-07-01 17:46:28.546,1751372188546,-6892,-4266,1908,-296,26,-384
415,2025-07-01 17:46:29.077,2025-07-01 17:46:28.745115,-5.0900726318359375,6.399701118469238,5.1331682205200195,0.05253441259264946,0.025656340643763542,0.006108652334660292,2025-07-01 17:46:28.728,1751372188728,-6868,-4617,1666,-91,21,-542
416,2025-07-01 17:46:29.176,2025-07-01 17:46:28.846655,-5.04218864440918,6.490680694580078,4.855441093444824,0.02321287989616394,0.01710422709584236,0.021991148591041565,2025-07-01 17:46:28.848,1751372188848,-6857,-4631,1678,69,-270,-554
417,2025-07-01 17:46:29.276,2025-07-01 17:46:28.948115,-5.123591423034668,6.660669326782227,5.07570743560791,0.01466076634824276,0.010995574295520782,-0.010995574295520782,2025-07-01 17:46:28.910,1751372188910,-6824,-4712,1919,-316,47,-144
418,2025-07-01 17:46:29.485,2025-07-01 17:46:29.137947,-5.011064052581787,6.461950302124023,4.987122058868408,-0.04764748737215996,0.012217304669320583,-0.03176499158143997,2025-07-01 17:46:29.175,1751372189175,-7003,-4489,1701,11,-106,33
419,2025-07-01 17:46:29.685,2025-07-01 17:46:29.348794,-4.994304656982422,6.517016887664795,5.214571475982666,-0.23335053026676178,-0.012217304669320583,-0.042760565876960754,2025-07-01 17:46:29.372,1751372189372,-7037,-4497,1685,24,115,-100
420,2025-07-01 17:46:29.877,2025-07-01 17:46:29.535301,-5.135562419891357,5.731719017028809,5.70777702331543,-0.46303585171699524,-0.010995574295520782,-0.1258382350206375,2025-07-01 17:46:29.541,1751372189541,-6837,-4664,1887,12,-40,209
421,2025-07-01 17:46:30.182,2025-07-01 17:46:29.749174,-5.061342239379883,5.250484466552734,6.497863292694092,-0.7220427393913269,-0.02687807008624077,-0.1563815027475357,2025-07-01 17:46:29.728,1751372189728,-6872,-4347,1866,-276,334,408
422,2025-07-01 17:46:30.379,2025-07-01 17:46:29.928078,-4.594472885131836,2.7461493015289307,5.975927352905273,-1.176526427268982,-0.021991148591041565,-0.6817256212234497,2025-07-01 17:46:29.912,1751372189912,-7255,-4264,1850,-364,183,771
423,2025-07-01 17:46:30.485,2025-07-01 17:46:30.147137,-4.989516258239746,0.0071826050989329815,6.797138690948486,-2.012190103530884,-0.025656340643763542,-1.3964380025863647,2025-07-01 17:46:30.173,1751372190173,-8050,-2925,1024,-1405,1253,2001
424,2025-07-01 17:46:30.683,2025-07-01 17:46:30.340710,-4.920084476470947,-5.5545477867126465,6.7923502922058105,-1.607797384262085,-0.1722639948129654,-1.9938641786575317,2025-07-01 17:46:30.378,1751372190378,-8213,-1987,312,-1508,1650,1703
425,2025-07-01 17:46:30.882,2025-07-01 17:46:30.535347,-1.6879122257232666,-8.93037223815918,7.386112213134766,-0.31642818450927734,-0.4202753007411957,-1.1276572942733765,2025-07-01 17:46:30.525,1751372190525,-8495,-1384,-922,-1699,1407,1127
426,2025-07-01 17:46:30.982,2025-07-01 17:46:30.723912,-0.3016694188117981,-7.7763671875,6.215347766876221,0.2687807083129883,-0.2125810980796814,-0.5485569834709167,2025-07-01 17:46:30.714,1751372190714,-8261,-655,-916,-614,-75,427
427,2025-07-01 17:46:31.296,2025-07-01 17:46:30.944215,0.9457096457481384,-8.556877136230469,6.0190229415893555,-0.15882496535778046,-0.2015855312347412,-0.3396410644054413,2025-07-01 17:46:30.967,1751372190967,-8319,-791,-925,-346,-126,-64
428,2025-07-01 17:46:31.379,2025-07-01 17:46:31.047821,0.8906430602073669,-8.090007781982422,6.038176536560059,-0.009773843921720982,-0.10995574295520782,-0.19425514340400696,2025-07-01 17:46:31.062,1751372191062,-8261,-780,-914,99,80,-269
429,2025-07-01 17:46:31.482,2025-07-01 17:46:31.144384,1.1468225717544556,-7.548917770385742,5.501875400543213,-0.02687807008624077,-0.09651670604944229,-0.15027284622192383,2025-07-01 17:46:31.153,1751372191153,-8074,-845,-1140,-155,33,13
430,2025-07-01 17:46:31.578,2025-07-01 17:46:31.255655,1.139639973640442,-8.5903959274292,5.714959621429443,-0.04764748737215996,-0.1014036312699318,-0.08674286305904388,2025-07-01 17:46:31.266,1751372191266,-8269,-642,-1089,124,-365,-196
431,2025-07-01 17:46:31.882,2025-07-01 17:46:31.549789,0.9768342971801758,-7.690176010131836,4.970362663269043,-0.14049901068210602,0.11850785464048386,-0.23579397797584534,2025-07-01 17:46:31.512,1751372191512,-8077,-668,-1100,93,-121,-92
432,2025-07-01 17:46:32.089,2025-07-01 17:46:31.732500,2.8227639198303223,-8.200140953063965,7.501033782958984,0.1466076523065567,0.09040805697441101,-0.06963863968849182,2025-07-01 17:46:31.718,1751372191718,-8095,-813,-1047,-38,-48,823
433,2025-07-01 17:46:32.279,2025-07-01 17:46:31.844422,2.604891538619995,-7.884106159210205,5.700594425201416,0.4056145250797272,0.6927211880683899,-0.4251621961593628,2025-07-01 17:46:31.805,1751372191805,-8075,-465,-728,129,-37,1047
434,2025-07-01 17:46:32.690,2025-07-01 17:46:32.346583,6.715735912322998,-2.27209734916687,8.425195693969727,-0.46181413531303406,-0.14538592100143433,0.09162978827953339,2025-07-01 17:46:32.326,1751372192326,-8098,-12,-1223,93,-137,-167
435,2025-07-01 17:46:32.777,2025-07-01 17:46:32.444669,7.6351094245910645,-6.246472358703613,9.148244857788086,-2.439795732498169,1.6126842498779297,0.940732479095459,2025-07-01 17:46:32.414,1751372192414,-8296,2,-1379,-232,-188,-432
436,2025-07-01 17:46:32.883,2025-07-01 17:46:32.518134,1.4484920501708984,-7.649474620819092,7.675810813903809,-1.0531316995620728,2.0732767581939697,2.180788993835449,2025-07-01 17:46:32.511,1751372192511,-8238,-163,-1129,57,-439,-778
437,2025-07-01 17:46:33.376,2025-07-01 17:46:33.017444,-0.9481038451194763,-10.091560363769531,3.488351821899414,1.33168625831604,-0.2834414839744568,-0.6914994716644287,2025-07-01 17:46:33.046,1751372193046,-8085,-134,-994,-824,324,-452
438,2025-07-01 17:46:33.476,2025-07-01 17:46:33.141751,-1.4413094520568848,-9.967061996459961,3.4524388313293457,-0.08307767659425735,-0.14905111491680145,-0.37751471996307373,2025-07-01 17:46:33.144,1751372193144,-8265,-419,-948,-1085,-104,-621
439,2025-07-01 17:46:33.579,2025-07-01 17:46:33.253411,-1.05105459690094,-10.089165687561035,3.7158010005950928,1.0384708642959595,-0.22846360504627228,-0.29565876722335815,2025-07-01 17:46:33.258,1751372193258,-8272,-600,-988,-386,328,-359
440,2025-07-01 17:46:33.676,2025-07-01 17:46:33.317152,-0.6105214357376099,-9.528923034667969,4.960785865783691,1.490511178970337,-0.1918116807937622,-0.06963863968849182,2025-07-01 17:46:33.320,1751372193320,-8112,-260,-1351,-245,-65,35
441,2025-07-01 17:46:33.884,2025-07-01 17:46:33.517313,-2.1739351749420166,-7.254431247711182,5.626373767852783,2.3652701377868652,-1.1264355182647705,0.8979719281196594,2025-07-01 17:46:33.500,1751372193500,-7845,-380,-916,-154,-25,367
442,2025-07-01 17:46:33.990,2025-07-01 17:46:33.645541,-0.8571242094039917,-7.144298076629639,6.430825710296631,0.9566149711608887,-0.2565633952617645,0.5778785347938538,2025-07-01 17:46:33.676,1751372193676,-8072,31,-1191,62,268,116
443,2025-07-01 17:46:34.284,2025-07-01 17:46:33.917570,-0.9528923034667969,0.26336219906806946,6.004657745361328,3.905872344970703,-0.4801400899887085,-0.9615018963813782,2025-07-01 17:46:33.942,1751372193942,-8291,-375,-1401,1,-33,-357
444,2025-07-01 17:46:34.376,2025-07-01 17:46:34.017427,2.0374655723571777,-1.335964560508728,10.83855152130127,2.8454103469848633,-0.27488934993743896,-0.2626720666885376,2025-07-01 17:46:34.046,1751372194046,-8277,-155,-1170,-330,-108,-144
445,2025-07-01 17:46:34.476,2025-07-01 17:46:34.116076,2.250549554824829,1.237802267074585,9.856928825378418,-0.28955012559890747,0.789237916469574,-0.042760565876960754,2025-07-01 17:46:34.147,1751372194147,-8254,-155,-1354,293,-34,-198
446,2025-07-01 17:46:34.577,2025-07-01 17:46:34.227986,-2.319981336593628,2.9161376953125,6.315904140472412,-5.968153476715088,-0.32986724376678467,0.3481931984424591,2025-07-01 17:46:34.217,1751372194217,-8310,-567,-1383,-280,-48,-218
447,2025-07-01 17:46:34.878,2025-07-01 17:46:34.622227,1.2521674633026123,0.4908113479614258,9.792284965515137,-0.8185594081878662,0.9553932547569275,0.010995574295520782,2025-07-01 17:46:34.661,1751372194661,-8315,-222,-1398,-58,-344,-265
448,2025-07-01 17:46:35.089,2025-07-01 17:46:34.737920,-2.456450939178467,0.5746083855628967,7.151480674743652,-4.6718974113464355,0.06352998316287994,0.6890559792518616,2025-07-01 17:46:34.770,1751372194770,-7934,-527,-1205,0,-48,-251
449,2025-07-01 17:46:35.192,2025-07-01 17:46:34.845841,0.8164227604866028,-2.3247697353363037,6.615179061889648,2.41413950920105,-1.0005972385406494,-0.6792821288108826,2025-07-01 17:46:34.841,1751372194841,-8271,-408,-1244,48,320,-209
450,2025-07-01 17:46:35.283,2025-07-01 17:46:34.951863,-1.534683346748352,4.443638324737549,2.403778553009033,3.9632937908172607,0.11484266817569733,-1.2901474237442017,2025-07-01 17:46:34.947,1751372194947,-8242,-630,-1392,475,108,83
451,2025-07-01 17:46:35.378,2025-07-01 17:46:34.951863,-1.534683346748352,4.443638324737549,2.403778553009033,3.9632937908172607,0.11484266817569733,-1.2901474237442017,2025-07-01 17:46:34.947,1751372194947,-8242,-630,-1392,475,108,83
452,2025-07-01 17:46:35.477,2025-07-01 17:46:35.143985,0.8236053586006165,4.963180065155029,8.968679428100586,-1.7397441864013672,1.2107349634170532,0.1160643994808197,2025-07-01 17:46:35.160,1751372195160,-8291,-629,-1353,278,-304,40
453,2025-07-01 17:46:36.083,2025-07-01 17:46:35.743820,0.828393816947937,-1.2617442607879639,10.326191902160645,-0.7709119319915771,0.11728613078594208,-0.33597588539123535,2025-07-01 17:46:35.741,1751372195741,-8263,-419,-999,116,-622,-204
454,2025-07-01 17:46:36.284,2025-07-01 17:46:35.848752,-0.667982280254364,-2.164358377456665,10.666168212890625,0.475253164768219,0.5522221922874451,-0.49846604466438293,2025-07-01 17:46:35.856,1751372195856,-8303,-872,-728,185,-627,-481
455,2025-07-01 17:46:36.390,2025-07-01 17:46:36.047202,1.2473790645599365,1.2737152576446533,11.30063247680664,0.4141666293144226,0.036651913076639175,0.23335053026676178,2025-07-01 17:46:36.009,1751372196009,-8472,-688,-1103,-353,-490,-851
456,2025-07-01 17:46:36.482,2025-07-01 17:46:36.143986,0.6368576288223267,-0.7996633648872375,9.342175483703613,-0.45204028487205505,-0.06719517707824707,0.18081611394882202,2025-07-01 17:46:36.127,1751372196127,-8110,-1560,-342,-1316,-1970,-1444
457,2025-07-01 17:46:36.777,2025-07-01 17:46:36.432337,0.5985504388809204,-0.26096799969673157,9.832986831665039,-0.07819075137376785,-0.05619960278272629,-0.012217304669320583,2025-07-01 17:46:36.468,1751372196468,-8303,-1732,801,116,-475,-578
458,2025-07-01 17:46:36.980,2025-07-01 17:46:36.647414,0.7469909191131592,-0.4668693244457245,10.096348762512207,0.012217304669320583,-0.08307767659425735,0.010995574295520782,2025-07-01 17:46:36.643,1751372196643,-8270,-2069,855,108,-458,-148
459,2025-07-01 17:46:37.090,2025-07-01 17:46:36.743488,0.9911994934082031,0.272938996553421,9.909601211547852,0.06719517707824707,-0.10506882518529892,0.018325956538319588,2025-07-01 17:46:36.776,1751372196776,-8206,-2114,650,-71,-560,76
460,2025-07-01 17:46:37.694,2025-07-01 17:46:37.338920,2.432508945465088,3.335123062133789,14.767436027526855,1.930334210395813,0.0012217304902151227,0.19547687470912933,2025-07-01 17:46:37.367,1751372197367,-8212,-1747,668,1347,526,-195
461,2025-07-01 17:46:37.883,2025-07-01 17:46:37.542101,1.680729627609253,1.434126853942871,9.17936897277832,-0.7855727076530457,0.11972958594560623,0.06963863968849182,2025-07-01 17:46:37.558,1751372197558,-8137,-1824,799,-17,150,-10
462,2025-07-01 17:46:38.089,2025-07-01 17:46:37.748616,0.19153612852096558,-13.680468559265137,6.912060260772705,-2.375044107437134,0.5815436840057373,-0.039095375686883926,2025-07-01 17:46:37.750,1751372197750,-8303,-1903,418,-306,133,47
463,2025-07-01 17:46:38.179,2025-07-01 17:46:37.839415,0.45010992884635925,-1.1420341730117798,8.628703117370605,5.561316967010498,-0.37262779474258423,-0.6243042945861816,2025-07-01 17:46:37.818,1751372197818,-8113,-1703,620,-288,328,97
464,2025-07-01 17:46:38.305,2025-07-01 17:46:37.917201,3.4117374420166016,0.2849099934101105,9.847352027893066,0.9651671051979065,-0.6328563690185547,0.31520646810531616,2025-07-01 17:46:37.929,1751372197929,-8098,-1701,600,-313,-79,95
465,2025-07-01 17:46:38.577,2025-07-01 17:46:38.146330,1.9273324012756348,1.292868971824646,9.66539192199707,-0.6401867866516113,0.294437050819397,0.004886921960860491,2025-07-01 17:46:38.179,1751372198179,-8104,-1807,427,-304,6,302
466,2025-07-01 17:46:38.696,2025-07-01 17:46:38.317048,0.5434837937355042,-0.8236053586006165,5.729324817657471,-3.1948251724243164,1.6908750534057617,-1.3048081398010254,2025-07-01 17:46:38.347,1751372198347,-8091,-1656,485,-274,66,309
467,2025-07-01 17:46:38.977,2025-07-01 17:46:38.617594,0.8667010068893433,-11.726799964904785,1.7094600200653076,-0.9627236127853394,0.013439035043120384,-1.8973474502563477,2025-07-01 17:46:38.636,1751372198636,-8075,-1826,-70,51,774,-120
468,2025-07-01 17:46:39.076,2025-07-01 17:46:38.716781,2.387019157409668,-10.189722061157227,1.5275006294250488,-0.4080579876899719,-0.04398229718208313,-1.5796974897384644,2025-07-01 17:46:38.710,1751372198710,-8073,-1904,-91,-252,592,135
469,2025-07-01 17:46:39.308,2025-07-01 17:46:38.916456,5.0876784324646,-9.301473617553711,2.846705913543701,1.0030407905578613,0.05497787147760391,-0.7550294399261475,2025-07-01 17:46:38.925,1751372198925,-8466,-1075,-93,-148,422,1308
470,2025-07-01 17:46:39.584,2025-07-01 17:46:39.216329,6.89530086517334,-8.518569946289062,4.728548526763916,0.5974262356758118,0.10018189996480942,-0.07330382615327835,2025-07-01 17:46:39.256,1751372199256,-8171,-209,-91,-14,-1,-62
471,2025-07-01 17:46:39.677,2025-07-01 17:46:39.316039,7.5417351722717285,-7.546523571014404,4.060565948486328,0.3188716471195221,0.34208452701568604,0.4386012554168701,2025-07-01 17:46:39.341,1751372199341,-8485,-230,88,-8,206,-118
472,2025-07-01 17:46:39.877,2025-07-01 17:46:39.416168,5.643133640289307,-8.5903959274292,6.521805286407471,-0.47769662737846375,0.7281513810157776,1.5271631479263306,2025-07-01 17:46:39.430,1751372199430,-8185,-531,49,178,230,-324
473,2025-07-01 17:46:39.977,2025-07-01 17:46:39.516224,-0.6057330369949341,-2.4875755310058594,5.171475887298584,1.8057177066802979,-0.14294247329235077,0.4495968222618103,2025-07-01 17:46:39.552,1751372199552,-8486,-547,-359,301,597,-394
474,2025-07-01 17:46:40.202,2025-07-01 17:46:39.617083,7.948749542236328,-9.102754592895508,5.971138954162598,-0.9578366875648499,-1.1691961288452148,-0.5839871764183044,2025-07-01 17:46:39.632,1751372199632,-8502,-636,-392,-149,218,-788
475,2025-07-01 17:46:40.276,2025-07-01 17:46:39.716723,3.337517261505127,-8.054094314575195,6.042964935302734,-1.0812314748764038,0.8674286603927612,1.8545868396759033,2025-07-01 17:46:39.746,1751372199746,-8221,-689,-563,365,218,160
476,2025-07-01 17:46:40.786,2025-07-01 17:46:40.417104,0.4836287498474121,-9.9000244140625,7.026981830596924,0.2577851414680481,0.5668829679489136,0.9993755221366882,2025-07-01 17:46:40.426,1751372200426,-8094,-1266,-337,144,-774,-1628
477,2025-07-01 17:46:40.886,2025-07-01 17:46:40.517075,-1.5969325304031372,-9.20091724395752,5.856217384338379,0.16249015927314758,0.8038986921310425,1.8374826908111572,2025-07-01 17:46:40.544,1751372200544,-8289,-1626,-324,204,-822,-1512
478,2025-07-01 17:46:40.999,2025-07-01 17:46:40.616679,-3.8522706031799316,-7.417236804962158,5.978321552276611,-0.3701843321323395,0.3933972120285034,2.2736403942108154,2025-07-01 17:46:40.630,1751372200630,-8310,-1935,57,1000,-875,-1899
479,2025-07-01 17:46:41.096,2025-07-01 17:46:40.716703,-5.178658485412598,-5.664681434631348,4.812345504760742,-0.13072516024112701,-0.29077184200286865,1.882686734199524,2025-07-01 17:46:40.731,1751372200731,-7898,-2416,-16,996,-1057,-1268
480,2025-07-01 17:46:41.512,2025-07-01 17:46:41.216287,-6.962338447570801,-0.7996633648872375,5.940014362335205,1.0005972385406494,0.06841690838336945,0.37751471996307373,2025-07-01 17:46:41.240,1751372201240,-7706,-3312,1621,9,-584,-802
481,2025-07-01 17:46:41.684,2025-07-01 17:46:41.317111,-7.247248649597168,1.2856862545013428,5.868188381195068,1.0580185651779175,0.05375614017248154,0.33475416898727417,2025-07-01 17:46:41.323,1751372201323,-7739,-3644,1485,-191,-633,-455
482,2025-07-01 17:46:41.789,2025-07-01 17:46:41.416946,-7.201758861541748,1.7190368175506592,6.100425720214844,0.797789990901947,0.02321287989616394,0.20036379992961884,2025-07-01 17:46:41.432,1751372201432,-7370,-3463,1917,-380,-846,-236
483,2025-07-01 17:46:41.891,2025-07-01 17:46:41.516771,-7.608773231506348,1.778891921043396,6.050147533416748,0.5876523852348328,0.03787364438176155,0.09651670604944229,2025-07-01 17:46:41.516,1751372201516,-7298,-3700,1900,-613,-697,-625
484,2025-07-01 17:46:41.988,2025-07-01 17:46:41.616982,-7.417236804962158,2.5785553455352783,5.770026206970215,0.30054569244384766,-0.04153883829712868,0.2015855312347412,2025-07-01 17:46:41.606,1751372201606,-7483,-3729,1841,-870,-319,-427
485,2025-07-01 17:46:42.383,2025-07-01 17:46:42.017102,-7.084442615509033,4.376600742340088,5.1810526847839355,0.3494149148464203,-0.02321287989616394,-0.030543262138962746,2025-07-01 17:46:42.053,1751372202053,-7111,-4148,1862,74,47,-537
486,2025-07-01 17:46:42.480,2025-07-01 17:46:42.116229,-7.3023152351379395,4.414907932281494,5.317522048950195,0.3543018400669098,0.06352998316287994,0.013439035043120384,2025-07-01 17:46:42.140,1751372202140,-7147,-4220,1883,-318,63,3
487,2025-07-01 17:46:42.581,2025-07-01 17:46:42.216893,-7.297526836395264,4.797980308532715,5.054159641265869,0.304210901260376,0.04642575979232788,0.0757472887635231,2025-07-01 17:46:42.239,1751372202239,-7133,-3996,1862,-148,-117,-51
488,2025-07-01 17:46:42.689,2025-07-01 17:46:42.317208,-7.168240070343018,4.666299343109131,4.788403511047363,0.18936823308467865,-0.09285151958465576,0.06963863968849182,2025-07-01 17:46:42.321,1751372202321,-7149,-4043,1892,-348,75,-125
489,2025-07-01 17:46:42.788,2025-07-01 17:46:42.416808,-7.228095054626465,4.78122091293335,4.865017890930176,0.3225368559360504,-0.05009094998240471,0.06719517707824707,2025-07-01 17:46:42.420,1751372202420,-7079,-4027,1666,122,85,67
490,2025-07-01 17:46:42.883,2025-07-01 17:46:42.516349,-7.067683219909668,4.434061527252197,4.618414878845215,0.27977627515792847,0.010995574295520782,0.028099801391363144,2025-07-01 17:46:42.505,1751372202505,-7115,-3976,1914,-54,-126,5
491,2025-07-01 17:46:43.281,2025-07-01 17:46:42.917116,-7.2113356590271,5.458779811859131,4.1180267333984375,0.14782938361167908,0.045204028487205505,0.05375614017248154,2025-07-01 17:46:42.883,1751372202883,-7102,-4207,1821,13,349,79
492,2025-07-01 17:46:43.379,2025-07-01 17:46:43.017266,-7.072471618652344,5.149928092956543,3.9863457679748535,0.15515977144241333,0.0024434609804302454,0.06475171446800232,2025-07-01 17:46:43.054,1751372203054,-7113,-4049,1823,-109,126,-569
493,2025-07-01 17:46:43.703,2025-07-01 17:46:43.316727,-6.876147270202637,5.595249176025391,4.141968727111816,0.05375614017248154,0.0012217304902151227,0.030543262138962746,2025-07-01 17:46:43.316,1751372203316,-7272,-4355,1432,-347,64,-245
494,2025-07-01 17:46:43.786,2025-07-01 17:46:43.417675,-7.067683219909668,5.22175407409668,3.8283286094665527,0.08796459436416626,0.024434609338641167,0.03176499158143997,2025-07-01 17:46:43.397,1751372203397,-7228,-4283,1801,-365,19,-344
495,2025-07-01 17:46:44.278,2025-07-01 17:46:43.917577,-6.840234279632568,5.638344764709473,3.8738183975219727,-0.05742133408784866,-0.00855211354792118,-0.02932153269648552,2025-07-01 17:46:43.941,1751372203941,-6828,-4670,1907,25,92,-279
496,2025-07-01 17:46:44.376,2025-07-01 17:46:44.017069,-6.842628479003906,5.257667064666748,3.840299606323242,-0.24190263450145721,0.010995574295520782,-0.042760565876960754,2025-07-01 17:46:44.033,1751372204033,-6812,-4679,1875,-307,107,57
497,2025-07-01 17:46:44.477,2025-07-01 17:46:44.216436,-6.909666061401367,5.418078422546387,4.216189384460449,-0.3139847218990326,-0.025656340643763542,-0.07819075137376785,2025-07-01 17:46:44.220,1751372204220,-6890,-4638,1823,-335,28,-121
498,2025-07-01 17:46:44.877,2025-07-01 17:46:44.618598,-7.050923824310303,4.331110954284668,4.838681697845459,-1.0836749076843262,0.039095375686883926,-0.394618958234787,2025-07-01 17:46:44.657,1751372204657,-7211,-4411,2109,98,-153,576
499,2025-07-01 17:46:45.076,2025-07-01 17:46:44.719245,-7.0317702293396,2.410961151123047,4.750096321105957,-1.1227703094482422,-0.12339477986097336,-0.6609562039375305,2025-07-01 17:46:44.746,1751372204746,-7191,-4219,1771,-903,25,794
500,2025-07-01 17:46:45.181,2025-07-01 17:46:44.916459,-6.9695210456848145,0.2346317619085312,5.935225963592529,-1.7373007535934448,-0.30543261766433716,-1.2229522466659546,2025-07-01 17:46:44.926,1751372204926,-7147,-3979,1549,-2759,264,1060
501,2025-07-01 17:46:45.378,2025-07-01 17:46:45.116202,-5.822698593139648,-3.8379054069519043,5.793968200683594,-1.321912407875061,-0.4642575979232788,-1.882686734199524,2025-07-01 17:46:45.111,1751372205111,-7736,-3714,1071,-2351,391,2308
502,2025-07-01 17:46:45.601,2025-07-01 17:46:45.217999,-3.9480385780334473,-7.043741226196289,5.3582234382629395,-1.1948524713516235,-0.720820963382721,-1.871691107749939,2025-07-01 17:46:45.195,1751372205195,-7780,-3355,779,-1406,685,1984
503,2025-07-01 17:46:45.801,2025-07-01 17:46:45.419147,-1.0462661981582642,-9.708487510681152,6.303933143615723,-0.015882495790719986,-0.44715335965156555,-1.2180652618408203,2025-07-01 17:46:45.458,1751372205458,-7843,-2210,-125,-840,1213,1715
504,2025-07-01 17:46:45.889,2025-07-01 17:46:45.518571,-0.17477671802043915,-8.676587104797363,6.234501361846924,0.06719517707824707,-0.13439035415649414,-0.8124507665634155,2025-07-01 17:46:45.553,1751372205553,-8083,-1481,-483,-209,747,1151
505,2025-07-01 17:46:46.100,2025-07-01 17:46:45.718177,0.5434837937355042,-8.99740982055664,5.118803024291992,0.012217304669320583,-0.2321287989616394,-0.17959438264369965,2025-07-01 17:46:45.739,1751372205739,-8306,-1222,-864,-48,230,536
506,2025-07-01 17:46:46.176,2025-07-01 17:46:45.818759,1.036689281463623,-8.547300338745117,5.262455463409424,-0.06719517707824707,-0.25045475363731384,-0.16004669666290283,2025-07-01 17:46:45.827,1751372205827,-8263,-1370,-676,277,597,130
507,2025-07-01 17:46:46.276,2025-07-01 17:46:45.918483,1.3215993642807007,-8.456320762634277,4.7189717292785645,0.1014036312699318,-0.2968805134296417,-0.16493362188339233,2025-07-01 17:46:45.928,1751372205928,-8126,-1309,-1050,-78,286,341
508,2025-07-01 17:46:46.376,2025-07-01 17:46:46.117988,1.436521053314209,-9.119514465332031,4.970362663269043,0.08185594528913498,0.1270599663257599,-0.0806342139840126,2025-07-01 17:46:46.104,1751372206104,-8262,-1587,-614,343,-541,-21
509,2025-07-01 17:46:46.886,2025-07-01 17:46:46.520635,1.7381904125213623,-7.620744228363037,7.718906402587891,-1.598023533821106,0.2528982162475586,-1.6920967102050781,2025-07-01 17:46:46.555,1751372206555,-8069,-304,-1017,-84,648,1597
510,2025-07-01 17:46:46.976,2025-07-01 17:46:46.718558,4.390965938568115,-4.6471452713012695,6.909666061401367,2.409252643585205,-0.35552358627319336,-0.0659734457731247,2025-07-01 17:46:46.723,1751372206723,-8248,-61,-1574,-166,-65,188
511,2025-07-01 17:46:47.076,2025-07-01 17:46:46.819365,7.419631004333496,-3.19865345954895,6.268020153045654,0.29077184200286865,-0.8124507665634155,-0.18325957655906677,2025-07-01 17:46:46.822,1751372206822,-8225,528,-1431,-270,288,162
512,2025-07-01 17:46:47.285,2025-07-01 17:46:47.019132,12.076353073120117,-3.380612850189209,10.99656867980957,-0.46547931432724,-0.3543018400669098,0.02687807008624077,2025-07-01 17:46:46.990,1751372206990,-8098,530,-910,-800,-423,-220
513,2025-07-01 17:46:47.684,2025-07-01 17:46:47.318117,-1.599326729774475,-7.218518257141113,2.5522189140319824,-2.9663615226745605,0.2382374405860901,1.93766450881958,2025-07-01 17:46:47.285,1751372207285,-8149,-123,-1132,-896,-183,-1030
514,2025-07-01 17:46:47.776,2025-07-01 17:46:47.424081,-1.599326729774475,-7.218518257141113,2.5522189140319824,-2.9663615226745605,0.2382374405860901,1.93766450881958,2025-07-01 17:46:47.465,1751372207465,-7921,-290,-1275,-130,793,-716
515,2025-07-01 17:46:47.878,2025-07-01 17:46:47.618403,-1.0007762908935547,-10.26394271850586,5.825092792510986,1.7825047969818115,-0.4178318381309509,-0.5167919993400574,2025-07-01 17:46:47.635,1751372207635,-8106,-605,-1448,-340,233,63
516,2025-07-01 17:46:48.279,2025-07-01 17:46:47.919650,-2.363077163696289,-4.14915132522583,7.041347026824951,2.5411994457244873,0.21013765037059784,0.6792821288108826,2025-07-01 17:46:47.906,1751372207906,-8202,-558,-1447,-592,-105,-359
517,2025-07-01 17:46:48.585,2025-07-01 17:46:48.321431,0.16519992053508759,-1.6160861253738403,7.249642848968506,-0.32620203495025635,-0.45326200127601624,0.03298672288656235,2025-07-01 17:46:48.349,1751372208349,-7930,-397,-1610,-8,91,36
518,2025-07-01 17:46:48.680,2025-07-01 17:46:48.321431,0.16519992053508759,-1.6160861253738403,7.249642848968506,-0.32620203495025635,-0.45326200127601624,0.03298672288656235,2025-07-01 17:46:48.349,1751372208349,-7930,-397,-1610,-8,91,36
519,2025-07-01 17:46:48.878,2025-07-01 17:46:48.520155,1.9800047874450684,4.426878929138184,10.06043529510498,-1.23394775390625,0.5876523852348328,-0.37140607833862305,2025-07-01 17:46:48.529,1751372208529,-7884,-1124,-1387,-21,-209,-640
520,2025-07-01 17:46:48.983,2025-07-01 17:46:48.616518,-2.5977089405059814,-1.0223240852355957,6.366182327270508,-5.258327960968018,-0.0659734457731247,0.5216789245605469,2025-07-01 17:46:48.616,1751372208616,-8241,-717,-1182,1097,-309,-1148
521,2025-07-01 17:46:49.099,2025-07-01 17:46:48.728950,1.2665326595306396,-5.6191911697387695,6.124367713928223,0.5241223573684692,-1.1789699792861938,-0.37751471996307373,2025-07-01 17:46:48.703,1751372208703,-7908,-725,-1411,885,296,63
522,2025-07-01 17:46:49.188,2025-07-01 17:46:48.816433,-1.7908629179000854,-1.4508862495422363,6.076483726501465,3.4550538063049316,0.797789990901947,-1.1740829944610596,2025-07-01 17:46:48.809,1751372208809,-8094,-1026,-1625,555,-275,357
523,2025-07-01 17:46:49.378,2025-07-01 17:46:48.916348,2.279279947280884,0.9361328482627869,11.772290229797363,2.73301100730896,-0.4251621961593628,-0.6817256212234497,2025-07-01 17:46:48.885,1751372208885,-7926,-747,-1172,643,-393,185
524,2025-07-01 17:46:49.778,2025-07-01 17:46:49.419164,2.9017724990844727,6.813898086547852,12.361263275146484,0.8258898258209229,0.3481931984424591,-0.33719760179519653,2025-07-01 17:46:49.456,1751372209456,-8271,-176,-1641,-17,320,95
525,2025-07-01 17:46:49.884,2025-07-01 17:46:49.517411,2.9017724990844727,6.813898086547852,12.361263275146484,0.8258898258209229,0.3481931984424591,-0.33719760179519653,2025-07-01 17:46:49.516,1751372209516,-8095,-378,-1640,-79,342,86
526,2025-07-01 17:46:49.984,2025-07-01 17:46:49.620025,-1.2449848651885986,2.1475989818573,8.010998725891113,-2.484999895095825,0.09529497474431992,0.41661009192466736,2025-07-01 17:46:49.632,1751372209632,-8054,-571,-1634,-201,-52,-433
527,2025-07-01 17:46:50.076,2025-07-01 17:46:49.717088,0.9002198576927185,-4.031835556030273,6.45476770401001,0.6621779203414917,-1.0458012819290161,-0.1062905490398407,2025-07-01 17:46:49.712,1751372209712,-7875,-423,-1647,-429,355,-449
528,2025-07-01 17:46:50.191,2025-07-01 17:46:49.817576,-0.4357447028160095,-1.3096283674240112,8.248024940490723,1.3964380025863647,0.6829473376274109,-0.9346238374710083,2025-07-01 17:46:49.811,1751372209811,-8221,-780,-1597,277,-117,11
529,2025-07-01 17:46:50.481,2025-07-01 17:46:50.117505,1.680729627609253,0.7469909191131592,10.079588890075684,0.23335053026676178,-0.15393804013729095,-0.04398229718208313,2025-07-01 17:46:50.146,1751372210146,-7900,-669,-1556,27,35,-242
530,2025-07-01 17:46:50.676,2025-07-01 17:46:50.328076,1.8291701078414917,-5.190629482269287,7.1706342697143555,-0.6866125464439392,0.42149701714515686,0.25045475363731384,2025-07-01 17:46:50.327,1751372210327,-8198,-1081,-1210,-1,37,-483
531,2025-07-01 17:46:50.777,2025-07-01 17:46:50.517255,2.87064790725708,2.6886885166168213,11.140220642089844,-0.779464066028595,-0.04398229718208313,0.3017674386501312,2025-07-01 17:46:50.514,1751372210514,-8206,-1019,-1193,-109,-341,-143
532,2025-07-01 17:46:51.076,2025-07-01 17:46:50.717233,1.290474772453308,-0.7182605266571045,9.646238327026367,-0.2993239760398865,-0.15882496535778046,0.1014036312699318,2025-07-01 17:46:50.677,1751372210677,-8280,-703,-1251,49,102,168
533,2025-07-01 17:46:51.576,2025-07-01 17:46:51.216901,-0.05267243832349777,-3.955221176147461,8.257601737976074,6.416528701782227,0.10873401165008545,-1.529606580734253,2025-07-01 17:46:51.226,1751372211226,-7897,-1049,-1259,-362,531,-91
534,2025-07-01 17:46:51.911,2025-07-01 17:46:51.516125,2.7748796939849854,-3.620033025741577,6.782773494720459,-4.293160915374756,-0.3274237811565399,0.5766568183898926,2025-07-01 17:46:51.524,1751372211524,-8223,-659,-1624,-366,263,187
535,2025-07-01 17:46:52.296,2025-07-01 17:46:51.916687,2.2026655673980713,3.1268274784088135,9.694122314453125,-0.0354301854968071,0.20525072515010834,-0.20525072515010834,2025-07-01 17:46:51.943,1751372211943,-8199,-801,-1526,-361,260,145
536,2025-07-01 17:46:52.600,2025-07-01 17:46:52.117036,2.0661959648132324,-2.013523578643799,3.622427225112915,-4.582711219787598,1.7580702304840088,-1.4404202699661255,2025-07-01 17:46:52.136,1751372212136,-8015,-131,-1627,-58,124,295
537,2025-07-01 17:46:52.676,2025-07-01 17:46:52.223026,-1.7405846118927002,-8.250418663024902,3.7158010005950928,-4.393342971801758,1.6322319507598877,-1.8057177066802979,2025-07-01 17:46:52.262,1751372212262,-8024,-533,-1683,-457,546,-531
538,2025-07-01 17:46:52.791,2025-07-01 17:46:52.417785,1.6974890232086182,-9.433155059814453,2.9041666984558105,0.17470745742321014,-0.45204028487205505,-1.892460584640503,2025-07-01 17:46:52.422,1751372212422,-7887,-451,-1931,142,-284,-24
539,2025-07-01 17:46:53.182,2025-07-01 17:46:52.817325,6.481103897094727,-6.799532890319824,4.458003520965576,0.7831292152404785,-0.32986724376678467,-0.27122417092323303,2025-07-01 17:46:52.856,1751372212856,-8083,132,-646,441,-759,551
540,2025-07-01 17:46:53.284,2025-07-01 17:46:52.917359,7.2783732414245605,-9.41400146484375,5.87776517868042,-0.19303341209888458,0.09040805697441101,0.0757472887635231,2025-07-01 17:46:52.934,1751372212934,-8150,566,-649,781,-447,-369
541,2025-07-01 17:46:53.376,2025-07-01 17:46:53.016047,7.364564418792725,-5.468356609344482,6.794744491577148,1.2192870378494263,1.8484781980514526,1.3817771673202515,2025-07-01 17:46:53.022,1751372213022,-8524,98,-501,213,-774,-750
542,2025-07-01 17:46:53.589,2025-07-01 17:46:53.216125,-2.123656988143921,-5.398924827575684,3.0310592651367188,-0.42760565876960754,-0.9358455538749695,1.2657127380371094,2025-07-01 17:46:53.209,1751372213209,-8121,-153,-604,459,-332,-349
543,2025-07-01 17:46:53.707,2025-07-01 17:46:53.316759,0.12210428714752197,-6.404489517211914,4.446032524108887,1.0286970138549805,-0.9199630618095398,0.05619960278272629,2025-07-01 17:46:53.289,1751372213289,-8149,-137,-594,785,-296,-297
544,2025-07-01 17:46:53.987,2025-07-01 17:46:53.617123,3.2752678394317627,-12.11705493927002,5.434837818145752,0.3701843321323395,0.11728613078594208,0.6646214127540588,2025-07-01 17:46:53.653,1751372213653,-8167,-510,-326,133,-513,-225
545,2025-07-01 17:46:54.082,2025-07-01 17:46:53.716918,1.2521674633026123,-11.128249168395996,6.976703643798828,0.5180137157440186,0.7220427393913269,1.8069393634796143,2025-07-01 17:46:53.743,1751372213743,-8191,-882,-334,-270,-414,-1169
546,2025-07-01 17:46:54.176,2025-07-01 17:46:53.816887,-1.742978811264038,-8.913613319396973,5.837063789367676,0.3885102868080139,0.788016140460968,2.395813465118408,2025-07-01 17:46:53.855,1751372213855,-8535,-691,29,465,-775,-1619
547,2025-07-01 17:46:54.280,2025-07-01 17:46:53.917136,-4.754884719848633,-5.947196960449219,5.056553840637207,0.10995574295520782,0.31520646810531616,2.180788993835449,2025-07-01 17:46:53.949,1751372213949,-8517,-905,-65,1037,-703,-1820
548,2025-07-01 17:46:54.382,2025-07-01 17:46:54.017805,-4.891354084014893,-4.838681697845459,4.759673118591309,0.5412266254425049,-0.02932153269648552,1.7531832456588745,2025-07-01 17:46:54.018,1751372214018,-8520,-991,269,1081,-1026,-1867
549,2025-07-01 17:46:54.504,2025-07-01 17:46:54.117040,-5.51624059677124,-4.4077253341674805,5.116408824920654,1.0018190145492554,-0.1771509200334549,1.389107584953308,2025-07-01 17:46:54.114,1751372214114,-8229,-2031,845,725,-1164,-2288
550,2025-07-01 17:46:54.577,2025-07-01 17:46:54.216963,-5.949591159820557,-2.8107926845550537,5.918466567993164,1.0531316995620728,0.08796459436416626,0.9993755221366882,2025-07-01 17:46:54.223,1751372214223,-8063,-2437,761,566,-1021,-2184
551,2025-07-01 17:46:54.790,2025-07-01 17:46:54.318550,-6.766014099121094,-1.403002142906189,6.114790916442871,1.2498302459716797,0.1417207419872284,0.6988298296928406,2025-07-01 17:46:54.285,1751372214285,-7941,-3084,1015,267,-1025,-2088
552,2025-07-01 17:46:55.076,2025-07-01 17:46:54.617776,-6.426037311553955,1.2042834758758545,6.943184852600098,0.41172316670417786,-0.18936823308467865,0.05253441259264946,2025-07-01 17:46:54.647,1751372214647,-7316,-3805,1651,-20,-312,-599
553,2025-07-01 17:46:55.178,2025-07-01 17:46:54.716711,-6.782773494720459,1.50355863571167,6.509834289550781,0.49357911944389343,-0.0659734457731247,0.09773843735456467,2025-07-01 17:46:54.752,1751372214752,-7450,-3797,1642,378,-310,-207
554,2025-07-01 17:46:55.286,2025-07-01 17:46:54.917128,-6.732495307922363,2.0685901641845703,6.648698329925537,0.5803219676017761,0.015882495790719986,0.015882495790719986,2025-07-01 17:46:54.917,1751372214917,-7526,-4149,1485,-268,-158,19
555,2025-07-01 17:46:55.405,2025-07-01 17:46:55.017310,-6.931213855743408,2.832340717315674,6.567295074462891,0.41661009192466736,-0.05375614017248154,0.07330382615327835,2025-07-01 17:46:55.022,1751372215022,-7478,-3773,1838,167,-273,25
556,2025-07-01 17:46:55.486,2025-07-01 17:46:55.118938,-6.646304130554199,2.889801502227783,6.490680694580078,0.24678955972194672,-0.07330382615327835,0.08674286305904388,2025-07-01 17:46:55.119,1751372215119,-7455,-4101,1683,-133,97,-97
557,2025-07-01 17:46:55.591,2025-07-01 17:46:55.216963,-6.746860504150391,3.2130186557769775,6.528987884521484,0.2773328125476837,-0.05864306539297104,0.04153883829712868,2025-07-01 17:46:55.181,1751372215181,-7506,-3967,1841,127,-48,-93
558,2025-07-01 17:46:55.785,2025-07-01 17:46:55.417221,-6.57926607131958,3.2154128551483154,5.892130374908447,0.2528982162475586,0.04886921867728233,0.01710422709584236,2025-07-01 17:46:55.456,1751372215456,-7536,-4100,1884,-272,82,-551
559,2025-07-01 17:46:55.976,2025-07-01 17:46:55.617333,-6.797138690948486,3.9193081855773926,5.894524574279785,0.35063666105270386,0.03176499158143997,0.00366519158706069,2025-07-01 17:46:55.589,1751372215589,-7464,-4131,1871,-266,20,-540
560,2025-07-01 17:46:56.079,2025-07-01 17:46:55.716535,-6.596025466918945,4.446032524108887,5.679046630859375,0.2638937830924988,-0.03787364438176155,0.036651913076639175,2025-07-01 17:46:55.755,1751372215755,-7065,-4043,1871,49,90,-412
561,2025-07-01 17:46:56.181,2025-07-01 17:46:55.817084,-6.509834289550781,4.448426723480225,5.789179801940918,0.23090706765651703,0.0,0.0708603709936142,2025-07-01 17:46:55.831,1751372215831,-7075,-4167,1513,35,-84,-400
562,2025-07-01 17:46:56.277,2025-07-01 17:46:55.918735,-6.514622688293457,4.90571928024292,5.676652431488037,0.1258382350206375,0.012217304669320583,0.01466076634824276,2025-07-01 17:46:55.905,1751372215905,-7256,-4262,1919,-590,70,-205
563,2025-07-01 17:46:56.376,2025-07-01 17:46:56.017402,-6.536170482635498,4.343081951141357,5.5976433753967285,0.08674286305904388,0.05864306539297104,-0.00366519158706069,2025-07-01 17:46:56.006,1751372216006,-7271,-4453,1852,16,122,-171
564,2025-07-01 17:46:56.600,2025-07-01 17:46:56.216974,-6.517016887664795,4.843470096588135,5.245696067810059,0.20036379992961884,0.0403171069920063,0.019547687843441963,2025-07-01 17:46:56.181,1751372216181,-7218,-4442,1804,-74,-111,-369
565,2025-07-01 17:46:56.684,2025-07-01 17:46:56.316114,-6.531382083892822,4.920084476470947,5.20978307723999,0.10873401165008545,-0.019547687843441963,0.028099801391363144,2025-07-01 17:46:56.276,1751372216276,-7175,-4304,1881,-63,13,-192
566,2025-07-01 17:46:56.878,2025-07-01 17:46:56.516138,-6.560112476348877,5.212177276611328,5.195417881011963,0.10873401165008545,-0.039095375686883926,0.01466076634824276,2025-07-01 17:46:56.553,1751372216553,-6900,-4345,1835,-79,-35,-188
567,2025-07-01 17:46:56.978,2025-07-01 17:46:56.617255,-6.550535678863525,5.080495834350586,5.236119270324707,0.05375614017248154,-0.015882495790719986,0.02932153269648552,2025-07-01 17:46:56.632,1751372216632,-6855,-4643,1851,-114,74,-230
568,2025-07-01 17:46:57.077,2025-07-01 17:46:56.817254,-6.423643112182617,5.154716491699219,5.051765441894531,0.09162978827953339,-0.03420845419168472,0.05742133408784866,2025-07-01 17:46:56.802,1751372216802,-6989,-4522,1896,11,36,-205
569,2025-07-01 17:46:57.287,2025-07-01 17:46:56.917129,-6.366182327270508,5.104437828063965,5.061342239379883,0.039095375686883926,0.0024434609804302454,0.01710422709584236,2025-07-01 17:46:56.920,1751372216920,-6990,-4561,1910,-278,76,-255
570,2025-07-01 17:46:57.376,2025-07-01 17:46:57.017399,-6.3973069190979,5.439626216888428,5.0876784324646,0.051312681287527084,0.0,-0.00733038317412138,2025-07-01 17:46:56.981,1751372216981,-6923,-4909,1902,-366,-115,-189
571,2025-07-01 17:46:57.477,2025-07-01 17:46:57.216715,-6.2416839599609375,5.240907669067383,4.95120906829834,-0.08552113175392151,-0.02321287989616394,-0.021991148591041565,2025-07-01 17:46:57.194,1751372217194,-6925,-4969,1891,75,97,-299
572,2025-07-01 17:46:57.696,2025-07-01 17:46:57.417073,-6.315904140472412,5.140350818634033,5.049371242523193,-0.1062905490398407,-0.00733038317412138,-0.06475171446800232,2025-07-01 17:46:57.438,1751372217438,-6614,-4954,1900,74,111,114
573,2025-07-01 17:46:57.890,2025-07-01 17:46:57.616864,-6.426037311553955,4.953603267669678,5.286397457122803,-0.2724458873271942,-0.07696902006864548,-0.039095375686883926,2025-07-01 17:46:57.609,1751372217609,-6788,-4517,1833,75,298,341
574,2025-07-01 17:46:58.176,2025-07-01 17:46:57.816461,-6.435614109039307,4.841075897216797,5.870582580566406,-0.4508185386657715,-0.09162978827953339,-0.09040805697441101,2025-07-01 17:46:57.804,1751372217804,-6800,-4686,1783,-321,-19,230
575,2025-07-01 17:46:58.308,2025-07-01 17:46:57.916967,-6.294356346130371,3.1723172664642334,5.74129581451416,-0.950506329536438,-0.06230825558304787,-0.07452555745840073,2025-07-01 17:46:57.914,1751372217914,-6912,-4347,1505,-273,268,566
576,2025-07-01 17:46:58.687,2025-07-01 17:46:58.319969,-5.614402770996094,0.08619125932455063,7.316680431365967,-2.1868975162506104,0.05742133408784866,-1.1032226085662842,2025-07-01 17:46:58.342,1751372218342,-7133,-2801,939,-2672,2763,4204
577,2025-07-01 17:46:59.004,2025-07-01 17:46:58.523154,-4.8602294921875,-4.484339714050293,4.896142482757568,-1.351233959197998,0.28466320037841797,-2.070833206176758,2025-07-01 17:46:58.508,1751372218508,-8092,-1822,-379,-3528,4935,4829
578,2025-07-01 17:46:59.094,2025-07-01 17:46:58.718683,-1.5155296325683594,-10.910377502441406,4.853046894073486,-0.9358455538749695,-0.49846604466438293,-2.146580457687378,2025-07-01 17:46:58.690,1751372218690,-8081,313,-2633,-2907,1976,659
579,2025-07-01 17:46:59.191,2025-07-01 17:46:58.819374,0.1388636976480484,-10.759542465209961,5.1116204261779785,0.09407325088977814,-0.30054569244384766,-1.2950342893600464,2025-07-01 17:46:58.787,1751372218787,-8208,-97,-2244,-2055,232,-302
580,2025-07-01 17:46:59.281,2025-07-01 17:46:59.018854,0.7709329724311829,-9.636661529541016,4.6255974769592285,0.22846360504627228,-0.02932153269648552,-0.294437050819397,2025-07-01 17:46:59.004,1751372219004,-8060,562,-2160,-560,-135,317
581,2025-07-01 17:46:59.583,2025-07-01 17:46:59.218946,1.766920804977417,-8.860940933227539,4.05817174911499,0.11972958594560623,-0.10873401165008545,-0.18081611394882202,2025-07-01 17:46:59.237,1751372219237,-8035,-117,-1748,211,-533,-592
582,2025-07-01 17:46:59.678,2025-07-01 17:46:59.317168,1.5418659448623657,-8.59997272491455,3.9432501792907715,-0.051312681287527084,-0.03787364438176155,-0.0806342139840126,2025-07-01 17:46:59.319,1751372219319,-7832,-55,-2116,623,93,-552
583,2025-07-01 17:47:00.012,2025-07-01 17:46:59.517662,2.0925323963165283,-9.284713745117188,4.527435302734375,-0.35674530267715454,-0.09773843735456467,0.13439035415649414,2025-07-01 17:46:59.507,1751372219507,-7831,-94,-1775,157,89,-94
584,2025-07-01 17:47:00.302,2025-07-01 17:47:00.016179,1.8842366933822632,-10.60391902923584,6.641515731811523,-0.02076941914856434,0.4715879559516907,-1.7153096199035645,2025-07-01 17:47:00.052,1751372220052,-8011,127,-1736,-268,-377,-102
585,2025-07-01 17:47:00.476,2025-07-01 17:47:00.117470,3.7229835987091064,-8.528146743774414,4.836287498474121,0.5461135506629944,-0.2382374405860901,-0.8063421249389648,2025-07-01 17:47:00.132,1751372220132,-7908,332,-1774,-379,41,593
586,2025-07-01 17:47:00.790,2025-07-01 17:47:00.417118,6.677428722381592,-8.956708908081055,7.838616371154785,-1.5943583250045776,1.0543533563613892,1.6713273525238037,2025-07-01 17:47:00.430,1751372220430,-8493,535,-924,555,-489,-1294
587,2025-07-01 17:47:00.883,2025-07-01 17:47:00.516878,0.8643068075180054,-9.617507934570312,6.811503887176514,-2.052507162094116,0.6743952035903931,2.4361305236816406,2025-07-01 17:47:00.516,1751372220516,-8122,514,-898,199,-767,-1829
588,2025-07-01 17:47:01.288,2025-07-01 17:47:00.917202,-1.3886369466781616,-4.072536945343018,7.386112213134766,1.5271631479263306,-0.7476990818977356,0.5167919993400574,2025-07-01 17:47:00.949,1751372220949,-8064,-1482,-1786,96,211,-474
589,2025-07-01 17:47:01.376,2025-07-01 17:47:01.016877,-0.4836287498474121,-2.719813108444214,8.813055992126465,1.8191566467285156,-0.8002334833145142,0.608421802520752,2025-07-01 17:47:01.033,1751372221033,-7605,-1463,-1766,37,357,-639
590,2025-07-01 17:47:01.479,2025-07-01 17:47:01.216688,-0.31603461503982544,-1.3551181554794312,9.57201862335205,0.475253164768219,-0.9456194043159485,0.47280970215797424,2025-07-01 17:47:01.232,1751372221232,-7993,-1483,-2106,-407,362,19
591,2025-07-01 17:47:01.699,2025-07-01 17:47:01.316867,0.26096799969673157,-1.9345149993896484,10.091560363769531,-0.34086281061172485,-0.513126790523529,0.13927727937698364,2025-07-01 17:47:01.317,1751372221317,-7656,-1616,-2100,-288,-89,85
592,2025-07-01 17:47:01.776,2025-07-01 17:47:01.417140,1.4269442558288574,-4.046200752258301,9.136273384094238,-0.9358455538749695,-0.5571091175079346,0.19914206862449646,2025-07-01 17:47:01.398,1751372221398,-7626,-1539,-1975,-366,-15,63
593,2025-07-01 17:47:01.888,2025-07-01 17:47:01.517097,1.2090718746185303,2.3319525718688965,10.584765434265137,1.510058879852295,0.051312681287527084,-0.4202753007411957,2025-07-01 17:47:01.498,1751372221498,-7985,-1215,-1959,-4,268,315
594,2025-07-01 17:47:02.185,2025-07-01 17:47:01.816211,0.8882488012313843,2.557007312774658,10.014945983886719,0.00366519158706069,0.00855211354792118,-0.598647952079773,2025-07-01 17:47:01.839,1751372221839,-7637,-1454,-2130,-28,-110,-329
595,2025-07-01 17:47:02.283,2025-07-01 17:47:01.916038,1.6759412288665771,-3.0119056701660156,9.299078941345215,-0.6120869517326355,-0.06719517707824707,-0.3017674386501312,2025-07-01 17:47:01.940,1751372221940,-7647,-1493,-2167,121,-37,-324
596,2025-07-01 17:47:02.391,2025-07-01 17:47:02.116062,2.8347349166870117,-2.6455929279327393,9.792284965515137,1.6908750534057617,-0.7367035150527954,-0.15760323405265808,2025-07-01 17:47:02.117,1751372222117,-7938,-1626,-1927,310,258,-114
597,2025-07-01 17:47:02.681,2025-07-01 17:47:02.317257,-1.0438719987869263,2.4588451385498047,8.975862503051758,-3.3402111530303955,1.4404202699661255,0.7086036801338196,2025-07-01 17:47:02.296,1751372222296,-7992,-1847,-2082,-272,64,-351
598,2025-07-01 17:47:02.776,2025-07-01 17:47:02.417171,-0.08858546614646912,-4.95120906829834,5.212177276611328,-1.7434093952178955,-1.0702359676361084,-0.1270599663257599,2025-07-01 17:47:02.422,1751372222422,-7622,-1793,-1947,-358,-124,-116
599,2025-07-01 17:47:03.080,2025-07-01 17:47:02.717106,4.496310710906982,4.955997467041016,12.248735427856445,1.7189748287200928,0.2883284091949463,-0.27000242471694946,2025-07-01 17:47:02.742,1751372222742,-7972,-1579,-1685,73,-314,-75
600,2025-07-01 17:47:03.179,2025-07-01 17:47:02.817051,-1.1899182796478271,2.5785553455352783,8.2312650680542,-2.6426031589508057,1.1423180103302002,0.4288274049758911,2025-07-01 17:47:02.840,1751372222840,-7595,-1201,-2053,-191,-112,-36
601,2025-07-01 17:47:03.276,2025-07-01 17:47:02.916835,0.2322375625371933,-3.818751811981201,5.147533416748047,-0.45814892649650574,-0.8943067193031311,-0.18081611394882202,2025-07-01 17:47:02.947,1751372222947,-7958,-1158,-1923,-364,357,157
602,2025-07-01 17:47:03.397,2025-07-01 17:47:03.016094,2.980781078338623,-2.056619167327881,14.949395179748535,2.007303237915039,-0.1722639948129654,-0.05497787147760391,2025-07-01 17:47:03.006,1751372223006,-7989,-1177,-2162,1,349,204
603,2025-07-01 17:47:03.787,2025-07-01 17:47:03.416727,2.3798365592956543,2.166752576828003,8.24084186553955,1.379333734512329,-0.799011766910553,-0.4642575979232788,2025-07-01 17:47:03.396,1751372223396,-8002,-1023,-1989,-31,110,112
604,2025-07-01 17:47:03.991,2025-07-01 17:47:03.617020,2.3367409706115723,5.384559631347656,6.478709697723389,-0.5424483418464661,0.3286454975605011,0.01710422709584236,2025-07-01 17:47:03.654,1751372223654,-7671,-1421,-1505,303,-860,-180
605,2025-07-01 17:47:04.078,2025-07-01 17:47:03.716917,-0.05985504388809204,5.420472621917725,9.974244117736816,-0.7464773058891296,0.6536257863044739,-0.21868975460529327,2025-07-01 17:47:03.738,1751372223738,-7942,-1660,-1477,331,-487,-190
606,2025-07-01 17:47:04.396,2025-07-01 17:47:04.017096,1.3479355573654175,1.7070658206939697,8.362946510314941,-0.6414085030555725,0.6096435189247131,-0.2590068578720093,2025-07-01 17:47:04.051,1751372224051,-7880,-1729,-945,168,-566,-488
607,2025-07-01 17:47:04.791,2025-07-01 17:47:04.416770,1.6519991159439087,0.33039984107017517,10.462661743164062,-0.2223549485206604,-0.21013765037059784,-0.05253441259264946,2025-07-01 17:47:04.454,1751372224454,-7894,-2057,-658,-127,-76,-118
608,2025-07-01 17:47:04.878,2025-07-01 17:47:04.516762,1.6041151285171509,0.811634361743927,9.593565940856934,0.5277875661849976,-0.3225368559360504,0.5302310585975647,2025-07-01 17:47:04.550,1751372224550,-7871,-1939,-867,-110,101,28
609,2025-07-01 17:47:04.982,2025-07-01 17:47:04.616989,0.7924807667732239,2.6862943172454834,11.171344757080078,-2.032959461212158,0.23090706765651703,0.05742133408784866,2025-07-01 17:47:04.637,1751372224637,-7831,-1942,-867,289,46,20
610,2025-07-01 17:47:05.081,2025-07-01 17:47:04.817121,-0.023942016065120697,-9.876082420349121,7.692570209503174,-1.1789699792861938,0.7819074988365173,0.2064724564552307,2025-07-01 17:47:04.804,1751372224804,-7896,-1981,-855,312,-93,39
611,2025-07-01 17:47:05.303,2025-07-01 17:47:04.917389,0.30885201692581177,-0.7326257228851318,9.897629737854004,4.317595481872559,-0.5119050741195679,-0.607200026512146,2025-07-01 17:47:04.917,1751372224917,-7824,-2030,-669,32,299,-310
612,2025-07-01 17:47:05.394,2025-07-01 17:47:05.016328,4.508281707763672,5.264849662780762,11.57596492767334,-0.11728613078594208,-0.9932668805122375,-0.015882495790719986,2025-07-01 17:47:05.011,1751372225011,-8193,-2355,-872,-62,-53,110
613,2025-07-01 17:47:05.786,2025-07-01 17:47:05.417176,-0.15801730751991272,-0.181959331035614,8.971074104309082,6.590014457702637,0.1368338167667389,-1.3732250928878784,2025-07-01 17:47:05.446,1751372225446,-7872,-2024,-663,-145,321,-369
614,2025-07-01 17:47:05.877,2025-07-01 17:47:05.516655,2.875436305999756,3.5745432376861572,9.294290542602539,0.019547687843441963,-1.1117748022079468,0.10262536257505417,2025-07-01 17:47:05.534,1751372225534,-7925,-2315,-653,-277,283,64
615,2025-07-01 17:47:05.978,2025-07-01 17:47:05.616727,1.015141487121582,1.558625340461731,7.762001991271973,-1.6310101747512817,0.50335294008255,-0.042760565876960754,2025-07-01 17:47:05.636,1751372225636,-8035,-2113,-834,61,-42,-103
616,2025-07-01 17:47:06.176,2025-07-01 17:47:05.817191,1.455674648284912,-5.410895824432373,9.50737476348877,-1.930334210395813,0.46547931432724,0.3445279896259308,2025-07-01 17:47:05.832,1751372225832,-7811,-1776,-670,-176,195,-85
617,2025-07-01 17:47:06.278,2025-07-01 17:47:05.917163,-0.27054479718208313,-8.49941635131836,7.536946773529053,-1.1154398918151855,0.5400048494338989,0.0,2025-07-01 17:47:05.900,1751372225900,-7883,-2109,-1047,-417,235,74
618,2025-07-01 17:47:06.385,2025-07-01 17:47:06.018283,1.7381904125213623,-1.0797849893569946,9.373299598693848,1.5112806558609009,-1.2693779468536377,-0.18081611394882202,2025-07-01 17:47:06.001,1751372226001,-7856,-2121,-1000,-144,381,-49
619,2025-07-01 17:47:06.879,2025-07-01 17:47:06.416856,-1.3407529592514038,-2.030282974243164,3.0119056701660156,-3.219259738922119,1.1105530261993408,-1.6713273525238037,2025-07-01 17:47:06.434,1751372226434,-7821,-1683,-1096,-595,27,-329
620,2025-07-01 17:47:07.076,2025-07-01 17:47:06.516417,0.22026655077934265,-7.189787864685059,4.23773717880249,-2.4434609413146973,-0.3897320330142975,-2.3994786739349365,2025-07-01 17:47:06.532,1751372226532,-7998,-1746,-1308,-191,80,-544
621,2025-07-01 17:47:07.203,2025-07-01 17:47:06.817358,4.077325344085693,-10.268731117248535,4.484339714050293,0.24190263450145721,0.1417207419872284,-0.5815436840057373,2025-07-01 17:47:06.808,1751372226808,-7818,-2127,-980,-70,-446,-308
622,2025-07-01 17:47:07.385,2025-07-01 17:47:06.917553,6.054935932159424,-7.750030994415283,3.4979286193847656,0.6108652353286743,0.06108652427792549,-0.5583308339118958,2025-07-01 17:47:06.901,1751372226901,-8212,-2167,-1027,-280,-944,89
623,2025-07-01 17:47:07.577,2025-07-01 17:47:07.216198,8.202534675598145,-12.085929870605469,4.264073371887207,-2.0341813564300537,1.1496484279632568,2.163684606552124,2025-07-01 17:47:07.203,1751372227203,-8280,-1716,173,822,-1599,147
624,2025-07-01 17:47:07.778,2025-07-01 17:47:07.316305,3.4356794357299805,-7.929595947265625,6.715735912322998,-1.2901474237442017,0.19914206862449646,2.5888469219207764,2025-07-01 17:47:07.346,1751372227346,-8210,-1918,584,443,599,-624
625,2025-07-01 17:47:07.876,2025-07-01 17:47:07.516069,-1.1540051698684692,-5.856217384338379,2.669534921646118,2.216219186782837,-1.1520918607711792,0.0024434609804302454,2025-07-01 17:47:07.514,1751372227514,-8268,-2075,-102,364,709,-825
626,2025-07-01 17:47:07.979,2025-07-01 17:47:07.616570,1.7525556087493896,-6.9695210456848145,4.338293552398682,1.7116444110870361,-0.6304129362106323,-0.20036379992961884,2025-07-01 17:47:07.607,1751372227607,-8023,-2526,-162,287,661,-1312
627,2025-07-01 17:47:08.202,2025-07-01 17:47:07.717099,1.843535304069519,-7.273584842681885,5.147533416748047,0.9065240025520325,-0.2565633952617645,-0.08307767659425735,2025-07-01 17:47:07.710,1751372227710,-7876,-2554,-612,89,587,-821
628,2025-07-01 17:47:08.476,2025-07-01 17:47:08.116999,-2.499546527862549,-8.734047889709473,7.4100542068481445,-0.18448130786418915,0.9187413454055786,1.987755537033081,2025-07-01 17:47:08.156,1751372228156,-7788,-3406,1069,1153,-725,-929
629,2025-07-01 17:47:08.796,2025-07-01 17:47:08.516951,-5.623979568481445,-3.270479440689087,5.4875102043151855,0.7916813492774963,-0.44837507605552673,0.7745771408081055,2025-07-01 17:47:08.522,1751372228522,-7704,-3569,959,758,280,-658
630,2025-07-01 17:47:09.585,2025-07-01 17:47:09.319195,-6.423643112182617,2.9448680877685547,6.931213855743408,0.4948008358478546,0.00733038317412138,0.12095131725072861,2025-07-01 17:47:09.335,1751372229335,-6796,-4616,2113,-317,-150,-551
631,2025-07-01 17:47:09.799,2025-07-01 17:47:09.517067,-6.2392897605896,3.423708438873291,6.8378400802612305,0.32131510972976685,-0.02321287989616394,0.03787364438176155,2025-07-01 17:47:09.515,1751372229515,-7035,-4485,2118,-777,-143,11
632,2025-07-01 17:47:10.178,2025-07-01 17:47:09.816898,-6.260837554931641,4.199429988861084,6.576871871948242,0.1869247704744339,-0.00855211354792118,-0.00366519158706069,2025-07-01 17:47:09.855,1751372229855,-6824,-4712,1692,-175,281,220
633,2025-07-01 17:47:10.277,2025-07-01 17:47:09.916888,-6.196194171905518,3.9480385780334473,6.327875137329102,0.2174680233001709,0.02076941914856434,-0.00733038317412138,2025-07-01 17:47:09.937,1751372229937,-6819,-4676,1715,32,-9,334
634,2025-07-01 17:47:10.396,2025-07-01 17:47:10.117146,-6.174646377563477,4.58968448638916,5.963956356048584,0.28099802136421204,-0.030543262138962746,0.006108652334660292,2025-07-01 17:47:10.145,1751372230145,-7180,-4307,1890,66,260,268
635,2025-07-01 17:47:10.586,2025-07-01 17:47:10.217325,-6.069301128387451,4.412513732910156,5.319916248321533,0.5119050741195679,0.013439035043120384,0.0659734457731247,2025-07-01 17:47:10.218,1751372230218,-7264,-4472,1814,86,136,-53
636,2025-07-01 17:47:10.684,2025-07-01 17:47:10.317033,-6.265625953674316,4.857835292816162,5.7125654220581055,0.32498031854629517,0.01466076634824276,0.0354301854968071,2025-07-01 17:47:10.306,1751372230306,-7269,-4475,1795,-181,-74,-67
637,2025-07-01 17:47:10.816,2025-07-01 17:47:10.417711,-6.2392897605896,5.125985622406006,5.571307182312012,0.1514945775270462,-0.009773843921720982,0.03420845419168472,2025-07-01 17:47:10.401,1751372230401,-7256,-4226,1523,8,49,74
638,2025-07-01 17:47:11.079,2025-07-01 17:47:10.816862,-6.129156112670898,5.4659624099731445,5.30076265335083,0.059864792972803116,-0.02321287989616394,0.02932153269648552,2025-07-01 17:47:10.849,1751372230849,-6882,-4628,1899,-276,49,-141
639,2025-07-01 17:47:11.286,2025-07-01 17:47:10.917057,-5.978321552276611,5.446808815002441,5.032611846923828,0.0659734457731247,-0.00855211354792118,0.03176499158143997,2025-07-01 17:47:10.935,1751372230935,-6832,-4696,1665,103,5,-192
640,2025-07-01 17:47:11.378,2025-07-01 17:47:11.117005,-6.076483726501465,5.767632007598877,5.1595048904418945,0.13561208546161652,0.09040805697441101,-0.03176499158143997,2025-07-01 17:47:11.115,1751372231115,-6795,-4495,1900,-76,2,-156
641,2025-07-01 17:47:11.589,2025-07-01 17:47:11.217076,-6.033388137817383,5.638344764709473,4.922478675842285,0.10506882518529892,0.012217304669320583,0.013439035043120384,2025-07-01 17:47:11.201,1751372231201,-7019,-4696,1917,116,40,-223
642,2025-07-01 17:47:12.003,2025-07-01 17:47:11.616668,-5.9519853591918945,5.808333396911621,4.934449672698975,-0.00366519158706069,0.009773843921720982,-0.01466076634824276,2025-07-01 17:47:11.654,1751372231654,-6925,-4913,1688,6,36,-257
643,2025-07-01 17:47:12.081,2025-07-01 17:47:11.716787,-6.071695327758789,5.635950565338135,4.752490520477295,-0.042760565876960754,0.02076941914856434,-0.019547687843441963,2025-07-01 17:47:11.749,1751372231749,-6950,-4897,1700,110,2,15
644,2025-07-01 17:47:12.176,2025-07-01 17:47:11.816806,-6.078877925872803,5.679046630859375,4.867412090301514,-0.05742133408784866,0.02076941914856434,-0.00366519158706069,2025-07-01 17:47:11.854,1751372231854,-6643,-4595,1729,-289,19,100
645,2025-07-01 17:47:12.304,2025-07-01 17:47:11.916920,-6.045359134674072,5.626373767852783,5.195417881011963,-0.10506882518529892,-0.00366519158706069,-0.010995574295520782,2025-07-01 17:47:11.932,1751372231932,-6922,-4873,1731,-353,114,-126
646,2025-07-01 17:47:12.379,2025-07-01 17:47:12.016904,-6.078877925872803,5.595249176025391,5.102043628692627,-0.15271630883216858,0.02076941914856434,-0.05253441259264946,2025-07-01 17:47:12.009,1751372232009,-6937,-4606,1717,-351,114,-93
647,2025-07-01 17:47:12.479,2025-07-01 17:47:12.116278,-6.232107162475586,5.556941986083984,5.439626216888428,-0.3604104816913605,-0.024434609338641167,-0.08429940044879913,2025-07-01 17:47:12.139,1751372232139,-6950,-4894,1761,-316,-34,281
648,2025-07-01 17:47:12.677,2025-07-01 17:47:12.316128,-5.963956356048584,5.066130638122559,5.559336185455322,-0.27122417092323303,-0.07330382615327835,-0.09285151958465576,2025-07-01 17:47:12.303,1751372232303,-7003,-4555,1703,60,281,-100
649,2025-07-01 17:47:12.782,2025-07-01 17:47:12.416124,-6.107608318328857,4.955997467041016,5.985504150390625,-0.5827654600143433,-0.04764748737215996,-0.09162978827953339,2025-07-01 17:47:12.378,1751372232378,-7020,-4576,1701,-328,-39,-89
650,2025-07-01 17:47:12.902,2025-07-01 17:47:12.516837,-5.978321552276611,3.88818359375,5.489904403686523,-1.1227703094482422,-0.06475171446800232,-0.13439035415649414,2025-07-01 17:47:12.550,1751372232550,-7002,-4587,1908,-133,362,139
651,2025-07-01 17:47:12.976,2025-07-01 17:47:12.616895,-5.602431774139404,3.069366693496704,5.671864032745361,-1.1753047704696655,-0.13805554807186127,-0.3494149148464203,2025-07-01 17:47:12.647,1751372232647,-6881,-4064,1432,-829,1105,1707
652,2025-07-01 17:47:13.176,2025-07-01 17:47:12.820070,-5.56173038482666,1.290474772453308,6.730101108551025,-1.6395623683929443,-0.5595525503158569,-0.7550294399261475,2025-07-01 17:47:12.832,1751372232832,-7401,-3633,872,-2597,1487,2127
653,2025-07-01 17:47:13.276,2025-07-01 17:47:12.916922,-4.261679172515869,-0.8188169598579407,5.940014362335205,-1.8374826908111572,-0.6279694437980652,-1.1997393369674683,2025-07-01 17:47:12.916,1751372232916,-7669,-3035,-45,-2535,1324,2082
654,2025-07-01 17:47:13.376,2025-07-01 17:47:13.017003,-3.643975019454956,-3.957615375518799,5.652710437774658,-2.1502456665039062,-0.17348572611808777,-1.7116444110870361,2025-07-01 17:47:13.018,1751372233018,-7851,-2770,-258,-2279,1084,1775
655,2025-07-01 17:47:13.776,2025-07-01 17:47:13.516224,0.021547814831137657,-9.265560150146484,5.360617637634277,0.19425514340400696,-0.17104226350784302,-0.40683624148368835,2025-07-01 17:47:13.546,1751372233546,-8315,-1283,-621,257,-133,470
656,2025-07-01 17:47:14.191,2025-07-01 17:47:13.816970,0.5961562395095825,-8.508993148803711,4.8051629066467285,-0.051312681287527084,-0.06719517707824707,-0.14416420459747314,2025-07-01 17:47:13.830,1751372233830,-8306,-929,-636,336,357,8
657,2025-07-01 17:47:14.277,2025-07-01 17:47:13.917148,0.7661445140838623,-8.71728801727295,4.776432514190674,-0.05742133408784866,-0.06108652427792549,-0.10751228034496307,2025-07-01 17:47:13.934,1751372233934,-8156,-1064,-823,140,135,-414
658,2025-07-01 17:47:14.377,2025-07-01 17:47:14.016596,0.6703764796257019,-8.252813339233398,4.757278919219971,-0.07941248267889023,-0.09285151958465576,-0.11484266817569733,2025-07-01 17:47:13.998,1751372233998,-8140,-906,-839,29,-51,-199
659,2025-07-01 17:47:14.577,2025-07-01 17:47:14.216493,1.3742717504501343,-10.51054573059082,5.509057998657227,0.1661553531885147,-0.07330382615327835,0.05742133408784866,2025-07-01 17:47:14.207,1751372234207,-8258,-1282,-832,-534,311,381
660,2025-07-01 17:47:14.887,2025-07-01 17:47:14.617690,2.5115175247192383,-3.821146011352539,7.493851184844971,1.567480206489563,1.5919147729873657,-2.5473079681396484,2025-07-01 17:47:14.621,1751372234621,-8073,-236,-957,-314,844,693
661,2025-07-01 17:47:15.077,2025-07-01 17:47:14.722864,-1.922544002532959,-12.543222427368164,2.9496564865112305,-2.574186086654663,1.2791517972946167,-1.7568484544754028,2025-07-01 17:47:14.724,1751372234724,-7860,-153,-1621,-357,508,371
662,2025-07-01 17:47:15.178,2025-07-01 17:47:14.917098,7.417236804962158,-7.951143741607666,5.066130638122559,-0.06841690838336945,-0.23457226157188416,-0.9297369122505188,2025-07-01 17:47:14.893,1751372234893,-7898,-130,-1502,-111,-104,-13
663,2025-07-01 17:47:15.504,2025-07-01 17:47:15.217051,4.376600742340088,-11.437101364135742,6.490680694580078,-0.4960225820541382,0.39584067463874817,1.9120081663131714,2025-07-01 17:47:15.253,1751372235253,-7884,-178,-954,-595,348,-992
664,2025-07-01 17:47:15.784,2025-07-01 17:47:15.417603,-1.5131354331970215,-4.81473970413208,2.473210334777832,1.8863518238067627,0.1869247704744339,1.4282029867172241,2025-07-01 17:47:15.438,1751372235438,-7838,-456,-1499,1070,642,-578
665,2025-07-01 17:47:15.887,2025-07-01 17:47:15.519566,-1.601720929145813,-6.253654956817627,5.841852188110352,1.254717230796814,-0.06963863968849182,0.9395107626914978,2025-07-01 17:47:15.524,1751372235524,-7662,-731,-1878,762,794,-925
666,2025-07-01 17:47:15.983,2025-07-01 17:47:15.617709,-1.3024457693099976,-6.998251438140869,8.123526573181152,2.1306979656219482,-0.5155702829360962,0.911410927772522,2025-07-01 17:47:15.629,1751372235629,-7998,-979,-2117,-278,826,-1338
667,2025-07-01 17:47:16.093,2025-07-01 17:47:15.717037,-1.0845733880996704,-4.091690540313721,8.259995460510254,1.3451253175735474,-0.6585127115249634,0.9908234477043152,2025-07-01 17:47:15.713,1751372235713,-8025,-1648,-1945,-700,360,-694
668,2025-07-01 17:47:16.194,2025-07-01 17:47:15.826820,-0.28730419278144836,-2.1332337856292725,9.583989143371582,1.0225883722305298,-0.6047565937042236,0.5827654600143433,2025-07-01 17:47:15.805,1751372235805,-8042,-1663,-2163,-835,122,-242
669,2025-07-01 17:47:16.302,2025-07-01 17:47:15.920004,-0.5363011956214905,-3.5936968326568604,8.398859977722168,0.750142514705658,-0.4129449129104614,0.5265658497810364,2025-07-01 17:47:15.894,1751372235894,-7668,-1174,-2116,-568,31,-78
670,2025-07-01 17:47:16.581,2025-07-01 17:47:16.219810,1.580173134803772,-4.829104900360107,8.24084186553955,-0.34574973583221436,-0.2028072625398636,0.2431243658065796,2025-07-01 17:47:16.193,1751372236193,-7664,-1349,-1737,-127,74,-122
671,2025-07-01 17:47:16.676,2025-07-01 17:47:16.219810,1.580173134803772,-4.829104900360107,8.24084186553955,-0.34574973583221436,-0.2028072625398636,0.2431243658065796,2025-07-01 17:47:16.252,1751372236252,-8052,-1020,-1724,-327,-105,-30
672,2025-07-01 17:47:16.881,2025-07-01 17:47:16.517877,3.2800562381744385,2.5929205417633057,10.244789123535156,-0.28099802136421204,0.7122688889503479,-0.3237585723400116,2025-07-01 17:47:16.519,1751372236519,-8064,-1300,-1861,35,62,51
673,2025-07-01 17:47:17.092,2025-07-01 17:47:16.616305,-3.0597896575927734,2.7724854946136475,4.7189717292785645,-7.110471248626709,0.2321287989616394,0.20891591906547546,2025-07-01 17:47:16.631,1751372236631,-7833,-1313,-1769,-164,86,-115
674,2025-07-01 17:47:17.192,2025-07-01 17:47:16.816397,-0.1604115068912506,1.6687586307525635,6.562506675720215,3.9791762828826904,0.21624629199504852,-1.0555751323699951,2025-07-01 17:47:16.777,1751372236777,-8006,-930,-2163,-58,-302,-14
675,2025-07-01 17:47:17.487,2025-07-01 17:47:17.116089,-2.8155810832977295,-0.790086567401886,4.400542736053467,-5.816658973693848,-0.15271630883216858,0.6475171446800232,2025-07-01 17:47:17.150,1751372237150,-7862,-959,-1445,579,-383,47
676,2025-07-01 17:47:17.876,2025-07-01 17:47:17.516465,-1.0342950820922852,1.41257905960083,7.857769966125488,-1.8252654075622559,1.4563027620315552,0.5204572081565857,2025-07-01 17:47:17.524,1751372237524,-8246,-986,-904,457,-519,35
677,2025-07-01 17:47:18.093,2025-07-01 17:47:17.617322,0.33039984107017517,-6.016628742218018,6.478709697723389,-0.44837507605552673,-0.9138544201850891,0.21502456068992615,2025-07-01 17:47:17.606,1751372237606,-8217,-1369,-1007,-205,-56,-771
678,2025-07-01 17:47:18.286,2025-07-01 17:47:17.916810,2.1045033931732178,4.041412353515625,11.585541725158691,-0.7965682744979858,0.7904596328735352,-0.20891591906547546,2025-07-01 17:47:17.950,1751372237950,-8282,-1227,-1101,340,64,-96
679,2025-07-01 17:47:18.377,2025-07-01 17:47:18.017227,-0.8236053586006165,-3.4548330307006836,5.9735331535339355,-4.42144250869751,-0.14782938361167908,0.9737191796302795,2025-07-01 17:47:18.049,1751372238049,-8236,-1246,-1020,-135,328,38
680,2025-07-01 17:47:18.478,2025-07-01 17:47:18.120801,3.0597896575927734,1.1755530834197998,13.690045356750488,1.6908750534057617,-0.17470745742321014,0.0024434609804302454,2025-07-01 17:47:18.145,1751372238145,-8271,-1202,-955,275,-33,277
681,2025-07-01 17:47:18.788,2025-07-01 17:47:18.516924,2.0039467811584473,1.072602391242981,11.60708999633789,-0.6524040699005127,-0.19914206862449646,-0.4789183437824249,2025-07-01 17:47:18.502,1751372238502,-7934,-1185,-1027,53,-97,-368
682,2025-07-01 17:47:19.379,2025-07-01 17:47:19.024484,-0.2968810200691223,-1.3551181554794312,8.552088737487793,-0.5900958180427551,0.8991936445236206,-0.2993239760398865,2025-07-01 17:47:19.046,1751372239046,-8079,-1636,-1100,-322,91,-779
683,2025-07-01 17:47:19.490,2025-07-01 17:47:19.119550,0.7948749661445618,-0.8164227604866028,8.537723541259766,-0.32620203495025635,-0.32986724376678467,0.02321287989616394,2025-07-01 17:47:19.136,1751372239136,-8237,-1643,-1092,-319,37,-313
684,2025-07-01 17:47:19.576,2025-07-01 17:47:19.220755,2.365471363067627,1.5873557329177856,11.32457447052002,0.05009094998240471,-0.12217304855585098,0.16493362188339233,2025-07-01 17:47:19.211,1751372239211,-7830,-1654,-739,73,32,48
685,2025-07-01 17:47:19.679,2025-07-01 17:47:19.318949,1.479616641998291,-0.9457096457481384,9.050082206726074,-1.3622294664382935,-0.16493362188339233,0.2370157092809677,2025-07-01 17:47:19.303,1751372239303,-8225,-1587,-1061,-359,-46,-87
686,2025-07-01 17:47:19.801,2025-07-01 17:47:19.416756,1.094150185585022,-0.7709329724311829,10.402806282043457,0.1918116807937622,-0.08796459436416626,-0.0012217304902151227,2025-07-01 17:47:19.391,1751372239391,-8091,-1273,-1127,-158,314,316
687,2025-07-01 17:47:20.277,2025-07-01 17:47:19.916882,1.7142484188079834,0.4189853072166443,5.8873419761657715,-4.565607070922852,1.016479730606079,0.38117989897727966,2025-07-01 17:47:19.947,1751372239947,-8228,-1439,-664,185,-321,-209
688,2025-07-01 17:47:20.387,2025-07-01 17:47:20.016619,-0.3687070608139038,-3.8498764038085938,5.6455278396606445,2.8857274055480957,0.5009095072746277,-0.9578366875648499,2025-07-01 17:47:20.050,1751372240050,-7838,-1413,-692,303,-289,-359
689,2025-07-01 17:47:20.489,2025-07-01 17:47:20.120757,2.779668092727661,3.737348794937134,10.170568466186523,4.301712989807129,-1.2327260971069336,-0.50335294008255,2025-07-01 17:47:20.137,1751372240137,-7839,-1411,-1029,-89,-116,-353
690,2025-07-01 17:47:20.681,2025-07-01 17:47:20.316158,0.9624691009521484,0.035913024097681046,7.570465564727783,-0.9456194043159485,0.15760323405265808,0.9150761365890503,2025-07-01 17:47:20.319,1751372240319,-7877,-1576,-1041,139,-80,279
691,2025-07-01 17:47:21.478,2025-07-01 17:47:20.520844,1.280897855758667,-9.246406555175781,8.547300338745117,0.485027015209198,0.49235737323760986,-0.23090706765651703,2025-07-01 17:47:20.559,1751372240559,-7909,-1367,-1058,22,-45,82
692,2025-07-01 17:47:22.183,2025-07-01 17:47:21.816068,7.450755596160889,-6.854599475860596,5.681440830230713,0.8759807348251343,0.7464773058891296,0.4080579876899719,2025-07-01 17:47:21.776,1751372241776,-8121,66,-769,-32,-636,1134
693,2025-07-01 17:47:22.304,2025-07-01 17:47:22.016282,0.026336219161748886,-7.273584842681885,5.260061264038086,-1.605353832244873,-0.05375614017248154,2.4630086421966553,2025-07-01 17:47:22.031,1751372242031,-8534,-277,-814,567,-378,-317
694,2025-07-01 17:47:22.489,2025-07-01 17:47:22.216070,3.4955344200134277,-7.0341644287109375,5.57370138168335,0.5803219676017761,-0.2577851414680481,0.05009094998240471,2025-07-01 17:47:22.187,1751372242187,-8093,-282,-220,-15,-583,-324
695,2025-07-01 17:47:22.881,2025-07-01 17:47:22.518767,2.894589900970459,-7.546523571014404,5.882553577423096,0.13927727937698364,0.4092797040939331,-0.3323107063770294,2025-07-01 17:47:22.551,1751372242551,-8143,-737,607,14,-478,-478
696,2025-07-01 17:47:22.977,2025-07-01 17:47:22.628711,1.4245500564575195,-7.9415669441223145,5.604825973510742,-0.5326744914054871,0.759916365146637,-0.607200026512146,2025-07-01 17:47:22.633,1751372242633,-8113,-1037,399,-75,-539,-252
697,2025-07-01 17:47:23.080,2025-07-01 17:47:22.727551,-1.5921441316604614,-5.647922039031982,4.987122058868408,1.33168625831604,0.384845107793808,-1.7654005289077759,2025-07-01 17:47:22.734,1751372242734,-8178,-864,152,61,-56,-215