id,ActualTime,WatchTimeStamp,Ax watch,Ay watch,Az watch,Gx watch,Gy watch,Gz watch,Esense TimeStamp,Time in Epochs (ignore),Ax esense,Ay esense,Az esense,Gx esense,Gy esense,Gz esense
1,2025-07-01 18:03:34.626,2025-07-01 18:03:34.626494,6.313509941101074,-3.691859006881714,7.184999465942383,-1.254717230796814,-0.00366519158706069,-0.5412266254425049,2025-07-01 18:03:34.606,1751373214606,-7587,-3013,346,-587,466,1146
2,2025-07-01 18:03:34.726,2025-07-01 18:03:34.720244,6.581660270690918,-2.7461493015289307,7.6351094245910645,0.7037167549133301,-0.6059783101081848,-0.1514945775270462,2025-07-01 18:03:34.691,1751373214691,-7977,-3075,-90,-330,493,903
3,2025-07-01 18:03:34.827,2025-07-01 18:03:34.820248,7.647080421447754,-2.315192937850952,6.983886241912842,0.8234463334083557,-0.4190535545349121,-0.40072759985923767,2025-07-01 18:03:34.794,1751373214794,-8059,-2900,-75,-37,397,1462
4,2025-07-01 18:03:35.226,2025-07-01 18:03:35.221794,7.879317760467529,-2.626439332962036,5.6670756340026855,0.3445279896259308,-0.2590068578720093,-0.1771509200334549,2025-07-01 18:03:35.224,1751373215224,-8291,483,-1001,-133,-306,1435
5,2025-07-01 18:03:35.326,2025-07-01 18:03:35.320256,8.317456245422363,-2.4420857429504395,4.745307922363281,-0.00366519158706069,-0.384845107793808,-0.14049901068210602,2025-07-01 18:03:35.325,1751373215325,-8228,689,-993,97,323,923
6,2025-07-01 18:03:35.427,2025-07-01 18:03:35.420553,8.40843677520752,-2.456450939178467,5.125985622406006,-0.1722639948129654,-0.2590068578720093,-0.06963863968849182,2025-07-01 18:03:35.405,1751373215405,-8280,716,-1315,230,259,924
7,2025-07-01 18:03:35.526,2025-07-01 18:03:35.520257,8.348581314086914,-2.6384103298187256,4.3406877517700195,-0.4105014503002167,-0.19792033731937408,-0.06963863968849182,2025-07-01 18:03:35.505,1751373215505,-8470,699,-1327,458,275,891
8,2025-07-01 18:03:35.627,2025-07-01 18:03:35.620573,8.688557624816895,-2.6024973392486572,4.02465295791626,-0.20036379992961884,-0.21135938167572021,-0.03787364438176155,2025-07-01 18:03:35.590,1751373215590,-8152,817,-693,776,-771,554
9,2025-07-01 18:03:35.727,2025-07-01 18:03:35.720282,8.741230010986328,-2.6144683361053467,4.084507942199707,0.06352998316287994,-0.08429940044879913,-0.021991148591041565,2025-07-01 18:03:35.692,1751373215692,-8103,858,-824,653,-534,358
10,2025-07-01 18:03:36.228,2025-07-01 18:03:36.220262,8.968679428100586,-2.8826189041137695,3.2968156337738037,-0.12828169763088226,0.030543262138962746,0.025656340643763542,2025-07-01 18:03:36.224,1751373216224,-8183,80,-587,84,-238,-1025
11,2025-07-01 18:03:36.340,2025-07-01 18:03:36.320269,8.83939266204834,-2.674323320388794,3.8786067962646484,0.0024434609804302454,0.15271630883216858,-0.0012217304902151227,2025-07-01 18:03:36.317,1751373216317,-8113,-74,-202,221,-499,-771
12,2025-07-01 18:03:36.436,2025-07-01 18:03:36.421151,8.767566680908203,-2.762908697128296,4.213795185089111,-0.03787364438176155,0.19425514340400696,-0.012217304669320583,2025-07-01 18:03:36.401,1751373216401,-8148,285,-208,330,-637,-832
13,2025-07-01 18:03:36.542,2025-07-01 18:03:36.520301,8.571242332458496,-2.9328970909118652,4.414907932281494,0.036651913076639175,0.11850785464048386,-0.08918632566928864,2025-07-01 18:03:36.491,1751373216491,-8124,115,-193,-290,-591,-949
14,2025-07-01 18:03:36.642,2025-07-01 18:03:36.621675,8.621520042419434,-2.6791117191314697,4.347870349884033,0.10995574295520782,0.05619960278272629,-0.18325957655906677,2025-07-01 18:03:36.581,1751373216581,-9087,-235,61,-666,-805,-1449
15,2025-07-01 18:03:36.934,2025-07-01 18:03:36.822587,8.688557624816895,-2.3702597618103027,4.520252704620361,-0.1368338167667389,0.10751228034496307,0.018325956538319588,2025-07-01 18:03:36.858,1751373216858,-8473,-1400,581,-732,-131,-1569
16,2025-07-01 18:03:37.035,2025-07-01 18:03:36.924741,8.470685958862305,-2.801215887069702,4.675876140594482,-0.18448130786418915,0.12217304855585098,0.07330382615327835,2025-07-01 18:03:36.956,1751373216956,-8157,-1449,241,-1276,-446,-1619
17,2025-07-01 18:03:37.232,2025-07-01 18:03:37.231556,8.822632789611816,-2.2577321529388428,4.0964789390563965,0.07208210229873657,-0.12828169763088226,-0.05619960278272629,2025-07-01 18:03:37.205,1751373217205,-8094,-1693,554,-443,363,137
18,2025-07-01 18:03:37.329,2025-07-01 18:03:37.324366,8.741230010986328,-2.5450363159179688,4.223371982574463,-0.045204028487205505,-0.0354301854968071,0.039095375686883926,2025-07-01 18:03:37.294,1751373217294,-8268,-2086,253,-428,608,889
19,2025-07-01 18:03:37.630,2025-07-01 18:03:37.525359,9.07641887664795,-2.1523873805999756,3.5913026332855225,-0.16982053220272064,0.10384709388017654,-0.06841690838336945,2025-07-01 18:03:37.563,1751373217563,-8154,-1149,-9,390,313,644
20,2025-07-01 18:03:37.729,2025-07-01 18:03:37.629261,8.506598472595215,-2.097320795059204,4.855441093444824,0.08185594528913498,0.07819075137376785,-0.3335324227809906,2025-07-01 18:03:37.658,1751373217658,-8155,-1096,122,-58,313,348
21,2025-07-01 18:03:37.830,2025-07-01 18:03:37.721382,8.954314231872559,-2.2697031497955322,3.8714241981506348,0.05742133408784866,-0.10995574295520782,0.06108652427792549,2025-07-01 18:03:37.747,1751373217747,-8465,-974,-63,-352,-146,-9
22,2025-07-01 18:03:37.934,2025-07-01 18:03:37.822140,8.829815864562988,-2.013523578643799,4.1395745277404785,0.18814650177955627,-0.14294247329235077,0.010995574295520782,2025-07-01 18:03:37.848,1751373217848,-8167,-932,374,-71,-326,-62
23,2025-07-01 18:03:38.027,2025-07-01 18:03:37.937246,9.05247688293457,-2.3535003662109375,3.971980571746826,0.04886921867728233,-0.09407325088977814,0.012217304669320583,2025-07-01 18:03:37.943,1751373217943,-8191,-1118,162,286,-296,-73
24,2025-07-01 18:03:38.129,2025-07-01 18:03:38.121105,9.081207275390625,-2.0805611610412598,3.773261785507202,0.00366519158706069,-0.015882495790719986,-0.02321287989616394,2025-07-01 18:03:38.120,1751373218120,-8468,-1139,183,-102,-88,-287
25,2025-07-01 18:03:38.226,2025-07-01 18:03:38.222180,8.990227699279785,-2.2026655673980713,3.97916316986084,-0.05742133408784866,0.03420845419168472,0.03176499158143997,2025-07-01 18:03:38.201,1751373218201,-8100,-948,204,54,-93,-343
26,2025-07-01 18:03:38.326,2025-07-01 18:03:38.325639,8.916007041931152,-2.3511061668395996,4.151545524597168,-0.05864306539297104,0.00366519158706069,0.03787364438176155,2025-07-01 18:03:38.298,1751373218298,-8499,-1142,320,-186,145,106
27,2025-07-01 18:03:38.827,2025-07-01 18:03:38.820298,8.911218643188477,-2.2697031497955322,3.9432501792907715,-0.01710422709584236,-0.0024434609804302454,-0.00733038317412138,2025-07-01 18:03:38.825,1751373218825,-8188,-969,-48,8,-73,-344
28,2025-07-01 18:03:39.029,2025-07-01 18:03:39.022651,8.956708908081055,-2.31758713722229,3.885789394378662,0.009773843921720982,-0.01466076634824276,0.004886921960860491,2025-07-01 18:03:39.009,1751373219009,-8167,-958,-65,-300,-204,348
29,2025-07-01 18:03:39.127,2025-07-01 18:03:39.123481,8.887276649475098,-2.276885747909546,3.976768970489502,0.018325956538319588,-0.018325956538319588,0.03298672288656235,2025-07-01 18:03:39.099,1751373219099,-8185,-1102,336,193,298,-304
30,2025-07-01 18:03:39.226,2025-07-01 18:03:39.222590,8.968679428100586,-2.518700122833252,3.8714241981506348,-0.00366519158706069,-0.012217304669320583,0.04153883829712868,2025-07-01 18:03:39.194,1751373219194,-8325,-897,273,-163,-516,-893
31,2025-07-01 18:03:39.326,2025-07-01 18:03:39.321569,8.925583839416504,-2.432508945465088,3.885789394378662,-0.0012217304902151227,0.018325956538319588,-0.00366519158706069,2025-07-01 18:03:39.286,1751373219286,-8474,-1212,220,-675,-802,-1352
32,2025-07-01 18:03:39.527,2025-07-01 18:03:39.423076,8.951920509338379,-2.4420857429504395,3.7445313930511475,-0.08918632566928864,0.05742133408784866,0.04886921867728233,2025-07-01 18:03:39.463,1751373219463,-8151,-1737,397,-984,-186,-1129
33,2025-07-01 18:03:39.630,2025-07-01 18:03:39.525295,8.856152534484863,-2.6815059185028076,4.091690540313721,-0.030543262138962746,0.004886921960860491,-0.015882495790719986,2025-07-01 18:03:39.548,1751373219548,-8263,-1986,477,-436,-343,-911
34,2025-07-01 18:03:39.737,2025-07-01 18:03:39.625847,8.846575736999512,-2.4468741416931152,4.089296340942383,0.0012217304902151227,0.019547687843441963,0.059864792972803116,2025-07-01 18:03:39.640,1751373219640,-8205,-2368,499,-573,-340,-1131
35,2025-07-01 18:03:39.928,2025-07-01 18:03:39.920450,8.757989883422852,-2.7509377002716064,4.228160381317139,-0.05375614017248154,0.05742133408784866,0.17592918872833252,2025-07-01 18:03:39.902,1751373219902,-7901,-2641,636,-144,66,-857
36,2025-07-01 18:03:40.028,2025-07-01 18:03:40.026082,8.796297073364258,-2.628833532333374,4.225766181945801,0.11728613078594208,-0.013439035043120384,0.030543262138962746,2025-07-01 18:03:40.004,1751373220004,-7830,-2515,400,-129,100,-622
37,2025-07-01 18:03:40.126,2025-07-01 18:03:40.124836,8.650250434875488,-2.5785553455352783,4.165910720825195,0.07819075137376785,-0.018325956538319588,0.025656340643763542,2025-07-01 18:03:40.093,1751373220093,-7829,-2536,391,-314,101,-630
38,2025-07-01 18:03:40.226,2025-07-01 18:03:40.227368,8.827422142028809,-2.6575639247894287,4.211400985717773,-0.05375614017248154,0.05742133408784866,-0.02321287989616394,2025-07-01 18:03:40.187,1751373220187,-7817,-2886,627,-87,98,-145
39,2025-07-01 18:03:40.426,2025-07-01 18:03:40.326441,8.880094528198242,-2.3367409706115723,3.952826976776123,-0.08185594528913498,0.09651670604944229,-0.05253441259264946,2025-07-01 18:03:40.355,1751373220355,-8015,-2725,446,94,96,-358
40,2025-07-01 18:03:40.527,2025-07-01 18:03:40.423191,8.707711219787598,-2.6024973392486572,4.381389141082764,-0.06108652427792549,0.12217304855585098,-0.14049901068210602,2025-07-01 18:03:40.445,1751373220445,-7991,-2719,445,-65,114,-318
41,2025-07-01 18:03:40.726,2025-07-01 18:03:40.727280,8.710105895996094,-2.346317768096924,4.28322696685791,0.042760565876960754,-0.013439035043120384,0.04398229718208313,2025-07-01 18:03:40.718,1751373220718,-7989,-3088,467,182,106,-327
42,2025-07-01 18:03:40.926,2025-07-01 18:03:40.923558,8.719682693481445,-2.631227731704712,4.367023944854736,-0.04153883829712868,0.06352998316287994,0.02076941914856434,2025-07-01 18:03:40.916,1751373220916,-7670,-3124,783,258,82,-257
43,2025-07-01 18:03:41.327,2025-07-01 18:03:41.224931,8.540117263793945,-2.698265314102173,4.460397720336914,-0.03176499158143997,0.02932153269648552,0.0403171069920063,2025-07-01 18:03:41.258,1751373221258,-8004,-3083,685,-635,-569,-377
44,2025-07-01 18:03:41.427,2025-07-01 18:03:41.320522,8.56884765625,-2.583343744277954,4.46518611907959,0.0403171069920063,0.010995574295520782,0.036651913076639175,2025-07-01 18:03:41.352,1751373221352,-7950,-3168,767,-661,-398,-528
45,2025-07-01 18:03:41.534,2025-07-01 18:03:41.420246,8.564059257507324,-2.5043349266052246,4.548983097076416,0.010995574295520782,0.025656340643763542,0.00366519158706069,2025-07-01 18:03:41.437,1751373221437,-7951,-3177,760,-664,-436,-557
46,2025-07-01 18:03:41.627,2025-07-01 18:03:41.620184,8.489839553833008,-2.631227731704712,4.548983097076416,0.006108652334660292,0.010995574295520782,-0.010995574295520782,2025-07-01 18:03:41.625,1751373221625,-7560,-3417,912,-1345,-1367,-1086
47,2025-07-01 18:03:41.730,2025-07-01 18:03:41.720191,8.554482460021973,-2.5474305152893066,4.594472885131836,0.05619960278272629,-0.00733038317412138,0.03420845419168472,2025-07-01 18:03:41.708,1751373221708,-7727,-3707,1340,-958,-1360,-1351
48,2025-07-01 18:03:41.837,2025-07-01 18:03:41.820221,8.396465301513672,-2.738966703414917,4.692635536193848,-0.05375614017248154,0.02932153269648552,0.01466076634824276,2025-07-01 18:03:41.808,1751373221808,-7684,-3584,1176,-640,-830,-945
49,2025-07-01 18:03:42.034,2025-07-01 18:03:42.020451,8.482656478881836,-2.8131868839263916,4.6040496826171875,-0.0403171069920063,0.00855211354792118,0.02076941914856434,2025-07-01 18:03:41.986,1751373221986,-7334,-3848,1348,-49,-107,-711
50,2025-07-01 18:03:42.226,2025-07-01 18:03:42.129254,8.530540466308594,-2.6791117191314697,4.596867084503174,0.009773843921720982,-0.00855211354792118,0.004886921960860491,2025-07-01 18:03:42.161,1751373222161,-7397,-4146,1383,62,-54,-885
51,2025-07-01 18:03:42.426,2025-07-01 18:03:42.426740,8.468291282653809,-2.631227731704712,4.469974517822266,0.036651913076639175,-0.028099801391363144,0.006108652334660292,2025-07-01 18:03:42.423,1751373222423,-7191,-4558,1258,-1,-189,-535
52,2025-07-01 18:03:42.532,2025-07-01 18:03:42.531494,8.465897560119629,-2.6240451335906982,4.565742492675781,-0.00733038317412138,-0.03176499158143997,0.02687807008624077,2025-07-01 18:03:42.521,1751373222521,-6878,-4654,1253,609,-396,-183
53,2025-07-01 18:03:42.626,2025-07-01 18:03:42.630348,8.53532886505127,-2.801215887069702,4.458003520965576,-0.01710422709584236,-0.0403171069920063,0.04764748737215996,2025-07-01 18:03:42.607,1751373222607,-6789,-4620,1679,115,-681,47
54,2025-07-01 18:03:42.826,2025-07-01 18:03:42.826205,8.576030731201172,-2.8562827110290527,4.309563159942627,-0.039095375686883926,0.03176499158143997,0.08307767659425735,2025-07-01 18:03:42.802,1751373222802,-6628,-4717,1993,-131,-882,-366
55,2025-07-01 18:03:43.031,2025-07-01 18:03:42.939947,8.389283180236816,-2.8634653091430664,4.580107688903809,-0.08674286305904388,0.16371189057826996,0.1417207419872284,2025-07-01 18:03:42.967,1751373222967,-6975,-4267,2202,-315,112,203
56,2025-07-01 18:03:43.128,2025-07-01 18:03:43.020675,8.310274124145508,-3.4308910369873047,4.484339714050293,-0.46181413531303406,0.2223549485206604,0.2382374405860901,2025-07-01 18:03:43.054,1751373223054,-6825,-4313,2269,-136,305,529
57,2025-07-01 18:03:43.235,2025-07-01 18:03:43.129175,8.360552787780762,-5.307945251464844,5.116408824920654,-0.5644394755363464,0.17959438264369965,0.4740314185619354,2025-07-01 18:03:43.154,1751373223154,-6970,-4429,2193,-626,437,333
58,2025-07-01 18:03:43.432,2025-07-01 18:03:43.432802,8.032546997070312,-4.501099109649658,4.412513732910156,-0.00366519158706069,0.045204028487205505,0.24678955972194672,2025-07-01 18:03:43.413,1751373223413,-6969,-4495,2156,342,388,-1142
59,2025-07-01 18:03:43.528,2025-07-01 18:03:43.532781,7.898471355438232,-4.568136692047119,3.713406801223755,0.5057964324951172,-0.09285151958465576,0.4911356568336487,2025-07-01 18:03:43.517,1751373223517,-6901,-5171,2109,204,203,-962
60,2025-07-01 18:03:43.629,2025-07-01 18:03:43.624181,6.904877662658691,-3.890577793121338,3.9815573692321777,1.2754865884780884,-0.20525072515010834,0.656069278717041,2025-07-01 18:03:43.595,1751373223595,-6645,-4758,1763,69,51,-821
61,2025-07-01 18:03:43.727,2025-07-01 18:03:43.720335,6.89530086517334,-3.3494882583618164,6.919242858886719,2.2968533039093018,-0.5937610268592834,0.11728613078594208,2025-07-01 18:03:43.685,1751373223685,-6777,-4894,1686,-354,-79,-463
62,2025-07-01 18:03:43.829,2025-07-01 18:03:43.820261,7.869740962982178,-3.098097085952759,7.82185697555542,1.7617353200912476,-1.1801916360855103,-0.16737708449363708,2025-07-01 18:03:43.780,1751373223780,-6776,-4879,1914,-536,346,-552
63,2025-07-01 18:03:44.027,2025-07-01 18:03:43.920245,8.437167167663574,-2.276885747909546,5.109226226806641,0.3481931984424591,-0.05742133408784866,0.24678955972194672,2025-07-01 18:03:43.951,1751373223951,-6339,-4484,1252,-565,1332,145
64,2025-07-01 18:03:44.126,2025-07-01 18:03:44.021684,7.869740962982178,-1.6424223184585571,4.802768707275391,-0.48869219422340393,0.024434609338641167,0.1661553531885147,2025-07-01 18:03:44.047,1751373224047,-6634,-4877,877,-168,1607,821
65,2025-07-01 18:03:44.227,2025-07-01 18:03:44.120282,8.022970199584961,-1.8267759084701538,5.240907669067383,-0.2675589919090271,-0.05497787147760391,0.01710422709584236,2025-07-01 18:03:44.131,1751373224131,-7196,-4675,234,-55,1451,690
66,2025-07-01 18:03:44.331,2025-07-01 18:03:44.320358,8.283937454223633,-2.6408045291900635,4.987122058868408,-0.15760323405265808,-0.11850785464048386,-0.21502456068992615,2025-07-01 18:03:44.312,1751373224312,-7477,-4237,-109,101,981,1113
67,2025-07-01 18:03:44.428,2025-07-01 18:03:44.421530,8.916007041931152,-3.1028854846954346,5.250484466552734,0.0757472887635231,-0.09040805697441101,-0.27611109614372253,2025-07-01 18:03:44.426,1751373224426,-7509,-4118,-135,331,315,152
68,2025-07-01 18:03:44.527,2025-07-01 18:03:44.521070,8.063671112060547,-1.7812861204147339,4.697423934936523,-0.19547687470912933,-0.09040805697441101,-0.06230825558304787,2025-07-01 18:03:44.498,1751373224498,-8027,-3964,38,-380,-153,231
69,2025-07-01 18:03:44.627,2025-07-01 18:03:44.620179,8.628703117370605,-2.6192567348480225,4.649539470672607,0.04886921867728233,-0.2528982162475586,-0.3335324227809906,2025-07-01 18:03:44.594,1751373224594,-7567,-3752,625,367,-669,609
70,2025-07-01 18:03:44.926,2025-07-01 18:03:44.834189,8.552088737487793,-1.3551181554794312,4.513070106506348,-0.26145032048225403,-0.010995574295520782,-0.21502456068992615,2025-07-01 18:03:44.856,1751373224856,-7273,-4347,1232,823,-173,-227
71,2025-07-01 18:03:45.026,2025-07-01 18:03:44.933232,9.026140213012695,-2.47560453414917,4.5825018882751465,-0.14538592100143433,0.059864792972803116,-0.23945917189121246,2025-07-01 18:03:44.949,1751373224949,-7067,-4442,1569,397,-626,634
72,2025-07-01 18:03:45.126,2025-07-01 18:03:45.132826,9.555258750915527,-1.8315643072128296,4.553771495819092,0.1466076523065567,0.02932153269648552,-0.304210901260376,2025-07-01 18:03:45.125,1751373225125,-6965,-3917,1521,799,-669,467
73,2025-07-01 18:03:45.226,2025-07-01 18:03:45.229568,8.238448143005371,-1.2952631711959839,4.424484729766846,0.05619960278272629,-0.10262536257505417,0.0,2025-07-01 18:03:45.214,1751373225214,-6551,-3313,1887,138,-703,502
74,2025-07-01 18:03:45.326,2025-07-01 18:03:45.333618,8.310274124145508,-1.7621324062347412,4.211400985717773,0.36529740691185,-0.13805554807186127,0.16737708449363708,2025-07-01 18:03:45.310,1751373225310,-8389,-4723,2516,187,-1128,524
75,2025-07-01 18:03:45.426,2025-07-01 18:03:45.433438,9.153033256530762,-1.941697597503662,5.382165431976318,0.1111774742603302,0.25045475363731384,0.3481931984424591,2025-07-01 18:03:45.394,1751373225394,-7643,-3729,2889,479,-1088,229
76,2025-07-01 18:03:45.527,2025-07-01 18:03:45.520406,8.731653213500977,-2.006340980529785,5.856217384338379,0.2834414839744568,0.607200026512146,0.49724429845809937,2025-07-01 18:03:45.498,1751373225498,-6703,-3641,2213,-17,479,-211
77,2025-07-01 18:03:45.627,2025-07-01 18:03:45.620527,7.989450931549072,-1.6424223184585571,4.891354084014893,0.33597588539123535,0.7110471725463867,0.5754350423812866,2025-07-01 18:03:45.590,1751373225590,-6621,-3672,2022,306,1284,-132
78,2025-07-01 18:03:45.826,2025-07-01 18:03:45.731800,7.113173484802246,-2.4157495498657227,5.243301868438721,0.8943067193031311,0.2223549485206604,0.5778785347938538,2025-07-01 18:03:45.757,1751373225757,-8113,-2877,1890,785,845,1862
79,2025-07-01 18:03:45.926,2025-07-01 18:03:45.843680,7.438784599304199,-1.7908629179000854,5.20978307723999,0.8124507665634155,-0.16493362188339233,0.4593706727027893,2025-07-01 18:03:45.845,1751373225845,-8027,-2648,1436,-786,-500,515
80,2025-07-01 18:03:46.126,2025-07-01 18:03:46.139497,8.595184326171875,-1.8267759084701538,4.93923807144165,0.10506882518529892,0.6243042945861816,0.3689626157283783,2025-07-01 18:03:46.108,1751373226108,-7746,-3652,2374,3929,1890,-844
81,2025-07-01 18:03:46.226,2025-07-01 18:03:46.231998,6.746860504150391,-4.20421838760376,7.465120792388916,-0.3738495409488678,0.24923302233219147,0.22113321721553802,2025-07-01 18:03:46.203,1751373226203,-7967,-3135,2099,3607,1486,-218
82,2025-07-01 18:03:46.327,2025-07-01 18:03:46.336564,6.555324077606201,-2.717418909072876,7.350199222564697,-0.5839871764183044,-0.24923302233219147,-0.23457226157188416,2025-07-01 18:03:46.322,1751373226322,-7558,-2820,1750,2702,1620,601
83,2025-07-01 18:03:46.426,2025-07-01 18:03:46.424771,6.490680694580078,-2.738966703414917,6.2847795486450195,-0.024434609338641167,-0.19914206862449646,0.21135938167572021,2025-07-01 18:03:46.410,1751373226410,-8516,-1954,624,84,1595,1644
84,2025-07-01 18:03:46.629,2025-07-01 18:03:46.536213,7.295132637023926,-5.4444146156311035,6.042964935302734,-0.19792033731937408,0.045204028487205505,0.21868975460529327,2025-07-01 18:03:46.568,1751373226568,-8086,-1835,626,-283,1329,1872
85,2025-07-01 18:03:46.727,2025-07-01 18:03:46.620181,6.40927791595459,-4.7405195236206055,5.655104637145996,-0.16859880089759827,0.1563815027475357,0.05009094998240471,2025-07-01 18:03:46.657,1751373226657,-8350,-1243,590,-83,805,1102
86,2025-07-01 18:03:46.826,2025-07-01 18:03:46.720314,8.200140953063965,-5.913678169250488,11.188104629516602,-0.21013765037059784,0.6108652353286743,0.5338962078094482,2025-07-01 18:03:46.741,1751373226741,-8555,-1257,422,640,671,-633
87,2025-07-01 18:03:46.926,2025-07-01 18:03:46.920991,3.2848446369171143,-3.2393548488616943,3.1531636714935303,0.3274237811565399,-0.20036379992961884,-0.2919935882091522,2025-07-01 18:03:46.921,1751373226921,-8536,-1333,587,-18,336,-719
88,2025-07-01 18:03:47.026,2025-07-01 18:03:46.920991,3.2848446369171143,-3.2393548488616943,3.1531636714935303,0.3274237811565399,-0.20036379992961884,-0.2919935882091522,2025-07-01 18:03:46.921,1751373226921,-8536,-1333,587,-18,336,-719
89,2025-07-01 18:03:47.529,2025-07-01 18:03:47.437032,6.327875137329102,-4.230554580688477,6.780379295349121,-0.01710422709584236,-0.0403171069920063,-0.019547687843441963,2025-07-01 18:03:47.468,1751373227468,-7387,-4123,1400,-2567,1672,1086
90,2025-07-01 18:03:47.731,2025-07-01 18:03:47.621210,6.234501361846924,-3.8977603912353516,6.390124320983887,-0.004886921960860491,-0.036651913076639175,0.012217304669320583,2025-07-01 18:03:47.659,1751373227659,-8000,-2807,1542,-330,-2895,-576
91,2025-07-01 18:03:47.931,2025-07-01 18:03:47.921157,6.600813865661621,-3.9480385780334473,6.660669326782227,-0.039095375686883926,-0.1368338167667389,-0.042760565876960754,2025-07-01 18:03:47.912,1751373227912,-7662,-3338,2323,-406,-2730,-1227
92,2025-07-01 18:03:48.032,2025-07-01 18:03:48.024024,6.701370716094971,-3.8115692138671875,6.200982570648193,-0.10995574295520782,-0.09162978827953339,0.03420845419168472,2025-07-01 18:03:48.011,1751373228011,-7475,-3014,1987,-1062,-1737,-457
93,2025-07-01 18:03:48.338,2025-07-01 18:03:48.322274,6.617573261260986,-3.890577793121338,6.296750545501709,-0.07452555745840073,0.05619960278272629,0.006108652334660292,2025-07-01 18:03:48.285,1751373228285,-7176,-3625,3233,-454,-961,-853
94,2025-07-01 18:03:48.429,2025-07-01 18:03:48.420241,6.574477672576904,-4.182670593261719,6.382941722869873,0.042760565876960754,-0.019547687843441963,-0.01710422709584236,2025-07-01 18:03:48.420,1751373228420,-7443,-3327,3231,106,-357,-463
95,2025-07-01 18:03:48.529,2025-07-01 18:03:48.420241,6.574477672576904,-4.182670593261719,6.382941722869873,0.042760565876960754,-0.019547687843441963,-0.01710422709584236,2025-07-01 18:03:48.456,1751373228456,-7437,-3415,3451,321,58,716
96,2025-07-01 18:03:48.629,2025-07-01 18:03:48.527060,6.696582317352295,-4.065354347229004,6.1530985832214355,0.04886921867728233,-0.07452555745840073,-0.00366519158706069,2025-07-01 18:03:48.550,1751373228550,-7098,-3023,3410,143,-33,1061
97,2025-07-01 18:03:48.730,2025-07-01 18:03:48.720578,6.847416877746582,-3.8355112075805664,6.035782337188721,-0.2871066629886627,0.2272418737411499,0.021991148591041565,2025-07-01 18:03:48.727,1751373228727,-7409,-2798,2982,-489,272,245
98,2025-07-01 18:03:48.830,2025-07-01 18:03:48.823688,6.739677906036377,-4.912901878356934,6.217741966247559,-0.33597588539123535,0.24434609711170197,0.013439035043120384,2025-07-01 18:03:48.814,1751373228814,-7377,-3388,3385,-495,-224,-419
99,2025-07-01 18:03:48.926,2025-07-01 18:03:48.924314,6.203376770019531,-3.8810009956359863,5.758055210113525,-0.21868975460529327,0.1111774742603302,-0.06475171446800232,2025-07-01 18:03:48.902,1751373228902,-7280,-3393,3409,-221,-349,69
100,2025-07-01 18:03:49.027,2025-07-01 18:03:49.024870,6.428431510925293,-4.8602294921875,6.878541469573975,-0.025656340643763542,-0.13316862285137177,-0.03176499158143997,2025-07-01 18:03:48.995,1751373228995,-7285,-3612,3417,340,281,-1350
101,2025-07-01 18:03:49.727,2025-07-01 18:03:49.720925,5.631162166595459,-3.780444383621216,5.372588634490967,0.5949827432632446,-0.4642575979232788,0.38606682419776917,2025-07-01 18:03:49.711,1751373229711,-7654,-3217,2310,-296,180,-457
102,2025-07-01 18:03:49.831,2025-07-01 18:03:49.820523,7.359776020050049,-1.8195933103561401,6.2847795486450195,0.17592918872833252,-0.38240164518356323,-0.012217304669320583,2025-07-01 18:03:49.811,1751373229811,-7661,-3339,2170,-146,-115,104
103,2025-07-01 18:03:49.926,2025-07-01 18:03:49.925392,7.797914981842041,-1.5275006294250488,7.311892032623291,0.27488934993743896,-0.2223549485206604,-0.28466320037841797,2025-07-01 18:03:49.896,1751373229896,-7937,-3295,1748,-1167,-1142,-80
104,2025-07-01 18:03:50.126,2025-07-01 18:03:50.066216,7.079654216766357,-3.00711727142334,6.562506675720215,0.10506882518529892,-0.015882495790719986,-0.05497787147760391,2025-07-01 18:03:50.074,1751373230074,-7893,-3040,1762,-1567,-1515,1010
105,2025-07-01 18:03:50.426,2025-07-01 18:03:50.320243,7.287950038909912,-3.423708438873291,6.5481414794921875,-0.5668829679489136,0.1319468915462494,0.13561208546161652,2025-07-01 18:03:50.345,1751373230345,-7648,-1433,3379,-724,-1156,1241
106,2025-07-01 18:03:51.026,2025-07-01 18:03:50.521617,8.712499618530273,-9.818621635437012,11.082759857177734,-1.9242255687713623,2.2883012294769287,1.431868076324463,2025-07-01 18:03:50.518,1751373230518,-7635,-1614,3510,-1627,-945,1777
107,2025-07-01 18:03:51.927,2025-07-01 18:03:50.621834,3.203441858291626,-11.216835021972656,9.923966407775879,-2.020742177963257,4.041484355926514,3.7555994987487793,2025-07-01 18:03:50.614,1751373230614,-7630,-1023,3891,-496,-234,977
108,2025-07-01 18:03:52.026,2025-07-01 18:03:50.742718,-0.8810662031173706,-6.763619899749756,2.9712042808532715,-0.02932153269648552,2.8490755558013916,5.558873653411865,2025-07-01 18:03:50.707,1751373230707,-7662,-714,3947,-349,90,623
109,2025-07-01 18:03:52.533,2025-07-01 18:03:51.142313,-5.315127849578857,-1.4700398445129395,0.8786720037460327,-0.8124507665634155,0.46670106053352356,5.139820098876953,2025-07-01 18:03:51.160,1751373231160,-7861,-477,3601,1216,1049,-1062
110,2025-07-01 18:03:52.630,2025-07-01 18:03:51.234480,-7.752425193786621,-0.3663128614425659,5.233725070953369,-0.39217549562454224,-0.04642575979232788,0.06230825558304787,2025-07-01 18:03:51.241,1751373231241,-7966,-1061,3586,259,332,-730
111,2025-07-01 18:03:52.826,2025-07-01 18:03:52.384989,-8.13789176940918,-0.933738648891449,5.161899089813232,-0.3640756905078888,0.05375614017248154,-0.02076941914856434,2025-07-01 18:03:52.424,1751373232424,-7392,-3648,1718,14,-364,-100
112,2025-07-01 18:03:52.931,2025-07-01 18:03:52.502668,-8.315062522888184,0.6320692300796509,4.896142482757568,0.1270599663257599,0.010995574295520782,-0.05742133408784866,2025-07-01 18:03:52.532,1751373232532,-7681,-3712,2086,-252,-464,4
113,2025-07-01 18:03:53.032,2025-07-01 18:03:52.867426,-5.178658485412598,1.0103530883789062,4.395754337310791,0.4337143301963806,0.4813618063926697,-1.549154281616211,2025-07-01 18:03:52.862,1751373232862,-7584,-3402,1789,-283,-122,127
114,2025-07-01 18:03:53.331,2025-07-01 18:03:53.322605,8.47547435760498,-4.501099109649658,7.448361396789551,1.0482447147369385,-0.8772025108337402,-0.34208452701568604,2025-07-01 18:03:53.314,1751373233314,-7535,-3572,2005,-393,-1070,-1623
115,2025-07-01 18:03:53.526,2025-07-01 18:03:53.520519,6.378153324127197,-2.829946517944336,6.519411087036133,0.5546656250953674,-0.2174680233001709,-0.16737708449363708,2025-07-01 18:03:53.497,1751373233497,-7137,-3981,2586,50,-645,-174
116,2025-07-01 18:03:53.926,2025-07-01 18:03:53.822202,7.204153060913086,-2.3582887649536133,7.55131196975708,0.06108652427792549,-0.08552113175392151,-0.1514945775270462,2025-07-01 18:03:53.850,1751373233850,-7567,-3421,2471,-339,-1902,-2612
117,2025-07-01 18:03:54.026,2025-07-01 18:03:53.920510,7.113173484802246,-2.0925323963165283,6.521805286407471,0.15027284622192383,-0.0806342139840126,-0.00855211354792118,2025-07-01 18:03:53.950,1751373233950,-6792,-4086,3159,842,1349,1427
118,2025-07-01 18:03:54.228,2025-07-01 18:03:54.227129,7.50582218170166,-2.1068975925445557,6.828263282775879,-0.03176499158143997,0.03176499158143997,0.05253441259264946,2025-07-01 18:03:54.211,1751373234211,-6883,-4173,3096,-1034,-283,-197
119,2025-07-01 18:03:54.527,2025-07-01 18:03:54.527732,6.964732646942139,-2.4013843536376953,6.2632317543029785,-0.22968533635139465,0.2993239760398865,0.09162978827953339,2025-07-01 18:03:54.501,1751373234501,-7214,-4374,3135,-596,342,172
120,2025-07-01 18:03:54.830,2025-07-01 18:03:54.727426,7.3669586181640625,-2.497152328491211,7.129932880401611,-0.021991148591041565,-0.0659734457731247,-0.02687807008624077,2025-07-01 18:03:54.763,1751373234763,-7518,-3508,2461,486,-276,-2602
121,2025-07-01 18:03:54.927,2025-07-01 18:03:54.827543,6.856993675231934,-2.631227731704712,6.830657482147217,0.07208210229873657,0.05864306539297104,0.021991148591041565,2025-07-01 18:03:54.848,1751373234848,-7772,-3256,2550,580,68,-949
122,2025-07-01 18:03:55.227,2025-07-01 18:03:55.232230,6.89530086517334,-3.181894063949585,6.624756336212158,-0.13316862285137177,0.05864306539297104,0.05253441259264946,2025-07-01 18:03:55.217,1751373235217,-7596,-2849,2233,-269,791,-374
123,2025-07-01 18:03:55.329,2025-07-01 18:03:55.329058,6.789956092834473,-2.5019407272338867,6.7492547035217285,-0.13439035415649414,0.0354301854968071,0.0,2025-07-01 18:03:55.290,1751373235290,-7943,-2935,2177,-687,254,17
124,2025-07-01 18:03:55.427,2025-07-01 18:03:55.435557,7.218518257141113,-4.146757125854492,7.096413612365723,-0.46547931432724,-0.08429940044879913,0.18570303916931152,2025-07-01 18:03:55.399,1751373235399,-7585,-2985,1950,-224,1172,-100
125,2025-07-01 18:03:55.627,2025-07-01 18:03:55.530103,6.596025466918945,-3.0526070594787598,6.1530985832214355,1.6664403676986694,0.3274237811565399,-0.08552113175392151,2025-07-01 18:03:55.569,1751373235569,-7741,-3413,2357,-220,-156,-516
126,2025-07-01 18:03:55.729,2025-07-01 18:03:55.620295,6.320692539215088,-2.2361843585968018,7.1251444816589355,0.5839871764183044,0.03787364438176155,-0.02321287989616394,2025-07-01 18:03:55.661,1751373235661,-7696,-3279,2182,-200,-239,-349
127,2025-07-01 18:03:55.827,2025-07-01 18:03:55.720310,6.967126846313477,-1.886630892753601,7.287950038909912,0.004886921960860491,-0.1612684279680252,0.02687807008624077,2025-07-01 18:03:55.748,1751373235748,-7748,-3191,1923,158,412,568
128,2025-07-01 18:03:55.927,2025-07-01 18:03:55.920332,7.096413612365723,-2.3127987384796143,7.436390399932861,0.5705481171607971,-0.1514945775270462,-0.08918632566928864,2025-07-01 18:03:55.926,1751373235926,-7803,-3614,1514,6,423,-1689
129,2025-07-01 18:03:56.026,2025-07-01 18:03:56.020313,7.570465564727783,-1.3120225667953491,7.829039573669434,0.7831292152404785,0.17348572611808777,0.1417207419872284,2025-07-01 18:03:56.013,1751373236013,-7750,-3652,1622,-130,320,-1840
130,2025-07-01 18:03:56.126,2025-07-01 18:03:56.120291,5.602431774139404,-0.7972691655158997,6.641515731811523,-0.11728613078594208,0.26633724570274353,0.1612684279680252,2025-07-01 18:03:56.109,1751373236109,-7389,-3863,1511,-246,-556,480
131,2025-07-01 18:03:56.326,2025-07-01 18:03:56.320304,6.160281181335449,-1.8411411046981812,6.964732646942139,0.16493362188339233,-0.05864306539297104,0.018325956538319588,2025-07-01 18:03:56.293,1751373236293,-7370,-3758,2136,-536,-1099,-497
132,2025-07-01 18:03:56.627,2025-07-01 18:03:56.520360,6.567295074462891,-1.482010841369629,8.063671112060547,0.10384709388017654,0.05009094998240471,0.36529740691185,2025-07-01 18:03:56.558,1751373236558,-7901,-3141,1996,189,-1008,-2468
133,2025-07-01 18:03:56.828,2025-07-01 18:03:56.721133,5.195417881011963,-2.4205379486083984,7.675810813903809,0.16493362188339233,0.028099801391363144,-0.3029891550540924,2025-07-01 18:03:56.733,1751373236733,-7277,-3429,2295,1984,782,882
134,2025-07-01 18:03:56.926,2025-07-01 18:03:56.920764,6.3973069190979,-1.2186486721038818,5.978321552276611,0.36163222789764404,-0.5375614166259766,-0.07330382615327835,2025-07-01 18:03:56.925,1751373236925,-7516,-3870,2776,989,277,1505
135,2025-07-01 18:03:57.028,2025-07-01 18:03:57.020802,9.998186111450195,-3.4093432426452637,9.260771751403809,0.9065240025520325,-0.6414085030555725,-0.03298672288656235,2025-07-01 18:03:57.023,1751373237023,-7048,-3208,2977,-371,-67,2174
136,2025-07-01 18:03:57.229,2025-07-01 18:03:57.221222,7.307103633880615,-2.2026655673980713,7.007828235626221,0.11239920556545258,0.0,0.019547687843441963,2025-07-01 18:03:57.182,1751373237182,-7798,-3169,2956,-387,-365,-685
137,2025-07-01 18:03:57.330,2025-07-01 18:03:57.320984,7.0126166343688965,-1.4628572463989258,6.54574728012085,-0.08674286305904388,0.10506882518529892,-0.09040805697441101,2025-07-01 18:03:57.291,1751373237291,-7392,-3186,3429,-362,84,614
138,2025-07-01 18:03:57.626,2025-07-01 18:03:57.521226,7.5201873779296875,-1.886630892753601,7.000645637512207,0.2382374405860901,-0.07208210229873657,-0.03176499158143997,2025-07-01 18:03:57.557,1751373237557,-7890,-2253,3096,-879,-382,-2011
139,2025-07-01 18:03:57.827,2025-07-01 18:03:57.820948,6.890512466430664,-1.2401964664459229,6.672640323638916,0.0403171069920063,0.1160643994808197,-0.0708603709936142,2025-07-01 18:03:57.814,1751373237814,-7753,-2531,2668,-543,870,463
140,2025-07-01 18:03:57.926,2025-07-01 18:03:57.921003,6.912060260772705,-1.2545616626739502,6.691793918609619,-0.1771509200334549,0.10995574295520782,-0.04398229718208313,2025-07-01 18:03:57.906,1751373237906,-8430,-2359,2649,-738,-32,-712
141,2025-07-01 18:03:58.532,2025-07-01 18:03:58.421182,7.050923824310303,-4.458003520965576,8.769960403442383,-0.42271876335144043,0.012217304669320583,0.039095375686883926,2025-07-01 18:03:58.449,1751373238449,-7605,-2517,1839,168,563,359
142,2025-07-01 18:03:58.630,2025-07-01 18:03:58.620808,6.768408298492432,-4.189853191375732,6.457161903381348,-0.12828169763088226,0.09040805697441101,0.015882495790719986,2025-07-01 18:03:58.623,1751373238623,-7992,-2901,1811,177,412,267
143,2025-07-01 18:03:58.727,2025-07-01 18:03:58.720273,6.45476770401001,-4.414907932281494,6.342240333557129,-0.3139847218990326,0.18325957655906677,-0.07452555745840073,2025-07-01 18:03:58.717,1751373238717,-8222,-2415,1584,-110,407,229
144,2025-07-01 18:03:58.826,2025-07-01 18:03:58.820200,6.524199485778809,-4.065354347229004,6.469132900238037,0.042760565876960754,-0.06475171446800232,0.02932153269648552,2025-07-01 18:03:58.806,1751373238806,-8091,-2311,1561,25,572,214
145,2025-07-01 18:03:58.930,2025-07-01 18:03:58.920251,6.517016887664795,-3.8714241981506348,5.415684223175049,0.20402899384498596,0.00733038317412138,0.039095375686883926,2025-07-01 18:03:58.930,1751373238930,-7912,-2616,1405,-469,348,113
146,2025-07-01 18:03:59.026,2025-07-01 18:03:59.021228,6.691793918609619,-4.642356872558594,6.732495307922363,0.021991148591041565,0.2577851414680481,0.04886921867728233,2025-07-01 18:03:58.986,1751373238986,-8301,-2299,1158,-772,-295,291
147,2025-07-01 18:03:59.326,2025-07-01 18:03:59.220394,6.50025749206543,-3.691859006881714,6.584054470062256,-0.051312681287527084,-0.09651670604944229,-0.02932153269648552,2025-07-01 18:03:59.254,1751373239254,-8264,-1576,2416,-1609,-2871,1502
148,2025-07-01 18:03:59.526,2025-07-01 18:03:59.521107,6.452373504638672,-3.4332852363586426,6.399701118469238,0.08674286305904388,-0.05864306539297104,-0.0806342139840126,2025-07-01 18:03:59.525,1751373239525,-7850,-1311,2997,-768,-902,913
149,2025-07-01 18:03:59.626,2025-07-01 18:03:59.620420,7.194576263427734,-2.188300371170044,5.544970989227295,-0.9920451641082764,0.0806342139840126,0.00855211354792118,2025-07-01 18:03:59.612,1751373239612,-8029,-730,3253,-390,-460,889
150,2025-07-01 18:03:59.826,2025-07-01 18:03:59.820779,4.668693542480469,-11.616666793823242,10.491392135620117,-1.6566665172576904,2.824640989303589,3.0775392055511475,2025-07-01 18:03:59.807,1751373239807,-8208,-443,3243,-203,-175,533
151,2025-07-01 18:03:59.926,2025-07-01 18:03:59.921176,-0.5003881454467773,-9.208099365234375,4.934449672698975,-1.1740829944610596,2.22477126121521,5.216789245605469,2025-07-01 18:03:59.882,1751373239882,-7887,-412,3240,-549,-411,315
152,2025-07-01 18:04:00.026,2025-07-01 18:04:00.022311,-2.652775526046753,-5.604825973510742,0.6823474764823914,-0.6817256212234497,0.27488934993743896,5.707924842834473,2025-07-01 18:03:59.985,1751373239985,-7978,-842,3704,31,261,-142
153,2025-07-01 18:04:00.226,2025-07-01 18:04:00.121041,-4.271255970001221,0.19153612852096558,1.400607943534851,-1.508837103843689,-1.3548991680145264,3.9241983890533447,2025-07-01 18:04:00.155,1751373240155,-7704,-764,3042,433,657,-614
154,2025-07-01 18:04:00.326,2025-07-01 18:04:00.221393,-5.6191911697387695,-0.0071826050989329815,4.055777549743652,-0.7770205736160278,-0.750142514705658,1.1386528015136719,2025-07-01 18:04:00.253,1751373240253,-8354,-563,3329,870,1502,-1369
155,2025-07-01 18:04:00.426,2025-07-01 18:04:00.420927,-7.898471355438232,-1.3934253454208374,4.462791919708252,-0.03176499158143997,-0.1368338167667389,0.384845107793808,2025-07-01 18:04:00.424,1751373240424,-7864,-1288,2848,-202,444,-642
156,2025-07-01 18:04:00.526,2025-07-01 18:04:00.521049,-7.903259754180908,-1.1300631761550903,4.431667327880859,0.21991148591041565,-0.10751228034496307,0.2125810980796814,2025-07-01 18:04:00.525,1751373240525,-8223,-1376,2457,-200,707,-436
157,2025-07-01 18:04:00.632,2025-07-01 18:04:00.620984,-8.22887134552002,-1.3479355573654175,5.061342239379883,0.11728613078594208,0.06230825558304787,-0.00855211354792118,2025-07-01 18:04:00.608,1751373240608,-8153,-1349,2261,44,614,-666
158,2025-07-01 18:04:01.034,2025-07-01 18:04:00.930056,-8.427590370178223,1.5131354331970215,3.6559460163116455,0.8026769161224365,-0.17959438264369965,0.13927727937698364,2025-07-01 18:04:00.968,1751373240968,-7944,-2665,1943,135,1077,-2405
159,2025-07-01 18:04:01.135,2025-07-01 18:04:01.020349,-8.927978515625,0.05985504388809204,4.369418144226074,-0.14538592100143433,-0.22602014243602753,0.18448130786418915,2025-07-01 18:04:01.054,1751373241054,-7453,-2983,1891,71,743,-2660
160,2025-07-01 18:04:01.235,2025-07-01 18:04:01.120797,-7.062894821166992,-0.5506663918495178,6.0836663246154785,0.2883284091949463,0.009773843921720982,0.48747047781944275,2025-07-01 18:04:01.161,1751373241161,-7034,-4078,1354,-431,1410,-2649
161,2025-07-01 18:04:01.331,2025-07-01 18:04:01.322144,-8.432378768920898,0.31842881441116333,4.599261283874512,-0.0354301854968071,-0.09407325088977814,-0.1062905490398407,2025-07-01 18:04:01.330,1751373241330,-7605,-4661,811,405,492,-93
162,2025-07-01 18:04:01.434,2025-07-01 18:04:01.420827,-8.118738174438477,0.05985504388809204,5.049371242523193,0.22113321721553802,0.02076941914856434,0.09529497474431992,2025-07-01 18:04:01.421,1751373241421,-7338,-3973,872,1051,-24,1299
163,2025-07-01 18:04:01.532,2025-07-01 18:04:01.521559,-7.7883381843566895,0.14604631066322327,5.128379821777344,-0.10995574295520782,0.07941248267889023,-0.00855211354792118,2025-07-01 18:04:01.503,1751373241503,-7495,-3843,784,423,-618,1349
164,2025-07-01 18:04:01.628,2025-07-01 18:04:01.620860,-7.484274387359619,0.5793967843055725,5.233725070953369,0.18570303916931152,0.019547687843441963,-0.3127630054950714,2025-07-01 18:04:01.604,1751373241604,-7755,-3505,1236,444,-1043,946
165,2025-07-01 18:04:01.726,2025-07-01 18:04:01.720764,-4.711789131164551,1.6759412288665771,5.710171222686768,0.3579670190811157,0.06230825558304787,-1.606575608253479,2025-07-01 18:04:01.685,1751373241685,-7344,-3859,1716,983,-988,838
166,2025-07-01 18:04:02.026,2025-07-01 18:04:01.922388,3.751713991165161,-8.08282470703125,-0.28730419278144836,-1.4672982692718506,1.0238101482391357,-7.540520668029785,2025-07-01 18:04:01.961,1751373241961,-7407,-3045,2020,1098,-210,126
167,2025-07-01 18:04:02.131,2025-07-01 18:04:02.021560,3.751713991165161,-8.08282470703125,-0.28730419278144836,-1.4672982692718506,1.0238101482391357,-7.540520668029785,2025-07-01 18:04:02.048,1751373242048,-7714,-3016,2376,939,544,31
168,2025-07-01 18:04:02.229,2025-07-01 18:04:02.121798,4.501099109649658,-15.334861755371094,4.120420932769775,-0.46181413531303406,0.6389650702476501,-3.023782968521118,2025-07-01 18:04:02.136,1751373242136,-7644,-2898,2252,403,348,218
169,2025-07-01 18:04:02.332,2025-07-01 18:04:02.321498,2.937685489654541,-8.78193187713623,2.542642116546631,1.7959438562393188,0.2871066629886627,0.2577851414680481,2025-07-01 18:04:02.313,1751373242313,-7732,-3090,2018,-162,368,-344
170,2025-07-01 18:04:02.430,2025-07-01 18:04:02.422607,5.070919036865234,-7.271190643310547,3.406949043273926,2.746450185775757,-0.2638937830924988,0.5485569834709167,2025-07-01 18:04:02.404,1751373242404,-7404,-3374,2048,-1138,684,-701
171,2025-07-01 18:04:02.527,2025-07-01 18:04:02.522982,7.6997528076171875,-4.666299343109131,4.7189717292785645,1.5149458646774292,-0.998153805732727,0.27122417092323303,2025-07-01 18:04:02.496,1751373242496,-7618,-3630,2175,-219,346,-667
172,2025-07-01 18:04:02.829,2025-07-01 18:04:02.722620,6.023811340332031,-4.838681697845459,7.587224960327148,0.7770205736160278,0.02687807008624077,-0.26022860407829285,2025-07-01 18:04:02.763,1751373242763,-7759,-2704,2140,-279,342,1870
173,2025-07-01 18:04:02.929,2025-07-01 18:04:02.822468,5.442020416259766,-5.372588634490967,7.424419403076172,1.1753047704696655,0.3176499307155609,0.3384193480014801,2025-07-01 18:04:02.851,1751373242851,-7728,-2838,2143,-154,503,1794
174,2025-07-01 18:04:03.029,2025-07-01 18:04:02.922862,6.172252178192139,-3.6296098232269287,7.575253963470459,-0.44226643443107605,0.7244861721992493,0.43737950921058655,2025-07-01 18:04:02.959,1751373242959,-8234,-2671,1506,-1405,848,552
175,2025-07-01 18:04:03.229,2025-07-01 18:04:03.222710,4.587290287017822,-4.280832767486572,7.12035608291626,-0.14416420459747314,0.3127630054950714,-0.1722639948129654,2025-07-01 18:04:03.225,1751373243225,-8035,-2794,1236,-32,300,-467
176,2025-07-01 18:04:03.326,2025-07-01 18:04:03.321402,4.742913722991943,-3.9264907836914062,7.412448406219482,-0.26633724570274353,0.3933972120285034,-0.25534167885780334,2025-07-01 18:04:03.314,1751373243314,-8124,-2570,1359,1388,173,-795
177,2025-07-01 18:04:03.426,2025-07-01 18:04:03.421618,4.666299343109131,-4.0964789390563965,7.029376029968262,-0.40683624148368835,-0.08307767659425735,0.03176499158143997,2025-07-01 18:04:03.397,1751373243397,-8237,-2688,942,506,-45,-1343
178,2025-07-01 18:04:03.526,2025-07-01 18:04:03.521276,4.501099109649658,-5.4444146156311035,7.41484260559082,0.2834414839744568,-0.33108896017074585,0.1722639948129654,2025-07-01 18:04:03.481,1751373243481,-8042,-2707,1285,860,-101,-796
179,2025-07-01 18:04:03.826,2025-07-01 18:04:03.720271,5.070919036865234,-3.9839515686035156,9.10993766784668,0.5253441333770752,-0.2822197377681732,0.24678955972194672,2025-07-01 18:04:03.761,1751373243761,-7397,-3335,1507,-856,-364,1076
180,2025-07-01 18:04:03.927,2025-07-01 18:04:03.822948,3.5218706130981445,-3.4572272300720215,7.204153060913086,-0.8393288254737854,0.2528982162475586,0.33597588539123535,2025-07-01 18:04:03.851,1751373243851,-7955,-3053,1212,-1321,484,-117
181,2025-07-01 18:04:04.027,2025-07-01 18:04:03.922314,3.5218706130981445,-3.4572272300720215,7.204153060913086,-0.8393288254737854,0.2528982162475586,0.33597588539123535,2025-07-01 18:04:03.944,1751373243944,-7884,-3434,1224,-826,694,374
182,2025-07-01 18:04:04.126,2025-07-01 18:04:04.122991,7.024587631225586,-4.989516258239746,6.098031520843506,-0.09407325088977814,-0.45814892649650574,0.6401867866516113,2025-07-01 18:04:04.111,1751373244111,-7552,-2812,1281,-68,197,1367
183,2025-07-01 18:04:04.226,2025-07-01 18:04:04.222167,5.559336185455322,-3.620033025741577,8.027758598327637,-1.1215485334396362,0.2724458873271942,0.3323107063770294,2025-07-01 18:04:04.207,1751373244207,-7757,-2845,1120,-324,-44,989
184,2025-07-01 18:04:04.326,2025-07-01 18:04:04.322959,4.369418144226074,-13.235146522521973,12.902353286743164,-3.09586501121521,1.6713273525238037,1.156978726387024,2025-07-01 18:04:04.305,1751373244305,-8426,-1955,1025,-164,-193,-369
185,2025-07-01 18:04:04.426,2025-07-01 18:04:04.422752,0.5985504388809204,-7.189787864685059,9.361329078674316,2.0610592365264893,3.09586501121521,2.063502788543701,2025-07-01 18:04:04.390,1751373244390,-8219,-2281,966,-505,-372,575
186,2025-07-01 18:04:04.726,2025-07-01 18:04:04.622120,-1.8363527059555054,-6.368576526641846,-0.27054479718208313,-3.5320229530334473,0.0708603709936142,0.9321803450584412,2025-07-01 18:04:04.660,1751373244660,-8383,-2069,1012,-321,634,265
187,2025-07-01 18:04:04.826,2025-07-01 18:04:04.721820,-2.300827741622925,-8.135497093200684,1.280897855758667,1.6920967102050781,0.5754350423812866,-1.0201449394226074,2025-07-01 18:04:04.743,1751373244743,-8135,-2327,951,-23,-64,-886
188,2025-07-01 18:04:04.926,2025-07-01 18:04:04.924730,0.7972691655158997,-6.660669326782227,2.2433669567108154,0.9578366875648499,-0.656069278717041,-2.789210796356201,2025-07-01 18:04:04.924,1751373244924,-7652,-2797,1401,5039,688,4127
189,2025-07-01 18:04:05.028,2025-07-01 18:04:05.025054,0.7972691655158997,-6.660669326782227,2.2433669567108154,0.9578366875648499,-0.656069278717041,-2.789210796356201,2025-07-01 18:04:05.026,1751373245026,-9032,-1134,860,7290,960,4370
190,2025-07-01 18:04:05.126,2025-07-01 18:04:05.127632,4.010287761688232,-11.21444034576416,6.2847795486450195,2.897944688796997,-1.4306464195251465,-2.1783454418182373,2025-07-01 18:04:05.115,1751373245115,-8378,222,676,4298,-1365,1584
191,2025-07-01 18:04:05.227,2025-07-01 18:04:05.225817,5.154716491699219,-4.137180328369141,8.252813339233398,1.4440854787826538,-1.0739010572433472,-0.2321287989616394,2025-07-01 18:04:05.197,1751373245197,-7932,330,1633,2898,-1009,1622
192,2025-07-01 18:04:05.327,2025-07-01 18:04:05.320663,5.154716491699219,-4.137180328369141,8.252813339233398,1.4440854787826538,-1.0739010572433472,-0.2321287989616394,2025-07-01 18:04:05.289,1751373245289,-8120,1106,2099,1824,-897,1790
193,2025-07-01 18:04:05.428,2025-07-01 18:04:05.420369,6.1985883712768555,-2.650381326675415,7.747636795043945,0.9896016716957092,-0.7672467231750488,-0.12828169763088226,2025-07-01 18:04:05.388,1751373245388,-8301,1254,2101,1212,-309,497
194,2025-07-01 18:04:05.626,2025-07-01 18:04:05.520848,5.5760955810546875,-2.96162748336792,7.857769966125488,0.36651915311813354,-0.15882496535778046,-0.1417207419872284,2025-07-01 18:04:05.555,1751373245555,-8427,1734,1320,-3562,-921,-1907
195,2025-07-01 18:04:05.727,2025-07-01 18:04:05.621609,6.289567947387695,-2.7940332889556885,7.69735860824585,0.02321287989616394,-0.2480112910270691,-0.039095375686883926,2025-07-01 18:04:05.647,1751373245647,-8731,163,1775,-6528,-2103,-2009
196,2025-07-01 18:04:05.831,2025-07-01 18:04:05.728159,6.196194171905518,-2.43011474609375,7.603984832763672,-0.036651913076639175,0.16982053220272064,0.013439035043120384,2025-07-01 18:04:05.757,1751373245757,-8042,-1055,2506,-4128,-1632,-1553
197,2025-07-01 18:04:05.926,2025-07-01 18:04:05.822566,6.196194171905518,-2.43011474609375,7.603984832763672,-0.036651913076639175,0.16982053220272064,0.013439035043120384,2025-07-01 18:04:05.841,1751373245841,-7877,-1155,2919,-797,22,-1519
198,2025-07-01 18:04:06.026,2025-07-01 18:04:06.020980,6.18182897567749,-2.3271639347076416,7.280767440795898,-0.09529497474431992,-0.14538592100143433,-0.1869247704744339,2025-07-01 18:04:06.026,1751373246026,-7873,-1487,2800,-1090,-423,-1304
199,2025-07-01 18:04:06.332,2025-07-01 18:04:06.321105,6.406883716583252,-2.185906171798706,7.599195957183838,0.21380282938480377,0.0,0.0708603709936142,2025-07-01 18:04:06.289,1751373246289,-8009,-2104,2918,-1079,324,-149
200,2025-07-01 18:04:06.529,2025-07-01 18:04:06.420766,6.428431510925293,-2.185906171798706,6.88332986831665,0.02687807008624077,-0.08796459436416626,0.021991148591041565,2025-07-01 18:04:06.455,1751373246455,-7851,-2082,2842,-638,-96,94
201,2025-07-01 18:04:06.631,2025-07-01 18:04:06.521568,6.478709697723389,-2.2840683460235596,6.9024834632873535,-0.04764748737215996,0.06108652427792549,0.03420845419168472,2025-07-01 18:04:06.557,1751373246557,-7854,-2065,2874,-195,92,68
202,2025-07-01 18:04:06.733,2025-07-01 18:04:06.721291,6.22731876373291,-1.9129672050476074,7.161057472229004,0.004886921960860491,0.05864306539297104,-0.09896016865968704,2025-07-01 18:04:06.723,1751373246723,-7813,-1754,2438,-626,-22,77
203,2025-07-01 18:04:06.834,2025-07-01 18:04:06.820937,5.963956356048584,-2.0015525817871094,6.720524311065674,-0.05742133408784866,0.05375614017248154,-0.03787364438176155,2025-07-01 18:04:06.822,1751373246822,-7841,-2128,2642,-637,-51,5
204,2025-07-01 18:04:06.930,2025-07-01 18:04:06.921185,6.337451934814453,-1.7717092037200928,7.5201873779296875,0.03298672288656235,0.0403171069920063,0.04398229718208313,2025-07-01 18:04:06.919,1751373246919,-7917,-2106,2453,-170,13,-190
205,2025-07-01 18:04:07.032,2025-07-01 18:04:07.021395,6.160281181335449,-2.0638017654418945,7.436390399932861,0.15515977144241333,-0.0806342139840126,0.11362093687057495,2025-07-01 18:04:06.999,1751373246999,-7987,-2382,2530,-136,-95,145
206,2025-07-01 18:04:07.231,2025-07-01 18:04:07.221536,6.361393928527832,-2.2601263523101807,6.900089263916016,-0.02076941914856434,-0.15882496535778046,0.025656340643763542,2025-07-01 18:04:07.182,1751373247182,-8064,-2329,2433,-359,-25,77
207,2025-07-01 18:04:07.426,2025-07-01 18:04:07.321118,6.414066314697266,-1.886630892753601,6.92881965637207,0.00855211354792118,-0.09285151958465576,0.030543262138962746,2025-07-01 18:04:07.360,1751373247360,-8114,-1915,2255,-581,-538,-1760
208,2025-07-01 18:04:07.630,2025-07-01 18:04:07.621322,6.603208065032959,-1.8363527059555054,6.780379295349121,0.31154128909111023,-0.08429940044879913,0.14416420459747314,2025-07-01 18:04:07.630,1751373247630,-8181,-1736,2287,-883,-543,-1524
209,2025-07-01 18:04:07.732,2025-07-01 18:04:07.720808,6.641515731811523,-1.9584569931030273,6.675034523010254,0.20891591906547546,-0.045204028487205505,0.10995574295520782,2025-07-01 18:04:07.716,1751373247716,-7347,-2676,2272,132,254,-341
210,2025-07-01 18:04:07.826,2025-07-01 18:04:07.821230,6.555324077606201,-1.7884687185287476,7.132327079772949,0.06963863968849182,-0.004886921960860491,-0.0024434609804302454,2025-07-01 18:04:07.816,1751373247816,-7845,-2785,2454,-767,-205,-472
211,2025-07-01 18:04:07.938,2025-07-01 18:04:07.821230,6.555324077606201,-1.7884687185287476,7.132327079772949,0.06963863968849182,-0.004886921960860491,-0.0024434609804302454,2025-07-01 18:04:07.816,1751373247816,-7845,-2785,2454,-767,-205,-472
212,2025-07-01 18:04:08.026,2025-07-01 18:04:08.021030,6.72531270980835,-1.7693150043487549,6.983886241912842,0.09285151958465576,0.012217304669320583,0.02321287989616394,2025-07-01 18:04:07.995,1751373247995,-8012,-2242,2329,445,-578,-2063
213,2025-07-01 18:04:08.126,2025-07-01 18:04:08.121234,6.62236213684082,-1.4532804489135742,7.266402244567871,-0.01466076634824276,-0.030543262138962746,0.025656340643763542,2025-07-01 18:04:08.089,1751373248089,-8333,-1746,1964,-35,-1314,-3662
214,2025-07-01 18:04:08.326,2025-07-01 18:04:08.220970,6.160281181335449,-2.166752576828003,7.982268333435059,0.009773843921720982,0.02932153269648552,0.010995574295520782,2025-07-01 18:04:08.255,1751373248255,-7760,-3387,2504,-360,-210,-192
215,2025-07-01 18:04:08.426,2025-07-01 18:04:08.320895,6.48828649520874,-1.7118542194366455,6.552929878234863,-0.1111774742603302,0.07330382615327835,-0.08307767659425735,2025-07-01 18:04:08.357,1751373248357,-7160,-3411,2476,174,686,2538
216,2025-07-01 18:04:08.527,2025-07-01 18:04:08.420639,6.835445880889893,-1.4915876388549805,7.513004779815674,0.18325957655906677,-0.00855211354792118,-0.04886921867728233,2025-07-01 18:04:08.433,1751373248433,-7708,-3378,2439,169,1044,2531
217,2025-07-01 18:04:08.626,2025-07-01 18:04:08.621168,6.744466304779053,-1.1252747774124146,7.1251444816589355,0.32986724376678467,0.06719517707824707,-0.05864306539297104,2025-07-01 18:04:08.618,1751373248618,-7616,-2921,2624,538,763,2354
218,2025-07-01 18:04:08.732,2025-07-01 18:04:08.621168,6.744466304779053,-1.1252747774124146,7.1251444816589355,0.32986724376678467,0.06719517707824707,-0.05864306539297104,2025-07-01 18:04:08.618,1751373248618,-7616,-2921,2624,538,763,2354
219,2025-07-01 18:04:08.831,2025-07-01 18:04:08.820868,7.046135425567627,-0.828393816947937,7.7213006019592285,0.3787364661693573,-0.09773843735456467,0.009773843921720982,2025-07-01 18:04:08.799,1751373248799,-8055,-2365,2253,777,887,1661
220,2025-07-01 18:04:08.931,2025-07-01 18:04:08.921128,6.205770969390869,-1.192312479019165,5.485116004943848,-0.00733038317412138,0.12828169763088226,-0.03298672288656235,2025-07-01 18:04:08.897,1751373248897,-8003,-2033,2396,-94,-75,172
221,2025-07-01 18:04:09.326,2025-07-01 18:04:09.221186,6.648698329925537,-0.9648633003234863,7.024587631225586,-0.05742133408784866,0.08552113175392151,0.07941248267889023,2025-07-01 18:04:09.259,1751373249259,-8547,-1276,2228,-17,-799,-2108
222,2025-07-01 18:04:09.433,2025-07-01 18:04:09.321234,6.325480937957764,-0.42856210470199585,7.242460250854492,-0.09285151958465576,0.15271630883216858,-0.07452555745840073,2025-07-01 18:04:09.330,1751373249330,-8564,-1544,2619,-205,-1084,-2027
223,2025-07-01 18:04:09.526,2025-07-01 18:04:09.521374,6.370970726013184,-1.015141487121582,7.529764175415039,0.0024434609804302454,-0.07208210229873657,-0.02932153269648552,2025-07-01 18:04:09.514,1751373249514,-7377,-2604,2775,519,529,556
224,2025-07-01 18:04:09.626,2025-07-01 18:04:09.620313,6.607996463775635,-0.9672574996948242,7.522581577301025,0.0708603709936142,-0.06352998316287994,-0.015882495790719986,2025-07-01 18:04:09.614,1751373249614,-7586,-2768,2868,258,815,701
225,2025-07-01 18:04:09.726,2025-07-01 18:04:09.720346,6.574477672576904,-1.2258312702178955,7.417236804962158,0.10506882518529892,0.004886921960860491,0.019547687843441963,2025-07-01 18:04:09.695,1751373249695,-7659,-2881,2835,-223,146,812
226,2025-07-01 18:04:09.826,2025-07-01 18:04:09.820369,6.469132900238037,-0.7254431247711182,7.5417351722717285,0.25045475363731384,0.021991148591041565,0.04398229718208313,2025-07-01 18:04:09.797,1751373249797,-7961,-2472,2526,-568,256,568
227,2025-07-01 18:04:09.926,2025-07-01 18:04:09.920915,6.382941722869873,-0.608127236366272,7.275979042053223,0.06230825558304787,-0.02321287989616394,0.05497787147760391,2025-07-01 18:04:09.898,1751373249898,-8197,-2108,2244,114,51,-314
228,2025-07-01 18:04:10.226,2025-07-01 18:04:10.121313,6.509834289550781,-0.5506663918495178,7.074865818023682,0.10018189996480942,-0.025656340643763542,0.0403171069920063,2025-07-01 18:04:10.154,1751373250154,-8060,-1980,2673,56,127,269
229,2025-07-01 18:04:10.326,2025-07-01 18:04:10.320964,6.627150535583496,-0.4189853072166443,7.534552574157715,0.10995574295520782,-0.05375614017248154,0.06230825558304787,2025-07-01 18:04:10.322,1751373250322,-8053,-2037,2656,-194,-125,-113
230,2025-07-01 18:04:10.426,2025-07-01 18:04:10.420867,6.53377628326416,-1.1971008777618408,7.220912456512451,0.07330382615327835,-0.009773843921720982,0.028099801391363144,2025-07-01 18:04:10.424,1751373250424,-8033,-2012,2644,-172,-94,87
231,2025-07-01 18:04:10.526,2025-07-01 18:04:10.521572,6.6127848625183105,-0.7637503147125244,7.2352776527404785,-0.04153883829712868,0.10018189996480942,-0.009773843921720982,2025-07-01 18:04:10.525,1751373250525,-7856,-1951,2645,-157,-120,-283
232,2025-07-01 18:04:10.626,2025-07-01 18:04:10.621203,6.464344501495361,-0.7613561153411865,7.3885064125061035,-0.015882495790719986,0.05253441259264946,-0.04886921867728233,2025-07-01 18:04:10.603,1751373250603,-8042,-1934,2581,21,-4,-598
233,2025-07-01 18:04:10.726,2025-07-01 18:04:10.721129,6.447585105895996,-0.7757213711738586,7.479485988616943,-0.08429940044879913,0.036651913076639175,-0.0659734457731247,2025-07-01 18:04:10.702,1751373250702,-8042,-2352,2566,-351,-100,-796
234,2025-07-01 18:04:10.827,2025-07-01 18:04:10.821206,6.382941722869873,-0.6248866319656372,7.433996200561523,-0.06475171446800232,-0.00366519158706069,-0.018325956538319588,2025-07-01 18:04:10.790,1751373250790,-7989,-2283,2255,-556,-113,-1032
235,2025-07-01 18:04:11.028,2025-07-01 18:04:10.921363,6.493074893951416,-0.7015010714530945,7.3023152351379395,0.11239920556545258,-0.025656340643763542,0.024434609338641167,2025-07-01 18:04:10.958,1751373250958,-7617,-2548,2300,-607,-10,-1402
236,2025-07-01 18:04:11.127,2025-07-01 18:04:11.020414,6.617573261260986,-1.3862427473068237,8.090007781982422,0.2064724564552307,-0.01466076634824276,0.07941248267889023,2025-07-01 18:04:11.055,1751373251055,-7967,-2902,2336,-759,292,-1161
237,2025-07-01 18:04:11.226,2025-07-01 18:04:11.221310,6.63433313369751,-0.5913678407669067,7.4100542068481445,0.10506882518529892,-0.05375614017248154,0.1014036312699318,2025-07-01 18:04:11.225,1751373251225,-7714,-3631,2356,-254,-380,-1108
238,2025-07-01 18:04:11.326,2025-07-01 18:04:11.321175,6.610390663146973,-0.40940847992897034,7.326257228851318,0.16982053220272064,-0.08185594528913498,0.11362093687057495,2025-07-01 18:04:11.311,1751373251311,-7347,-3573,2393,-380,-532,-702
239,2025-07-01 18:04:11.426,2025-07-01 18:04:11.421291,6.48828649520874,-0.3758896589279175,6.732495307922363,0.2480112910270691,-0.11850785464048386,0.036651913076639175,2025-07-01 18:04:11.409,1751373251409,-7459,-3952,2254,-342,-508,-892
240,2025-07-01 18:04:11.526,2025-07-01 18:04:11.521231,6.809109687805176,-0.12449848651885986,7.208941459655762,0.2174680233001709,-0.18936823308467865,-0.019547687843441963,2025-07-01 18:04:11.500,1751373251500,-7250,-4151,2579,-346,-843,-401
241,2025-07-01 18:04:11.626,2025-07-01 18:04:11.621277,6.8809356689453125,-0.4381389021873474,7.005434036254883,0.20402899384498596,-0.1014036312699318,-0.02687807008624077,2025-07-01 18:04:11.604,1751373251604,-7112,-3791,2491,48,-401,-369
242,2025-07-01 18:04:11.727,2025-07-01 18:04:11.721513,7.156269073486328,0.0694318488240242,7.113173484802246,0.35552358627319336,-0.1258382350206375,0.009773843921720982,2025-07-01 18:04:11.693,1751373251693,-7276,-3953,2833,-51,-243,282
243,2025-07-01 18:04:12.136,2025-07-01 18:04:12.121259,7.070077419281006,0.23702596127986908,7.050923824310303,-0.05742133408784866,0.010995574295520782,0.0403171069920063,2025-07-01 18:04:12.124,1751373252124,-7439,-3680,2535,-970,-1023,645
244,2025-07-01 18:04:12.333,2025-07-01 18:04:12.321074,7.113173484802246,-0.11971008777618408,7.000645637512207,0.00366519158706069,-0.012217304669320583,0.02321287989616394,2025-07-01 18:04:12.332,1751373252332,-7120,-3553,2491,-38,709,-187
245,2025-07-01 18:04:12.426,2025-07-01 18:04:12.420912,7.058106422424316,0.28969839215278625,6.66785192489624,-0.0757472887635231,-0.01710422709584236,-0.012217304669320583,2025-07-01 18:04:12.393,1751373252393,-7484,-3935,2459,-212,411,-158
246,2025-07-01 18:04:12.532,2025-07-01 18:04:12.521344,7.441178798675537,0.15562310814857483,7.287950038909912,0.21624629199504852,-0.1319468915462494,-0.11850785464048386,2025-07-01 18:04:12.489,1751373252489,-7156,-4138,2471,-741,-866,-246
247,2025-07-01 18:04:12.930,2025-07-01 18:04:12.821267,7.374141216278076,0.2059013396501541,7.1706342697143555,-0.16982053220272064,0.08307767659425735,0.13927727937698364,2025-07-01 18:04:12.851,1751373252851,-7334,-3534,2324,620,1919,1140
248,2025-07-01 18:04:13.028,2025-07-01 18:04:13.021195,7.400477409362793,-0.7948749661445618,7.544129371643066,-0.059864792972803116,0.08918632566928864,0.21380282938480377,2025-07-01 18:04:13.027,1751373253027,-7941,-3377,1673,779,1081,234
249,2025-07-01 18:04:13.128,2025-07-01 18:04:13.121032,6.823474884033203,-0.5650315880775452,6.730101108551025,-0.045204028487205505,0.07208210229873657,0.1270599663257599,2025-07-01 18:04:13.121,1751373253121,-7573,-3030,2062,384,67,-537
250,2025-07-01 18:04:13.229,2025-07-01 18:04:13.221214,7.026981830596924,-0.44532153010368347,7.010222434997559,-0.1062905490398407,0.07330382615327835,0.0403171069920063,2025-07-01 18:04:13.229,1751373253229,-7733,-2989,1950,-414,-93,460
251,2025-07-01 18:04:13.332,2025-07-01 18:04:13.320288,7.022193431854248,-2.4157495498657227,7.860164165496826,-0.5009095072746277,0.28955012559890747,0.20525072515010834,2025-07-01 18:04:13.309,1751373253309,-7686,-2998,1913,-906,565,368
252,2025-07-01 18:04:13.530,2025-07-01 18:04:13.520244,6.617573261260986,-1.1899182796478271,7.201758861541748,0.1417207419872284,-0.06108652427792549,0.11362093687057495,2025-07-01 18:04:13.485,1751373253485,-7635,-3599,1495,-1111,403,24
253,2025-07-01 18:04:13.826,2025-07-01 18:04:13.720295,6.660669326782227,-1.4173674583435059,6.8162922859191895,-0.22357667982578278,0.1062905490398407,-0.00855211354792118,2025-07-01 18:04:13.748,1751373253748,-6908,-3456,2230,1578,-1342,-1187
254,2025-07-01 18:04:13.929,2025-07-01 18:04:13.921134,6.4595561027526855,-1.5705963373184204,7.615955829620361,-0.24678955972194672,0.19425514340400696,-0.14416420459747314,2025-07-01 18:04:13.928,1751373253928,-8017,-3116,1426,-214,1650,20
255,2025-07-01 18:04:14.030,2025-07-01 18:04:14.021063,6.3063273429870605,-1.8938134908676147,6.888118267059326,-0.3640756905078888,0.1514945775270462,-0.17837265133857727,2025-07-01 18:04:14.013,1751373254013,-7954,-3358,1566,-690,750,326
256,2025-07-01 18:04:14.126,2025-07-01 18:04:14.121269,6.327875137329102,-1.3623007535934448,7.69735860824585,-0.059864792972803116,0.04153883829712868,-0.06230825558304787,2025-07-01 18:04:14.111,1751373254111,-8019,-3599,1491,-713,-226,39
257,2025-07-01 18:04:14.226,2025-07-01 18:04:14.221172,6.246472358703613,-1.7956513166427612,7.560888767242432,0.17959438264369965,-0.042760565876960754,0.11484266817569733,2025-07-01 18:04:14.199,1751373254199,-7557,-3336,1773,414,-415,-16
258,2025-07-01 18:04:14.326,2025-07-01 18:04:14.321001,5.868188381195068,-1.9536685943603516,7.539340972900391,0.00855211354792118,0.09773843735456467,0.09407325088977814,2025-07-01 18:04:14.296,1751373254296,-7558,-3026,2130,133,-554,552
259,2025-07-01 18:04:14.526,2025-07-01 18:04:14.420574,6.038176536560059,-1.702277421951294,7.280767440795898,-0.05375614017248154,0.13316862285137177,0.05864306539297104,2025-07-01 18:04:14.461,1751373254461,-7799,-2949,2342,596,-472,448
260,2025-07-01 18:04:14.726,2025-07-01 18:04:14.621029,6.404489517211914,-1.5705963373184204,7.331045627593994,-0.06108652427792549,-0.0024434609804302454,-0.13805554807186127,2025-07-01 18:04:14.646,1751373254646,-7578,-2889,2442,704,-879,768
261,2025-07-01 18:04:14.826,2025-07-01 18:04:14.820995,5.913678169250488,-1.7405846118927002,7.6111674308776855,-0.05375614017248154,0.010995574295520782,-0.08796459436416626,2025-07-01 18:04:14.825,1751373254825,-7806,-2244,2934,1591,-222,700
262,2025-07-01 18:04:14.926,2025-07-01 18:04:14.921258,6.1052141189575195,-2.1284453868865967,7.441178798675537,-0.06108652427792549,0.0024434609804302454,-0.021991148591041565,2025-07-01 18:04:14.913,1751373254913,-7671,-2140,2804,430,272,622
263,2025-07-01 18:04:15.026,2025-07-01 18:04:15.021241,5.971138954162598,-1.766920804977417,7.773972988128662,0.06719517707824707,0.0354301854968071,-0.00366519158706069,2025-07-01 18:04:15.011,1751373255011,-8026,-2114,2694,-598,337,331
264,2025-07-01 18:04:15.227,2025-07-01 18:04:15.221098,6.160281181335449,-1.8842366933822632,7.445967197418213,-0.02321287989616394,-0.00733038317412138,0.04764748737215996,2025-07-01 18:04:15.194,1751373255194,-7930,-1824,2639,-180,813,328
265,2025-07-01 18:04:15.327,2025-07-01 18:04:15.321047,6.1267619132995605,-1.9991583824157715,7.661445617675781,-0.10018189996480942,0.0354301854968071,0.018325956538319588,2025-07-01 18:04:15.285,1751373255285,-7892,-2049,2641,-518,189,-533
266,2025-07-01 18:04:15.632,2025-07-01 18:04:15.520939,5.928043365478516,-1.821987509727478,7.797914981842041,0.11362093687057495,0.04642575979232788,-0.019547687843441963,2025-07-01 18:04:15.557,1751373255557,-7928,-2029,2305,-213,543,-612
267,2025-07-01 18:04:15.726,2025-07-01 18:04:15.721046,6.110002517700195,-1.400607943534851,7.60637903213501,0.2626720666885376,-0.0354301854968071,0.07696902006864548,2025-07-01 18:04:15.726,1751373255726,-8043,-2189,1994,-147,342,-440
268,2025-07-01 18:04:15.826,2025-07-01 18:04:15.822208,5.781997203826904,-1.479616641998291,7.419631004333496,0.09896016865968704,0.021991148591041565,0.08674286305904388,2025-07-01 18:04:15.821,1751373255821,-8042,-2672,1975,-221,323,-198
269,2025-07-01 18:04:15.926,2025-07-01 18:04:15.921274,6.2416839599609375,-1.400607943534851,7.204153060913086,0.2541199326515198,-0.15760323405265808,0.05375614017248154,2025-07-01 18:04:15.912,1751373255912,-8040,-2561,2121,-304,259,-142
270,2025-07-01 18:04:16.026,2025-07-01 18:04:16.021124,6.095637321472168,-1.6759412288665771,8.111555099487305,0.2626720666885376,-0.29077184200286865,0.07330382615327835,2025-07-01 18:04:16.019,1751373256019,-7862,-2582,2073,-287,265,-623
271,2025-07-01 18:04:16.126,2025-07-01 18:04:16.121189,6.1985883712768555,-1.4772224426269531,7.398083209991455,0.09407325088977814,-0.06719517707824707,0.03787364438176155,2025-07-01 18:04:16.083,1751373256083,-7870,-2611,2077,-285,-22,-620
272,2025-07-01 18:04:16.226,2025-07-01 18:04:16.221015,6.361393928527832,-1.3431471586227417,7.637503623962402,0.11728613078594208,-0.07452555745840073,-0.013439035043120384,2025-07-01 18:04:16.186,1751373256186,-7757,-2915,1779,551,1050,2831
273,2025-07-01 18:04:16.529,2025-07-01 18:04:16.421090,5.858611583709717,-1.5394717454910278,8.020575523376465,0.3323107063770294,0.0354301854968071,0.03176499158143997,2025-07-01 18:04:16.455,1751373256455,-7655,-2503,2022,-604,-1367,-981
274,2025-07-01 18:04:16.626,2025-07-01 18:04:16.620308,6.299144744873047,-0.5267243981361389,7.527369976043701,-0.039095375686883926,0.00855211354792118,-0.09285151958465576,2025-07-01 18:04:16.624,1751373256624,-7644,-2589,2354,-185,-297,945
275,2025-07-01 18:04:16.735,2025-07-01 18:04:16.720290,6.349422931671143,-0.06464344263076782,7.357381820678711,0.0012217304902151227,-0.07941248267889023,-0.08429940044879913,2025-07-01 18:04:16.724,1751373256724,-7985,-2639,2421,-474,61,1146
276,2025-07-01 18:04:16.834,2025-07-01 18:04:16.820323,6.598419666290283,-0.608127236366272,7.908048152923584,0.1111774742603302,-0.08552113175392151,-0.01710422709584236,2025-07-01 18:04:16.810,1751373256810,-7627,-2286,2290,-439,129,666
277,2025-07-01 18:04:16.931,2025-07-01 18:04:16.920762,6.191405773162842,-0.22266076505184174,7.094019412994385,0.20891591906547546,-0.09773843735456467,-0.039095375686883926,2025-07-01 18:04:16.904,1751373256904,-7829,-2224,2290,-780,184,230
278,2025-07-01 18:04:17.030,2025-07-01 18:04:17.021018,6.641515731811523,0.07182604819536209,7.208941459655762,0.27611109614372253,-0.12339477986097336,-0.00855211354792118,2025-07-01 18:04:16.989,1751373256989,-8049,-2205,2416,-184,260,-626
279,2025-07-01 18:04:17.332,2025-07-01 18:04:17.221001,6.418854713439941,-0.07900865375995636,6.840234279632568,-0.04886921867728233,-0.05009094998240471,0.02932153269648552,2025-07-01 18:04:17.256,1751373257256,-7581,-2961,2396,-81,-28,-1639
280,2025-07-01 18:04:17.431,2025-07-01 18:04:17.321013,7.105990409851074,-0.3687070608139038,7.558494567871094,-0.08307767659425735,0.021991148591041565,0.1258382350206375,2025-07-01 18:04:17.353,1751373257353,-7567,-3198,2047,-118,272,79
281,2025-07-01 18:04:17.528,2025-07-01 18:04:17.421030,6.890512466430664,0.22026655077934265,7.115567684173584,-0.08552113175392151,-0.05497787147760391,0.00733038317412138,2025-07-01 18:04:17.435,1751373257435,-7789,-2811,1938,247,808,1315
282,2025-07-01 18:04:17.637,2025-07-01 18:04:17.621071,6.845022678375244,0.031124621629714966,7.295132637023926,-0.12828169763088226,0.07819075137376785,-0.10262536257505417,2025-07-01 18:04:17.621,1751373257621,-7868,-2452,2150,715,636,307
283,2025-07-01 18:04:17.726,2025-07-01 18:04:17.721059,6.825869083404541,0.06224924325942993,7.558494567871094,-0.09040805697441101,0.10506882518529892,-0.039095375686883926,2025-07-01 18:04:17.706,1751373257706,-7959,-2903,2008,349,110,-207
284,2025-07-01 18:04:17.826,2025-07-01 18:04:17.820989,6.72531270980835,0.026336219161748886,7.137115478515625,-0.13561208546161652,0.1160643994808197,-0.0403171069920063,2025-07-01 18:04:17.803,1751373257803,-7802,-2544,2133,-20,305,-107
285,2025-07-01 18:04:17.927,2025-07-01 18:04:17.920904,6.540958881378174,-0.019153613597154617,7.438784599304199,-0.15027284622192383,0.05864306539297104,-0.0354301854968071,2025-07-01 18:04:17.882,1751373257882,-7675,-2450,2109,-376,279,-25
286,2025-07-01 18:04:18.028,2025-07-01 18:04:18.021066,6.572083473205566,0.14365209639072418,7.374141216278076,-0.18448130786418915,0.013439035043120384,-0.010995574295520782,2025-07-01 18:04:17.989,1751373257989,-7824,-2646,2054,-256,34,53
287,2025-07-01 18:04:18.432,2025-07-01 18:04:18.421066,6.734889507293701,0.1149216815829277,7.000645637512207,0.02687807008624077,0.00855211354792118,-0.03420845419168472,2025-07-01 18:04:18.421,1751373258421,-8246,-2523,1489,-1116,-275,-287
288,2025-07-01 18:04:18.530,2025-07-01 18:04:18.520989,6.916848659515381,0.15562310814857483,7.51779317855835,0.02687807008624077,0.015882495790719986,0.08307767659425735,2025-07-01 18:04:18.511,1751373258511,-7583,-2772,1831,22,-289,-660
289,2025-07-01 18:04:18.628,2025-07-01 18:04:18.622574,6.854599475860596,-0.43095630407333374,7.496245384216309,0.1722639948129654,-0.06841690838336945,0.17959438264369965,2025-07-01 18:04:18.600,1751373258600,-7561,-3134,1864,-28,-259,-872
290,2025-07-01 18:04:18.834,2025-07-01 18:04:18.821488,6.933608055114746,-0.06464344263076782,7.132327079772949,0.02932153269648552,-0.028099801391363144,-0.0024434609804302454,2025-07-01 18:04:18.782,1751373258782,-7966,-3087,1526,211,-35,99
291,2025-07-01 18:04:19.129,2025-07-01 18:04:19.023729,6.658275127410889,-0.14365209639072418,6.962338447570801,0.01710422709584236,-0.06963863968849182,0.04764748737215996,2025-07-01 18:04:19.061,1751373259061,-7840,-2560,1638,-1028,509,1392
292,2025-07-01 18:04:19.227,2025-07-01 18:04:19.122916,6.885724067687988,0.10534487664699554,6.624756336212158,0.10506882518529892,-0.07819075137376785,0.0354301854968071,2025-07-01 18:04:19.146,1751373259146,-8075,-2394,1303,-647,236,749
293,2025-07-01 18:04:19.329,2025-07-01 18:04:19.221367,7.038952827453613,0.047884032130241394,6.995857238769531,0.14905111491680145,-0.07330382615327835,0.051312681287527084,2025-07-01 18:04:19.247,1751373259247,-8134,-2331,1280,-454,114,543
294,2025-07-01 18:04:19.427,2025-07-01 18:04:19.421329,6.998251438140869,-0.3974374830722809,6.876147270202637,0.03787364438176155,-0.0403171069920063,-0.012217304669320583,2025-07-01 18:04:19.427,1751373259427,-7869,-2231,1186,-130,36,-260
295,2025-07-01 18:04:19.526,2025-07-01 18:04:19.521840,7.161057472229004,-0.011971008032560349,6.8593878746032715,-0.13439035415649414,0.028099801391363144,-0.06475171446800232,2025-07-01 18:04:19.512,1751373259512,-7925,-2850,1564,1138,9,-668
296,2025-07-01 18:04:19.627,2025-07-01 18:04:19.622846,6.988674640655518,-0.1412578970193863,6.873753070831299,-0.2028072625398636,0.039095375686883926,-0.06352998316287994,2025-07-01 18:04:19.599,1751373259599,-7825,-2694,1640,2524,-585,219
297,2025-07-01 18:04:19.730,2025-07-01 18:04:19.720832,7.096413612365723,0.1843535304069519,7.103596210479736,-0.02687807008624077,0.00733038317412138,0.010995574295520782,2025-07-01 18:04:19.708,1751373259708,-7842,-2361,1510,2695,-1044,208
298,2025-07-01 18:04:20.028,2025-07-01 18:04:19.921612,7.096413612365723,-0.7206547260284424,6.909666061401367,0.10873401165008545,-0.045204028487205505,0.05864306539297104,2025-07-01 18:04:19.958,1751373259958,-7860,-2159,2668,446,-829,-189
299,2025-07-01 18:04:20.127,2025-07-01 18:04:20.020851,7.062894821166992,-0.3423708379268646,6.94079065322876,-0.18936823308467865,0.004886921960860491,-0.06841690838336945,2025-07-01 18:04:20.059,1751373260059,-7625,-2354,2691,697,-236,-1073
300,2025-07-01 18:04:20.227,2025-07-01 18:04:20.121062,7.264008045196533,0.22266076505184174,7.026981830596924,-0.051312681287527084,-0.03787364438176155,-0.05864306539297104,2025-07-01 18:04:20.143,1751373260143,-7578,-2157,2552,1141,175,25
301,2025-07-01 18:04:20.327,2025-07-01 18:04:20.321051,7.103596210479736,-0.1867477297782898,7.024587631225586,-0.1258382350206375,0.024434609338641167,-0.051312681287527084,2025-07-01 18:04:20.312,1751373260312,-7883,-1981,2831,-130,279,-283
302,2025-07-01 18:04:20.427,2025-07-01 18:04:20.421085,7.132327079772949,-0.11013327538967133,7.357381820678711,-0.045204028487205505,0.01466076634824276,-0.004886921960860491,2025-07-01 18:04:20.406,1751373260406,-7957,-2360,2621,-864,269,-316
303,2025-07-01 18:04:20.526,2025-07-01 18:04:20.520998,7.168240070343018,-0.8906430602073669,7.105990409851074,-0.1514945775270462,0.03176499158143997,-0.09285151958465576,2025-07-01 18:04:20.517,1751373260517,-7666,-2586,2203,-1370,239,-554
304,2025-07-01 18:04:20.726,2025-07-01 18:04:20.721114,7.060500621795654,0.22744916379451752,6.8162922859191895,0.06352998316287994,0.16493362188339233,-0.015882495790719986,2025-07-01 18:04:20.696,1751373260696,-7853,-2426,2135,-1925,591,513
305,2025-07-01 18:04:20.926,2025-07-01 18:04:20.820954,7.297526836395264,0.002394201699644327,7.331045627593994,-0.1111774742603302,0.1820378452539444,0.0024434609804302454,2025-07-01 18:04:20.858,1751373260858,-7854,-2457,1703,-1530,271,-1287
306,2025-07-01 18:04:21.026,2025-07-01 18:04:20.921085,7.122750282287598,-0.3495534360408783,6.938396453857422,-0.2125810980796814,0.15882496535778046,-0.21868975460529327,2025-07-01 18:04:20.953,1751373260953,-8055,-3089,1876,-1005,-1,-883
307,2025-07-01 18:04:21.227,2025-07-01 18:04:21.222476,6.296750545501709,-0.12210428714752197,7.338228225708008,-0.10873401165008545,-0.0659734457731247,-0.3543018400669098,2025-07-01 18:04:21.220,1751373261220,-7562,-3418,1692,-328,-249,-602
308,2025-07-01 18:04:21.326,2025-07-01 18:04:21.321068,6.0190229415893555,-0.5985504388809204,7.745242595672607,0.03298672288656235,-0.2871066629886627,-0.3396410644054413,2025-07-01 18:04:21.315,1751373261315,-7624,-2784,1734,-571,102,812
309,2025-07-01 18:04:21.426,2025-07-01 18:04:21.420846,7.390900611877441,-1.1085153818130493,6.9024834632873535,0.08429940044879913,-0.24068090319633484,-0.13561208546161652,2025-07-01 18:04:21.411,1751373261411,-7986,-2844,1890,-450,210,898
310,2025-07-01 18:04:21.526,2025-07-01 18:04:21.521096,7.026981830596924,-0.1388636976480484,7.481880187988281,-0.22968533635139465,0.09162978827953339,0.1918116807937622,2025-07-01 18:04:21.506,1751373261506,-7639,-2693,1526,-452,637,646
311,2025-07-01 18:04:21.826,2025-07-01 18:04:21.721041,6.952761650085449,-0.016759412363171577,6.797138690948486,-0.02932153269648552,0.04886921867728233,0.13927727937698364,2025-07-01 18:04:21.762,1751373261762,-8294,-2196,1149,31,-823,-605
312,2025-07-01 18:04:21.926,2025-07-01 18:04:21.821301,6.447585105895996,-0.7134721279144287,7.017405033111572,-0.00733038317412138,0.09162978827953339,0.05497787147760391,2025-07-01 18:04:21.845,1751373261845,-8296,-2197,974,-341,-1046,-1030
313,2025-07-01 18:04:22.026,2025-07-01 18:04:22.020353,6.332663536071777,-0.608127236366272,6.576871871948242,-0.3335324227809906,-0.0403171069920063,-0.11484266817569733,2025-07-01 18:04:22.026,1751373262026,-8017,-3043,1703,-68,-764,609
314,2025-07-01 18:04:22.126,2025-07-01 18:04:22.120989,6.933608055114746,-0.9193734526634216,8.437167167663574,0.08796459436416626,-0.09529497474431992,0.03298672288656235,2025-07-01 18:04:22.125,1751373262125,-8054,-2813,2115,959,-1624,428
315,2025-07-01 18:04:22.237,2025-07-01 18:04:22.221429,6.737283706665039,-1.2856862545013428,7.259219646453857,0.3139847218990326,-0.15760323405265808,0.16859880089759827,2025-07-01 18:04:22.211,1751373262211,-7870,-2822,2660,1800,-1308,-299
316,2025-07-01 18:04:22.331,2025-07-01 18:04:22.324177,6.9024834632873535,-1.1563993692398071,7.326257228851318,0.2565633952617645,-0.0403171069920063,0.1160643994808197,2025-07-01 18:04:22.303,1751373262303,-7707,-2529,2833,1771,-1213,1098
317,2025-07-01 18:04:22.426,2025-07-01 18:04:22.424127,6.813898086547852,-1.0989385843276978,6.825869083404541,0.3029891550540924,0.024434609338641167,0.12095131725072861,2025-07-01 18:04:22.390,1751373262390,-7159,-2176,2950,2128,-201,-83
318,2025-07-01 18:04:22.630,2025-07-01 18:04:22.522094,6.615179061889648,-1.6543933153152466,6.732495307922363,0.2785545587539673,-0.05497787147760391,0.06230825558304787,2025-07-01 18:04:22.562,1751373262562,-8225,-2072,3084,716,577,-1275
319,2025-07-01 18:04:22.737,2025-07-01 18:04:22.621401,7.5417351722717285,-0.4692635238170624,6.560112476348877,-0.10995574295520782,0.03420845419168472,-0.14294247329235077,2025-07-01 18:04:22.660,1751373262660,-7744,-2272,3103,87,256,-577
320,2025-07-01 18:04:22.833,2025-07-01 18:04:22.720902,6.313509941101074,-0.9361328482627869,7.501033782958984,0.05009094998240471,0.06108652427792549,-0.0659734457731247,2025-07-01 18:04:22.750,1751373262750,-7523,-2552,3328,277,620,1306
321,2025-07-01 18:04:22.931,2025-07-01 18:04:22.920986,6.897695064544678,-0.7876923680305481,7.271190643310547,0.09529497474431992,-0.09529497474431992,0.1417207419872284,2025-07-01 18:04:22.923,1751373262923,-7576,-2078,2719,-488,74,-1766
322,2025-07-01 18:04:23.037,2025-07-01 18:04:23.022017,6.6127848625183105,-0.07900865375995636,7.441178798675537,-0.16859880089759827,-0.05375614017248154,0.13072516024112701,2025-07-01 18:04:23.017,1751373263017,-7220,-2990,3190,-397,1448,-1028
323,2025-07-01 18:04:23.130,2025-07-01 18:04:23.120937,6.742072105407715,-0.9959878921508789,7.117961883544922,0.0757472887635231,-0.1014036312699318,0.13072516024112701,2025-07-01 18:04:23.103,1751373263103,-7526,-3211,2636,484,3139,490
324,2025-07-01 18:04:23.232,2025-07-01 18:04:23.220790,6.710947513580322,-1.280897855758667,7.390900611877441,0.11239920556545258,-0.04398229718208313,0.059864792972803116,2025-07-01 18:04:23.199,1751373263199,-7881,-2930,1442,-269,1778,1325
325,2025-07-01 18:04:23.326,2025-07-01 18:04:23.320901,7.307103633880615,-0.9648633003234863,6.9240312576293945,-0.21502456068992615,-0.0024434609804302454,-0.04642575979232788,2025-07-01 18:04:23.293,1751373263293,-9658,-1192,478,-1644,-2310,-1216
326,2025-07-01 18:04:23.431,2025-07-01 18:04:23.420253,6.835445880889893,-1.0678139925003052,7.24485445022583,-0.25534167885780334,0.0708603709936142,0.010995574295520782,2025-07-01 18:04:23.382,1751373263382,-7930,-2016,1816,-3252,-5757,-606
327,2025-07-01 18:04:23.627,2025-07-01 18:04:23.520228,6.5481414794921875,-1.3479355573654175,6.988674640655518,-0.1319468915462494,0.07208210229873657,0.036651913076639175,2025-07-01 18:04:23.554,1751373263554,-6605,-3368,3223,327,-815,2537
328,2025-07-01 18:04:23.729,2025-07-01 18:04:23.620413,6.754043102264404,-1.3024457693099976,7.297526836395264,-0.02932153269648552,0.1014036312699318,0.02687807008624077,2025-07-01 18:04:23.645,1751373263645,-7437,-2932,3638,-590,-831,1988
329,2025-07-01 18:04:23.927,2025-07-01 18:04:23.920840,6.818686485290527,-1.1324573755264282,7.352593421936035,0.3787364661693573,-0.04886921867728233,0.13561208546161652,2025-07-01 18:04:23.916,1751373263916,-7769,-1960,3547,30,315,-1823
330,2025-07-01 18:04:24.026,2025-07-01 18:04:24.020995,6.756437301635742,-2.2409727573394775,6.919242858886719,0.16859880089759827,0.01466076634824276,0.12828169763088226,2025-07-01 18:04:24.015,1751373264015,-7476,-2679,3237,345,979,369
331,2025-07-01 18:04:24.126,2025-07-01 18:04:24.120967,6.610390663146973,-0.7829039692878723,7.424419403076172,-0.05742133408784866,-0.00366519158706069,-0.02321287989616394,2025-07-01 18:04:24.098,1751373264098,-7424,-2447,3048,545,1098,420
332,2025-07-01 18:04:24.226,2025-07-01 18:04:24.221229,6.138733386993408,-1.0199298858642578,6.739677906036377,0.015882495790719986,-0.1417207419872284,-0.03787364438176155,2025-07-01 18:04:24.195,1751373264195,-7923,-2141,3030,768,620,-1193
333,2025-07-01 18:04:24.426,2025-07-01 18:04:24.321067,5.95677375793457,-1.0247182846069336,7.671022415161133,0.05497787147760391,-0.13316862285137177,-0.013439035043120384,2025-07-01 18:04:24.362,1751373264362,-7987,-2422,2716,-67,735,-774
334,2025-07-01 18:04:24.526,2025-07-01 18:04:24.421205,6.950367450714111,-1.9297266006469727,7.338228225708008,-0.2382374405860901,0.028099801391363144,-0.0012217304902151227,2025-07-01 18:04:24.460,1751373264460,-7742,-2272,2444,-473,1500,481
335,2025-07-01 18:04:24.633,2025-07-01 18:04:24.521331,6.452373504638672,-1.3551181554794312,6.799532890319824,-0.2675589919090271,0.12217304855585098,-0.1160643994808197,2025-07-01 18:04:24.560,1751373264560,-7469,-3063,2618,-582,1240,431
336,2025-07-01 18:04:24.730,2025-07-01 18:04:24.720739,6.48828649520874,-1.2449848651885986,7.158663272857666,-0.1270599663257599,-0.06963863968849182,0.06841690838336945,2025-07-01 18:04:24.729,1751373264729,-7834,-2525,2085,69,1004,224
337,2025-07-01 18:04:24.831,2025-07-01 18:04:24.820692,6.742072105407715,-1.4987702369689941,6.710947513580322,-0.059864792972803116,-0.13561208546161652,-0.030543262138962746,2025-07-01 18:04:24.812,1751373264812,-8366,-1973,1535,-758,130,56
338,2025-07-01 18:04:24.926,2025-07-01 18:04:24.920842,7.139509677886963,-2.1954829692840576,7.050923824310303,-0.20891591906547546,-0.0708603709936142,-0.15027284622192383,2025-07-01 18:04:24.899,1751373264899,-8492,-2419,1845,-732,-81,29
339,2025-07-01 18:04:25.128,2025-07-01 18:04:25.121304,7.12035608291626,-1.6927006244659424,6.98628044128418,-0.0354301854968071,-0.01710422709584236,0.00733038317412138,2025-07-01 18:04:25.093,1751373265093,-7616,-2934,1678,-434,-78,-332
340,2025-07-01 18:04:25.326,2025-07-01 18:04:25.221314,6.993463039398193,-1.3239935636520386,7.184999465942383,0.09896016865968704,-0.025656340643763542,0.059864792972803116,2025-07-01 18:04:25.262,1751373265262,-7848,-2677,1832,-290,-48,-122
341,2025-07-01 18:04:25.427,2025-07-01 18:04:25.322249,6.938396453857422,-1.7142484188079834,6.658275127410889,0.04764748737215996,0.009773843921720982,0.05009094998240471,2025-07-01 18:04:25.360,1751373265360,-8196,-2377,1605,-142,355,-69
342,2025-07-01 18:04:25.527,2025-07-01 18:04:25.421010,6.821080684661865,-1.4245500564575195,7.352593421936035,0.11728613078594208,0.15515977144241333,-0.015882495790719986,2025-07-01 18:04:25.445,1751373265445,-8193,-2343,1265,-171,-60,286
343,2025-07-01 18:04:25.626,2025-07-01 18:04:25.621533,6.892906665802002,-1.4844050407409668,7.151480674743652,-0.15515977144241333,0.024434609338641167,0.015882495790719986,2025-07-01 18:04:25.625,1751373265625,-8250,-2353,1260,-329,-73,-16
344,2025-07-01 18:04:25.726,2025-07-01 18:04:25.722005,6.88332986831665,-1.37906014919281,7.453149795532227,-0.12095131725072861,-0.0708603709936142,0.00855211354792118,2025-07-01 18:04:25.716,1751373265716,-8196,-2184,1536,-126,-71,-263
345,2025-07-01 18:04:25.826,2025-07-01 18:04:25.822257,7.0126166343688965,-1.7286136150360107,6.907271862030029,0.02932153269648552,-0.1111774742603302,0.006108652334660292,2025-07-01 18:04:25.806,1751373265806,-7913,-2583,1556,102,99,-197
346,2025-07-01 18:04:25.926,2025-07-01 18:04:25.921109,6.931213855743408,-1.7166426181793213,6.449979305267334,-0.2321287989616394,0.00366519158706069,-0.08307767659425735,2025-07-01 18:04:25.894,1751373265894,-7833,-2678,1598,-71,102,-135
347,2025-07-01 18:04:26.026,2025-07-01 18:04:26.021136,6.993463039398193,-1.9943699836730957,7.608773231506348,-0.30543261766433716,0.006108652334660292,-0.2626720666885376,2025-07-01 18:04:26.004,1751373266004,-7841,-2592,1634,-84,111,-352
348,2025-07-01 18:04:26.426,2025-07-01 18:04:26.320887,7.259219646453857,-1.623268723487854,6.833051681518555,0.07330382615327835,-0.06841690838336945,0.07208210229873657,2025-07-01 18:04:26.342,1751373266342,-8063,-2584,1462,85,374,77
349,2025-07-01 18:04:26.526,2025-07-01 18:04:26.520876,6.995857238769531,-1.3431471586227417,6.382941722869873,0.021991148591041565,-0.028099801391363144,-0.04153883829712868,2025-07-01 18:04:26.525,1751373266525,-7881,-2577,1589,-59,379,-266
350,2025-07-01 18:04:26.626,2025-07-01 18:04:26.620951,7.113173484802246,-1.070208191871643,6.5481414794921875,0.09651670604944229,-0.00366519158706069,-0.08552113175392151,2025-07-01 18:04:26.619,1751373266619,-8045,-2607,1604,-82,348,-315
351,2025-07-01 18:04:26.726,2025-07-01 18:04:26.721086,7.333439826965332,-1.5394717454910278,6.742072105407715,-0.03787364438176155,0.02687807008624077,-0.030543262138962746,2025-07-01 18:04:26.706,1751373266706,-7867,-2498,1588,-79,181,-376
352,2025-07-01 18:04:26.827,2025-07-01 18:04:26.820840,7.168240070343018,-1.3311761617660522,6.828263282775879,-0.09529497474431992,0.015882495790719986,-0.0403171069920063,2025-07-01 18:04:26.804,1751373266804,-7831,-2827,1549,318,128,-314
353,2025-07-01 18:04:26.926,2025-07-01 18:04:26.921,7.127538681030273,-1.37906014919281,6.722918510437012,-0.02076941914856434,0.01710422709584236,-0.00366519158706069,2025-07-01 18:04:26.893,1751373266893,-7832,-2520,1261,604,177,-273
354,2025-07-01 18:04:27.026,2025-07-01 18:04:27.021466,7.053318023681641,-1.4221558570861816,6.766014099121094,-0.00733038317412138,0.006108652334660292,0.012217304669320583,2025-07-01 18:04:26.984,1751373266984,-7850,-2645,1184,195,299,-368
355,2025-07-01 18:04:27.126,2025-07-01 18:04:27.120890,6.938396453857422,-1.0989385843276978,6.332663536071777,-0.036651913076639175,0.01710422709584236,-0.006108652334660292,2025-07-01 18:04:27.083,1751373267083,-7868,-2666,1157,-127,-35,-362
356,2025-07-01 18:04:27.333,2025-07-01 18:04:27.221004,7.268796443939209,-1.6711528301239014,6.967126846313477,-0.18814650177955627,0.06352998316287994,-0.013439035043120384,2025-07-01 18:04:27.242,1751373267242,-7831,-2848,1173,110,16,-294
357,2025-07-01 18:04:27.426,2025-07-01 18:04:27.421033,7.005434036254883,-1.7046716213226318,6.730101108551025,0.012217304669320583,0.036651913076639175,0.0012217304902151227,2025-07-01 18:04:27.424,1751373267424,-8038,-2843,1226,-294,100,-257
358,2025-07-01 18:04:27.526,2025-07-01 18:04:27.520740,7.110779285430908,-1.6065093278884888,6.830657482147217,0.02076941914856434,0.04398229718208313,0.0024434609804302454,2025-07-01 18:04:27.514,1751373267514,-8048,-2858,1216,-262,-79,61
359,2025-07-01 18:04:27.631,2025-07-01 18:04:27.620725,7.01979923248291,-1.699883222579956,6.921637058258057,-0.05375614017248154,0.045204028487205505,-0.009773843921720982,2025-07-01 18:04:27.618,1751373267618,-7819,-2550,1391,87,265,-79
360,2025-07-01 18:04:27.726,2025-07-01 18:04:27.720878,6.962338447570801,-1.6735470294952393,6.912060260772705,0.019547687843441963,0.015882495790719986,-0.015882495790719986,2025-07-01 18:04:27.705,1751373267705,-7852,-2477,1338,40,-9,-101
361,2025-07-01 18:04:27.935,2025-07-01 18:04:27.921256,6.967126846313477,-1.8267759084701538,6.936002254486084,-0.012217304669320583,0.010995574295520782,0.0,2025-07-01 18:04:27.885,1751373267885,-7858,-2482,1366,48,124,85
362,2025-07-01 18:04:28.230,2025-07-01 18:04:28.121079,6.842628479003906,-0.9720458984375,6.670246124267578,0.05742133408784866,-0.02321287989616394,-0.05009094998240471,2025-07-01 18:04:28.150,1751373268150,-8062,-2902,1254,-265,-218,-285
363,2025-07-01 18:04:28.436,2025-07-01 18:04:28.420844,7.091625213623047,-1.821987509727478,6.885724067687988,-0.0024434609804302454,-0.039095375686883926,0.009773843921720982,2025-07-01 18:04:28.425,1751373268425,-7840,-2684,1621,344,111,-125
364,2025-07-01 18:04:28.530,2025-07-01 18:04:28.521085,7.070077419281006,-1.766920804977417,6.746860504150391,0.021991148591041565,-0.010995574295520782,-0.00855211354792118,2025-07-01 18:04:28.503,1751373268503,-8055,-2495,1410,354,50,5
365,2025-07-01 18:04:28.627,2025-07-01 18:04:28.620687,7.0988078117370605,-1.7477672100067139,6.957550048828125,0.019547687843441963,-0.036651913076639175,-0.039095375686883926,2025-07-01 18:04:28.593,1751373268593,-8051,-2518,1452,545,84,-313
366,2025-07-01 18:04:28.727,2025-07-01 18:04:28.722125,7.0126166343688965,-1.2641384601593018,6.478709697723389,0.05253441259264946,-0.04642575979232788,0.013439035043120384,2025-07-01 18:04:28.697,1751373268697,-7969,-2784,1859,1310,-17,-524
367,2025-07-01 18:04:28.829,2025-07-01 18:04:28.820767,7.158663272857666,-1.556231141090393,6.689399719238281,0.01466076634824276,-0.042760565876960754,0.0012217304902151227,2025-07-01 18:04:28.788,1751373268788,-7935,-2624,1637,2848,627,-175
368,2025-07-01 18:04:29.231,2025-07-01 18:04:29.120732,7.180211067199707,-1.680729627609253,6.6846113204956055,0.006108652334660292,-0.004886921960860491,0.03176499158143997,2025-07-01 18:04:29.150,1751373269150,-7785,-3104,2620,-192,-1068,-820
369,2025-07-01 18:04:29.336,2025-07-01 18:04:29.320891,7.156269073486328,-1.8914192914962769,6.655880928039551,0.04642575979232788,-0.015882495790719986,0.0024434609804302454,2025-07-01 18:04:29.319,1751373269319,-7407,-3181,2687,-898,-266,-83
370,2025-07-01 18:04:29.426,2025-07-01 18:04:29.420799,7.206547260284424,-1.922544002532959,6.619967937469482,-0.004886921960860491,-0.009773843921720982,-0.012217304669320583,2025-07-01 18:04:29.404,1751373269404,-7715,-2896,2358,-768,384,-54
371,2025-07-01 18:04:29.530,2025-07-01 18:04:29.520886,7.2783732414245605,-1.7764976024627686,6.598419666290283,-0.015882495790719986,0.00855211354792118,-0.006108652334660292,2025-07-01 18:04:29.499,1751373269499,-8037,-2534,1666,-1870,226,88
372,2025-07-01 18:04:29.627,2025-07-01 18:04:29.620737,7.271190643310547,-1.7501614093780518,6.600813865661621,-0.04764748737215996,0.0,-0.015882495790719986,2025-07-01 18:04:29.586,1751373269586,-7953,-2815,1917,-2204,-105,-148
373,2025-07-01 18:04:29.729,2025-07-01 18:04:29.721536,7.311892032623291,-1.6304513216018677,6.698976516723633,0.030543262138962746,0.0012217304902151227,-0.013439035043120384,2025-07-01 18:04:29.683,1751373269683,-7764,-3064,1828,-2954,-425,-388
374,2025-07-01 18:04:29.927,2025-07-01 18:04:29.821020,7.187393665313721,-1.764526605606079,6.538564682006836,0.019547687843441963,0.019547687843441963,-0.0024434609804302454,2025-07-01 18:04:29.860,1751373269860,-7796,-3644,1878,-1812,-510,-185
375,2025-07-01 18:04:30.027,2025-07-01 18:04:29.920726,7.1921820640563965,-1.7836803197860718,6.732495307922363,0.021991148591041565,-0.015882495790719986,0.00733038317412138,2025-07-01 18:04:29.954,1751373269954,-7388,-3854,1866,-1144,-502,-602
376,2025-07-01 18:04:30.129,2025-07-01 18:04:30.020977,7.103596210479736,-1.501164436340332,6.603208065032959,0.1661553531885147,-0.10506882518529892,0.03176499158143997,2025-07-01 18:04:30.050,1751373270050,-7355,-3748,1694,-212,-771,-217
377,2025-07-01 18:04:30.231,2025-07-01 18:04:30.220310,7.479485988616943,-1.8052281141281128,6.421248912811279,-0.03298672288656235,-0.11239920556545258,0.05009094998240471,2025-07-01 18:04:30.212,1751373270212,-7770,-3678,1888,559,-938,-550
378,2025-07-01 18:04:30.326,2025-07-01 18:04:30.320285,7.513004779815674,-1.7860745191574097,6.368576526641846,0.02932153269648552,-0.0012217304902151227,-0.013439035043120384,2025-07-01 18:04:30.316,1751373270316,-7136,-3875,2200,976,-488,363
379,2025-07-01 18:04:30.434,2025-07-01 18:04:30.420216,7.5417351722717285,-1.6112977266311646,6.519411087036133,-0.06719517707824707,0.08429940044879913,-0.03787364438176155,2025-07-01 18:04:30.404,1751373270404,-7142,-3027,2234,2056,-141,-1118
380,2025-07-01 18:04:30.526,2025-07-01 18:04:30.520474,7.357381820678711,-1.580173134803772,6.466738700866699,-0.19058994948863983,0.1820378452539444,-0.07452555745840073,2025-07-01 18:04:30.498,1751373270498,-7052,-3846,2587,1658,1401,93
381,2025-07-01 18:04:30.726,2025-07-01 18:04:30.721432,7.168240070343018,-1.6376339197158813,6.876147270202637,-0.23335053026676178,0.14294247329235077,-0.036651913076639175,2025-07-01 18:04:30.688,1751373270688,-7751,-3681,2367,248,579,306
382,2025-07-01 18:04:30.927,2025-07-01 18:04:30.820808,7.041347026824951,-1.7334020137786865,7.017405033111572,0.0403171069920063,-0.018325956538319588,0.06963863968849182,2025-07-01 18:04:30.854,1751373270854,-8012,-3152,2372,705,-591,148
383,2025-07-01 18:04:31.127,2025-07-01 18:04:31.123455,7.01979923248291,-1.4628572463989258,6.615179061889648,0.304210901260376,-0.051312681287527084,0.05864306539297104,2025-07-01 18:04:31.119,1751373271119,-7607,-2874,2899,689,72,244
384,2025-07-01 18:04:31.226,2025-07-01 18:04:31.221195,7.141903877258301,-1.5155296325683594,6.742072105407715,0.22602014243602753,-0.01466076634824276,0.03176499158143997,2025-07-01 18:04:31.199,1751373271199,-8020,-2450,2821,851,-451,-348
385,2025-07-01 18:04:31.326,2025-07-01 18:04:31.321023,7.134721279144287,-1.3982137441635132,6.603208065032959,-0.00733038317412138,0.021991148591041565,-0.0012217304902151227,2025-07-01 18:04:31.302,1751373271302,-6531,-4051,3305,63,15,-414
386,2025-07-01 18:04:31.426,2025-07-01 18:04:31.422259,7.196970462799072,-1.2713210582733154,6.756437301635742,-0.05009094998240471,0.025656340643763542,-0.02687807008624077,2025-07-01 18:04:31.393,1751373271393,-6907,-3752,3031,1955,2059,1484
387,2025-07-01 18:04:31.526,2025-07-01 18:04:31.520896,6.9455790519714355,-1.4269442558288574,6.754043102264404,-0.05375614017248154,0.019547687843441963,0.02687807008624077,2025-07-01 18:04:31.484,1751373271484,-7374,-2733,2747,2203,675,1281
388,2025-07-01 18:04:32.027,2025-07-01 18:04:32.020829,7.158663272857666,-1.6663644313812256,6.4834980964660645,-0.025656340643763542,0.06475171446800232,-0.04642575979232788,2025-07-01 18:04:32.021,1751373272021,-6588,-3420,3661,427,1002,3426
389,2025-07-01 18:04:32.126,2025-07-01 18:04:32.122516,6.878541469573975,-1.3670891523361206,7.343016624450684,-0.2883284091949463,-0.00366519158706069,0.03420845419168472,2025-07-01 18:04:32.125,1751373272125,-7670,-2270,3627,-1028,-891,-260
390,2025-07-01 18:04:32.226,2025-07-01 18:04:32.221096,7.132327079772949,-1.41257905960083,7.383718013763428,0.0659734457731247,-0.042760565876960754,-0.010995574295520782,2025-07-01 18:04:32.194,1751373272194,-7486,-2700,3491,-468,308,317
391,2025-07-01 18:04:32.526,2025-07-01 18:04:32.421700,6.995857238769531,-1.3431471586227417,6.593631267547607,0.1820378452539444,-0.004886921960860491,-0.010995574295520782,2025-07-01 18:04:32.462,1751373272462,-8458,-1980,2924,1503,564,-1551
392,2025-07-01 18:04:32.626,2025-07-01 18:04:32.520461,6.983886241912842,-1.766920804977417,8.38688850402832,-0.1966986060142517,0.05009094998240471,-0.039095375686883926,2025-07-01 18:04:32.560,1751373272560,-8035,-2182,2786,179,266,-218
393,2025-07-01 18:04:32.726,2025-07-01 18:04:32.620909,7.158663272857666,-1.3646949529647827,6.145915985107422,-0.028099801391363144,-0.06475171446800232,0.06719517707824707,2025-07-01 18:04:32.643,1751373272643,-7784,-2439,3107,-368,168,666
394,2025-07-01 18:04:32.826,2025-07-01 18:04:32.822585,6.976703643798828,-1.7836803197860718,6.979097843170166,0.2968805134296417,-0.0403171069920063,0.036651913076639175,2025-07-01 18:04:32.823,1751373272823,-7700,-2926,3142,-1088,166,1136
395,2025-07-01 18:04:32.926,2025-07-01 18:04:32.920569,7.026981830596924,-0.8738836050033569,6.698976516723633,0.36529740691185,-0.025656340643763542,0.00366519158706069,2025-07-01 18:04:32.925,1751373272925,-7944,-2577,3097,-853,173,129
396,2025-07-01 18:04:33.030,2025-07-01 18:04:33.028830,7.043741226196289,-1.259350061416626,7.247248649597168,-0.09896016865968704,-0.042760565876960754,0.018325956538319588,2025-07-01 18:04:33.017,1751373273017,-7786,-2875,2786,-655,-11,-942
397,2025-07-01 18:04:33.134,2025-07-01 18:04:33.122906,7.146692276000977,-1.2880805730819702,7.292738437652588,-0.04886921867728233,-0.05497787147760391,0.02076941914856434,2025-07-01 18:04:33.102,1751373273102,-7714,-2783,2466,-396,1055,10
398,2025-07-01 18:04:33.234,2025-07-01 18:04:33.221065,7.252037048339844,-1.3958195447921753,7.134721279144287,0.010995574295520782,-0.015882495790719986,0.03176499158143997,2025-07-01 18:04:33.188,1751373273188,-7620,-2833,2255,-400,721,638
399,2025-07-01 18:04:33.334,2025-07-01 18:04:33.325818,6.88332986831665,-1.455674648284912,6.66785192489624,-0.02932153269648552,0.10262536257505417,0.02076941914856434,2025-07-01 18:04:33.287,1751373273287,-8238,-2474,2026,-649,788,174
400,2025-07-01 18:04:33.626,2025-07-01 18:04:33.522215,6.998251438140869,-1.2114660739898682,7.146692276000977,0.2638937830924988,-0.042760565876960754,0.07696902006864548,2025-07-01 18:04:33.563,1751373273563,-8263,-2366,1807,-205,524,259
401,2025-07-01 18:04:33.728,2025-07-01 18:04:33.724588,7.053318023681641,-1.4484920501708984,7.223306655883789,0.10873401165008545,0.05253441259264946,-0.009773843921720982,2025-07-01 18:04:33.725,1751373273725,-7812,-2483,1678,48,-260,-138
402,2025-07-01 18:04:33.826,2025-07-01 18:04:33.824389,6.94079065322876,-1.3982137441635132,7.237671852111816,-0.1966986060142517,0.03298672288656235,-0.06230825558304787,2025-07-01 18:04:33.820,1751373273820,-8064,-2479,1732,45,6,-367
403,2025-07-01 18:04:34.026,2025-07-01 18:04:34.022456,6.92881965637207,-1.2737152576446533,7.017405033111572,-0.05742133408784866,-0.00733038317412138,0.03298672288656235,2025-07-01 18:04:33.998,1751373273998,-8010,-2554,2092,-164,-146,-563
404,2025-07-01 18:04:34.126,2025-07-01 18:04:34.122271,6.871358871459961,-1.2258312702178955,6.993463039398193,-0.1062905490398407,-0.03787364438176155,0.025656340643763542,2025-07-01 18:04:34.092,1751373274092,-7945,-2846,2081,-131,-123,-168
405,2025-07-01 18:04:34.238,2025-07-01 18:04:34.220719,7.074865818023682,-1.3527239561080933,7.307103633880615,-0.045204028487205505,-0.11972958594560623,0.013439035043120384,2025-07-01 18:04:34.183,1751373274183,-7974,-2904,1691,-282,219,-137
406,2025-07-01 18:04:34.631,2025-07-01 18:04:34.620297,7.273584842681885,-1.2473790645599365,6.75883150100708,-0.009773843921720982,-0.018325956538319588,0.0012217304902151227,2025-07-01 18:04:34.620,1751373274620,-7967,-3086,1697,121,-72,105
407,2025-07-01 18:04:34.732,2025-07-01 18:04:34.723709,7.1706342697143555,-1.1276689767837524,6.615179061889648,0.059864792972803116,-0.04153883829712868,0.00855211354792118,2025-07-01 18:04:34.718,1751373274718,-7923,-2423,2083,1352,-202,527
408,2025-07-01 18:04:34.827,2025-07-01 18:04:34.828147,7.374141216278076,-1.2689268589019775,6.619967937469482,0.10018189996480942,-0.02076941914856434,0.045204028487205505,2025-07-01 18:04:34.799,1751373274799,-8210,-2213,1939,1157,-223,382
409,2025-07-01 18:04:34.931,2025-07-01 18:04:34.921284,7.307103633880615,-1.1683704853057861,6.538564682006836,0.0,0.07208210229873657,0.05375614017248154,2025-07-01 18:04:34.902,1751373274902,-7814,-2160,2363,2181,-583,98
410,2025-07-01 18:04:35.126,2025-07-01 18:04:35.128634,7.050923824310303,-0.9169792532920837,6.660669326782227,-0.10995574295520782,0.1062905490398407,-0.1270599663257599,2025-07-01 18:04:35.089,1751373275089,-7838,-1783,2868,614,-209,-611
411,2025-07-01 18:04:35.528,2025-07-01 18:04:35.523524,7.026981830596924,-1.357512354850769,6.775590896606445,0.03787364438176155,0.004886921960860491,0.0,2025-07-01 18:04:35.525,1751373275525,-7599,-2854,2436,-507,-113,-287
412,2025-07-01 18:04:35.629,2025-07-01 18:04:35.621326,7.082048416137695,-1.5155296325683594,7.091625213623047,-0.07819075137376785,0.00855211354792118,0.0012217304902151227,2025-07-01 18:04:35.616,1751373275616,-7988,-2568,2575,-464,69,266
413,2025-07-01 18:04:35.732,2025-07-01 18:04:35.722151,7.292738437652588,-1.525106430053711,7.232883453369141,0.00733038317412138,-0.01466076634824276,0.013439035043120384,2025-07-01 18:04:35.703,1751373275703,-7967,-2422,2632,-862,-311,-119
414,2025-07-01 18:04:35.831,2025-07-01 18:04:35.820962,7.015010833740234,-0.9816226959228516,6.423643112182617,-0.1771509200334549,0.2626720666885376,-0.10018189996480942,2025-07-01 18:04:35.809,1751373275809,-8046,-2217,2184,-461,-34,-26
415,2025-07-01 18:04:35.927,2025-07-01 18:04:35.923907,6.5912370681762695,-0.3926490843296051,6.92881965637207,0.13439035415649414,0.13316862285137177,-0.23090706765651703,2025-07-01 18:04:35.896,1751373275896,-7838,-2369,2178,-204,-2,34
416,2025-07-01 18:04:36.229,2025-07-01 18:04:36.131048,6.53377628326416,-0.7445967197418213,6.981492042541504,0.019547687843441963,-0.028099801391363144,-0.2834414839744568,2025-07-01 18:04:36.160,1751373276160,-7999,-2460,2215,-291,190,-364
417,2025-07-01 18:04:36.327,2025-07-01 18:04:36.223156,6.823474884033203,-0.9888052940368652,6.481103897094727,0.1111774742603302,-0.2528982162475586,-0.2638937830924988,2025-07-01 18:04:36.246,1751373276246,-8028,-2650,2017,8,176,-119
418,2025-07-01 18:04:36.427,2025-07-01 18:04:36.323723,6.845022678375244,-0.871489405632019,5.940014362335205,-0.05742133408784866,-0.5021312236785889,-0.21135938167572021,2025-07-01 18:04:36.343,1751373276343,-7845,-2297,1977,-298,295,-66
419,2025-07-01 18:04:36.526,2025-07-01 18:04:36.521045,7.484274387359619,-0.2537853717803955,6.421248912811279,0.07330382615327835,-0.16982053220272064,0.0403171069920063,2025-07-01 18:04:36.523,1751373276523,-7820,-2275,1928,6,-59,55
420,2025-07-01 18:04:36.627,2025-07-01 18:04:36.620737,7.560888767242432,-1.1492167711257935,6.186617374420166,-0.18814650177955627,-0.11239920556545258,-0.07452555745840073,2025-07-01 18:04:36.612,1751373276612,-7810,-2646,2144,-285,-122,-311
421,2025-07-01 18:04:36.726,2025-07-01 18:04:36.720213,7.429207801818848,-0.33518823981285095,6.471527099609375,-0.09773843735456467,-0.02321287989616394,-0.18936823308467865,2025-07-01 18:04:36.705,1751373276705,-8027,-2648,2131,21,-96,81
422,2025-07-01 18:04:36.826,2025-07-01 18:04:36.820785,7.675810813903809,-1.0127472877502441,6.552929878234863,-0.1014036312699318,0.06963863968849182,-0.051312681287527084,2025-07-01 18:04:36.780,1751373276780,-8042,-2643,2136,4,-85,110
423,2025-07-01 18:04:37.126,2025-07-01 18:04:37.022650,7.378929615020752,-0.9457096457481384,6.615179061889648,-0.10506882518529892,0.11850785464048386,0.01466076634824276,2025-07-01 18:04:37.061,1751373277061,-7834,-2599,2110,-140,-73,-383
424,2025-07-01 18:04:37.326,2025-07-01 18:04:37.320484,7.249642848968506,-1.0797849893569946,7.110779285430908,0.13316862285137177,0.05742133408784866,0.20036379992961884,2025-07-01 18:04:37.318,1751373277318,-7968,-3117,1929,-1613,-437,-1348
425,2025-07-01 18:04:37.427,2025-07-01 18:04:37.423878,6.888118267059326,-0.912190854549408,6.528987884521484,0.16737708449363708,-0.04764748737215996,0.10873401165008545,2025-07-01 18:04:37.424,1751373277424,-7412,-2947,2134,-1120,-468,-1734
426,2025-07-01 18:04:37.526,2025-07-01 18:04:37.524974,7.316680431365967,-1.137245774269104,6.938396453857422,0.13072516024112701,-0.08552113175392151,0.045204028487205505,2025-07-01 18:04:37.517,1751373277517,-7718,-3547,2090,-939,-137,-1027
427,2025-07-01 18:04:37.726,2025-07-01 18:04:37.725064,7.2113356590271,-0.7829039692878723,6.718130111694336,-0.04886921867728233,-0.0024434609804302454,-0.012217304669320583,2025-07-01 18:04:37.689,1751373277689,-7342,-4186,1972,-849,-612,-116
428,2025-07-01 18:04:38.027,2025-07-01 18:04:37.928950,7.364564418792725,-0.6248866319656372,6.785167694091797,0.012217304669320583,-0.02076941914856434,-0.00855211354792118,2025-07-01 18:04:37.969,1751373277969,-6814,-3850,2012,-152,1652,-883
429,2025-07-01 18:04:38.127,2025-07-01 18:04:38.025814,7.247248649597168,-0.7613561153411865,6.794744491577148,-0.09896016865968704,0.0403171069920063,-0.009773843921720982,2025-07-01 18:04:38.045,1751373278045,-8050,-3510,1220,-869,705,-563
430,2025-07-01 18:04:38.227,2025-07-01 18:04:38.224922,7.3238630294799805,-1.2018892765045166,6.777985095977783,-0.09162978827953339,0.13439035415649414,-0.23579397797584534,2025-07-01 18:04:38.226,1751373278226,-7760,-3977,1863,-865,-674,-217
431,2025-07-01 18:04:38.336,2025-07-01 18:04:38.325303,7.043741226196289,-0.16759411990642548,6.993463039398193,0.04642575979232788,0.0659734457731247,-0.02321287989616394,2025-07-01 18:04:38.319,1751373278319,-7314,-4155,2066,86,-1595,-266
432,2025-07-01 18:04:38.537,2025-07-01 18:04:38.525711,7.070077419281006,-1.070208191871643,6.509834289550781,0.04764748737215996,-0.17470745742321014,0.1258382350206375,2025-07-01 18:04:38.508,1751373278508,-7944,-3529,1421,-2440,-724,817
433,2025-07-01 18:04:38.631,2025-07-01 18:04:38.623483,7.189787864685059,-1.0797849893569946,6.660669326782227,-0.019547687843441963,-0.05742133408784866,0.042760565876960754,2025-07-01 18:04:38.606,1751373278606,-7586,-3180,1318,3334,1237,125
434,2025-07-01 18:04:38.730,2025-07-01 18:04:38.722362,7.1490864753723145,-0.7398083209991455,6.323086738586426,-0.13561208546161652,0.03420845419168472,-0.1062905490398407,2025-07-01 18:04:38.682,1751373278682,-8053,-3194,1654,-2148,-1639,626
435,2025-07-01 18:04:38.926,2025-07-01 18:04:38.831527,7.340622425079346,-0.8547300100326538,6.962338447570801,-0.3323107063770294,0.13561208546161652,-0.14294247329235077,2025-07-01 18:04:38.856,1751373278856,-7087,-3785,2059,-1410,-1438,754
436,2025-07-01 18:04:39.034,2025-07-01 18:04:38.924461,7.036558628082275,-1.3072341680526733,6.900089263916016,-0.5204572081565857,0.17837265133857727,-0.18936823308467865,2025-07-01 18:04:38.951,1751373278951,-7062,-3765,2093,-909,-982,743
437,2025-07-01 18:04:39.235,2025-07-01 18:04:39.223681,7.137115478515625,-2.1595699787139893,7.0317702293396,0.06475171446800232,-0.07330382615327835,0.16249015927314758,2025-07-01 18:04:39.221,1751373279221,-7816,-2908,1425,-275,1096,254
438,2025-07-01 18:04:39.331,2025-07-01 18:04:39.326784,7.086836814880371,-1.359906554222107,7.005434036254883,0.4141666293144226,-0.03420845419168472,0.1771509200334549,2025-07-01 18:04:39.322,1751373279322,-8279,-2195,1153,-3928,-1662,1512
439,2025-07-01 18:04:39.429,2025-07-01 18:04:39.423601,6.981492042541504,-1.4628572463989258,6.797138690948486,0.4789183437824249,0.08429940044879913,0.12950342893600464,2025-07-01 18:04:39.403,1751373279403,-7783,-3392,2130,-2969,-753,797
440,2025-07-01 18:04:39.529,2025-07-01 18:04:39.524609,6.801927089691162,-0.6631938815116882,7.070077419281006,0.4911356568336487,0.2431243658065796,0.13927727937698364,2025-07-01 18:04:39.495,1751373279495,-8005,-3401,2134,-1836,-397,281
441,2025-07-01 18:04:39.629,2025-07-01 18:04:39.624858,6.557718276977539,-1.1444283723831177,6.543353080749512,0.030543262138962746,0.14538592100143433,0.06963863968849182,2025-07-01 18:04:39.588,1751373279588,-7605,-3015,1724,-1132,-585,-36
442,2025-07-01 18:04:39.827,2025-07-01 18:04:39.727375,6.694188117980957,-0.9648633003234863,7.048529624938965,-0.2871066629886627,0.05009094998240471,-0.08185594528913498,2025-07-01 18:04:39.753,1751373279753,-7870,-2568,1552,-423,-265,432
443,2025-07-01 18:04:40.027,2025-07-01 18:04:39.922230,6.672640323638916,-0.8978256583213806,7.16584587097168,0.14294247329235077,-0.11850785464048386,0.025656340643763542,2025-07-01 18:04:39.932,1751373279932,-8040,-2820,1894,113,30,421
444,2025-07-01 18:04:40.126,2025-07-01 18:04:40.135751,6.952761650085449,-1.4652514457702637,7.891288757324219,0.25534167885780334,0.03176499158143997,0.16982053220272064,2025-07-01 18:04:40.122,1751373280122,-7659,-2636,2584,683,-137,-890
445,2025-07-01 18:04:40.230,2025-07-01 18:04:40.222256,6.5696892738342285,-1.3239935636520386,6.8593878746032715,0.5229006409645081,0.019547687843441963,0.1111774742603302,2025-07-01 18:04:40.217,1751373280217,-7969,-2453,2618,261,-543,-76
446,2025-07-01 18:04:40.329,2025-07-01 18:04:40.324387,6.677428722381592,-0.9792284965515137,6.435614109039307,-0.08307767659425735,-0.0708603709936142,-0.0024434609804302454,2025-07-01 18:04:40.295,1751373280295,-7990,-2503,2622,302,-234,361
447,2025-07-01 18:04:40.426,2025-07-01 18:04:40.427288,6.818686485290527,-0.9457096457481384,7.33583402633667,-0.25045475363731384,-0.0012217304902151227,-0.08918632566928864,2025-07-01 18:04:40.405,1751373280405,-7638,-2221,2865,348,-601,153
448,2025-07-01 18:04:40.735,2025-07-01 18:04:40.628620,6.615179061889648,-1.290474772453308,6.955155849456787,-0.04886921867728233,0.05742133408784866,-0.04764748737215996,2025-07-01 18:04:40.664,1751373280664,-8003,-1775,2713,-139,-289,540
449,2025-07-01 18:04:40.827,2025-07-01 18:04:40.729353,6.959944248199463,-1.6974890232086182,7.771578788757324,0.04764748737215996,0.0806342139840126,-0.07452555745840073,2025-07-01 18:04:40.749,1751373280749,-8035,-2065,2747,-337,-266,133
450,2025-07-01 18:04:40.927,2025-07-01 18:04:40.931833,6.461950302124023,-0.7829039692878723,7.048529624938965,-0.06475171446800232,0.16859880089759827,-0.00366519158706069,2025-07-01 18:04:40.925,1751373280925,-8059,-2073,2783,173,87,-72
451,2025-07-01 18:04:41.026,2025-07-01 18:04:41.027693,5.861005783081055,-1.2018892765045166,7.759607791900635,-0.34208452701568604,0.2577851414680481,-0.24678955972194672,2025-07-01 18:04:41.025,1751373281025,-8026,-1944,2797,418,35,40
452,2025-07-01 18:04:41.226,2025-07-01 18:04:41.225161,6.31829833984375,-1.599326729774475,7.553706169128418,-0.19547687470912933,-0.16859880089759827,-0.2626720666885376,2025-07-01 18:04:41.212,1751373281212,-7965,-1766,3233,668,94,195
453,2025-07-01 18:04:41.326,2025-07-01 18:04:41.325105,6.265625953674316,-0.8738836050033569,7.340622425079346,-0.42760565876960754,-0.03176499158143997,-0.05497787147760391,2025-07-01 18:04:41.296,1751373281296,-7954,-1651,3265,157,-372,106
454,2025-07-01 18:04:41.427,2025-07-01 18:04:41.429130,6.287173748016357,-1.237802267074585,7.309497833251953,-0.1722639948129654,0.03420845419168472,0.0024434609804302454,2025-07-01 18:04:41.390,1751373281390,-7944,-1468,3609,-10,73,-340
455,2025-07-01 18:04:41.628,2025-07-01 18:04:41.534770,6.184223175048828,-2.1595699787139893,7.151480674743652,-0.09285151958465576,0.05864306539297104,-0.00733038317412138,2025-07-01 18:04:41.557,1751373281557,-7677,-1594,3385,116,219,74
456,2025-07-01 18:04:41.827,2025-07-01 18:04:41.731487,6.143521785736084,-2.1954829692840576,7.529764175415039,-0.05253441259264946,0.05253441259264946,-0.08674286305904388,2025-07-01 18:04:41.737,1751373281737,-8057,-1484,2764,-628,193,-411
457,2025-07-01 18:04:41.927,2025-07-01 18:04:41.924744,5.743690013885498,-1.5658079385757446,6.943184852600098,-0.08674286305904388,0.02932153269648552,-0.06352998316287994,2025-07-01 18:04:41.912,1751373281912,-7872,-1788,3163,118,81,-1031
458,2025-07-01 18:04:42.026,2025-07-01 18:04:42.037314,6.296750545501709,-1.8387469053268433,7.659051418304443,-0.11972958594560623,0.07941248267889023,0.013439035043120384,2025-07-01 18:04:42.010,1751373282010,-7579,-2563,2836,-25,482,-865
459,2025-07-01 18:04:42.126,2025-07-01 18:04:42.131222,6.145915985107422,-2.5953147411346436,7.726089000701904,-0.059864792972803116,0.05375614017248154,0.15760323405265808,2025-07-01 18:04:42.094,1751373282094,-7781,-2647,2840,347,772,-779
460,2025-07-01 18:04:42.427,2025-07-01 18:04:42.424625,5.935225963592529,-1.9560627937316895,7.371747016906738,0.0708603709936142,-0.051312681287527084,0.07819075137376785,2025-07-01 18:04:42.384,1751373282384,-7584,-2383,2657,1299,2107,-124
461,2025-07-01 18:04:42.526,2025-07-01 18:04:42.520201,6.052541732788086,-2.387019157409668,7.433996200561523,-0.015882495790719986,-0.04398229718208313,0.02321287989616394,2025-07-01 18:04:42.497,1751373282497,-8451,-2164,1288,882,2713,-224
462,2025-07-01 18:04:42.729,2025-07-01 18:04:42.620306,5.870582580566406,-2.676717519760132,7.608773231506348,0.15271630883216858,-0.01710422709584236,0.08796459436416626,2025-07-01 18:04:42.643,1751373282643,-8225,-2224,831,-714,795,60
463,2025-07-01 18:04:42.827,2025-07-01 18:04:42.835366,6.0405707359313965,-1.414973258972168,7.6351094245910645,0.6414085030555725,-0.14905111491680145,0.13561208546161652,2025-07-01 18:04:42.825,1751373282825,-8254,-1973,616,172,1292,450
464,2025-07-01 18:04:42.926,2025-07-01 18:04:42.931757,6.291962146759033,-1.53707754611969,7.433996200561523,0.024434609338641167,0.024434609338641167,0.00855211354792118,2025-07-01 18:04:42.914,1751373282914,-8050,-2604,617,-1182,-231,-179
465,2025-07-01 18:04:43.028,2025-07-01 18:04:43.021450,6.244078159332275,-1.3527239561080933,7.603984832763672,-0.04886921867728233,0.07330382615327835,-0.00366519158706069,2025-07-01 18:04:43.010,1751373283010,-7864,-2191,350,1057,1248,466
466,2025-07-01 18:04:43.226,2025-07-01 18:04:43.220202,6.200982570648193,-1.6519991159439087,7.726089000701904,0.03420845419168472,-0.05619960278272629,0.07452555745840073,2025-07-01 18:04:43.188,1751373283188,-8561,-1865,188,1863,1067,2291
467,2025-07-01 18:04:43.426,2025-07-01 18:04:43.320215,6.258443355560303,-1.6328455209732056,7.376535415649414,0.09285151958465576,-0.10506882518529892,0.1014036312699318,2025-07-01 18:04:43.358,1751373283358,-8085,-1304,396,-4082,-2231,-5194
468,2025-07-01 18:04:43.526,2025-07-01 18:04:43.420280,6.1985883712768555,-1.2617442607879639,7.24485445022583,-0.22357667982578278,-0.05619960278272629,-0.09896016865968704,2025-07-01 18:04:43.448,1751373283448,-7942,-2768,909,-5627,-2183,-5816
469,2025-07-01 18:04:43.626,2025-07-01 18:04:43.626379,6.31829833984375,-2.3750481605529785,7.6111674308776855,0.28466320037841797,-0.13072516024112701,0.19914206862449646,2025-07-01 18:04:43.625,1751373283625,-7703,-3801,591,-1849,1127,949
470,2025-07-01 18:04:43.737,2025-07-01 18:04:43.729823,6.299144744873047,-0.8762778043746948,6.447585105895996,0.2687807083129883,-0.11728613078594208,0.05864306539297104,2025-07-01 18:04:43.721,1751373283721,-7756,-3543,174,45,140,2887
471,2025-07-01 18:04:43.831,2025-07-01 18:04:43.833633,6.315904140472412,-1.2856862545013428,7.230489253997803,0.16249015927314758,-0.06841690838336945,-0.09162978827953339,2025-07-01 18:04:43.815,1751373283815,-7931,-3368,732,2541,-1182,1879
472,2025-07-01 18:04:44.233,2025-07-01 18:04:44.127711,6.866570472717285,-1.5969325304031372,7.893682956695557,-0.10506882518529892,-0.04153883829712868,-0.0403171069920063,2025-07-01 18:04:44.166,1751373284166,-8263,-2853,1395,-98,-659,-110
473,2025-07-01 18:04:44.434,2025-07-01 18:04:44.335594,6.694188117980957,-1.7741034030914307,7.240066051483154,-0.03298672288656235,-0.015882495790719986,0.05009094998240471,2025-07-01 18:04:44.355,1751373284355,-7995,-2835,1789,337,-2421,-282
474,2025-07-01 18:04:44.531,2025-07-01 18:04:44.530277,6.502651691436768,-2.0829553604125977,7.127538681030273,-0.08552113175392151,0.03176499158143997,-0.05619960278272629,2025-07-01 18:04:44.522,1751373284522,-7520,-3125,3428,-768,-2827,-514
475,2025-07-01 18:04:44.632,2025-07-01 18:04:44.630034,6.5050458908081055,-1.290474772453308,7.139509677886963,-0.02321287989616394,0.00733038317412138,-0.021991148591041565,2025-07-01 18:04:44.620,1751373284620,-7180,-3235,3871,-296,-2134,-1040
476,2025-07-01 18:04:44.730,2025-07-01 18:04:44.735914,6.648698329925537,-1.7860745191574097,6.907271862030029,-0.15027284622192383,0.004886921960860491,0.02321287989616394,2025-07-01 18:04:44.721,1751373284721,-6881,-3436,3557,1042,-20,-1082
477,2025-07-01 18:04:44.826,2025-07-01 18:04:44.829748,6.574477672576904,-1.7549498081207275,7.297526836395264,-0.02932153269648552,0.012217304669320583,-0.013439035043120384,2025-07-01 18:04:44.801,1751373284801,-7065,-3007,3429,671,1047,-81
478,2025-07-01 18:04:44.927,2025-07-01 18:04:44.927260,6.655880928039551,-1.7286136150360107,6.993463039398193,-0.04398229718208313,-0.013439035043120384,-0.02076941914856434,2025-07-01 18:04:44.891,1751373284891,-7519,-3009,3396,475,1383,481
479,2025-07-01 18:04:45.026,2025-07-01 18:04:45.020807,6.658275127410889,-1.6950948238372803,7.15387487411499,-0.05619960278272629,-0.010995574295520782,-0.024434609338641167,2025-07-01 18:04:44.983,1751373284983,-7392,-3417,3409,1285,2061,2950
480,2025-07-01 18:04:45.226,2025-07-01 18:04:45.140384,6.8043212890625,-1.8100165128707886,7.129932880401611,-0.04886921867728233,-0.00855211354792118,-0.012217304669320583,2025-07-01 18:04:45.166,1751373285166,-8501,154,2413,1546,2081,3463
481,2025-07-01 18:04:45.435,2025-07-01 18:04:45.442992,6.189011573791504,-1.9081788063049316,7.620744228363037,-0.13072516024112701,0.12339477986097336,-0.021991148591041565,2025-07-01 18:04:45.435,1751373285435,-8306,1525,1523,373,658,1040
482,2025-07-01 18:04:45.536,2025-07-01 18:04:45.541340,6.399701118469238,-2.626439332962036,7.812280178070068,-0.24434609711170197,0.036651913076639175,-0.22846360504627228,2025-07-01 18:04:45.518,1751373285518,-8336,1504,1528,-518,686,414
483,2025-07-01 18:04:45.631,2025-07-01 18:04:45.630410,6.0405707359313965,-1.9297266006469727,7.316680431365967,-0.3127630054950714,0.0403171069920063,-0.20402899384498596,2025-07-01 18:04:45.610,1751373285610,-8629,324,1756,87,445,-581
484,2025-07-01 18:04:45.735,2025-07-01 18:04:45.732921,6.265625953674316,-2.9496564865112305,7.196970462799072,-0.1111774742603302,0.08674286305904388,-0.13561208546161652,2025-07-01 18:04:45.706,1751373285706,-7939,22,1454,-41,1069,-433
485,2025-07-01 18:04:45.826,2025-07-01 18:04:45.820353,6.5050458908081055,-2.9951462745666504,7.817068576812744,0.015882495790719986,0.12828169763088226,0.0806342139840126,2025-07-01 18:04:45.802,1751373285802,-7914,396,982,-260,1419,-27
486,2025-07-01 18:04:45.939,2025-07-01 18:04:45.921100,6.3518171310424805,-2.5043349266052246,7.168240070343018,-0.6829473376274109,0.40194934606552124,0.18448130786418915,2025-07-01 18:04:45.882,1751373285882,-8365,1677,371,-580,956,-230
487,2025-07-01 18:04:46.230,2025-07-01 18:04:46.137510,5.190629482269287,-4.036623954772949,7.702147006988525,-2.207667112350464,0.31642818450927734,-0.7000515460968018,2025-07-01 18:04:46.143,1751373286143,-8188,-373,1060,-1232,-1191,-2604
488,2025-07-01 18:04:46.427,2025-07-01 18:04:46.437371,6.509834289550781,-4.314351558685303,6.5696892738342285,0.36651915311813354,0.14049901068210602,-0.1062905490398407,2025-07-01 18:04:46.426,1751373286426,-7927,-2059,1254,-88,-834,-2077
489,2025-07-01 18:04:46.526,2025-07-01 18:04:46.538618,5.767632007598877,-4.417302131652832,6.179434776306152,-0.2675589919090271,0.19058994948863983,-0.5754350423812866,2025-07-01 18:04:46.525,1751373286525,-8175,-2597,1556,338,-198,-1334
490,2025-07-01 18:04:46.626,2025-07-01 18:04:46.632615,6.698976516723633,-3.112462282180786,6.01423454284668,0.2370157092809677,-0.34208452701568604,-0.3677408695220947,2025-07-01 18:04:46.617,1751373286617,-7946,-2024,1531,455,-1073,-462
491,2025-07-01 18:04:46.727,2025-07-01 18:04:46.632615,6.698976516723633,-3.112462282180786,6.01423454284668,0.2370157092809677,-0.34208452701568604,-0.3677408695220947,2025-07-01 18:04:46.617,1751373286617,-7946,-2024,1531,455,-1073,-462
492,2025-07-01 18:04:46.830,2025-07-01 18:04:46.837765,7.295132637023926,-2.5977089405059814,6.6127848625183105,-0.28466320037841797,0.004886921960860491,-0.12217304855585098,2025-07-01 18:04:46.804,1751373286804,-8339,-2081,2069,105,-868,74
493,2025-07-01 18:04:47.029,2025-07-01 18:04:46.936816,5.770026206970215,-3.3446998596191406,4.266467571258545,-0.6878342628479004,0.38728857040405273,-0.030543262138962746,2025-07-01 18:04:46.961,1751373286961,-7765,-2352,2568,-218,-643,-547
494,2025-07-01 18:04:47.126,2025-07-01 18:04:47.032771,6.406883716583252,-3.7229835987091064,7.041347026824951,-0.3738495409488678,0.08674286305904388,-0.34697145223617554,2025-07-01 18:04:47.061,1751373287061,-8015,-2050,2495,-1053,-623,340
495,2025-07-01 18:04:47.326,2025-07-01 18:04:47.343972,6.698976516723633,-2.918531894683838,6.385335922241211,-0.12095131725072861,0.13439035415649414,-0.009773843921720982,2025-07-01 18:04:47.326,1751373287326,-8539,-755,3006,-983,-134,222
496,2025-07-01 18:04:47.526,2025-07-01 18:04:47.538363,6.57926607131958,-2.762908697128296,7.0341644287109375,0.44593164324760437,0.2028072625398636,0.48747047781944275,2025-07-01 18:04:47.511,1751373287511,-8280,-2577,2753,-5136,57,-1008
497,2025-07-01 18:04:47.826,2025-07-01 18:04:47.738582,6.586448669433594,-2.741360902786255,6.40927791595459,0.3494149148464203,-0.14416420459747314,0.37140607833862305,2025-07-01 18:04:47.774,1751373287774,-7053,-3140,1165,-1858,598,-1591
498,2025-07-01 18:04:47.927,2025-07-01 18:04:47.837532,5.846640586853027,-2.5785553455352783,6.464344501495361,0.11362093687057495,-0.17470745742321014,0.3396410644054413,2025-07-01 18:04:47.868,1751373287868,-7732,-3888,849,-1882,146,-1047
499,2025-07-01 18:04:48.026,2025-07-01 18:04:47.935251,5.832275390625,-2.676717519760132,7.570465564727783,0.0659734457731247,-0.09162978827953339,0.4202753007411957,2025-07-01 18:04:47.956,1751373287956,-8235,-4444,886,-1007,-224,-400
500,2025-07-01 18:04:48.226,2025-07-01 18:04:48.236663,6.5481414794921875,-2.7724854946136475,6.521805286407471,-0.03298672288656235,-0.12095131725072861,0.009773843921720982,2025-07-01 18:04:48.216,1751373288216,-7047,-4376,1335,-275,-440,164
501,2025-07-01 18:04:48.326,2025-07-01 18:04:48.330410,6.521805286407471,-3.4332852363586426,6.830657482147217,0.08307767659425735,0.09040805697441101,-0.15271630883216858,2025-07-01 18:04:48.312,1751373288312,-7444,-3592,1569,366,-74,1459
502,2025-07-01 18:04:48.726,2025-07-01 18:04:48.639012,7.067683219909668,-3.3949780464172363,5.810727596282959,-0.08307767659425735,0.00855211354792118,-0.18325957655906677,2025-07-01 18:04:48.670,1751373288670,-7233,-4292,1966,4029,1217,206
503,2025-07-01 18:04:48.926,2025-07-01 18:04:48.834700,6.368576526641846,-3.1435868740081787,7.12035608291626,-0.036651913076639175,0.20891591906547546,0.00733038317412138,2025-07-01 18:04:48.849,1751373288849,-7643,-2299,1201,4740,4104,430
504,2025-07-01 18:04:49.028,2025-07-01 18:04:48.937,6.160281181335449,-3.5170822143554688,6.88332986831665,-0.26022860407829285,-0.02076941914856434,-0.1820378452539444,2025-07-01 18:04:48.941,1751373288941,-7843,-2403,1297,2189,3038,360
505,2025-07-01 18:04:49.126,2025-07-01 18:04:49.139482,6.931213855743408,-3.4308910369873047,6.426037311553955,-0.042760565876960754,-0.05009094998240471,-0.019547687843441963,2025-07-01 18:04:49.124,1751373289124,-7898,-2815,483,621,1668,-398
506,2025-07-01 18:04:49.231,2025-07-01 18:04:49.241556,5.714959621429443,-2.382230758666992,6.081272125244141,-0.21868975460529327,-0.03787364438176155,-0.13316862285137177,2025-07-01 18:04:49.207,1751373289207,-7913,-3078,311,787,1230,42
507,2025-07-01 18:04:49.331,2025-07-01 18:04:49.345019,6.404489517211914,-2.537853717803955,6.687005519866943,-0.36163222789764404,0.23090706765651703,0.07452555745840073,2025-07-01 18:04:49.306,1751373289306,-8213,-2931,27,823,696,69
508,2025-07-01 18:04:49.632,2025-07-01 18:04:49.542307,6.7277069091796875,-3.600879430770874,7.407660007476807,0.3982841372489929,-0.14782938361167908,-0.16493362188339233,2025-07-01 18:04:49.569,1751373289569,-7742,-3391,271,-210,141,-803
509,2025-07-01 18:04:49.731,2025-07-01 18:04:49.643895,6.390124320983887,-3.5913026332855225,6.876147270202637,-0.05253441259264946,-0.05375614017248154,-0.08918632566928864,2025-07-01 18:04:49.668,1751373289668,-7953,-3188,159,-402,-1481,-1891
510,2025-07-01 18:04:49.933,2025-07-01 18:04:49.921403,7.0988078117370605,-3.117250680923462,6.610390663146973,0.3396410644054413,-0.02932153269648552,0.02932153269648552,2025-07-01 18:04:49.933,1751373289933,-7173,-3974,519,-3764,666,-751
511,2025-07-01 18:04:50.135,2025-07-01 18:04:50.020232,6.914454460144043,-3.0837318897247314,6.406883716583252,-0.11728613078594208,0.13316862285137177,0.1771509200334549,2025-07-01 18:04:50.030,1751373290030,-7472,-4410,32,117,1598,-169
512,2025-07-01 18:04:50.229,2025-07-01 18:04:50.220303,6.358999729156494,-2.7940332889556885,6.7061591148376465,0.2321287989616394,-0.0403171069920063,-0.019547687843441963,2025-07-01 18:04:50.202,1751373290202,-7343,-4383,363,2653,-593,701
513,2025-07-01 18:04:50.526,2025-07-01 18:04:50.442688,7.187393665313721,-2.63362193107605,6.550535678863525,0.07330382615327835,-0.042760565876960754,-0.05253441259264946,2025-07-01 18:04:50.462,1751373290462,-7362,-3558,1081,601,-1094,-71
514,2025-07-01 18:04:50.628,2025-07-01 18:04:50.544711,6.900089263916016,-2.499546527862549,6.349422931671143,0.05864306539297104,-0.010995574295520782,0.009773843921720982,2025-07-01 18:04:50.561,1751373290561,-7396,-3717,1431,1084,-1333,-162
515,2025-07-01 18:04:50.728,2025-07-01 18:04:50.638447,7.01979923248291,-2.9927520751953125,6.653486728668213,0.012217304669320583,-0.004886921960860491,-0.0024434609804302454,2025-07-01 18:04:50.647,1751373290647,-7498,-3854,1701,910,-993,-382
516,2025-07-01 18:04:50.844,2025-07-01 18:04:50.848332,7.000645637512207,-2.4396915435791016,6.485892295837402,-0.03787364438176155,0.05375614017248154,-0.0024434609804302454,2025-07-01 18:04:50.843,1751373290843,-7560,-3345,1923,-1494,-979,1461
517,2025-07-01 18:04:50.930,2025-07-01 18:04:50.941441,6.7923502922058105,-2.7557260990142822,6.708553314208984,0.006108652334660292,0.07696902006864548,0.00855211354792118,2025-07-01 18:04:50.921,1751373290921,-7016,-4163,2712,-1755,-1988,-897
518,2025-07-01 18:04:51.026,2025-07-01 18:04:51.038846,6.813898086547852,-2.8155810832977295,6.835445880889893,-0.004886921960860491,0.059864792972803116,-0.006108652334660292,2025-07-01 18:04:51.014,1751373291014,-7298,-3214,2866,-1101,-1989,-2837
519,2025-07-01 18:04:51.326,2025-07-01 18:04:51.241549,6.84981107711792,-2.6815059185028076,6.75883150100708,0.039095375686883926,-0.019547687843441963,-0.01710422709584236,2025-07-01 18:04:51.277,1751373291277,-6601,-4464,2753,1,-233,-633
520,2025-07-01 18:04:51.526,2025-07-01 18:04:51.444673,7.015010833740234,-2.4851813316345215,6.588842868804932,0.02687807008624077,-0.021991148591041565,-0.009773843921720982,2025-07-01 18:04:51.459,1751373291459,-6877,-4007,2693,203,367,-125
521,2025-07-01 18:04:51.627,2025-07-01 18:04:51.543500,6.797138690948486,-2.5905263423919678,6.789956092834473,-0.0024434609804302454,0.019547687843441963,0.010995574295520782,2025-07-01 18:04:51.556,1751373291556,-6488,-4522,2435,1075,2727,-1161
522,2025-07-01 18:04:51.726,2025-07-01 18:04:51.740054,6.919242858886719,-2.75812029838562,6.615179061889648,-0.26511552929878235,0.16004669666290283,0.09773843735456467,2025-07-01 18:04:51.720,1751373291720,-7541,-4287,1693,339,760,-90
523,2025-07-01 18:04:51.826,2025-07-01 18:04:51.838429,6.224924564361572,-2.9712042808532715,6.852205276489258,0.012217304669320583,0.18936823308467865,0.11850785464048386,2025-07-01 18:04:51.814,1751373291814,-6903,-4509,1751,-315,111,558
524,2025-07-01 18:04:51.926,2025-07-01 18:04:51.943002,6.440402507781982,-2.6408045291900635,7.180211067199707,-0.1111774742603302,-0.01710422709584236,-0.028099801391363144,2025-07-01 18:04:51.919,1751373291919,-6994,-4941,2141,17,-44,193
525,2025-07-01 18:04:52.026,2025-07-01 18:04:52.040192,6.378153324127197,-3.5386300086975098,6.404489517211914,-0.5106833577156067,-0.02932153269648552,-0.09407325088977814,2025-07-01 18:04:52.010,1751373292010,-6703,-4569,1987,-603,-638,-323
526,2025-07-01 18:04:52.227,2025-07-01 18:04:52.146875,7.038952827453613,-3.1651346683502197,6.574477672576904,-0.26511552929878235,-0.10262536257505417,-0.05009094998240471,2025-07-01 18:04:52.178,1751373292178,-6601,-4949,2053,-1073,-122,-92
527,2025-07-01 18:04:52.329,2025-07-01 18:04:52.245349,6.72531270980835,-3.220201253890991,6.402095317840576,0.04398229718208313,-0.1111774742603302,-0.06963863968849182,2025-07-01 18:04:52.262,1751373292262,-6601,-4554,1884,-957,-329,299
528,2025-07-01 18:04:52.527,2025-07-01 18:04:52.443460,6.782773494720459,-3.6583402156829834,6.40927791595459,-0.09773843735456467,0.11362093687057495,0.10018189996480942,2025-07-01 18:04:52.446,1751373292446,-7169,-4495,1802,-598,381,144
529,2025-07-01 18:04:52.627,2025-07-01 18:04:52.633125,6.2416839599609375,-3.7421371936798096,6.36378812789917,-0.4495968222618103,0.12461651116609573,0.15760323405265808,2025-07-01 18:04:52.625,1751373292625,-6868,-4565,1644,-514,-54,-111
530,2025-07-01 18:04:52.728,2025-07-01 18:04:52.755344,6.512228488922119,-5.547365188598633,5.070919036865234,-1.0531316995620728,0.04398229718208313,0.37629300355911255,2025-07-01 18:04:52.715,1751373292715,-6842,-4955,1413,45,27,118
531,2025-07-01 18:04:53.027,2025-07-01 18:04:52.947817,6.22731876373291,-3.670311212539673,6.888118267059326,-0.018325956538319588,-0.04153883829712868,-0.0012217304902151227,2025-07-01 18:04:52.988,1751373292988,-6836,-4719,1691,-77,-162,-92
532,2025-07-01 18:04:53.227,2025-07-01 18:04:53.147397,6.842628479003906,-3.3063924312591553,5.724536418914795,-0.2871066629886627,-0.20891591906547546,0.05009094998240471,2025-07-01 18:04:53.168,1751373293168,-6817,-4351,1671,323,16,-114
533,2025-07-01 18:04:53.327,2025-07-01 18:04:53.248711,6.84981107711792,-5.149928092956543,5.767632007598877,-1.056796908378601,-0.2028072625398636,0.18448130786418915,2025-07-01 18:04:53.260,1751373293260,-6793,-4484,1687,-65,-54,70
534,2025-07-01 18:04:53.526,2025-07-01 18:04:53.548137,6.9024834632873535,-4.8051629066467285,5.16429328918457,-0.12217304855585098,0.24556782841682434,-0.0012217304902151227,2025-07-01 18:04:53.523,1751373293523,-6087,-5341,1954,-189,1185,2756
535,2025-07-01 18:04:53.726,2025-07-01 18:04:53.744315,6.998251438140869,-4.618414878845215,5.102043628692627,-0.019547687843441963,0.02687807008624077,0.019547687843441963,2025-07-01 18:04:53.712,1751373293712,-7198,-3760,1637,-139,1934,4756
536,2025-07-01 18:04:53.926,2025-07-01 18:04:53.929717,7.129932880401611,-4.809951305389404,5.097255229949951,0.051312681287527084,-0.05375614017248154,0.00855211354792118,2025-07-01 18:04:53.893,1751373293893,-8704,-2579,869,-1002,-1719,-1265
537,2025-07-01 18:04:54.136,2025-07-01 18:04:54.033257,6.979097843170166,-4.800374507904053,5.118803024291992,0.08552113175392151,-0.02932153269648552,0.0403171069920063,2025-07-01 18:04:54.060,1751373294060,-7247,-3668,1848,-957,-1968,-2301
538,2025-07-01 18:04:54.226,2025-07-01 18:04:54.121274,6.998251438140869,-4.800374507904053,5.114014625549316,0.025656340643763542,-0.00855211354792118,0.012217304669320583,2025-07-01 18:04:54.151,1751373294151,-6901,-4160,1868,-1318,-1420,-1848
539,2025-07-01 18:04:54.326,2025-07-01 18:04:54.244008,6.890512466430664,-4.49870491027832,5.0469770431518555,0.0012217304902151227,0.0354301854968071,0.0403171069920063,2025-07-01 18:04:54.254,1751373294254,-6682,-4878,2416,318,-816,4706
540,2025-07-01 18:04:54.526,2025-07-01 18:04:54.543649,7.108384609222412,-4.534617900848389,4.970362663269043,0.07941248267889023,-0.042760565876960754,-0.042760565876960754,2025-07-01 18:04:54.520,1751373294520,-8786,-1701,2643,865,-996,-3612
541,2025-07-01 18:04:54.626,2025-07-01 18:04:54.543649,7.108384609222412,-4.534617900848389,4.970362663269043,0.07941248267889023,-0.042760565876960754,-0.042760565876960754,2025-07-01 18:04:54.520,1751373294520,-8786,-1701,2643,865,-996,-3612
542,2025-07-01 18:04:54.926,2025-07-01 18:04:54.850505,6.648698329925537,-5.372588634490967,6.045359134674072,-0.2064724564552307,0.04886921867728233,-0.06963863968849182,2025-07-01 18:04:54.885,1751373294885,-6901,-4477,2364,29,2589,2047
543,2025-07-01 18:04:55.026,2025-07-01 18:04:54.939443,7.264008045196533,-4.156333923339844,4.623203277587891,0.31031954288482666,-0.0659734457731247,-0.06841690838336945,2025-07-01 18:04:54.964,1751373294964,-7826,-3090,1569,52,2408,1926
544,2025-07-01 18:04:55.135,2025-07-01 18:04:55.021110,7.175422668457031,-4.575319290161133,5.568912982940674,-0.21013765037059784,0.04642575979232788,0.0,2025-07-01 18:04:55.061,1751373295061,-8828,-2238,1365,-256,-743,-921
545,2025-07-01 18:04:55.235,2025-07-01 18:04:55.121725,6.914454460144043,-4.541800498962402,5.336675643920898,-0.006108652334660292,0.20036379992961884,0.0757472887635231,2025-07-01 18:04:55.154,1751373295154,-8053,-2763,1435,-133,-761,-1545
546,2025-07-01 18:04:55.335,2025-07-01 18:04:55.320963,6.212953567504883,-5.4444146156311035,6.311115741729736,0.09040805697441101,0.03298672288656235,-0.05864306539297104,2025-07-01 18:04:55.323,1751373295323,-7295,-3367,1918,-531,-146,184
547,2025-07-01 18:04:55.436,2025-07-01 18:04:55.421016,6.718130111694336,-5.286397457122803,6.236895561218262,0.12828169763088226,-0.11362093687057495,-0.1062905490398407,2025-07-01 18:04:55.414,1751373295414,-7363,-3450,1909,5,261,-864
548,2025-07-01 18:04:55.532,2025-07-01 18:04:55.521545,7.026981830596924,-3.993528366088867,5.058948040008545,0.22479841113090515,-0.1258382350206375,-0.06108652427792549,2025-07-01 18:04:55.511,1751373295511,-7781,-4105,1698,-248,30,-1031
549,2025-07-01 18:04:55.639,2025-07-01 18:04:55.621060,6.9695210456848145,-4.434061527252197,5.901707172393799,0.3090978264808655,-0.1612684279680252,-0.036651913076639175,2025-07-01 18:04:55.598,1751373295598,-7746,-4007,1744,-538,-291,-699
550,2025-07-01 18:04:55.933,2025-07-01 18:04:55.828787,6.763619899749756,-4.137180328369141,5.185841083526611,-0.03787364438176155,0.015882495790719986,-0.021991148591041565,2025-07-01 18:04:55.866,1751373295866,-7549,-4157,1413,506,1084,-652
551,2025-07-01 18:04:56.028,2025-07-01 18:04:55.928435,6.813898086547852,-4.774038314819336,6.938396453857422,0.2871066629886627,-0.1160643994808197,-0.07452555745840073,2025-07-01 18:04:55.954,1751373295954,-7737,-3942,1542,142,-28,118
552,2025-07-01 18:04:56.236,2025-07-01 18:04:56.221236,7.261613845825195,-3.687070608139038,5.738901615142822,-0.09651670604944229,0.18814650177955627,-0.00366519158706069,2025-07-01 18:04:56.220,1751373296220,-7459,-3410,1261,239,105,530
553,2025-07-01 18:04:56.329,2025-07-01 18:04:56.331461,7.072471618652344,-3.8307228088378906,5.983109951019287,0.05375614017248154,0.11728613078594208,0.10262536257505417,2025-07-01 18:04:56.315,1751373296315,-6967,-4586,2608,-1095,-1710,-430
554,2025-07-01 18:04:56.427,2025-07-01 18:04:56.420311,6.715735912322998,-3.7397429943084717,6.138733386993408,-0.1014036312699318,0.06475171446800232,-0.05497787147760391,2025-07-01 18:04:56.412,1751373296412,-6920,-4409,2028,-472,23,969
555,2025-07-01 18:04:56.529,2025-07-01 18:04:56.531728,6.830657482147217,-3.9264907836914062,5.849034786224365,-0.08552113175392151,0.00733038317412138,-0.09162978827953339,2025-07-01 18:04:56.503,1751373296503,-6975,-4048,1672,-497,515,438
556,2025-07-01 18:04:56.930,2025-07-01 18:04:56.821049,7.096413612365723,-3.598485231399536,5.949591159820557,0.03420845419168472,0.0024434609804302454,-0.045204028487205505,2025-07-01 18:04:56.857,1751373296857,-6452,-5193,3692,-636,-2718,866
557,2025-07-01 18:04:57.126,2025-07-01 18:04:57.121118,7.026981830596924,-3.8283286094665527,6.57926607131958,0.2785545587539673,-0.1319468915462494,0.0024434609804302454,2025-07-01 18:04:57.125,1751373297125,-5627,-5186,3793,644,585,-1325
558,2025-07-01 18:04:57.231,2025-07-01 18:04:57.220962,7.558494567871094,-3.117250680923462,5.556941986083984,-0.0024434609804302454,-0.09285151958465576,-0.07330382615327835,2025-07-01 18:04:57.218,1751373297218,-6738,-4357,3323,851,1721,981
559,2025-07-01 18:04:57.326,2025-07-01 18:04:57.321275,7.139509677886963,-3.1100680828094482,5.509057998657227,-0.2028072625398636,0.04886921867728233,-0.08796459436416626,2025-07-01 18:04:57.301,1751373297301,-6829,-3837,3629,-38,1445,2337
560,2025-07-01 18:04:57.426,2025-07-01 18:04:57.421180,7.115567684173584,-3.2178070545196533,5.9519853591918945,-0.0403171069920063,0.15027284622192383,0.12461651116609573,2025-07-01 18:04:57.400,1751373297400,-6834,-4075,3060,-1033,-122,2037
561,2025-07-01 18:04:57.528,2025-07-01 18:04:57.520901,7.029376029968262,-3.4308910369873047,6.186617374420166,0.18448130786418915,0.22602014243602753,0.2076941877603531,2025-07-01 18:04:57.483,1751373297483,-6552,-4399,3054,-175,312,3809
562,2025-07-01 18:04:57.926,2025-07-01 18:04:57.821019,6.689399719238281,-3.907337188720703,5.940014362335205,-0.23090706765651703,0.08307767659425735,-0.024434609338641167,2025-07-01 18:04:57.844,1751373297844,-7336,-2180,3083,-15,736,-127
563,2025-07-01 18:04:58.026,2025-07-01 18:04:58.021022,6.502651691436768,-3.8307228088378906,6.387730121612549,0.2541199326515198,-0.08307767659425735,-0.021991148591041565,2025-07-01 18:04:58.026,1751373298026,-7907,-2353,2835,13,726,-531
564,2025-07-01 18:04:58.126,2025-07-01 18:04:58.121068,6.406883716583252,-3.689464807510376,6.976703643798828,0.1160643994808197,0.0012217304902151227,-0.004886921960860491,2025-07-01 18:04:58.112,1751373298112,-7707,-2275,2659,-821,163,-844
565,2025-07-01 18:04:58.326,2025-07-01 18:04:58.321075,6.540958881378174,-3.069366693496704,6.485892295837402,0.09773843735456467,-0.11850785464048386,0.009773843921720982,2025-07-01 18:04:58.297,1751373298297,-7883,-3392,2342,-2132,-639,813
566,2025-07-01 18:04:58.426,2025-07-01 18:04:58.421371,6.67982292175293,-3.3949780464172363,6.53377628326416,0.07330382615327835,-0.0403171069920063,-0.036651913076639175,2025-07-01 18:04:58.397,1751373298397,-7972,-2828,2203,-308,-695,973
567,2025-07-01 18:04:58.826,2025-07-01 18:04:58.720894,7.003039836883545,-2.87064790725708,6.076483726501465,-0.036651913076639175,0.02687807008624077,-0.03787364438176155,2025-07-01 18:04:58.743,1751373298743,-7632,-1862,3344,-374,-703,921
568,2025-07-01 18:04:58.928,2025-07-01 18:04:58.820863,6.6846113204956055,-3.308786630630493,6.57926607131958,0.07208210229873657,0.06841690838336945,0.07208210229873657,2025-07-01 18:04:58.846,1751373298846,-7588,-1846,3228,-175,-598,410
569,2025-07-01 18:04:59.027,2025-07-01 18:04:59.020424,10.78587818145752,-13.500903129577637,4.819528102874756,-1.95965576171875,1.5308283567428589,1.6102408170700073,2025-07-01 18:04:59.026,1751373299026,-7662,-1631,3221,128,304,-287
570,2025-07-01 18:04:59.127,2025-07-01 18:04:59.121179,3.184288263320923,-9.849745750427246,8.401253700256348,-1.674992561340332,2.3823745250701904,5.077511787414551,2025-07-01 18:04:59.104,1751373299104,-7981,-1627,3206,-62,-118,-305
571,2025-07-01 18:04:59.226,2025-07-01 18:04:59.221083,-1.886630892753601,-7.424419403076172,3.4596214294433594,-1.6139060258865356,0.7525860071182251,6.004805564880371,2025-07-01 18:04:59.191,1751373299191,-7658,-1504,3424,-23,202,-160
572,2025-07-01 18:04:59.329,2025-07-01 18:04:59.321559,-4.999093055725098,-2.8227639198303223,0.8164227604866028,-2.5778512954711914,-1.3280210494995117,4.921130180358887,2025-07-01 18:04:59.285,1751373299285,-7991,-1490,3352,512,654,-821
573,2025-07-01 18:04:59.626,2025-07-01 18:04:59.522801,-6.251260757446289,-1.8986018896102905,4.230554580688477,-1.2229522466659546,-0.8100073337554932,1.0775662660598755,2025-07-01 18:04:59.560,1751373299560,-7744,-1915,2755,-214,886,-1364
574,2025-07-01 18:04:59.726,2025-07-01 18:04:59.620968,-7.4770917892456055,-1.5155296325683594,4.55616569519043,-0.18570303916931152,-0.18325957655906677,0.3335324227809906,2025-07-01 18:04:59.654,1751373299654,-7957,-2299,2251,-796,2310,-1942
575,2025-07-01 18:04:59.827,2025-07-01 18:04:59.821127,-8.135497093200684,-1.7549498081207275,4.173093795776367,0.06841690838336945,-0.02687807008624077,0.10018189996480942,2025-07-01 18:04:59.826,1751373299826,-7638,-3177,1963,-618,642,-1878
576,2025-07-01 18:04:59.926,2025-07-01 18:04:59.920927,-8.348581314086914,-1.4748282432556152,4.7189717292785645,0.46792277693748474,-0.08674286305904388,0.10751228034496307,2025-07-01 18:04:59.922,1751373299922,-7598,-3408,2184,318,911,-1721
577,2025-07-01 18:05:00.026,2025-07-01 18:05:00.020469,-8.81784439086914,-0.3734954595565796,4.031835556030273,0.5485569834709167,0.02687807008624077,0.06719517707824707,2025-07-01 18:05:00.020,1751373300020,-7285,-3877,1747,2060,2403,-2099
578,2025-07-01 18:05:00.126,2025-07-01 18:05:00.120253,-8.712499618530273,0.9193734526634216,3.6367924213409424,0.6499606370925903,-0.28466320037841797,0.3090978264808655,2025-07-01 18:05:00.100,1751373300100,-7075,-4355,1008,2557,2981,-1682
579,2025-07-01 18:05:00.226,2025-07-01 18:05:00.221419,-7.405265808105469,0.47405192255973816,6.028599739074707,-0.5644394755363464,-0.14049901068210602,0.30054569244384766,2025-07-01 18:05:00.191,1751373300191,-7704,-4333,463,1411,1898,-1595
580,2025-07-01 18:05:00.640,2025-07-01 18:05:00.521011,-7.534552574157715,0.4884171485900879,5.552153587341309,-0.10384709388017654,-0.06719517707824707,0.009773843921720982,2025-07-01 18:05:00.541,1751373300541,-7490,-4401,1137,-832,-1127,-302
581,2025-07-01 18:05:00.738,2025-07-01 18:05:00.721162,-5.274426460266113,0.009576806798577309,7.173028469085693,0.14294247329235077,0.19547687470912933,-1.389107584953308,2025-07-01 18:05:00.738,1751373300738,-6888,-4236,1560,-843,-1461,543
582,2025-07-01 18:05:00.837,2025-07-01 18:05:00.820974,-1.2449848651885986,3.5434184074401855,2.784456491470337,0.8527678847312927,1.8558086156845093,-5.501452445983887,2025-07-01 18:05:00.824,1751373300824,-6812,-4670,1666,-1031,-1444,198
583,2025-07-01 18:05:00.930,2025-07-01 18:05:00.920817,1.7573440074920654,-10.295066833496094,-0.28730419278144836,-1.2583824396133423,2.205223560333252,-8.164824485778809,2025-07-01 18:05:00.907,1751373300907,-7039,-4439,1972,276,-1051,139
584,2025-07-01 18:05:01.026,2025-07-01 18:05:01.020584,6.179434776306152,-19.364303588867188,2.5737667083740234,0.13927727937698364,-0.39217549562454224,-5.838650226593018,2025-07-01 18:05:01.006,1751373301006,-7210,-4220,2014,-301,-814,-126
585,2025-07-01 18:05:01.128,2025-07-01 18:05:01.121155,5.3582234382629395,-15.55512809753418,5.858611583709717,0.7391469478607178,-0.2822197377681732,-2.305405378341675,2025-07-01 18:05:01.095,1751373301095,-7362,-3786,2321,-768,-2391,-418
586,2025-07-01 18:05:01.526,2025-07-01 18:05:01.421597,5.351040840148926,-4.285621166229248,3.509899616241455,-0.1869247704744339,-0.1514945775270462,-0.10873401165008545,2025-07-01 18:05:01.456,1751373301456,-7227,-4310,2523,1006,2786,221
587,2025-07-01 18:05:01.726,2025-07-01 18:05:01.720830,9.512163162231445,-4.575319290161133,5.329493045806885,-0.18325957655906677,-0.24556782841682434,-0.3677408695220947,2025-07-01 18:05:01.718,1751373301718,-7414,-3526,2490,-1804,-4705,2111
588,2025-07-01 18:05:01.829,2025-07-01 18:05:01.820892,8.434772491455078,-7.714118003845215,1.115697979927063,-0.21013765037059784,-0.16493362188339233,-0.2590068578720093,2025-07-01 18:05:01.818,1751373301818,-6680,-3646,3628,1559,1258,2512
589,2025-07-01 18:05:02.027,2025-07-01 18:05:02.021571,8.094796180725098,-5.30076265335083,1.6400281190872192,0.4080579876899719,-0.21991148591041565,-0.14538592100143433,2025-07-01 18:05:01.999,1751373301999,-8261,-3091,3057,276,342,-658
590,2025-07-01 18:05:02.135,2025-07-01 18:05:02.121646,8.470685958862305,-6.507440090179443,1.6543933153152466,-0.5693264007568359,-0.00733038317412138,0.05009094998240471,2025-07-01 18:05:02.082,1751373302082,-7123,-3470,2960,69,-2212,4488
591,2025-07-01 18:05:02.527,2025-07-01 18:05:02.421173,8.006210327148438,-5.975927352905273,1.8148049116134644,0.05864306539297104,0.05742133408784866,-0.05742133408784866,2025-07-01 18:05:02.436,1751373302436,-7377,-1952,3366,255,-53,-987
592,2025-07-01 18:05:02.630,2025-07-01 18:05:02.622435,8.303091049194336,-5.307945251464844,1.7405846118927002,-0.009773843921720982,0.025656340643763542,-0.05619960278272629,2025-07-01 18:05:02.615,1751373302615,-7767,-2276,3387,816,648,-1033
593,2025-07-01 18:05:02.730,2025-07-01 18:05:02.720272,8.090007781982422,-5.250484466552734,1.742978811264038,-0.09896016865968704,0.00733038317412138,0.13316862285137177,2025-07-01 18:05:02.715,1751373302715,-7792,-2679,3200,698,1428,-802
594,2025-07-01 18:05:02.829,2025-07-01 18:05:02.820851,8.094796180725098,-5.875370979309082,1.8171991109848022,-0.05375614017248154,-0.03298672288656235,0.09529497474431992,2025-07-01 18:05:02.800,1751373302800,-7599,-2473,3164,-41,-108,-898
595,2025-07-01 18:05:02.930,2025-07-01 18:05:02.820851,8.094796180725098,-5.875370979309082,1.8171991109848022,-0.05375614017248154,-0.03298672288656235,0.09529497474431992,2025-07-01 18:05:02.800,1751373302800,-7599,-2473,3164,-41,-108,-898
596,2025-07-01 18:05:03.326,2025-07-01 18:05:03.220970,8.142680168151855,-5.374982833862305,1.6376339197158813,0.07819075137376785,0.02076941914856434,-0.09529497474431992,2025-07-01 18:05:03.249,1751373303249,-7534,-3481,2463,1951,509,-277
597,2025-07-01 18:05:03.426,2025-07-01 18:05:03.422131,7.805097579956055,-5.894524574279785,2.0853497982025146,-0.04764748737215996,0.025656340643763542,0.021991148591041565,2025-07-01 18:05:03.425,1751373303425,-7350,-2789,2769,400,-729,-119
598,2025-07-01 18:05:03.526,2025-07-01 18:05:03.520463,7.960720539093018,-6.325480937957764,1.5729905366897583,-0.19792033731937408,0.11484266817569733,0.1258382350206375,2025-07-01 18:05:03.515,1751373303515,-7466,-3150,2998,469,-200,-374
599,2025-07-01 18:05:03.626,2025-07-01 18:05:03.620353,7.929595947265625,-6.026205539703369,1.7812861204147339,0.05253441259264946,0.08185594528913498,0.05253441259264946,2025-07-01 18:05:03.623,1751373303623,-7446,-3135,3423,-114,-263,-576
600,2025-07-01 18:05:03.727,2025-07-01 18:05:03.720352,7.841010570526123,-5.935225963592529,1.8914192914962769,0.08185594528913498,0.02687807008624077,-0.02076941914856434,2025-07-01 18:05:03.693,1751373303693,-7354,-3101,3031,-497,574,-115
601,2025-07-01 18:05:03.827,2025-07-01 18:05:03.820625,7.881711959838867,-5.954379558563232,1.965639591217041,0.0012217304902151227,-0.01466076634824276,-0.00366519158706069,2025-07-01 18:05:03.795,1751373303795,-7714,-3079,2972,-1140,318,103
602,2025-07-01 18:05:04.126,2025-07-01 18:05:04.020996,7.915230751037598,-5.760449409484863,1.8291701078414917,0.0354301854968071,-0.019547687843441963,-0.025656340643763542,2025-07-01 18:05:04.052,1751373304052,-7536,-3033,2714,-1231,381,-649
603,2025-07-01 18:05:04.226,2025-07-01 18:05:04.124015,7.915230751037598,-5.760449409484863,1.8291701078414917,0.0354301854968071,-0.019547687843441963,-0.025656340643763542,2025-07-01 18:05:04.156,1751373304156,-7948,-3709,1492,-2523,779,-94
604,2025-07-01 18:05:04.327,2025-07-01 18:05:04.221497,7.812280178070068,-6.110002517700195,1.900996208190918,-0.02687807008624077,0.0354301854968071,0.04764748737215996,2025-07-01 18:05:04.238,1751373304238,-7351,-3541,1433,-1915,171,326
605,2025-07-01 18:05:04.426,2025-07-01 18:05:04.422227,7.714118003845215,-5.963956356048584,1.845929503440857,0.012217304669320583,0.030543262138962746,0.006108652334660292,2025-07-01 18:05:04.415,1751373304415,-7793,-3705,1340,-1286,-16,-301
606,2025-07-01 18:05:04.526,2025-07-01 18:05:04.521138,7.881711959838867,-5.796362400054932,1.800439715385437,-0.04398229718208313,0.009773843921720982,-0.0354301854968071,2025-07-01 18:05:04.511,1751373304511,-7696,-3491,1280,-1023,-70,84
607,2025-07-01 18:05:04.626,2025-07-01 18:05:04.621791,7.7883381843566895,-6.088454723358154,1.98958158493042,0.07330382615327835,-0.030543262138962746,-0.11362093687057495,2025-07-01 18:05:04.593,1751373304593,-7360,-3841,1316,-1310,-102,-45
608,2025-07-01 18:05:04.726,2025-07-01 18:05:04.722160,7.9415669441223145,-5.781997203826904,1.9704279899597168,0.06841690838336945,-0.01466076634824276,-0.07941248267889023,2025-07-01 18:05:04.692,1751373304692,-7125,-3828,1331,-985,-118,160
609,2025-07-01 18:05:05.028,2025-07-01 18:05:04.922405,7.8529815673828125,-6.112396717071533,2.1475989818573,0.012217304669320583,-0.0806342139840126,-0.0354301854968071,2025-07-01 18:05:04.952,1751373304952,-7878,-3039,942,-525,37,1090
610,2025-07-01 18:05:05.126,2025-07-01 18:05:05.022894,7.948749542236328,-5.861005783081055,1.987187385559082,-0.010995574295520782,-0.039095375686883926,-0.06475171446800232,2025-07-01 18:05:05.044,1751373305044,-7848,-2710,1308,-197,-355,255
611,2025-07-01 18:05:05.226,2025-07-01 18:05:05.221782,8.185775756835938,-5.688623428344727,1.9728221893310547,0.024434609338641167,0.0024434609804302454,-0.04886921867728233,2025-07-01 18:05:05.221,1751373305221,-7837,-2765,996,-21,-337,-68
612,2025-07-01 18:05:05.431,2025-07-01 18:05:05.422468,8.094796180725098,-5.494692802429199,1.7405846118927002,0.10384709388017654,-0.09285151958465576,-0.03176499158143997,2025-07-01 18:05:05.399,1751373305399,-8005,-2813,983,302,-313,78
613,2025-07-01 18:05:05.626,2025-07-01 18:05:05.623562,8.090007781982422,-5.461174011230469,1.7573440074920654,0.036651913076639175,0.018325956538319588,0.028099801391363144,2025-07-01 18:05:05.589,1751373305589,-7957,-2989,1345,138,98,-504
614,2025-07-01 18:05:05.726,2025-07-01 18:05:05.623562,8.090007781982422,-5.461174011230469,1.7573440074920654,0.036651913076639175,0.018325956538319588,0.028099801391363144,2025-07-01 18:05:05.589,1751373305589,-7957,-2989,1345,138,98,-504
615,2025-07-01 18:05:05.936,2025-07-01 18:05:05.822131,8.26239013671875,-5.2049946784973145,1.7956513166427612,0.10262536257505417,0.009773843921720982,0.00733038317412138,2025-07-01 18:05:05.857,1751373305857,-7626,-3059,1355,201,102,-653
616,2025-07-01 18:05:06.037,2025-07-01 18:05:05.922582,8.106766700744629,-5.738901615142822,1.8555063009262085,-0.00855211354792118,-0.03298672288656235,0.05864306539297104,2025-07-01 18:05:05.962,1751373305962,-7600,-3315,1012,-373,-350,-864
617,2025-07-01 18:05:06.137,2025-07-01 18:05:06.122110,8.259995460510254,-5.8873419761657715,1.8507179021835327,0.14294247329235077,-0.0012217304902151227,-0.11239920556545258,2025-07-01 18:05:06.126,1751373306126,-7523,-4059,1142,-282,-97,120
618,2025-07-01 18:05:06.233,2025-07-01 18:05:06.222192,8.38688850402832,-5.65031623840332,1.8291701078414917,-0.09162978827953339,0.09773843735456467,-0.01466076634824276,2025-07-01 18:05:06.218,1751373306218,-7711,-3957,927,-277,-115,-40
619,2025-07-01 18:05:06.332,2025-07-01 18:05:06.325071,8.2312650680542,-5.51624059677124,2.123656988143921,-0.16493362188339233,0.09040805697441101,0.04642575979232788,2025-07-01 18:05:06.322,1751373306322,-7786,-3241,1176,628,307,520
620,2025-07-01 18:05:06.427,2025-07-01 18:05:06.423495,8.238448143005371,-5.372588634490967,1.845929503440857,-0.16493362188339233,0.09040805697441101,0.04642575979232788,2025-07-01 18:05:06.404,1751373306404,-7560,-3630,1301,-629,-121,517
621,2025-07-01 18:05:06.529,2025-07-01 18:05:06.521811,8.058882713317871,-5.6910176277160645,1.8770540952682495,-0.02687807008624077,-0.00733038317412138,0.10384709388017654,2025-07-01 18:05:06.487,1751373306487,-7653,-3242,1112,51,21,-24
622,2025-07-01 18:05:06.631,2025-07-01 18:05:06.622741,8.054094314575195,-5.78678560256958,1.9776105880737305,-0.12950342893600464,0.02076941914856434,0.07696902006864548,2025-07-01 18:05:06.588,1751373306588,-7574,-3362,1364,401,-12,177
623,2025-07-01 18:05:06.930,2025-07-01 18:05:06.823323,7.999027729034424,-5.719748020172119,1.659181833267212,-0.013439035043120384,0.0024434609804302454,0.06352998316287994,2025-07-01 18:05:06.852,1751373306852,-8228,-2735,1387,1541,-1933,-2481
624,2025-07-01 18:05:07.137,2025-07-01 18:05:07.121775,7.692570209503174,-6.033388137817383,1.6855180263519287,0.00855211354792118,0.00855211354792118,0.045204028487205505,2025-07-01 18:05:07.119,1751373307119,-8330,-2771,2407,292,-1498,-4007
625,2025-07-01 18:05:07.229,2025-07-01 18:05:07.222586,7.630321025848389,-6.528987884521484,1.6855180263519287,-0.028099801391363144,-0.006108652334660292,0.04153883829712868,2025-07-01 18:05:07.220,1751373307220,-6998,-4087,2923,348,-404,-1081
626,2025-07-01 18:05:07.327,2025-07-01 18:05:07.322826,7.8529815673828125,-6.009446144104004,1.5394717454910278,-0.015882495790719986,-0.04764748737215996,-0.0024434609804302454,2025-07-01 18:05:07.301,1751373307301,-6530,-4081,2769,-123,127,285
627,2025-07-01 18:05:07.426,2025-07-01 18:05:07.422850,7.936778545379639,-5.829881191253662,1.5275006294250488,0.02076941914856434,-0.036651913076639175,0.021991148591041565,2025-07-01 18:05:07.384,1751373307384,-6588,-4356,2929,534,695,1728
628,2025-07-01 18:05:07.826,2025-07-01 18:05:07.724892,7.723694801330566,-6.457161903381348,1.6065093278884888,-0.04886921867728233,0.03787364438176155,0.0708603709936142,2025-07-01 18:05:07.741,1751373307741,-7245,-4151,2437,167,375,287
629,2025-07-01 18:05:08.026,2025-07-01 18:05:08.022994,7.1706342697143555,-6.581660270690918,1.723825216293335,-0.018325956538319588,0.08429940044879913,0.2015855312347412,2025-07-01 18:05:08.013,1751373308013,-7339,-3691,2407,-510,-189,-1177
630,2025-07-01 18:05:08.131,2025-07-01 18:05:08.122976,7.352593421936035,-6.672640323638916,1.9105730056762695,-0.004886921960860491,0.01466076634824276,-0.0659734457731247,2025-07-01 18:05:08.109,1751373308109,-7109,-3946,2442,-173,-287,-233
631,2025-07-01 18:05:08.226,2025-07-01 18:05:08.222811,7.63989782333374,-6.074089527130127,1.659181833267212,0.08674286305904388,-0.02321287989616394,-0.06719517707824707,2025-07-01 18:05:08.200,1751373308200,-7218,-3750,2587,-372,504,1981
632,2025-07-01 18:05:08.327,2025-07-01 18:05:08.323989,7.733271598815918,-6.339846134185791,1.644816517829895,0.1966986060142517,-0.02076941914856434,0.009773843921720982,2025-07-01 18:05:08.284,1751373308284,-6870,-3994,2563,-780,178,1526
633,2025-07-01 18:05:08.426,2025-07-01 18:05:08.421446,7.304709434509277,-6.344634532928467,2.205059766769409,-0.2626720666885376,0.23457226157188416,-0.16249015927314758,2025-07-01 18:05:08.381,1751373308381,-7225,-4040,2412,-548,-332,-393
634,2025-07-01 18:05:08.628,2025-07-01 18:05:08.522097,7.762001991271973,-5.894524574279785,1.7310078144073486,0.10506882518529892,-0.02932153269648552,-0.04886921867728233,2025-07-01 18:05:08.560,1751373308560,-7533,-3912,2179,266,-94,5
635,2025-07-01 18:05:08.728,2025-07-01 18:05:08.624609,7.682993412017822,-6.054935932159424,2.049436569213867,-0.0354301854968071,-0.010995574295520782,-0.0403171069920063,2025-07-01 18:05:08.647,1751373308647,-7469,-3578,2248,581,218,635
636,2025-07-01 18:05:08.928,2025-07-01 18:05:08.928209,7.94635534286499,-6.133944988250732,1.5921441316604614,0.17592918872833252,-0.06719517707824707,-0.09162978827953339,2025-07-01 18:05:08.915,1751373308915,-7590,-3269,1946,-57,337,279
637,2025-07-01 18:05:09.026,2025-07-01 18:05:09.020865,7.94635534286499,-6.133944988250732,1.5921441316604614,0.17592918872833252,-0.06719517707824707,-0.09162978827953339,2025-07-01 18:05:09.009,1751373309009,-7526,-3642,2044,-29,261,278
638,2025-07-01 18:05:09.126,2025-07-01 18:05:09.121259,8.006210327148438,-5.544970989227295,1.4987702369689941,0.1014036312699318,-0.024434609338641167,-0.06352998316287994,2025-07-01 18:05:09.095,1751373309095,-7379,-3257,2011,-4,341,-93
639,2025-07-01 18:05:09.227,2025-07-01 18:05:09.222174,7.850587368011475,-5.916072368621826,1.7549498081207275,0.030543262138962746,-0.0012217304902151227,-0.05375614017248154,2025-07-01 18:05:09.188,1751373309188,-7562,-3423,1973,90,-40,42
640,2025-07-01 18:05:09.429,2025-07-01 18:05:09.322487,7.903259754180908,-5.961562156677246,1.900996208190918,-0.08674286305904388,-0.015882495790719986,-0.009773843921720982,2025-07-01 18:05:09.362,1751373309362,-7339,-3257,1979,98,49,108
641,2025-07-01 18:05:09.528,2025-07-01 18:05:09.421823,7.903259754180908,-5.961562156677246,1.900996208190918,-0.08674286305904388,-0.015882495790719986,-0.009773843921720982,2025-07-01 18:05:09.457,1751373309457,-7705,-3238,2001,-345,45,21
642,2025-07-01 18:05:09.626,2025-07-01 18:05:09.520734,7.936778545379639,-5.918466567993164,1.7693150043487549,0.02687807008624077,-0.03420845419168472,-0.06841690838336945,2025-07-01 18:05:09.541,1751373309541,-7717,-3249,2002,-334,45,-278
643,2025-07-01 18:05:09.726,2025-07-01 18:05:09.621271,7.9846625328063965,-5.671864032745361,1.580173134803772,0.02076941914856434,-0.010995574295520782,-0.036651913076639175,2025-07-01 18:05:09.641,1751373309641,-7357,-3585,2040,-306,21,-376
644,2025-07-01 18:05:09.828,2025-07-01 18:05:09.832362,7.977479934692383,-5.961562156677246,1.6879122257232666,-0.06475171446800232,0.0,-0.009773843921720982,2025-07-01 18:05:09.812,1751373309812,-7713,-3295,2025,37,-89,-261
645,2025-07-01 18:05:09.926,2025-07-01 18:05:09.921755,8.027758598327637,-5.884947776794434,1.6687586307525635,-0.042760565876960754,0.004886921960860491,-0.02076941914856434,2025-07-01 18:05:09.907,1751373309907,-7387,-3617,2006,-349,61,-226
646,2025-07-01 18:05:10.026,2025-07-01 18:05:10.021181,7.955932140350342,-5.631162166595459,1.5873557329177856,-0.009773843921720982,0.004886921960860491,0.0354301854968071,2025-07-01 18:05:09.996,1751373309996,-7525,-3459,2032,-292,-104,-356
647,2025-07-01 18:05:10.126,2025-07-01 18:05:10.121185,8.02536392211914,-5.861005783081055,1.623268723487854,-0.019547687843441963,0.0024434609804302454,0.018325956538319588,2025-07-01 18:05:10.104,1751373310104,-7309,-3476,1967,46,167,-331
648,2025-07-01 18:05:10.326,2025-07-01 18:05:10.221575,7.989450931549072,-5.78678560256958,1.5658079385757446,-0.02687807008624077,-0.0024434609804302454,0.00855211354792118,2025-07-01 18:05:10.262,1751373310262,-7684,-3484,2121,-131,-116,-250
649,2025-07-01 18:05:10.526,2025-07-01 18:05:10.421213,7.908048152923584,-6.081272125244141,1.3862427473068237,-0.20525072515010834,-0.018325956538319588,0.0,2025-07-01 18:05:10.451,1751373310451,-7446,-3917,1956,-260,-34,-60
650,2025-07-01 18:05:10.627,2025-07-01 18:05:10.621089,7.955932140350342,-6.050147533416748,1.1204863786697388,-0.1869247704744339,-0.015882495790719986,-0.03298672288656235,2025-07-01 18:05:10.623,1751373310623,-7320,-3715,2118,-283,-82,-169
651,2025-07-01 18:05:10.726,2025-07-01 18:05:10.720922,7.970297336578369,-6.090848922729492,1.0462661981582642,-0.0403171069920063,-0.019547687843441963,-0.039095375686883926,2025-07-01 18:05:10.710,1751373310710,-7552,-3723,2091,49,-124,-243
652,2025-07-01 18:05:10.826,2025-07-01 18:05:10.823904,8.063671112060547,-5.95677375793457,0.9576807022094727,-0.0708603709936142,-0.012217304669320583,-0.03787364438176155,2025-07-01 18:05:10.809,1751373310809,-7471,-3891,2109,-76,-98,61
653,2025-07-01 18:05:10.926,2025-07-01 18:05:10.921181,8.044517517089844,-5.805939197540283,0.9840168952941895,-0.0012217304902151227,-0.012217304669320583,-0.00855211354792118,2025-07-01 18:05:10.892,1751373310892,-7468,-3886,2116,281,310,72
654,2025-07-01 18:05:11.026,2025-07-01 18:05:11.021219,8.04930591583252,-5.954379558563232,0.9313444495201111,0.04642575979232788,-0.006108652334660292,-0.006108652334660292,2025-07-01 18:05:10.992,1751373310992,-7402,-4218,2092,771,-89,-53
655,2025-07-01 18:05:11.334,2025-07-01 18:05:11.221165,8.051700592041016,-5.808333396911621,1.0319008827209473,0.0024434609804302454,-0.00733038317412138,-0.030543262138962746,2025-07-01 18:05:11.262,1751373311262,-7143,-3735,1992,1215,519,-1405
656,2025-07-01 18:05:11.437,2025-07-01 18:05:11.321239,8.001421928405762,-5.851428985595703,0.9792284965515137,0.021991148591041565,-0.004886921960860491,0.00855211354792118,2025-07-01 18:05:11.357,1751373311357,-7254,-4057,2005,1057,275,-1047
657,2025-07-01 18:05:11.543,2025-07-01 18:05:11.521697,8.063671112060547,-5.971138954162598,0.9864110946655273,0.021991148591041565,-0.0012217304902151227,0.0024434609804302454,2025-07-01 18:05:11.522,1751373311522,-6826,-4218,2463,-107,-608,-1705
658,2025-07-01 18:05:11.637,2025-07-01 18:05:11.620912,8.032546997070312,-5.916072368621826,0.9672574996948242,0.05253441259264946,-0.0012217304902151227,-0.04886921867728233,2025-07-01 18:05:11.613,1751373311613,-6797,-4445,2818,41,-520,-2464
659,2025-07-01 18:05:11.736,2025-07-01 18:05:11.721669,8.188169479370117,-5.738901615142822,1.01753568649292,0.010995574295520782,0.00855211354792118,-0.02932153269648552,2025-07-01 18:05:11.712,1751373311712,-6290,-5139,3125,16,-141,365
660,2025-07-01 18:05:11.833,2025-07-01 18:05:11.820976,8.13789176940918,-5.834669589996338,1.0462661981582642,0.03420845419168472,0.00733038317412138,0.024434609338641167,2025-07-01 18:05:11.798,1751373311798,-6422,-5168,2724,29,435,1562
661,2025-07-01 18:05:11.938,2025-07-01 18:05:11.921301,8.133103370666504,-5.688623428344727,1.0462661981582642,0.05742133408784866,0.010995574295520782,-0.00366519158706069,2025-07-01 18:05:11.887,1751373311887,-6288,-4905,2487,-629,544,1401
662,2025-07-01 18:05:12.032,2025-07-01 18:05:12.021171,7.845798969268799,-5.966350555419922,1.158793568611145,-0.10262536257505417,0.05742133408784866,-0.010995574295520782,2025-07-01 18:05:11.981,1751373311981,-7121,-4080,2413,-1545,-680,-276
663,2025-07-01 18:05:12.328,2025-07-01 18:05:12.221344,7.975085735321045,-5.789179801940918,1.0342950820922852,-0.09407325088977814,0.0403171069920063,0.16004669666290283,2025-07-01 18:05:12.251,1751373312251,-7089,-3740,2058,-878,-8,521
664,2025-07-01 18:05:12.430,2025-07-01 18:05:12.421263,8.111555099487305,-5.880159378051758,0.8475474119186401,-0.028099801391363144,0.05375614017248154,0.1771509200334549,2025-07-01 18:05:12.422,1751373312422,-7936,-3276,1837,-3937,-1252,1231
665,2025-07-01 18:05:12.529,2025-07-01 18:05:12.521074,7.943961143493652,-6.320692539215088,1.0342950820922852,0.045204028487205505,0.059864792972803116,0.13927727937698364,2025-07-01 18:05:12.516,1751373312516,-6554,-4482,2089,-3498,-1359,2956
666,2025-07-01 18:05:12.629,2025-07-01 18:05:12.620776,7.5968017578125,-6.619967937469482,1.161187767982483,-0.0012217304902151227,0.06352998316287994,-0.03420845419168472,2025-07-01 18:05:12.621,1751373312621,-8033,-2955,1483,-1144,-288,-9
667,2025-07-01 18:05:12.732,2025-07-01 18:05:12.721218,7.905653953552246,-6.404489517211914,1.2617442607879639,0.006108652334660292,0.0354301854968071,-0.12339477986097336,2025-07-01 18:05:12.705,1751373312705,-8084,-3191,1812,-1396,-636,-569
668,2025-07-01 18:05:12.827,2025-07-01 18:05:12.821262,7.771578788757324,-6.1315507888793945,1.158793568611145,0.05619960278272629,0.0659734457731247,-0.16859880089759827,2025-07-01 18:05:12.800,1751373312800,-7522,-3701,1889,-883,-428,-368
669,2025-07-01 18:05:13.130,2025-07-01 18:05:13.021233,7.848193168640137,-6.13633918762207,1.280897855758667,-0.010995574295520782,0.006108652334660292,-0.1319468915462494,2025-07-01 18:05:13.058,1751373313058,-7937,-3202,1413,-202,-64,-12
670,2025-07-01 18:05:13.229,2025-07-01 18:05:13.121265,8.257601737976074,-5.47075080871582,1.0534487962722778,-0.05375614017248154,0.00855211354792118,-0.07208210229873657,2025-07-01 18:05:13.151,1751373313151,-7566,-3379,1456,-163,-329,-41
671,2025-07-01 18:05:13.326,2025-07-01 18:05:13.221134,7.795520782470703,-6.325480937957764,1.3838485479354858,-0.13439035415649414,0.04764748737215996,0.0012217304902151227,2025-07-01 18:05:13.235,1751373313235,-7360,-3292,1859,-348,-348,285
672,2025-07-01 18:05:13.430,2025-07-01 18:05:13.421218,8.037335395812988,-5.805939197540283,1.0271124839782715,-0.05375614017248154,0.02321287989616394,-0.012217304669320583,2025-07-01 18:05:13.414,1751373313414,-7938,-3371,1896,550,307,-604
673,2025-07-01 18:05:13.532,2025-07-01 18:05:13.520657,8.030152320861816,-5.8657941818237305,1.1348515748977661,-0.028099801391363144,-0.02687807008624077,0.11972958594560623,2025-07-01 18:05:13.507,1751373313507,-7673,-2973,1585,4644,2913,-459
674,2025-07-01 18:05:13.626,2025-07-01 18:05:13.621191,7.9846625328063965,-6.433219909667969,1.1779472827911377,-0.0403171069920063,-0.02321287989616394,0.0012217304902151227,2025-07-01 18:05:13.598,1751373313598,-7653,-3131,1586,3288,1740,-147
675,2025-07-01 18:05:13.728,2025-07-01 18:05:13.721200,7.989450931549072,-5.880159378051758,0.9864110946655273,0.010995574295520782,-0.0012217304902151227,-0.05375614017248154,2025-07-01 18:05:13.693,1751373313693,-7558,-3050,1276,1829,687,-379
676,2025-07-01 18:05:14.226,2025-07-01 18:05:14.221125,8.14028549194336,-5.7556610107421875,1.1348515748977661,0.03420845419168472,-0.051312681287527084,0.013439035043120384,2025-07-01 18:05:14.224,1751373314224,-7557,-3302,1608,-3,-7,-342
677,2025-07-01 18:05:14.329,2025-07-01 18:05:14.321223,8.010998725891113,-5.880159378051758,1.0654197931289673,-0.00855211354792118,-0.042760565876960754,0.04642575979232788,2025-07-01 18:05:14.314,1751373314314,-7631,-3237,1604,286,101,-243
678,2025-07-01 18:05:14.427,2025-07-01 18:05:14.421026,8.006210327148438,-6.016628742218018,1.0989385843276978,0.03420845419168472,0.0012217304902151227,-0.0354301854968071,2025-07-01 18:05:14.423,1751373314423,-7789,-3251,1425,291,-124,-158
679,2025-07-01 18:05:14.526,2025-07-01 18:05:14.520959,7.987056732177734,-5.832275390625,1.094150185585022,0.019547687843441963,0.045204028487205505,-0.010995574295520782,2025-07-01 18:05:14.493,1751373314493,-7389,-3225,1452,555,362,-257
680,2025-07-01 18:05:14.626,2025-07-01 18:05:14.621200,7.979874134063721,-5.920860767364502,1.1013327836990356,0.0,0.05375614017248154,-0.009773843921720982,2025-07-01 18:05:14.592,1751373314592,-7777,-3230,1656,655,164,69
681,2025-07-01 18:05:14.827,2025-07-01 18:05:14.721253,8.010998725891113,-6.155492782592773,1.3048399686813354,-0.0354301854968071,0.013439035043120384,-0.0024434609804302454,2025-07-01 18:05:14.762,1751373314762,-7557,-3615,1887,1308,288,346
682,2025-07-01 18:05:14.926,2025-07-01 18:05:14.820836,8.030152320861816,-6.1052141189575195,1.1971008777618408,-0.09896016865968704,-0.012217304669320583,-0.019547687843441963,2025-07-01 18:05:14.860,1751373314860,-7772,-3268,1781,846,-392,-599
683,2025-07-01 18:05:15.029,2025-07-01 18:05:14.921549,8.17380428314209,-5.738901615142822,1.113303780555725,-0.030543262138962746,-0.02076941914856434,-0.00366519158706069,2025-07-01 18:05:14.947,1751373314947,-7364,-3227,1995,297,-1127,-423
684,2025-07-01 18:05:15.226,2025-07-01 18:05:15.221237,7.99184513092041,-6.145915985107422,1.01753568649292,-0.14294247329235077,-0.013439035043120384,-0.006108652334660292,2025-07-01 18:05:15.212,1751373315212,-7749,-3397,2002,-1464,-626,-247
685,2025-07-01 18:05:15.327,2025-07-01 18:05:15.320324,8.015787124633789,-6.102819919586182,1.05105459690094,-0.08674286305904388,-0.03420845419168472,0.01710422709584236,2025-07-01 18:05:15.304,1751373315304,-7538,-4000,2377,-2418,-760,-37
686,2025-07-01 18:05:15.426,2025-07-01 18:05:15.421524,7.910442352294922,-6.189011573791504,0.9241618514060974,0.0757472887635231,0.012217304669320583,0.08307767659425735,2025-07-01 18:05:15.392,1751373315392,-7127,-4198,1959,-995,-1044,-874
687,2025-07-01 18:05:15.828,2025-07-01 18:05:15.720921,7.781155586242676,-6.215347766876221,0.9600749015808105,-0.021991148591041565,0.02076941914856434,0.07452555745840073,2025-07-01 18:05:15.759,1751373315759,-7424,-4445,1891,253,-243,-1858
688,2025-07-01 18:05:15.926,2025-07-01 18:05:15.821227,7.817068576812744,-6.402095317840576,1.0582371950149536,0.004886921960860491,-0.0403171069920063,0.004886921960860491,2025-07-01 18:05:15.861,1751373315861,-6684,-4939,2144,1139,350,381
689,2025-07-01 18:05:16.028,2025-07-01 18:05:16.022045,7.8960771560668945,-6.246472358703613,1.113303780555725,0.08674286305904388,0.01710422709584236,-0.07696902006864548,2025-07-01 18:05:16.027,1751373316027,-6604,-4450,1797,168,276,1396
690,2025-07-01 18:05:16.228,2025-07-01 18:05:16.221067,8.128314971923828,-5.43723201751709,0.950498104095459,0.06963863968849182,-0.00733038317412138,-0.059864792972803116,2025-07-01 18:05:16.210,1751373316210,-7202,-3770,2012,119,569,226
691,2025-07-01 18:05:16.426,2025-07-01 18:05:16.421222,7.943961143493652,-5.846640586853027,1.2473790645599365,-0.00855211354792118,-0.02321287989616394,0.0012217304902151227,2025-07-01 18:05:16.392,1751373316392,-8037,-3545,1655,-7,-569,-613
692,2025-07-01 18:05:16.726,2025-07-01 18:05:16.621713,7.560888767242432,-6.801927089691162,1.5729905366897583,-0.31154128909111023,0.29077184200286865,0.2125810980796814,2025-07-01 18:05:16.655,1751373316655,-6868,-4005,1998,-259,605,-273
693,2025-07-01 18:05:16.833,2025-07-01 18:05:16.721272,7.692570209503174,-6.095637321472168,1.1348515748977661,0.11239920556545258,0.04642575979232788,0.0024434609804302454,2025-07-01 18:05:16.746,1751373316746,-7347,-4212,2329,-635,-811,-466
694,2025-07-01 18:05:16.926,2025-07-01 18:05:16.921074,7.592013359069824,-6.536170482635498,1.37906014919281,0.06963863968849182,-0.03298672288656235,0.09651670604944229,2025-07-01 18:05:16.926,1751373316926,-6874,-4433,2055,-175,-514,524
695,2025-07-01 18:05:17.237,2025-07-01 18:05:17.221297,8.015787124633789,-5.882553577423096,1.3407529592514038,-0.024434609338641167,-0.01710422709584236,-0.04764748737215996,2025-07-01 18:05:17.212,1751373317212,-8285,-3831,2020,-278,-2323,1936
696,2025-07-01 18:05:17.326,2025-07-01 18:05:17.320912,7.771578788757324,-6.172252178192139,1.37906014919281,0.06719517707824707,0.0012217304902151227,0.0012217304902151227,2025-07-01 18:05:17.289,1751373317289,-5630,-3673,3112,83,-1309,2598
697,2025-07-01 18:05:17.826,2025-07-01 18:05:17.821122,8.327033042907715,-6.289567947387695,1.4628572463989258,0.24434609711170197,-0.17470745742321014,-0.22479841113090515,2025-07-01 18:05:17.823,1751373317823,-7852,-3093,3023,105,414,138
698,2025-07-01 18:05:17.936,2025-07-01 18:05:17.921232,8.11634349822998,-5.504269599914551,1.4484920501708984,0.2028072625398636,0.05497787147760391,-0.18448130786418915,2025-07-01 18:05:17.910,1751373317910,-7932,-3109,3017,-300,211,-86
699,2025-07-01 18:05:18.034,2025-07-01 18:05:18.021272,8.334216117858887,-5.949591159820557,1.6065093278884888,0.05253441259264946,-0.14905111491680145,-0.04153883829712868,2025-07-01 18:05:18.011,1751373318011,-7290,-3453,3061,9,-257,-913
700,2025-07-01 18:05:18.126,2025-07-01 18:05:18.121283,8.027758598327637,-5.609614372253418,1.41257905960083,-0.006108652334660292,-0.051312681287527084,-0.1771509200334549,2025-07-01 18:05:18.099,1751373318099,-7991,-2896,2573,-815,933,312
701,2025-07-01 18:05:18.233,2025-07-01 18:05:18.221191,8.161833763122559,-5.449203014373779,1.4532804489135742,0.04398229718208313,-0.02687807008624077,-0.051312681287527084,2025-07-01 18:05:18.186,1751373318186,-8487,-2679,1948,-366,153,-522
702,2025-07-01 18:05:18.334,2025-07-01 18:05:18.321151,8.458714485168457,-5.717353820800781,1.482010841369629,-0.009773843921720982,-0.06475171446800232,0.14782938361167908,2025-07-01 18:05:18.284,1751373318284,-7775,-2996,2358,-178,-98,-534
703,2025-07-01 18:05:18.630,2025-07-01 18:05:18.521007,7.8098859786987305,-6.160281181335449,1.922544002532959,-0.1368338167667389,0.14049901068210602,0.23090706765651703,2025-07-01 18:05:18.547,1751373318547,-7673,-3390,2339,114,314,-668
704,2025-07-01 18:05:18.832,2025-07-01 18:05:18.821077,7.42681360244751,-6.710947513580322,1.623268723487854,-0.0354301854968071,-0.00733038317412138,0.012217304669320583,2025-07-01 18:05:18.814,1751373318814,-7629,-3277,1947,-252,-1,-416
705,2025-07-01 18:05:18.926,2025-07-01 18:05:18.921086,7.587224960327148,-6.09324312210083,1.3934253454208374,0.012217304669320583,-0.07208210229873657,-0.13561208546161652,2025-07-01 18:05:18.917,1751373318917,-7483,-3644,2155,-522,214,-10
706,2025-07-01 18:05:19.026,2025-07-01 18:05:19.021,7.757213592529297,-6.294356346130371,1.3670891523361206,0.021991148591041565,-0.22846360504627228,-0.015882495790719986,2025-07-01 18:05:18.992,1751373318992,-7293,-3852,1942,-507,204,1052
707,2025-07-01 18:05:19.427,2025-07-01 18:05:19.321276,7.814674377441406,-5.832275390625,1.1875240802764893,0.012217304669320583,-0.01710422709584236,0.07941248267889023,2025-07-01 18:05:19.362,1751373319362,-7105,-3545,1830,-254,-52,-268
708,2025-07-01 18:05:19.526,2025-07-01 18:05:19.421022,7.726089000701904,-6.426037311553955,1.3742717504501343,-0.004886921960860491,0.0024434609804302454,0.0,2025-07-01 18:05:19.447,1751373319447,-6932,-4044,1670,-454,317,1145
709,2025-07-01 18:05:19.626,2025-07-01 18:05:19.621068,7.647080421447754,-6.196194171905518,1.2449848651885986,-0.025656340643763542,0.02687807008624077,0.039095375686883926,2025-07-01 18:05:19.626,1751373319626,-8139,-2991,1797,-143,-290,-449
710,2025-07-01 18:05:19.827,2025-07-01 18:05:19.821274,7.826645374298096,-5.913678169250488,1.1061211824417114,0.05742133408784866,0.02932153269648552,0.021991148591041565,2025-07-01 18:05:19.810,1751373319810,-7295,-3704,1687,-53,347,215
711,2025-07-01 18:05:19.926,2025-07-01 18:05:19.921066,7.738059997558594,-6.090848922729492,1.335964560508728,0.01466076634824276,0.05375614017248154,0.07819075137376785,2025-07-01 18:05:19.900,1751373319900,-7899,-3025,1415,131,200,-100
712,2025-07-01 18:05:20.126,2025-07-01 18:05:20.121033,7.649474620819092,-6.402095317840576,1.414973258972168,0.004886921960860491,-0.006108652334660292,0.00733038317412138,2025-07-01 18:05:20.081,1751373320081,-7302,-3532,1793,427,47,-394
713,2025-07-01 18:05:20.326,2025-07-01 18:05:20.221487,7.790732383728027,-6.385335922241211,1.4772224426269531,-0.06841690838336945,0.021991148591041565,-0.08552113175392151,2025-07-01 18:05:20.258,1751373320258,-7615,-3425,1743,893,-67,603
714,2025-07-01 18:05:20.426,2025-07-01 18:05:20.320830,7.673416614532471,-6.291962146759033,1.338358759880066,0.09285151958465576,-0.025656340643763542,-0.11484266817569733,2025-07-01 18:05:20.342,1751373320342,-7621,-3348,2143,863,-326,-56
715,2025-07-01 18:05:20.526,2025-07-01 18:05:20.521153,7.888894557952881,-6.124367713928223,1.434126853942871,-0.012217304669320583,-0.028099801391363144,0.00366519158706069,2025-07-01 18:05:20.523,1751373320523,-7697,-2984,2366,1129,62,-692
716,2025-07-01 18:05:20.632,2025-07-01 18:05:20.621078,7.86734676361084,-6.191405773162842,1.3646949529647827,-0.028099801391363144,-0.02321287989616394,-0.1014036312699318,2025-07-01 18:05:20.613,1751373320613,-7388,-3270,2197,489,-154,-858
717,2025-07-01 18:05:20.726,2025-07-01 18:05:20.721308,7.996633529663086,-5.95677375793457,1.2737152576446533,-0.02687807008624077,0.013439035043120384,-0.05375614017248154,2025-07-01 18:05:20.713,1751373320713,-7542,-3711,2607,579,-596,-593
718,2025-07-01 18:05:20.926,2025-07-01 18:05:20.921268,7.979874134063721,-5.983109951019287,1.314416766166687,0.030543262138962746,0.00855211354792118,-0.02076941914856434,2025-07-01 18:05:20.907,1751373320907,-7137,-3861,2931,557,-612,-238
719,2025-07-01 18:05:21.227,2025-07-01 18:05:21.121220,7.680599212646484,-6.086060523986816,1.3239935636520386,-0.015882495790719986,0.06108652427792549,0.10018189996480942,2025-07-01 18:05:21.156,1751373321156,-7391,-3601,2841,236,162,47
720,2025-07-01 18:05:21.429,2025-07-01 18:05:21.321223,7.603984832763672,-6.256049156188965,1.3982137441635132,-0.07819075137376785,0.08918632566928864,0.11239920556545258,2025-07-01 18:05:21.341,1751373321341,-7343,-3320,2767,-334,-605,-761
721,2025-07-01 18:05:21.527,2025-07-01 18:05:21.520310,7.599195957183838,-6.5481414794921875,1.53707754611969,0.0708603709936142,0.03420845419168472,0.0012217304902151227,2025-07-01 18:05:21.526,1751373321526,-7244,-3859,3349,-595,-531,-591
722,2025-07-01 18:05:21.626,2025-07-01 18:05:21.621172,7.338228225708008,-6.184223175048828,1.678335428237915,-0.04642575979232788,0.08918632566928864,0.039095375686883926,2025-07-01 18:05:21.605,1751373321605,-7014,-3823,3078,-1036,45,-380
723,2025-07-01 18:05:21.726,2025-07-01 18:05:21.721044,7.280767440795898,-7.4100542068481445,1.8148049116134644,0.09651670604944229,-0.0403171069920063,-0.06230825558304787,2025-07-01 18:05:21.697,1751373321697,-7396,-3945,2689,-799,172,389
724,2025-07-01 18:05:21.833,2025-07-01 18:05:21.820982,7.862558364868164,-5.686229228973389,1.2976573705673218,0.1368338167667389,-0.045204028487205505,-0.11239920556545258,2025-07-01 18:05:21.792,1751373321792,-7383,-3744,2883,-149,21,269
725,2025-07-01 18:05:22.332,2025-07-01 18:05:22.321200,7.759607791900635,-6.521805286407471,1.659181833267212,-0.04886921867728233,-0.1014036312699318,-0.13561208546161652,2025-07-01 18:05:22.330,1751373322330,-8002,-2448,2940,2600,-100,-537
726,2025-07-01 18:05:22.439,2025-07-01 18:05:22.421059,8.149862289428711,-5.801150798797607,1.2425906658172607,0.05009094998240471,-0.13439035415649414,-0.20036379992961884,2025-07-01 18:05:22.422,1751373322422,-7693,-2304,3031,1529,1308,1065
727,2025-07-01 18:05:22.537,2025-07-01 18:05:22.521241,8.164227485656738,-6.052541732788086,1.1109095811843872,0.07208210229873657,-0.039095375686883926,-0.2871066629886627,2025-07-01 18:05:22.514,1751373322514,-7987,-2100,2976,13,-299,716
728,2025-07-01 18:05:22.632,2025-07-01 18:05:22.621079,8.377311706542969,-5.7987565994262695,1.3623007535934448,-0.0354301854968071,-0.07941248267889023,-0.2028072625398636,2025-07-01 18:05:22.614,1751373322614,-7406,-2030,3039,-325,254,390
729,2025-07-01 18:05:22.732,2025-07-01 18:05:22.721202,8.403648376464844,-4.692635536193848,0.7829039692878723,0.025656340643763542,-0.06352998316287994,-0.11239920556545258,2025-07-01 18:05:22.691,1751373322691,-7630,-1763,2730,268,1460,705
730,2025-07-01 18:05:23.134,2025-07-01 18:05:23.021064,8.413225173950195,-5.154716491699219,1.0271124839782715,-0.0403171069920063,0.04398229718208313,0.07452555745840073,2025-07-01 18:05:23.056,1751373323056,-8134,-1686,1769,-1021,182,-1158
731,2025-07-01 18:05:23.335,2025-07-01 18:05:23.321024,8.238448143005371,-5.655104637145996,1.1851298809051514,0.006108652334660292,0.05497787147760391,0.07452555745840073,2025-07-01 18:05:23.319,1751373323319,-7985,-2689,1720,-1932,-1143,-1548
732,2025-07-01 18:05:23.429,2025-07-01 18:05:23.421568,8.219294548034668,-5.916072368621826,1.2401964664459229,0.03787364438176155,0.0024434609804302454,0.004886921960860491,2025-07-01 18:05:23.414,1751373323414,-7966,-3067,1777,-1984,-657,-956
733,2025-07-01 18:05:23.534,2025-07-01 18:05:23.521260,8.236053466796875,-5.65031623840332,1.1061211824417114,0.09040805697441101,0.0,-0.09529497474431992,2025-07-01 18:05:23.513,1751373323513,-7298,-3476,2076,-1759,-730,-916
734,2025-07-01 18:05:23.631,2025-07-01 18:05:23.622161,8.226476669311523,-5.408501625061035,1.2282254695892334,0.012217304669320583,-0.04398229718208313,-0.04153883829712868,2025-07-01 18:05:23.584,1751373323584,-7268,-3883,2049,-1698,-864,-1034
735,2025-07-01 18:05:23.726,2025-07-01 18:05:23.721007,8.152256965637207,-5.559336185455322,1.2689268589019775,0.27488934993743896,-0.3176499307155609,-0.08429940044879913,2025-07-01 18:05:23.684,1751373323684,-7549,-4118,1787,-1924,-1082,-178
736,2025-07-01 18:05:24.126,2025-07-01 18:05:24.120918,8.382100105285645,-5.638344764709473,1.0247182846069336,-0.03298672288656235,0.00733038317412138,0.010995574295520782,2025-07-01 18:05:24.124,1751373324124,-7393,-3237,2149,657,188,950
737,2025-07-01 18:05:24.226,2025-07-01 18:05:24.220847,8.362946510314941,-5.348646640777588,0.912190854549408,-0.01710422709584236,0.024434609338641167,0.0024434609804302454,2025-07-01 18:05:24.214,1751373324214,-7302,-3249,2102,932,401,1549
738,2025-07-01 18:05:24.438,2025-07-01 18:05:24.421022,8.164227485656738,-5.655104637145996,1.1755530834197998,0.015882495790719986,0.05742133408784866,-0.004886921960860491,2025-07-01 18:05:24.405,1751373324405,-7354,-3548,1868,44,-117,-913
739,2025-07-01 18:05:24.528,2025-07-01 18:05:24.521257,8.429984092712402,-5.233725070953369,0.871489405632019,0.10384709388017654,-0.0354301854968071,0.01466076634824276,2025-07-01 18:05:24.485,1751373324485,-6889,-3730,1923,-230,-14,-1329
740,2025-07-01 18:05:25.126,2025-07-01 18:05:25.021304,8.374917984008789,-5.829881191253662,0.7637503147125244,0.02687807008624077,0.07452555745840073,0.04642575979232788,2025-07-01 18:05:25.040,1751373325040,-7785,-3055,1384,-1138,377,2589
741,2025-07-01 18:05:25.327,2025-07-01 18:05:25.321111,7.977479934692383,-3.8714241981506348,2.190694570541382,0.1160643994808197,0.1111774742603302,-0.3029891550540924,2025-07-01 18:05:25.307,1751373325307,-7906,-2556,917,-2099,116,3350
742,2025-07-01 18:05:25.426,2025-07-01 18:05:25.421513,8.336610794067383,-5.353435039520264,1.4652514457702637,-0.018325956538319588,-0.051312681287527084,0.019547687843441963,2025-07-01 18:05:25.412,1751373325412,-8133,-1340,1670,81,-514,1005
743,2025-07-01 18:05:25.727,2025-07-01 18:05:25.620763,8.101978302001953,-5.875370979309082,1.5825673341751099,-0.025656340643763542,-0.05375614017248154,-0.025656340643763542,2025-07-01 18:05:25.660,1751373325660,-8310,-1272,1799,302,-50,-517
744,2025-07-01 18:05:25.826,2025-07-01 18:05:25.720842,8.109161376953125,-5.406107425689697,1.2832920551300049,0.07208210229873657,0.02932153269648552,-0.15027284622192383,2025-07-01 18:05:25.747,1751373325747,-8427,-1353,1537,4714,1842,-1623
745,2025-07-01 18:05:25.926,2025-07-01 18:05:25.820957,8.238448143005371,-5.585672378540039,1.6424223184585571,0.05864306539297104,0.07452555745840073,-0.10384709388017654,2025-07-01 18:05:25.845,1751373325845,-8493,-1253,1623,2518,830,-1377
746,2025-07-01 18:05:26.326,2025-07-01 18:05:26.322671,8.343792915344238,-5.4659624099731445,1.656787633895874,0.030543262138962746,-0.04642575979232788,0.0403171069920063,2025-07-01 18:05:26.293,1751373326293,-7900,-2294,1584,835,213,-878
747,2025-07-01 18:05:26.426,2025-07-01 18:05:26.421252,8.446743965148926,-5.272032260894775,1.4748282432556152,0.04886921867728233,-0.04398229718208313,-0.05864306539297104,2025-07-01 18:05:26.389,1751373326389,-8239,-2220,1575,298,122,-148
748,2025-07-01 18:05:26.526,2025-07-01 18:05:26.520997,8.324639320373535,-5.578489780426025,1.4628572463989258,-0.030543262138962746,-0.0024434609804302454,-0.00733038317412138,2025-07-01 18:05:26.481,1751373326481,-7834,-2577,1500,80,-266,-100
749,2025-07-01 18:05:26.726,2025-07-01 18:05:26.622859,8.334216117858887,-5.382165431976318,1.4772224426269531,0.012217304669320583,-0.010995574295520782,0.030543262138962746,2025-07-01 18:05:26.653,1751373326653,-8250,-2570,1464,-53,86,-30
750,2025-07-01 18:05:26.826,2025-07-01 18:05:26.821387,8.365341186523438,-5.439626216888428,1.5418659448623657,0.025656340643763542,0.0024434609804302454,-0.018325956538319588,2025-07-01 18:05:26.823,1751373326823,-7936,-2313,1793,284,-88,-28
751,2025-07-01 18:05:26.927,2025-07-01 18:05:26.921311,8.29830265045166,-5.339069843292236,1.577778935432434,0.039095375686883926,0.0012217304902151227,-0.05742133408784866,2025-07-01 18:05:26.924,1751373326924,-7919,-2036,1439,44,-14,108
752,2025-07-01 18:05:27.026,2025-07-01 18:05:27.021003,8.47786808013916,-5.082890033721924,1.5514427423477173,0.07208210229873657,0.03298672288656235,-0.08918632566928864,2025-07-01 18:05:27.010,1751373327010,-8230,-2295,1593,-232,270,-576
753,2025-07-01 18:05:27.126,2025-07-01 18:05:27.121412,8.573636054992676,-4.896142482757568,1.5083470344543457,0.004886921960860491,0.04398229718208313,-0.05375614017248154,2025-07-01 18:05:27.103,1751373327103,-7887,-2604,1562,-575,-293,-602
754,2025-07-01 18:05:27.226,2025-07-01 18:05:27.221009,8.283937454223633,-5.564124584197998,1.7381904125213623,-0.02076941914856434,0.009773843921720982,0.004886921960860491,2025-07-01 18:05:27.188,1751373327188,-7868,-2619,1603,-463,-336,-253
755,2025-07-01 18:05:27.634,2025-07-01 18:05:27.520568,8.513781547546387,-5.027823448181152,1.5203180313110352,-0.00366519158706069,-0.05375614017248154,-0.03298672288656235,2025-07-01 18:05:27.553,1751373327553,-8007,-2730,1629,107,88,-305
756,2025-07-01 18:05:27.739,2025-07-01 18:05:27.720315,8.520963668823242,-5.0469770431518555,1.5083470344543457,-0.028099801391363144,0.0403171069920063,-0.028099801391363144,2025-07-01 18:05:27.724,1751373327724,-7848,-2718,1658,307,-166,-218
757,2025-07-01 18:05:27.831,2025-07-01 18:05:27.820296,8.439560890197754,-5.243301868438721,1.742978811264038,0.012217304669320583,0.025656340643763542,-0.02076941914856434,2025-07-01 18:05:27.815,1751373327815,-7798,-2809,2067,187,-659,-710
758,2025-07-01 18:05:28.031,2025-07-01 18:05:28.021760,8.480262756347656,-5.1810526847839355,1.6400281190872192,0.08552113175392151,-0.04886921867728233,-0.018325956538319588,2025-07-01 18:05:27.999,1751373327999,-7562,-2521,2331,888,286,15
759,2025-07-01 18:05:28.135,2025-07-01 18:05:28.121072,8.65743350982666,-4.793191909790039,1.4508862495422363,0.039095375686883926,-0.06352998316287994,0.006108652334660292,2025-07-01 18:05:28.088,1751373328088,-8051,-2827,2167,195,133,2
760,2025-07-01 18:05:28.533,2025-07-01 18:05:28.421302,8.542511940002441,-5.054159641265869,1.5155296325683594,0.03176499158143997,-0.025656340643763542,-0.010995574295520782,2025-07-01 18:05:28.438,1751373328438,-7776,-3391,2419,42,-354,-595
761,2025-07-01 18:05:28.626,2025-07-01 18:05:28.621071,8.489839553833008,-4.924872875213623,1.4053963422775269,-0.01710422709584236,-0.14538592100143433,0.05253441259264946,2025-07-01 18:05:28.625,1751373328625,-7711,-2973,2365,1248,-125,-50
762,2025-07-01 18:05:28.727,2025-07-01 18:05:28.725447,8.607154846191406,-5.188235282897949,1.2497732639312744,-0.17837265133857727,-0.11972958594560623,0.05009094998240471,2025-07-01 18:05:28.723,1751373328723,-7602,-2730,2234,1152,-32,285
763,2025-07-01 18:05:28.827,2025-07-01 18:05:28.821616,8.89685344696045,-4.458003520965576,0.6847416758537292,-0.1062905490398407,-0.12339477986097336,0.16004669666290283,2025-07-01 18:05:28.802,1751373328802,-7606,-2940,2568,940,-73,349
764,2025-07-01 18:05:28.933,2025-07-01 18:05:28.921099,7.747636795043945,-6.423643112182617,1.316810965538025,-0.0354301854968071,0.09896016865968704,0.059864792972803116,2025-07-01 18:05:28.889,1751373328889,-7604,-2910,2577,1090,-91,380
765,2025-07-01 18:05:29.327,2025-07-01 18:05:29.221092,8.38449478149414,-5.556941986083984,1.2665326595306396,-0.00366519158706069,0.02687807008624077,-0.07819075137376785,2025-07-01 18:05:29.251,1751373329251,-7734,-2560,2604,628,1127,1072
766,2025-07-01 18:05:29.427,2025-07-01 18:05:29.221092,8.38449478149414,-5.556941986083984,1.2665326595306396,-0.00366519158706069,0.02687807008624077,-0.07819075137376785,2025-07-01 18:05:29.251,1751373329251,-7734,-2560,2604,628,1127,1072
767,2025-07-01 18:05:29.526,2025-07-01 18:05:29.421511,8.547300338745117,-5.509057998657227,1.2473790645599365,-0.02687807008624077,-0.006108652334660292,-0.0403171069920063,2025-07-01 18:05:29.432,1751373329432,-7598,-2674,2192,1044,2095,2100
768,2025-07-01 18:05:29.627,2025-07-01 18:05:29.621390,8.59997272491455,-5.1810526847839355,1.0797849893569946,-0.06230825558304787,0.00733038317412138,-0.00366519158706069,2025-07-01 18:05:29.626,1751373329626,-8259,-852,757,-293,829,1434
769,2025-07-01 18:05:29.731,2025-07-01 18:05:29.720990,8.609549522399902,-5.147533416748047,1.0055646896362305,0.009773843921720982,0.015882495790719986,0.042760565876960754,2025-07-01 18:05:29.731,1751373329731,-8562,808,122,-120,-180,-590
770,2025-07-01 18:05:29.826,2025-07-01 18:05:29.823756,8.578424453735352,-5.145139217376709,0.9289502501487732,-0.006108652334660292,0.05742133408784866,0.06475171446800232,2025-07-01 18:05:29.799,1751373329799,-8427,392,271,528,-1094,-660
771,2025-07-01 18:05:29.927,2025-07-01 18:05:29.921579,8.456320762634277,-5.197812080383301,1.1420341730117798,0.021991148591041565,0.1062905490398407,0.10384709388017654,2025-07-01 18:05:29.891,1751373329891,-8180,164,648,455,-831,-1149
772,2025-07-01 18:05:30.127,2025-07-01 18:05:30.121205,8.429984092712402,-5.439626216888428,1.534683346748352,0.012217304669320583,0.17470745742321014,-0.12828169763088226,2025-07-01 18:05:30.084,1751373330084,-8529,278,1148,-598,-488,-2748
773,2025-07-01 18:05:30.327,2025-07-01 18:05:30.221385,8.525752067565918,-5.5329999923706055,1.1851298809051514,0.08796459436416626,0.22846360504627228,-0.11239920556545258,2025-07-01 18:05:30.256,1751373330256,-7953,-2075,1075,211,1191,-3492
774,2025-07-01 18:05:30.526,2025-07-01 18:05:30.522756,8.56884765625,-4.903325080871582,1.9081788063049316,-0.02321287989616394,-0.0012217304902151227,0.05742133408784866,2025-07-01 18:05:30.516,1751373330516,-7824,-2780,175,656,918,-1348
775,2025-07-01 18:05:30.627,2025-07-01 18:05:30.522756,8.56884765625,-4.903325080871582,1.9081788063049316,-0.02321287989616394,-0.0012217304902151227,0.05742133408784866,2025-07-01 18:05:30.516,1751373330516,-7824,-2780,175,656,918,-1348
776,2025-07-01 18:05:30.726,2025-07-01 18:05:30.721085,8.722076416015625,-4.527435302734375,1.6376339197158813,0.13927727937698364,-0.17837265133857727,0.09407325088977814,2025-07-01 18:05:30.709,1751373330709,-8064,-2788,97,-431,336,-1101
777,2025-07-01 18:05:30.827,2025-07-01 18:05:30.821020,7.970297336578369,-6.390124320983887,2.2697031497955322,-0.07819075137376785,-0.07696902006864548,0.08307767659425735,2025-07-01 18:05:30.811,1751373330811,-7679,-3246,580,546,496,5
778,2025-07-01 18:05:31.228,2025-07-01 18:05:31.120917,8.482656478881836,-5.070919036865234,1.6400281190872192,-0.03298672288656235,-0.05619960278272629,0.04642575979232788,2025-07-01 18:05:31.144,1751373331144,-7468,-4093,341,-6758,1508,-5959
779,2025-07-01 18:05:31.327,2025-07-01 18:05:31.220852,8.382100105285645,-5.12119722366333,1.4915876388549805,-0.13805554807186127,-0.004886921960860491,0.02932153269648552,2025-07-01 18:05:31.244,1751373331244,-6625,-4330,-868,-901,598,-47
780,2025-07-01 18:05:31.426,2025-07-01 18:05:31.421270,8.358158111572266,-5.331887245178223,1.3838485479354858,-0.00855211354792118,0.02932153269648552,0.05497787147760391,2025-07-01 18:05:31.426,1751373331426,-7109,-4152,-438,3968,-77,1852
781,2025-07-01 18:05:31.526,2025-07-01 18:05:31.521035,8.283937454223633,-5.279214859008789,1.5155296325683594,0.010995574295520782,0.03298672288656235,0.05009094998240471,2025-07-01 18:05:31.509,1751373331509,-8756,-4619,77,-1486,-5876,-3723
782,2025-07-01 18:05:31.629,2025-07-01 18:05:31.620959,8.336610794067383,-5.377377033233643,1.5921441316604614,-0.018325956538319588,0.01466076634824276,0.028099801391363144,2025-07-01 18:05:31.608,1751373331608,-7044,-4397,211,-237,-2077,-834
783,2025-07-01 18:05:31.726,2025-07-01 18:05:31.720447,8.281543731689453,-5.353435039520264,1.5634137392044067,-0.00855211354792118,0.01466076634824276,0.01710422709584236,2025-07-01 18:05:31.691,1751373331691,-7532,-4401,439,167,-1422,-577
784,2025-07-01 18:05:31.827,2025-07-01 18:05:31.821338,8.29830265045166,-5.485116004943848,1.4963760375976562,-0.013439035043120384,0.02321287989616394,0.018325956538319588,2025-07-01 18:05:31.790,1751373331790,-7547,-4501,743,1569,-1955,-958
785,2025-07-01 18:05:32.027,2025-07-01 18:05:31.921076,8.22887134552002,-5.461174011230469,1.4891934394836426,0.019547687843441963,0.03420845419168472,0.0012217304902151227,2025-07-01 18:05:31.960,1751373331960,-6633,-4987,2333,297,-3011,-172
786,2025-07-01 18:05:32.132,2025-07-01 18:05:32.021072,8.288725852966309,-5.509057998657227,1.623268723487854,0.02076941914856434,0.025656340643763542,0.0012217304902151227,2025-07-01 18:05:32.062,1751373332062,-6319,-4236,2955,839,-3014,-592
787,2025-07-01 18:05:32.226,2025-07-01 18:05:32.221146,8.219294548034668,-5.530605792999268,1.522712230682373,-0.05619960278272629,0.010995574295520782,0.03787364438176155,2025-07-01 18:05:32.223,1751373332223,-6139,-4630,3670,349,-2255,-289
788,2025-07-01 18:05:32.326,2025-07-01 18:05:32.320705,8.267178535461426,-5.492298603057861,1.4628572463989258,-0.009773843921720982,0.012217304669320583,0.05619960278272629,2025-07-01 18:05:32.323,1751373332323,-6669,-4508,3411,-877,278,243
789,2025-07-01 18:05:32.428,2025-07-01 18:05:32.420846,8.176198959350586,-5.461174011230469,1.4628572463989258,-0.006108652334660292,0.019547687843441963,0.06475171446800232,2025-07-01 18:05:32.409,1751373332409,-6593,-4291,2958,-647,358,801
790,2025-07-01 18:05:32.527,2025-07-01 18:05:32.520956,8.176198959350586,-5.815515995025635,1.577778935432434,-0.02932153269648552,-0.0012217304902151227,0.0403171069920063,2025-07-01 18:05:32.505,1751373332505,-7036,-4453,2875,-1639,161,1188
791,2025-07-01 18:05:32.626,2025-07-01 18:05:32.621276,8.195352554321289,-5.537788391113281,1.4963760375976562,-0.00733038317412138,0.0012217304902151227,-0.00366519158706069,2025-07-01 18:05:32.589,1751373332589,-6871,-4433,2533,-1703,320,1408
792,2025-07-01 18:05:32.733,2025-07-01 18:05:32.721259,8.678980827331543,-5.109226226806641,1.5610195398330688,-0.19058994948863983,-0.15271630883216858,-0.02687807008624077,2025-07-01 18:05:32.695,1751373332695,-7171,-4063,2543,-2165,-248,1643
793,2025-07-01 18:05:32.933,2025-07-01 18:05:32.820965,8.010998725891113,-5.92325496673584,1.4413094520568848,-0.11362093687057495,-0.02321287989616394,0.08552113175392151,2025-07-01 18:05:32.860,1751373332860,-7484,-3235,1998,-1373,-22,382
794,2025-07-01 18:05:33.133,2025-07-01 18:05:33.120351,7.893682956695557,-6.189011573791504,1.3910311460494995,-0.051312681287527084,0.012217304669320583,0.045204028487205505,2025-07-01 18:05:33.123,1751373333123,-7044,-4190,2308,-2288,27,900
795,2025-07-01 18:05:33.237,2025-07-01 18:05:33.220340,7.948749542236328,-5.904101371765137,1.3646949529647827,-0.04398229718208313,-0.0012217304902151227,-0.09896016865968704,2025-07-01 18:05:33.225,1751373333225,-7528,-3775,1371,-1306,754,-90
796,2025-07-01 18:05:33.335,2025-07-01 18:05:33.320345,8.092401504516602,-5.731719017028809,1.3096283674240112,-0.039095375686883926,0.025656340643763542,-0.05253441259264946,2025-07-01 18:05:33.309,1751373333309,-7795,-3731,972,119,499,243
797,2025-07-01 18:05:33.426,2025-07-01 18:05:33.420463,8.13789176940918,-5.789179801940918,1.2641384601593018,-0.05619960278272629,0.006108652334660292,0.004886921960860491,2025-07-01 18:05:33.391,1751373333391,-7602,-3561,940,368,606,535
798,2025-07-01 18:05:33.526,2025-07-01 18:05:33.522317,8.022970199584961,-5.7772088050842285,1.2449848651885986,0.02687807008624077,-0.00366519158706069,0.025656340643763542,2025-07-01 18:05:33.503,1751373333503,-7994,-3408,1347,1036,-382,1250
799,2025-07-01 18:05:33.627,2025-07-01 18:05:33.621344,8.010998725891113,-5.758055210113525,1.5155296325683594,0.05864306539297104,0.024434609338641167,0.05375614017248154,2025-07-01 18:05:33.585,1751373333585,-7679,-3183,1554,685,-1075,1592
800,2025-07-01 18:05:34.057,2025-07-01 18:05:34.020843,7.69735860824585,-5.729324817657471,0.8427590131759644,-0.10018189996480942,-0.0354301854968071,0.8136724829673767,2025-07-01 18:05:34.056,1751373334056,-8044,-2425,2301,330,-146,554
801,2025-07-01 18:05:34.129,2025-07-01 18:05:34.121239,10.29746150970459,-11.319786071777344,1.7956513166427612,0.9028588533401489,0.49846604466438293,1.7324138879776,2025-07-01 18:05:34.119,1751373334119,-7845,-1770,2600,790,-48,588
802,2025-07-01 18:05:34.237,2025-07-01 18:05:34.223151,3.4141316413879395,-15.382745742797852,8.83939266204834,2.4080307483673096,-0.015882495790719986,3.165503740310669,2025-07-01 18:05:34.211,1751373334211,-7817,-1709,2681,520,-126,572
803,2025-07-01 18:05:34.330,2025-07-01 18:05:34.320843,-0.35913026332855225,-11.604695320129395,4.194641590118408,0.18448130786418915,0.5510004758834839,5.343849182128906,2025-07-01 18:05:34.301,1751373334301,-8220,-1518,2298,875,196,122
804,2025-07-01 18:05:34.427,2025-07-01 18:05:34.420757,-1.9776105880737305,-5.832275390625,1.338358759880066,-1.587027907371521,-0.2736676335334778,5.891184329986572,2025-07-01 18:05:34.389,1751373334389,-8226,-1834,2262,253,-76,-81
805,2025-07-01 18:05:34.530,2025-07-01 18:05:34.520738,-4.532223701477051,-1.8483237028121948,1.216254472732544,-1.1337659358978271,-1.7910568714141846,4.256508827209473,2025-07-01 18:05:34.490,1751373334490,-8257,-1438,2199,253,-79,-54
806,2025-07-01 18:05:34.642,2025-07-01 18:05:34.621010,-4.853046894073486,-1.2952631711959839,4.405331134796143,-0.7440338730812073,-1.389107584953308,1.8973474502563477,2025-07-01 18:05:34.585,1751373334585,-7930,-1813,2590,-11,62,-176
807,2025-07-01 18:05:34.828,2025-07-01 18:05:34.720988,-7.247248649597168,-2.233790159225464,5.082890033721924,-0.4899139404296875,-0.375071257352829,0.6096435189247131,2025-07-01 18:05:34.750,1751373334750,-7907,-1684,2562,849,431,-177
808,2025-07-01 18:05:34.927,2025-07-01 18:05:34.820950,-8.202534675598145,-2.4133553504943848,4.855441093444824,-0.2638937830924988,-0.07208210229873657,0.37262779474258423,2025-07-01 18:05:34.836,1751373334836,-8254,-1504,2260,648,190,-531
809,2025-07-01 18:05:35.027,2025-07-01 18:05:35.020792,-7.924807548522949,-0.6823474764823914,4.599261283874512,0.12339477986097336,-0.13072516024112701,0.1869247704744339,2025-07-01 18:05:35.018,1751373335018,-7907,-1841,2602,581,-4,-612
810,2025-07-01 18:05:35.126,2025-07-01 18:05:35.121513,-7.86734676361084,-1.6136919260025024,4.774038314819336,0.00733038317412138,-0.00366519158706069,0.22479841113090515,2025-07-01 18:05:35.112,1751373335112,-7837,-2021,2429,-183,408,-1163
811,2025-07-01 18:05:35.228,2025-07-01 18:05:35.221012,-7.943961143493652,-1.41257905960083,4.788403511047363,0.21502456068992615,0.13439035415649414,-0.19914206862449646,2025-07-01 18:05:35.207,1751373335207,-7851,-2597,1990,3,497,-1375
812,2025-07-01 18:05:35.327,2025-07-01 18:05:35.321362,-8.640673637390137,-0.7326257228851318,4.845864295959473,0.3127630054950714,0.07452555745840073,0.042760565876960754,2025-07-01 18:05:35.298,1751373335298,-7890,-2499,2130,542,564,-918
813,2025-07-01 18:05:35.728,2025-07-01 18:05:35.620859,-8.683769226074219,1.091755986213684,2.849100112915039,0.6914994716644287,-0.1466076523065567,0.07819075137376785,2025-07-01 18:05:35.648,1751373335648,-7861,-2874,2169,384,295,-105
814,2025-07-01 18:05:35.830,2025-07-01 18:05:35.720710,-7.8745293617248535,-0.3519476354122162,5.480327606201172,-0.00855211354792118,-0.3640756905078888,0.14905111491680145,2025-07-01 18:05:35.740,1751373335740,-8020,-2897,1952,518,1,132
815,2025-07-01 18:05:35.928,2025-07-01 18:05:35.920719,-7.805097579956055,0.45489832758903503,5.295974254608154,-0.006108652334660292,-0.09651670604944229,-0.015882495790719986,2025-07-01 18:05:35.914,1751373335914,-7606,-2259,2004,333,-228,594
816,2025-07-01 18:05:36.026,2025-07-01 18:05:36.021132,-8.006210327148438,-0.05027823522686958,5.298368453979492,-0.009773843921720982,-0.021991148591041565,-0.05742133408784866,2025-07-01 18:05:36.014,1751373336014,-8148,-2191,2227,-22,-871,395
817,2025-07-01 18:05:36.126,2025-07-01 18:05:36.121812,-8.176198959350586,-0.011971008032560349,5.2049946784973145,0.015882495790719986,-0.006108652334660292,0.01466076634824276,2025-07-01 18:05:36.105,1751373336105,-7608,-2324,2775,183,-1061,-13
818,2025-07-01 18:05:36.226,2025-07-01 18:05:36.222260,-7.975085735321045,0.043095629662275314,5.195417881011963,0.02076941914856434,0.00855211354792118,-0.030543262138962746,2025-07-01 18:05:36.192,1751373336192,-7802,-1987,3091,419,-565,58
819,2025-07-01 18:05:36.327,2025-07-01 18:05:36.322073,-8.032546997070312,0.08619125932455063,5.099649429321289,-0.04764748737215996,0.0403171069920063,-0.0354301854968071,2025-07-01 18:05:36.284,1751373336284,-7653,-2109,2759,-74,16,533
820,2025-07-01 18:05:36.726,2025-07-01 18:05:36.621310,-8.003816604614258,0.11971008777618408,4.865017890930176,0.18081611394882202,0.019547687843441963,0.07208210229873657,2025-07-01 18:05:36.659,1751373336659,-7898,-1267,2717,-366,286,238
821,2025-07-01 18:05:36.827,2025-07-01 18:05:36.820988,-8.094796180725098,0.06224924325942993,4.924872875213623,0.04398229718208313,0.09162978827953339,0.01710422709584236,2025-07-01 18:05:36.818,1751373336818,-7882,-1557,2711,-324,258,180
822,2025-07-01 18:05:36.926,2025-07-01 18:05:36.920472,-8.698134422302246,0.6105214357376099,5.104437828063965,-0.042760565876960754,0.11850785464048386,0.11362093687057495,2025-07-01 18:05:36.917,1751373336917,-7936,-1644,2532,26,403,-531
823,2025-07-01 18:05:37.030,2025-07-01 18:05:37.020970,-8.224082946777344,0.2968810200691223,4.687847137451172,0.05742133408784866,0.05375614017248154,0.11484266817569733,2025-07-01 18:05:37.029,1751373337029,-8222,-1501,2630,-108,591,-596
824,2025-07-01 18:05:37.228,2025-07-01 18:05:37.220906,-8.358158111572266,0.4572925269603729,4.752490520477295,-0.16982053220272064,-0.030543262138962746,-0.07452555745840073,2025-07-01 18:05:37.190,1751373337190,-8207,-1886,2624,64,-41,-157
825,2025-07-01 18:05:37.427,2025-07-01 18:05:37.321065,-8.406042098999023,-0.0694318488240242,4.548983097076416,-0.015882495790719986,0.021991148591041565,-0.06475171446800232,2025-07-01 18:05:37.355,1751373337355,-7874,-1890,2571,156,364,-207
826,2025-07-01 18:05:37.627,2025-07-01 18:05:37.620907,-7.987056732177734,0.0,5.0685248374938965,-0.01710422709584236,0.05742133408784866,-0.10873401165008545,2025-07-01 18:05:37.627,1751373337627,-8269,-1769,2360,544,435,-388
827,2025-07-01 18:05:37.927,2025-07-01 18:05:37.920948,-8.286332130432129,-0.6655880808830261,4.819528102874756,0.025656340643763542,0.045204028487205505,-0.010995574295520782,2025-07-01 18:05:37.916,1751373337916,-7604,-2379,2492,-1816,-491,-2116
828,2025-07-01 18:05:38.027,2025-07-01 18:05:38.022898,-8.276755332946777,-0.3902548849582672,4.924872875213623,0.004886921960860491,0.05619960278272629,-0.03176499158143997,2025-07-01 18:05:37.982,1751373337982,-7408,-3134,2330,-1478,-330,-1976
829,2025-07-01 18:05:38.135,2025-07-01 18:05:38.120937,-8.233659744262695,-0.3902548849582672,4.8937482833862305,-0.01466076634824276,0.004886921960860491,-0.05497787147760391,2025-07-01 18:05:38.082,1751373338082,-7341,-3574,1788,-1015,50,-1932
830,2025-07-01 18:05:38.436,2025-07-01 18:05:38.322551,-8.305485725402832,-0.23702596127986908,4.76924991607666,0.039095375686883926,0.10873401165008545,-0.021991148591041565,2025-07-01 18:05:38.358,1751373338358,-7701,-3701,1957,62,-645,-38
831,2025-07-01 18:05:38.533,2025-07-01 18:05:38.520347,-8.192957878112793,-0.48602294921875,4.503493309020996,0.02321287989616394,0.02932153269648552,0.01710422709584236,2025-07-01 18:05:38.522,1751373338522,-7530,-3506,2657,-471,-1134,830
832,2025-07-01 18:05:38.633,2025-07-01 18:05:38.620621,-7.843404769897461,-0.1364694982767105,4.563348293304443,0.021991148591041565,0.07208210229873657,-0.08674286305904388,2025-07-01 18:05:38.618,1751373338618,-7741,-3434,2623,-2081,-1915,1300
833,2025-07-01 18:05:38.831,2025-07-01 18:05:38.820772,-0.304063618183136,0.9720458984375,3.8067808151245117,0.5082398653030396,1.1093312501907349,-5.0237555503845215,2025-07-01 18:05:38.803,1751373338803,-7086,-3575,3179,-495,-1538,119
834,2025-07-01 18:05:38.926,2025-07-01 18:05:38.920334,0.9481038451194763,-12.842497825622559,-3.3063924312591553,-2.2516493797302246,2.5216517448425293,-6.208834171295166,2025-07-01 18:05:38.896,1751373338896,-7289,-3550,3102,-599,-1573,-124
835,2025-07-01 18:05:39.326,2025-07-01 18:05:39.220252,1.745373010635376,-12.880805015563965,-0.028730420395731926,0.4056145250797272,0.0806342139840126,-1.350012183189392,2025-07-01 18:05:39.253,1751373339253,-7619,-712,3036,4308,263,4127
836,2025-07-01 18:05:39.429,2025-07-01 18:05:39.420610,5.410895824432373,-8.135497093200684,2.9281086921691895,3.0555479526519775,-0.24678955972194672,-0.6719517707824707,2025-07-01 18:05:39.424,1751373339424,-7656,145,3369,4372,1167,2454
837,2025-07-01 18:05:39.626,2025-07-01 18:05:39.621700,5.904101371765137,-5.60722017288208,4.9799394607543945,1.0445796251296997,-0.00366519158706069,-0.11850785464048386,2025-07-01 18:05:39.599,1751373339599,-8968,1196,988,4675,4581,-150
838,2025-07-01 18:05:39.726,2025-07-01 18:05:39.721524,6.710947513580322,-6.418854713439941,4.9368438720703125,0.021991148591041565,-0.3066543638706207,-0.15515977144241333,2025-07-01 18:05:39.701,1751373339701,-9004,1849,147,426,238,-486
839,2025-07-01 18:05:39.826,2025-07-01 18:05:39.821156,6.861782073974609,-5.808333396911621,5.96874475479126,0.2321287989616394,0.009773843921720982,-0.11239920556545258,2025-07-01 18:05:39.795,1751373339795,-9768,1783,606,-3670,-3072,-2180
840,2025-07-01 18:05:39.926,2025-07-01 18:05:39.921003,6.36378812789917,-5.928043365478516,5.154716491699219,-0.39217549562454224,0.3127630054950714,0.09407325088977814,2025-07-01 18:05:39.897,1751373339897,-7825,-601,2096,-6537,-5377,-4038
841,2025-07-01 18:05:40.226,2025-07-01 18:05:40.123768,5.793968200683594,-6.878541469573975,4.771644115447998,0.16249015927314758,0.2431243658065796,0.10873401165008545,2025-07-01 18:05:40.159,1751373340159,-7560,-2586,2980,-1879,-557,-494
842,2025-07-01 18:05:40.355,2025-07-01 18:05:40.221492,5.540182590484619,-6.806715488433838,5.03021764755249,0.3701843321323395,0.3090978264808655,0.19547687470912933,2025-07-01 18:05:40.232,1751373340232,-7942,-2196,2959,-1567,-184,-252
843,2025-07-01 18:05:40.433,2025-07-01 18:05:40.420439,4.486733913421631,-2.6001031398773193,5.264849662780762,0.7648032903671265,0.37751471996307373,0.16004669666290283,2025-07-01 18:05:40.412,1751373340412,-7959,-2024,3088,-1284,-288,-230
844,2025-07-01 18:05:40.538,2025-07-01 18:05:40.523136,4.613626480102539,-8.08282470703125,6.900089263916016,0.6731734871864319,0.2321287989616394,0.1514945775270462,2025-07-01 18:05:40.503,1751373340503,-7856,-2136,2765,-1335,-340,-561
845,2025-07-01 18:05:40.627,2025-07-01 18:05:40.622380,4.347870349884033,-6.028599739074707,5.9735331535339355,0.7415903806686401,-0.1417207419872284,0.013439035043120384,2025-07-01 18:05:40.600,1751373340600,-7722,-2990,2923,-3503,-760,-318
846,2025-07-01 18:05:40.728,2025-07-01 18:05:40.720931,4.125209331512451,-3.7181951999664307,6.643909931182861,-1.1313223838806152,-0.08552113175392151,-0.48869219422340393,2025-07-01 18:05:40.701,1751373340701,-7399,-2957,2818,-1499,-449,-469
847,2025-07-01 18:05:41.128,2025-07-01 18:05:41.022476,5.317522048950195,-4.285621166229248,5.439626216888428,0.50335294008255,-0.06108652427792549,0.02076941914856434,2025-07-01 18:05:41.051,1751373341051,-7530,-3679,2591,-539,366,-203
848,2025-07-01 18:05:41.226,2025-07-01 18:05:41.022476,5.317522048950195,-4.285621166229248,5.439626216888428,0.50335294008255,-0.06108652427792549,0.02076941914856434,2025-07-01 18:05:41.051,1751373341051,-7530,-3679,2591,-539,366,-203
849,2025-07-01 18:05:41.326,2025-07-01 18:05:41.321973,4.4508209228515625,-4.02465295791626,6.433219909667969,-2.02929425239563,-0.5461135506629944,-0.46181413531303406,2025-07-01 18:05:41.321,1751373341321,-7309,-3305,2234,-182,336,-267
850,2025-07-01 18:05:41.426,2025-07-01 18:05:41.421407,9.165003776550293,-13.819332122802734,2.6408045291900635,-1.510058879852295,-0.607200026512146,0.09651670604944229,2025-07-01 18:05:41.422,1751373341422,-7412,-3370,2439,25,27,-279
851,2025-07-01 18:05:41.626,2025-07-01 18:05:41.620947,8.279149055480957,-6.574477672576904,4.6255974769592285,-0.4703662395477295,-0.14905111491680145,-0.09896016865968704,2025-07-01 18:05:41.594,1751373341594,-7383,-3388,2669,-380,-90,146
852,2025-07-01 18:05:41.834,2025-07-01 18:05:41.722069,6.184223175048828,-6.794744491577148,3.1268274784088135,-0.6511823534965515,-0.1612684279680252,-0.10995574295520782,2025-07-01 18:05:41.761,1751373341761,-7616,-2980,2587,-163,245,-271
853,2025-07-01 18:05:42.032,2025-07-01 18:05:41.921535,7.283161640167236,-5.623979568481445,2.691082715988159,-0.2822197377681732,-0.02076941914856434,-0.06719517707824707,2025-07-01 18:05:41.942,1751373341942,-7124,-4193,2157,-431,553,-1100
854,2025-07-01 18:05:42.126,2025-07-01 18:05:42.122015,7.015010833740234,-6.375759124755859,2.8610711097717285,-0.11972958594560623,-0.030543262138962746,0.010995574295520782,2025-07-01 18:05:42.126,1751373342126,-7474,-4106,2051,18,-98,173
855,2025-07-01 18:05:42.229,2025-07-01 18:05:42.221063,7.072471618652344,-6.722918510437012,2.6192567348480225,-0.06963863968849182,-0.025656340643763542,0.01466076634824276,2025-07-01 18:05:42.214,1751373342214,-7401,-3234,2152,23,-373,1361
856,2025-07-01 18:05:42.326,2025-07-01 18:05:42.321437,6.952761650085449,-6.677428722381592,2.765302896499634,-0.04642575979232788,0.019547687843441963,0.03787364438176155,2025-07-01 18:05:42.306,1751373342306,-7413,-3353,1942,104,-384,1317
857,2025-07-01 18:05:42.429,2025-07-01 18:05:42.426375,6.979097843170166,-6.821080684661865,2.7676970958709717,0.004886921960860491,0.05619960278272629,0.018325956538319588,2025-07-01 18:05:42.428,1751373342428,-7914,-2003,2453,436,-270,1229
858,2025-07-01 18:05:42.926,2025-07-01 18:05:42.821455,6.936002254486084,-6.543353080749512,2.8802247047424316,0.12950342893600464,-0.2785545587539673,-0.15393804013729095,2025-07-01 18:05:42.845,1751373342845,-7564,-3143,1729,25,148,-473
859,2025-07-01 18:05:43.026,2025-07-01 18:05:42.922917,7.218518257141113,-6.399701118469238,2.473210334777832,0.16493362188339233,-0.4056145250797272,-0.19914206862449646,2025-07-01 18:05:42.937,1751373342937,-7653,-3149,1728,262,811,127
860,2025-07-01 18:05:43.126,2025-07-01 18:05:43.120942,7.55131196975708,-6.222530364990234,2.2864625453948975,-0.10262536257505417,-0.1466076523065567,-0.09529497474431992,2025-07-01 18:05:43.122,1751373343122,-8055,-2706,1669,187,573,86
861,2025-07-01 18:05:43.226,2025-07-01 18:05:43.224963,7.565677165985107,-6.19379997253418,1.941697597503662,-0.06719517707824707,-0.10506882518529892,-0.06475171446800232,2025-07-01 18:05:43.206,1751373343206,-8019,-2894,1892,-69,-112,-220
862,2025-07-01 18:05:43.326,2025-07-01 18:05:43.326582,7.781155586242676,-6.023811340332031,1.8986018896102905,-0.0012217304902151227,-0.010995574295520782,0.03298672288656235,2025-07-01 18:05:43.306,1751373343306,-8038,-2874,1873,-23,-81,-149
863,2025-07-01 18:05:43.426,2025-07-01 18:05:43.421054,7.752425193786621,-6.3518171310424805,2.008735179901123,0.11484266817569733,0.05253441259264946,0.04398229718208313,2025-07-01 18:05:43.388,1751373343388,-7828,-2259,1675,-143,-24,-200
864,2025-07-01 18:05:43.741,2025-07-01 18:05:43.720779,8.001421928405762,-5.56173038482666,2.118868589401245,0.05742133408784866,-0.024434609338641167,-0.19914206862449646,2025-07-01 18:05:43.682,1751373343682,-7423,-3273,1692,2397,843,-1119
865,2025-07-01 18:05:43.842,2025-07-01 18:05:43.720779,8.001421928405762,-5.56173038482666,2.118868589401245,0.05742133408784866,-0.024434609338641167,-0.19914206862449646,2025-07-01 18:05:43.753,1751373343753,-7462,-3820,2088,3314,1292,-856
866,2025-07-01 18:05:43.936,2025-07-01 18:05:43.921591,7.898471355438232,-5.556941986083984,2.142810583114624,0.009773843921720982,0.021991148591041565,-0.12217304855585098,2025-07-01 18:05:43.926,1751373343926,-7720,-3471,2092,4933,1854,-961
867,2025-07-01 18:05:44.034,2025-07-01 18:05:44.021360,8.11634349822998,-5.420472621917725,2.164358377456665,0.036651913076639175,0.013439035043120384,0.006108652334660292,2025-07-01 18:05:44.022,1751373344022,-7632,-3361,2130,3222,1138,-875
868,2025-07-01 18:05:44.126,2025-07-01 18:05:44.121716,8.003816604614258,-5.825092792510986,2.231395959854126,-0.04642575979232788,0.03298672288656235,0.06963863968849182,2025-07-01 18:05:44.126,1751373344126,-7618,-2823,2371,1207,270,23
869,2025-07-01 18:05:44.226,2025-07-01 18:05:44.221792,7.838616371154785,-5.853823184967041,2.425326347351074,-0.04398229718208313,0.021991148591041565,-0.05497787147760391,2025-07-01 18:05:44.197,1751373344197,-7586,-2834,2241,-339,-333,-58
870,2025-07-01 18:05:44.327,2025-07-01 18:05:44.321388,7.924807548522949,-5.647922039031982,2.274491548538208,-0.024434609338641167,0.0024434609804302454,-0.1661553531885147,2025-07-01 18:05:44.299,1751373344299,-7791,-2892,2209,-239,55,119
871,2025-07-01 18:05:44.429,2025-07-01 18:05:44.423157,8.161833763122559,-5.106832027435303,2.1523873805999756,0.010995574295520782,0.08674286305904388,-0.04764748737215996,2025-07-01 18:05:44.386,1751373344386,-7580,-3158,2396,-479,95,18
872,2025-07-01 18:05:44.633,2025-07-01 18:05:44.523792,8.020575523376465,-5.52821159362793,2.3726539611816406,-0.03420845419168472,0.13927727937698364,0.00855211354792118,2025-07-01 18:05:44.559,1751373344559,-7710,-3211,2317,-213,-267,-546
873,2025-07-01 18:05:44.729,2025-07-01 18:05:44.622317,7.943961143493652,-5.640739440917969,2.4899697303771973,0.030543262138962746,0.12828169763088226,-0.07452555745840073,2025-07-01 18:05:44.658,1751373344658,-7723,-3306,2319,-631,32,-524
874,2025-07-01 18:05:44.936,2025-07-01 18:05:44.920180,8.068459510803223,-5.104437828063965,2.2194249629974365,-0.13561208546161652,-0.04886921867728233,0.0806342139840126,2025-07-01 18:05:44.919,1751373344919,-7778,-3360,1936,-1090,101,-116
875,2025-07-01 18:05:45.040,2025-07-01 18:05:45.020350,7.970297336578369,-5.793968200683594,2.454056739807129,-0.12217304855585098,-0.018325956538319588,0.006108652334660292,2025-07-01 18:05:45.007,1751373345007,-7981,-2771,1894,-1705,-248,144
876,2025-07-01 18:05:45.136,2025-07-01 18:05:45.123087,8.1139497756958,-5.394136428833008,2.2409727573394775,0.02932153269648552,-0.021991148591041565,-0.05497787147760391,2025-07-01 18:05:45.108,1751373345108,-7962,-3142,1816,-5137,-1917,1287
877,2025-07-01 18:05:45.241,2025-07-01 18:05:45.223315,8.147468566894531,-5.264849662780762,2.190694570541382,-0.006108652334660292,0.00855211354792118,-0.03787364438176155,2025-07-01 18:05:45.208,1751373345208,-7551,-3953,2091,-4835,-1902,1343
878,2025-07-01 18:05:45.329,2025-07-01 18:05:45.321056,8.04930591583252,-5.372588634490967,2.231395959854126,-0.021991148591041565,0.051312681287527084,-0.01466076634824276,2025-07-01 18:05:45.281,1751373345281,-7370,-3550,1780,-2840,-705,621
879,2025-07-01 18:05:45.630,2025-07-01 18:05:45.521578,7.862558364868164,-5.743690013885498,2.499546527862549,-0.009773843921720982,0.004886921960860491,-0.03420845419168472,2025-07-01 18:05:45.548,1751373345548,-7666,-2803,1838,-64,280,-5
880,2025-07-01 18:05:45.734,2025-07-01 18:05:45.721146,8.17380428314209,-5.370194435119629,2.3702597618103027,-0.03176499158143997,0.04398229718208313,0.05009094998240471,2025-07-01 18:05:45.720,1751373345720,-7937,-3153,1847,154,-7,-380
881,2025-07-01 18:05:45.832,2025-07-01 18:05:45.821797,7.802703380584717,-5.920860767364502,2.6455929279327393,0.042760565876960754,0.04398229718208313,0.018325956538319588,2025-07-01 18:05:45.820,1751373345820,-7800,-2973,1894,613,280,530
882,2025-07-01 18:05:45.932,2025-07-01 18:05:45.920931,7.927201747894287,-5.224148273468018,2.557007312774658,0.07330382615327835,0.02076941914856434,-0.06475171446800232,2025-07-01 18:05:45.911,1751373345911,-8061,-2865,1862,134,265,62
883,2025-07-01 18:05:46.031,2025-07-01 18:05:45.920931,7.927201747894287,-5.224148273468018,2.557007312774658,0.07330382615327835,0.02076941914856434,-0.06475171446800232,2025-07-01 18:05:45.911,1751373345911,-8061,-2865,1862,134,265,62
884,2025-07-01 18:05:46.128,2025-07-01 18:05:46.122392,8.04691219329834,-5.475539207458496,2.5258827209472656,-0.02932153269648552,-0.019547687843441963,0.010995574295520782,2025-07-01 18:05:46.095,1751373346095,-7655,-2744,1908,-378,64,3
885,2025-07-01 18:05:46.227,2025-07-01 18:05:46.221538,8.109161376953125,-5.406107425689697,2.387019157409668,-0.1062905490398407,-0.006108652334660292,-0.018325956538319588,2025-07-01 18:05:46.181,1751373346181,-7680,-2709,1886,27,44,-263
886,2025-07-01 18:05:46.530,2025-07-01 18:05:46.420613,8.058882713317871,-5.348646640777588,2.3965959548950195,-0.01466076634824276,0.010995574295520782,0.00366519158706069,2025-07-01 18:05:46.446,1751373346446,-7653,-2924,1847,914,369,344
887,2025-07-01 18:05:46.626,2025-07-01 18:05:46.622402,8.118738174438477,-5.245696067810059,2.470816135406494,0.045204028487205505,0.019547687843441963,-0.06352998316287994,2025-07-01 18:05:46.625,1751373346625,-7967,-2827,1814,299,-10,-105
888,2025-07-01 18:05:46.727,2025-07-01 18:05:46.725682,8.11634349822998,-5.3582234382629395,2.542642116546631,0.006108652334660292,0.03176499158143997,-0.05742133408784866,2025-07-01 18:05:46.725,1751373346725,-8018,-3157,1869,-431,85,-216
889,2025-07-01 18:05:46.826,2025-07-01 18:05:46.822036,8.185775756835938,-5.276820659637451,2.47560453414917,0.015882495790719986,0.006108652334660292,-0.02321287989616394,2025-07-01 18:05:46.817,1751373346817,-7616,-3038,1513,-647,107,-868
890,2025-07-01 18:05:46.926,2025-07-01 18:05:46.923201,8.166622161865234,-5.178658485412598,2.535459518432617,0.04153883829712868,-0.0024434609804302454,-0.04886921867728233,2025-07-01 18:05:46.893,1751373346893,-7684,-3374,1498,-466,-596,-503
891,2025-07-01 18:05:47.127,2025-07-01 18:05:47.126068,8.252813339233398,-4.98472785949707,2.5785553455352783,0.06230825558304787,0.021991148591041565,-0.08185594528913498,2025-07-01 18:05:47.090,1751373347090,-7790,-3423,2119,96,-771,264
892,2025-07-01 18:05:47.427,2025-07-01 18:05:47.324701,8.248024940490723,-5.0469770431518555,2.7102363109588623,0.03787364438176155,0.05253441259264946,-0.045204028487205505,2025-07-01 18:05:47.344,1751373347344,-7418,-3631,1990,-627,-441,-612
893,2025-07-01 18:05:47.527,2025-07-01 18:05:47.425285,8.394071578979492,-4.888959884643555,2.6599581241607666,0.00855211354792118,0.05253441259264946,-0.015882495790719986,2025-07-01 18:05:47.445,1751373347445,-7686,-3338,2270,-56,-783,-273
894,2025-07-01 18:05:47.627,2025-07-01 18:05:47.625681,8.26478385925293,-5.137956619262695,2.782062292098999,-0.019547687843441963,-0.021991148591041565,0.015882495790719986,2025-07-01 18:05:47.627,1751373347627,-7706,-2959,2487,-3,-556,211
895,2025-07-01 18:05:47.735,2025-07-01 18:05:47.724443,8.33182144165039,-5.149928092956543,2.736572504043579,0.015882495790719986,-0.07452555745840073,-0.042760565876960754,2025-07-01 18:05:47.710,1751373347710,-7785,-3109,2580,-40,319,247
896,2025-07-01 18:05:47.826,2025-07-01 18:05:47.822192,8.358158111572266,-4.917690277099609,2.6599581241607666,-0.012217304669320583,-0.06963863968849182,-0.0024434609804302454,2025-07-01 18:05:47.810,1751373347810,-7578,-2957,2232,277,151,347
897,2025-07-01 18:05:47.926,2025-07-01 18:05:47.921521,8.274360656738281,-5.197812080383301,2.691082715988159,0.021991148591041565,-0.08307767659425735,-0.03176499158143997,2025-07-01 18:05:47.892,1751373347892,-7569,-3200,2395,362,221,-76
898,2025-07-01 18:05:48.226,2025-07-01 18:05:48.128317,8.540117263793945,-3.421314239501953,1.7549498081207275,-0.05375614017248154,-0.27122417092323303,-0.09529497474431992,2025-07-01 18:05:48.163,1751373348163,-7743,-3019,2222,157,265,-361
899,2025-07-01 18:05:48.330,2025-07-01 18:05:48.221086,8.65743350982666,-5.413290023803711,2.5067291259765625,0.006108652334660292,-0.19914206862449646,-0.10018189996480942,2025-07-01 18:05:48.243,1751373348243,-7772,-2995,2224,134,-4,-380
900,2025-07-01 18:05:48.426,2025-07-01 18:05:48.428785,8.966285705566406,-4.323928356170654,1.800439715385437,-0.0403171069920063,-0.11850785464048386,-0.02687807008624077,2025-07-01 18:05:48.423,1751373348423,-7353,-3119,2038,171,210,-337
901,2025-07-01 18:05:48.527,2025-07-01 18:05:48.529164,8.786720275878906,-4.896142482757568,1.9800047874450684,0.042760565876960754,-0.05375614017248154,-0.08918632566928864,2025-07-01 18:05:48.524,1751373348524,-7477,-3561,2284,595,825,-230
902,2025-07-01 18:05:48.627,2025-07-01 18:05:48.626978,8.995016098022461,-4.431667327880859,1.9153614044189453,0.12828169763088226,-0.0012217304902151227,-0.11362093687057495,2025-07-01 18:05:48.604,1751373348604,-7396,-3518,2348,2600,1906,-506
903,2025-07-01 18:05:48.726,2025-07-01 18:05:48.729089,8.813055992126465,-3.6511576175689697,1.6160861253738403,0.0024434609804302454,0.00855211354792118,-0.03176499158143997,2025-07-01 18:05:48.703,1751373348703,-7561,-3317,1953,3630,2123,-805
904,2025-07-01 18:05:48.826,2025-07-01 18:05:48.822237,8.75080680847168,-4.525041103363037,2.030282974243164,-0.024434609338641167,0.02321287989616394,0.045204028487205505,2025-07-01 18:05:48.784,1751373348784,-7981,-3346,2146,3549,1743,-658
905,2025-07-01 18:05:49.126,2025-07-01 18:05:49.026860,8.791508674621582,-4.7836151123046875,1.9584569931030273,-0.07330382615327835,-0.0012217304902151227,0.0708603709936142,2025-07-01 18:05:49.059,1751373349059,-7070,-3687,2442,-457,3,-1867
906,2025-07-01 18:05:49.226,2025-07-01 18:05:49.123219,8.877699851989746,-4.546588897705078,1.7980455160140991,0.03176499158143997,0.00366519158706069,0.01710422709584236,2025-07-01 18:05:49.143,1751373349143,-7534,-3717,2650,-875,-224,-234
907,2025-07-01 18:05:49.329,2025-07-01 18:05:49.328286,8.489839553833008,-5.018246650695801,2.6240451335906982,0.10506882518529892,0.18814650177955627,-0.36163222789764404,2025-07-01 18:05:49.328,1751373349328,-7547,-3920,2274,-690,-523,-69
908,2025-07-01 18:05:49.526,2025-07-01 18:05:49.535383,8.89685344696045,-4.477157115936279,2.293645143508911,0.019547687843441963,-0.12828169763088226,0.18448130786418915,2025-07-01 18:05:49.506,1751373349506,-7072,-3713,2233,-930,-584,637
909,2025-07-01 18:05:49.630,2025-07-01 18:05:49.630457,9.047688484191895,-4.027047157287598,1.9800047874450684,-0.028099801391363144,-0.013439035043120384,0.030543262138962746,2025-07-01 18:05:49.600,1751373349600,-7196,-4068,2397,-1243,-1015,1728
910,2025-07-01 18:05:49.726,2025-07-01 18:05:49.630457,9.047688484191895,-4.027047157287598,1.9800047874450684,-0.028099801391363144,-0.013439035043120384,0.030543262138962746,2025-07-01 18:05:49.600,1751373349600,-7196,-4068,2397,-1243,-1015,1728
911,2025-07-01 18:05:50.046,2025-07-01 18:05:49.933665,8.853757858276367,-4.649539470672607,2.0398597717285156,-0.05375614017248154,0.05497787147760391,0.06719517707824707,2025-07-01 18:05:49.970,1751373349970,-7349,-3248,2046,-693,321,917
912,2025-07-01 18:05:50.337,2025-07-01 18:05:50.320313,8.544905662536621,-4.759673118591309,2.0015525817871094,-0.010995574295520782,0.0354301854968071,0.11850785464048386,2025-07-01 18:05:50.310,1751373350310,-8056,-2595,2156,2998,68,-863
913,2025-07-01 18:05:50.432,2025-07-01 18:05:50.420900,8.406042098999023,-5.008669853210449,2.1045033931732178,0.00366519158706069,0.039095375686883926,0.0403171069920063,2025-07-01 18:05:50.402,1751373350402,-8028,-2243,1955,2622,-204,-616
914,2025-07-01 18:05:50.729,2025-07-01 18:05:50.724416,8.537723541259766,-4.78122091293335,2.051830768585205,0.02932153269648552,0.006108652334660292,0.019547687843441963,2025-07-01 18:05:50.689,1751373350689,-7665,-2414,2895,1299,-366,-200
915,2025-07-01 18:05:50.826,2025-07-01 18:05:50.724416,8.537723541259766,-4.78122091293335,2.051830768585205,0.02932153269648552,0.006108652334660292,0.019547687843441963,2025-07-01 18:05:50.761,1751373350761,-7584,-2599,2540,-1758,430,-93
916,2025-07-01 18:05:50.932,2025-07-01 18:05:50.838461,8.561665534973145,-4.752490520477295,2.1356279850006104,-0.013439035043120384,0.03420845419168472,0.03176499158143997,2025-07-01 18:05:50.863,1751373350863,-8009,-2900,1838,-3768,645,485
917,2025-07-01 18:05:51.027,2025-07-01 18:05:50.927964,8.468291282653809,-5.039794445037842,2.2002713680267334,0.004886921960860491,0.0403171069920063,0.07330382615327835,2025-07-01 18:05:50.964,1751373350964,-8000,-3084,1597,-3801,531,526
918,2025-07-01 18:05:51.129,2025-07-01 18:05:51.031120,8.427590370178223,-4.994304656982422,2.0231003761291504,-0.05619960278272629,0.036651913076639175,0.1111774742603302,2025-07-01 18:05:51.053,1751373351053,-8035,-2729,982,-2429,1024,294
919,2025-07-01 18:05:51.228,2025-07-01 18:05:51.233629,8.33182144165039,-5.166687488555908,2.205059766769409,-0.04642575979232788,0.11362093687057495,0.09162978827953339,2025-07-01 18:05:51.228,1751373351228,-7856,-2715,932,-2029,923,156
920,2025-07-01 18:05:51.426,2025-07-01 18:05:51.430942,8.324639320373535,-5.396530628204346,2.499546527862549,0.019547687843441963,0.004886921960860491,0.03420845419168472,2025-07-01 18:05:51.396,1751373351396,-7824,-3137,1028,-979,1056,622
921,2025-07-01 18:05:51.526,2025-07-01 18:05:51.532675,8.312667846679688,-5.145139217376709,1.9752163887023926,-0.08552113175392151,0.01466076634824276,0.02932153269648552,2025-07-01 18:05:51.494,1751373351494,-8024,-3095,669,-348,-124,-249
922,2025-07-01 18:05:51.829,2025-07-01 18:05:51.731839,8.176198959350586,-5.679046630859375,2.1811177730560303,-0.10506882518529892,-0.01710422709584236,0.08429940044879913,2025-07-01 18:05:51.759,1751373351759,-7938,-2998,686,-175,339,-39
923,2025-07-01 18:05:51.926,2025-07-01 18:05:51.833158,8.094796180725098,-5.329493045806885,2.207453966140747,-0.025656340643763542,-0.03298672288656235,0.03298672288656235,2025-07-01 18:05:51.848,1751373351848,-8008,-2754,501,168,312,113
924,2025-07-01 18:05:52.029,2025-07-01 18:05:51.833158,8.094796180725098,-5.329493045806885,2.207453966140747,-0.025656340643763542,-0.03298672288656235,0.03298672288656235,2025-07-01 18:05:51.848,1751373351848,-8008,-2754,501,168,312,113
925,2025-07-01 18:05:52.627,2025-07-01 18:05:52.533496,8.085219383239746,-5.638344764709473,1.8842366933822632,-0.028099801391363144,-0.019547687843441963,0.01710422709584236,2025-07-01 18:05:52.570,1751373352570,-8039,-2805,838,1523,75,-862
926,2025-07-01 18:05:52.728,2025-07-01 18:05:52.628672,8.154650688171387,-5.609614372253418,1.8938134908676147,-0.05009094998240471,-0.028099801391363144,-0.019547687843441963,2025-07-01 18:05:52.657,1751373352657,-7987,-2805,852,1442,73,-751
927,2025-07-01 18:05:52.827,2025-07-01 18:05:52.741302,8.032546997070312,-5.592854976654053,1.8962076902389526,-0.030543262138962746,0.01466076634824276,-0.0024434609804302454,2025-07-01 18:05:52.749,1751373352749,-7565,-3407,1144,243,-474,-720
928,2025-07-01 18:05:52.927,2025-07-01 18:05:52.835708,8.094796180725098,-5.521028995513916,1.9321208000183105,-0.010995574295520782,-0.01466076634824276,-0.009773843921720982,2025-07-01 18:05:52.841,1751373352841,-7522,-3561,1287,240,544,-1271
929,2025-07-01 18:05:53.126,2025-07-01 18:05:53.135910,8.027758598327637,-5.69580602645874,1.800439715385437,0.039095375686883926,-0.01710422709584236,0.025656340643763542,2025-07-01 18:05:53.124,1751373353124,-6598,-4876,1275,1123,85,-2455
930,2025-07-01 18:05:53.227,2025-07-01 18:05:53.231770,8.008605003356934,-5.669469833374023,1.86508309841156,-0.02932153269648552,-0.019547687843441963,0.0354301854968071,2025-07-01 18:05:53.208,1751373353208,-6723,-5166,1439,-14,-95,-918
931,2025-07-01 18:05:53.427,2025-07-01 18:05:53.339261,8.063671112060547,-5.590460777282715,1.7741034030914307,-0.036651913076639175,-0.0024434609804302454,0.01710422709584236,2025-07-01 18:05:53.380,1751373353380,-6667,-5064,1610,-297,-881,927
932,2025-07-01 18:05:53.626,2025-07-01 18:05:53.538203,8.075642585754395,-5.743690013885498,1.8770540952682495,-0.03787364438176155,0.01710422709584236,0.0012217304902151227,2025-07-01 18:05:53.560,1751373353560,-6863,-4640,2176,71,-2122,240
933,2025-07-01 18:05:53.743,2025-07-01 18:05:53.627991,7.99184513092041,-5.7772088050842285,1.7860745191574097,-0.05375614017248154,0.024434609338641167,-0.0012217304902151227,2025-07-01 18:05:53.644,1751373353644,-6805,-4687,2294,-46,-1791,230
934,2025-07-01 18:05:53.831,2025-07-01 18:05:53.722379,8.066065788269043,-5.592854976654053,1.6663644313812256,-0.059864792972803116,0.00366519158706069,0.03787364438176155,2025-07-01 18:05:53.757,1751373353757,-7019,-4254,2472,-488,-409,2165
935,2025-07-01 18:05:53.926,2025-07-01 18:05:53.938243,7.972691535949707,-5.810727596282959,1.9991583824157715,-0.02687807008624077,0.004886921960860491,-0.03420845419168472,2025-07-01 18:05:53.926,1751373353926,-6593,-4217,2771,-216,-599,2376
936,2025-07-01 18:05:54.126,2025-07-01 18:05:54.120791,7.95832633972168,-5.95677375793457,1.6065093278884888,0.0012217304902151227,-0.02321287989616394,0.04153883829712868,2025-07-01 18:05:54.106,1751373354106,-8017,-3427,2536,-434,-31,-5
937,2025-07-01 18:05:54.327,2025-07-01 18:05:54.232813,7.8960771560668945,-5.688623428344727,1.5514427423477173,0.00733038317412138,-0.006108652334660292,0.030543262138962746,2025-07-01 18:05:54.272,1751373354272,-7105,-3444,2441,236,295,-138
938,2025-07-01 18:05:54.526,2025-07-01 18:05:54.432381,7.860164165496826,-6.179434776306152,1.6663644313812256,0.030543262138962746,0.03176499158143997,0.013439035043120384,2025-07-01 18:05:54.457,1751373354457,-7948,-3099,2585,-105,232,-3
939,2025-07-01 18:05:54.726,2025-07-01 18:05:54.738841,8.02536392211914,-5.717353820800781,1.6759412288665771,0.0354301854968071,0.024434609338641167,0.1160643994808197,2025-07-01 18:05:54.723,1751373354723,-8100,-2913,2583,873,119,-3812
940,2025-07-01 18:05:54.826,2025-07-01 18:05:54.826082,7.565677165985107,-6.53377628326416,1.8914192914962769,0.09651670604944229,0.0403171069920063,0.0659734457731247,2025-07-01 18:05:54.825,1751373354825,-7476,-3813,2693,1795,1040,-2602
941,2025-07-01 18:05:54.926,2025-07-01 18:05:54.943204,7.599195957183838,-6.196194171905518,1.742978811264038,0.0012217304902151227,0.018325956538319588,-0.018325956538319588,2025-07-01 18:05:54.906,1751373354906,-7112,-4171,2847,2380,1587,-2403
942,2025-07-01 18:05:55.033,2025-07-01 18:05:55.036382,7.8098859786987305,-5.770026206970215,1.9823989868164062,0.13072516024112701,-0.02932153269648552,-0.08796459436416626,2025-07-01 18:05:55.009,1751373355009,-6851,-4151,2303,2574,1479,-1016
943,2025-07-01 18:05:55.431,2025-07-01 18:05:55.337350,7.891288757324219,-5.889736175537109,1.7980455160140991,0.15882496535778046,-0.0708603709936142,-0.013439035043120384,2025-07-01 18:05:55.367,1751373355367,-6809,-4195,2388,543,-109,-12
944,2025-07-01 18:05:55.628,2025-07-01 18:05:55.626952,7.623138427734375,-6.224924564361572,1.8291701078414917,-0.015882495790719986,0.05742133408784866,0.05253441259264946,2025-07-01 18:05:55.623,1751373355623,-6545,-4875,2882,0,-876,-1161
945,2025-07-01 18:05:55.734,2025-07-01 18:05:55.740628,7.999027729034424,-5.664681434631348,1.721431016921997,0.05619960278272629,0.006108652334660292,-0.0806342139840126,2025-07-01 18:05:55.724,1751373355724,-6056,-5474,2795,-196,-126,489
946,2025-07-01 18:05:55.930,2025-07-01 18:05:55.920294,7.352593421936035,-6.672640323638916,2.4875755310058594,0.7037167549133301,0.05375614017248154,-0.23335053026676178,2025-07-01 18:05:55.905,1751373355905,-7258,-4128,2206,-545,868,1998
947,2025-07-01 18:05:56.132,2025-07-01 18:05:56.120261,8.259995460510254,-5.631162166595459,2.145204782485962,-0.11728613078594208,0.009773843921720982,0.05497787147760391,2025-07-01 18:05:56.082,1751373356082,-7556,-3419,2203,-12,288,-23
948,2025-07-01 18:05:56.426,2025-07-01 18:05:56.346123,8.008605003356934,-5.724536418914795,2.0207061767578125,-0.030543262138962746,-0.015882495790719986,-0.08307767659425735,2025-07-01 18:05:56.361,1751373356361,-7107,-3892,2336,-320,531,702
949,2025-07-01 18:05:56.526,2025-07-01 18:05:56.539109,8.121131896972656,-5.418078422546387,2.056619167327881,-0.010995574295520782,0.010995574295520782,0.06475171446800232,2025-07-01 18:05:56.525,1751373356525,-7420,-3290,2022,39,456,-91
950,2025-07-01 18:05:56.626,2025-07-01 18:05:56.642463,8.106766700744629,-5.317522048950195,2.183511972427368,-0.02321287989616394,-0.03298672288656235,0.010995574295520782,2025-07-01 18:05:56.615,1751373356615,-7395,-3537,2007,-109,-307,-34
951,2025-07-01 18:05:56.826,2025-07-01 18:05:56.840580,8.056488990783691,-5.66228723526001,2.1763293743133545,-0.02076941914856434,-0.0708603709936142,0.02076941914856434,2025-07-01 18:05:56.801,1751373356801,-7278,-3764,2390,129,369,41
952,2025-07-01 18:05:57.428,2025-07-01 18:05:57.443826,8.135497093200684,-5.319916248321533,2.0231003761291504,-0.1062905490398407,0.036651913076639175,0.09040805697441101,2025-07-01 18:05:57.426,1751373357426,-7620,-3399,2031,734,869,628
953,2025-07-01 18:05:57.526,2025-07-01 18:05:57.542203,8.006210327148438,-6.016628742218018,2.2026655673980713,-0.02076941914856434,0.03420845419168472,0.030543262138962746,2025-07-01 18:05:57.523,1751373357523,-7724,-3206,2364,219,-304,1100
954,2025-07-01 18:05:57.634,2025-07-01 18:05:57.636897,7.931990146636963,-6.497863292694092,2.3367409706115723,0.14294247329235077,0.15882496535778046,-0.24434609711170197,2025-07-01 18:05:57.634,1751373357634,-7315,-3094,1998,503,472,673
955,2025-07-01 18:05:57.927,2025-07-01 18:05:57.840902,8.38449478149414,-4.587290287017822,2.1499931812286377,-0.08918632566928864,0.00733038317412138,0.06230825558304787,2025-07-01 18:05:57.876,1751373357876,-8487,-1932,919,-143,601,-22
956,2025-07-01 18:05:58.126,2025-07-01 18:05:58.049073,8.257601737976074,-5.4444146156311035,2.169146776199341,-0.10018189996480942,0.06230825558304787,0.11850785464048386,2025-07-01 18:05:58.061,1751373358061,-8315,-2190,1178,646,557,-295
957,2025-07-01 18:05:58.242,2025-07-01 18:05:58.144657,8.044517517089844,-5.669469833374023,2.3367409706115723,-0.00733038317412138,0.03298672288656235,0.024434609338641167,2025-07-01 18:05:58.153,1751373358153,-7890,-2455,1210,731,-146,760
958,2025-07-01 18:05:58.326,2025-07-01 18:05:58.343520,8.233659744262695,-5.286397457122803,2.1763293743133545,0.059864792972803116,-0.021991148591041565,-0.17348572611808777,2025-07-01 18:05:58.326,1751373358326,-8187,-1772,1388,3752,609,329
959,2025-07-01 18:05:58.428,2025-07-01 18:05:58.443519,8.415618896484375,-4.912901878356934,2.1811177730560303,0.09040805697441101,-0.06719517707824707,-0.2577851414680481,2025-07-01 18:05:58.412,1751373358412,-8483,-1390,1651,2430,-708,129
960,2025-07-01 18:05:58.632,2025-07-01 18:05:58.639350,8.465897560119629,-4.922478675842285,2.2433669567108154,0.045204028487205505,-0.06475171446800232,-0.09529497474431992,2025-07-01 18:05:58.604,1751373358604,-8032,-1812,2577,-18,-1595,327
961,2025-07-01 18:05:58.927,2025-07-01 18:05:58.840421,8.621520042419434,-4.623203277587891,2.1140801906585693,-0.05497787147760391,0.03176499158143997,0.00366519158706069,2025-07-01 18:05:58.861,1751373358861,-8290,-1171,2588,-176,-90,284
962,2025-07-01 18:05:59.026,2025-07-01 18:05:58.945009,8.559270858764648,-4.857835292816162,2.1595699787139893,-0.0659734457731247,0.021991148591041565,0.05864306539297104,2025-07-01 18:05:58.950,1751373358950,-8282,-1272,2647,-676,-334,379
963,2025-07-01 18:05:59.127,2025-07-01 18:05:59.049289,8.49941635131836,-4.862623691558838,2.1954829692840576,-0.00855211354792118,0.00733038317412138,0.08796459436416626,2025-07-01 18:05:59.047,1751373359047,-7893,-1627,2600,-1349,-386,380
964,2025-07-01 18:05:59.228,2025-07-01 18:05:59.246981,8.372523307800293,-5.245696067810059,2.1595699787139893,-0.06108652427792549,0.004886921960860491,0.13316862285137177,2025-07-01 18:05:59.225,1751373359225,-7998,-1400,2256,-1975,-796,121
965,2025-07-01 18:05:59.326,2025-07-01 18:05:59.346231,8.276755332946777,-5.281609058380127,2.078166961669922,-0.06352998316287994,0.010995574295520782,0.09529497474431992,2025-07-01 18:05:59.323,1751373359323,-7357,-3469,2382,-6221,-1405,-363
966,2025-07-01 18:05:59.726,2025-07-01 18:05:59.642536,8.236053466796875,-5.4228668212890625,2.1595699787139893,0.045204028487205505,0.0,-0.0024434609804302454,2025-07-01 18:05:59.674,1751373359674,-7888,-2756,1697,-1309,-218,106
967,2025-07-01 18:05:59.827,2025-07-01 18:05:59.741209,8.245630264282227,-5.161899089813232,2.0638017654418945,0.00855211354792118,-0.009773843921720982,0.006108652334660292,2025-07-01 18:05:59.770,1751373359770,-7969,-2460,1719,-1207,-1090,654
968,2025-07-01 18:06:00.026,2025-07-01 18:05:59.947852,8.111555099487305,-5.530605792999268,2.3319525718688965,0.02321287989616394,-0.02076941914856434,0.039095375686883926,2025-07-01 18:05:59.950,1751373359950,-8031,-2043,2423,562,-350,285
969,2025-07-01 18:06:00.126,2025-07-01 18:06:00.033457,8.130708694458008,-5.188235282897949,2.006340980529785,0.013439035043120384,-0.009773843921720982,0.03176499158143997,2025-07-01 18:06:00.043,1751373360043,-8035,-1980,2273,628,-308,-199
970,2025-07-01 18:06:00.226,2025-07-01 18:06:00.229008,8.13789176940918,-5.57370138168335,2.1068975925445557,0.0012217304902151227,-0.05375614017248154,-0.06475171446800232,2025-07-01 18:06:00.221,1751373360221,-8015,-2008,2606,614,-65,-223
971,2025-07-01 18:06:00.326,2025-07-01 18:06:00.333569,8.283937454223633,-5.140350818634033,1.9991583824157715,0.12950342893600464,-0.018325956538319588,-0.11972958594560623,2025-07-01 18:06:00.320,1751373360320,-8254,-1782,2403,2003,1151,-896
972,2025-07-01 18:06:00.730,2025-07-01 18:06:00.648230,8.429984092712402,-4.774038314819336,2.073378562927246,0.018325956538319588,-0.006108652334660292,0.02687807008624077,2025-07-01 18:06:00.676,1751373360676,-7615,-2936,2365,1155,849,-2388
973,2025-07-01 18:06:00.832,2025-07-01 18:06:00.737100,8.358158111572266,-5.1595048904418945,2.0638017654418945,0.012217304669320583,0.0,0.0,2025-07-01 18:06:00.764,1751373360764,-7762,-3587,2178,-381,8,-2152