id,ActualTime,WatchTimeStamp,Ax watch,Ay watch,Az watch,Gx watch,Gy watch,Gz watch,Esense TimeStamp,Time in Epochs (ignore),Ax esense,Ay esense,Az esense,Gx esense,Gy esense,Gz esense
1,2025-07-01 17:48:11.174,2025-07-01 17:48:10.617699,9.433155059814453,-2.0159177780151367,-1.3838485479354858,2.5521950721740723,-0.41661009192466736,-0.0757472887635231,2025-07-01 17:48:10.628,1751372290628,-7904,-502,-105,-6332,-407,1140
2,2025-07-01 17:48:11.374,2025-07-01 17:48:11.017170,9.346963882446289,-4.970362663269043,-0.4836287498474121,1.996307611465454,-0.7318165898323059,-0.6914994716644287,2025-07-01 17:48:10.991,1751372290991,-8285,-35,-126,-2529,274,755
3,2025-07-01 17:48:11.474,2025-07-01 17:48:11.117081,8.47547435760498,-3.0334534645080566,-0.5363011956214905,3.461162567138672,-0.7745771408081055,-0.27977627515792847,2025-07-01 17:48:11.140,1751372291140,-8654,353,332,-1638,-221,730
4,2025-07-01 17:48:11.574,2025-07-01 17:48:11.317601,9.536105155944824,-3.773261785507202,-1.6687586307525635,1.8985692262649536,-0.3543018400669098,0.44226643443107605,2025-07-01 17:48:11.315,1751372291315,-7748,2181,-175,-1172,328,824
5,2025-07-01 17:48:11.782,2025-07-01 17:48:11.417319,9.090784072875977,-2.782062292098999,-3.8546648025512695,1.8496999740600586,-0.4141666293144226,0.7904596328735352,2025-07-01 17:48:11.428,1751372291428,-8720,2729,-135,-2479,34,77
6,2025-07-01 17:48:11.900,2025-07-01 17:48:11.516863,9.50737476348877,-3.071760892868042,-0.608127236366272,1.4844025373458862,0.13561208546161652,1.2009611129760742,2025-07-01 17:48:11.498,1751372291498,-8440,2433,-296,-2962,-320,-222
7,2025-07-01 17:48:11.993,2025-07-01 17:48:11.617085,8.860940933227539,-4.185064792633057,-0.2585737705230713,1.0910053253173828,0.05009094998240471,0.8613200187683105,2025-07-01 17:48:11.606,1751372291606,-8605,1297,882,-1973,293,-402
8,2025-07-01 17:48:12.082,2025-07-01 17:48:11.717096,7.443572998046875,-5.07570743560791,1.5634137392044067,0.9859365224838257,-0.2785545587539673,0.3677408695220947,2025-07-01 17:48:11.686,1751372291686,-8508,1137,1040,-1074,-552,-192
9,2025-07-01 17:48:12.387,2025-07-01 17:48:12.117415,8.662221908569336,-4.077325344085693,2.6360161304473877,-0.1514945775270462,-0.0024434609804302454,-0.455705463886261,2025-07-01 17:48:12.136,1751372292136,-8004,578,369,-79,737,17
10,2025-07-01 17:48:12.580,2025-07-01 17:48:12.217779,9.342175483703613,-5.147533416748047,3.4787750244140625,-0.05497787147760391,-0.31520646810531616,-0.8161159753799438,2025-07-01 17:48:12.231,1751372292231,-8095,2064,-197,572,-38,694
11,2025-07-01 17:48:12.691,2025-07-01 17:48:12.317047,9.995792388916016,-3.976768970489502,3.0621838569641113,0.3982841372489929,0.04886921867728233,-0.48747047781944275,2025-07-01 17:48:12.310,1751372292310,-8191,1927,-224,580,292,682
12,2025-07-01 17:48:12.881,2025-07-01 17:48:12.517060,9.691728591918945,-4.994304656982422,3.7876269817352295,-0.48747047781944275,0.39706242084503174,0.4447098970413208,2025-07-01 17:48:12.526,1751372292526,-8502,2456,-402,307,550,690
13,2025-07-01 17:48:13.484,2025-07-01 17:48:13.117005,6.129156112670898,-1.2617442607879639,3.002328872680664,-0.38728857040405273,0.34208452701568604,0.1319468915462494,2025-07-01 17:48:13.156,1751372293156,-8486,1205,-627,-78,-130,664
14,2025-07-01 17:48:13.574,2025-07-01 17:48:13.317868,7.357381820678711,-6.976703643798828,4.965574264526367,-0.5021312236785889,-0.0403171069920063,-0.9028588533401489,2025-07-01 17:48:13.315,1751372293315,-7999,2080,-319,-136,84,604
15,2025-07-01 17:48:13.875,2025-07-01 17:48:13.517256,8.59997272491455,-4.841075897216797,3.423708438873291,0.836885392665863,0.16371189057826996,-0.14538592100143433,2025-07-01 17:48:13.483,1751372293483,-8024,2133,-163,-243,-13,603
16,2025-07-01 17:48:14.077,2025-07-01 17:48:13.717272,8.69334602355957,-5.1116204261779785,3.2321722507476807,-0.43249258399009705,0.11850785464048386,0.7525860071182251,2025-07-01 17:48:13.688,1751372293688,-8260,2682,-1624,-56,358,-135
17,2025-07-01 17:48:14.275,2025-07-01 17:48:13.917082,6.433219909667969,-7.261613845825195,2.0901381969451904,-1.2486085891723633,-0.3738495409488678,1.2974777221679688,2025-07-01 17:48:13.933,1751372293933,-8467,3008,-2404,-146,-522,-2114
18,2025-07-01 17:48:14.374,2025-07-01 17:48:14.017752,5.293580055236816,-9.452308654785156,0.5219359993934631,-0.5558874011039734,-0.6976081132888794,1.2376129627227783,2025-07-01 17:48:14.030,1751372294030,-8578,2573,-2078,-3008,-2365,-4030
19,2025-07-01 17:48:14.590,2025-07-01 17:48:14.220239,1.8052281141281128,-8.995016098022461,0.7709329724311829,0.13927727937698364,-0.5583308339118958,1.246165156364441,2025-07-01 17:48:14.203,1751372294203,-7118,-527,900,-3159,-3736,-5188
20,2025-07-01 17:48:14.674,2025-07-01 17:48:14.317097,1.3766659498214722,-10.211270332336426,-0.42377370595932007,-0.1014036312699318,-0.6389650702476501,1.1227703094482422,2025-07-01 17:48:14.320,1751372294320,-7160,-1771,1681,-3398,-3560,-6068
21,2025-07-01 17:48:15.076,2025-07-01 17:48:14.719161,-1.9584569931030273,-10.14902114868164,-0.5482721924781799,0.48258355259895325,-0.4190535545349121,0.5192354321479797,2025-07-01 17:48:14.754,1751372294754,-6718,-4248,3481,243,386,-1918
22,2025-07-01 17:48:15.276,2025-07-01 17:48:14.917216,-2.1380221843719482,-9.430760383605957,-0.31603461503982544,0.5607742667198181,-0.2223549485206604,0.7073819637298584,2025-07-01 17:48:14.924,1751372294924,-6765,-4479,1734,-586,3110,-1097
23,2025-07-01 17:48:15.374,2025-07-01 17:48:15.020126,-5.559336185455322,-11.616666793823242,2.410961151123047,1.1606439352035522,-0.15027284622192383,0.6792821288108826,2025-07-01 17:48:15.008,1751372295008,-6574,-4290,1875,-868,2801,-1090
24,2025-07-01 17:48:15.474,2025-07-01 17:48:15.117219,-4.32871675491333,-11.511322021484375,2.7485435009002686,2.6120598316192627,0.12828169763088226,1.3267992734909058,2025-07-01 17:48:15.116,1751372295116,-6814,-5176,692,-1324,1148,-1580
25,2025-07-01 17:48:15.609,2025-07-01 17:48:15.317097,-2.8107926845550537,-3.2609026432037354,4.1180267333984375,4.640132427215576,0.4337143301963806,0.06475171446800232,2025-07-01 17:48:15.307,1751372295307,-6593,-5248,801,-264,798,-831
26,2025-07-01 17:48:16.174,2025-07-01 17:48:15.917831,-5.114014625549316,-1.3096283674240112,7.074865818023682,1.0751228332519531,-0.44226643443107605,0.7257078886032104,2025-07-01 17:48:15.932,1751372295932,-6748,-5464,771,232,-150,113
27,2025-07-01 17:48:16.375,2025-07-01 17:48:16.016127,-5.805939197540283,4.886565685272217,10.359710693359375,0.5607742667198181,-0.1722639948129654,0.39584067463874817,2025-07-01 17:48:16.010,1751372296010,-6302,-5470,765,438,-404,58
28,2025-07-01 17:48:16.493,2025-07-01 17:48:16.116626,-5.468356609344482,-1.4915876388549805,7.067683219909668,-2.539977788925171,0.7012733221054077,-1.2705997228622437,2025-07-01 17:48:16.116,1751372296116,-6350,-5113,1024,181,-247,-20
29,2025-07-01 17:48:16.574,2025-07-01 17:48:16.217153,-4.716577529907227,0.5793967843055725,7.663839817047119,0.31520646810531616,-0.455705463886261,0.3787364661693573,2025-07-01 17:48:16.210,1751372296210,-6357,-5461,1291,-73,-371,-9
30,2025-07-01 17:48:16.796,2025-07-01 17:48:16.417487,-5.612008571624756,1.01753568649292,7.65186882019043,-2.339613914489746,0.5876523852348328,-1.1337659358978271,2025-07-01 17:48:16.453,1751372296453,-6722,-5051,1383,66,-284,329
31,2025-07-01 17:48:16.974,2025-07-01 17:48:16.616741,-5.853823184967041,3.426102638244629,9.047688484191895,1.6762142181396484,-0.5668829679489136,0.6829473376274109,2025-07-01 17:48:16.632,1751372296632,-6658,-5188,1198,-323,260,48
32,2025-07-01 17:48:17.074,2025-07-01 17:48:16.717231,-6.069301128387451,1.9488801956176758,7.972691535949707,-1.880243182182312,0.5522221922874451,-1.1533136367797852,2025-07-01 17:48:16.746,1751372296746,-6586,-5174,1163,30,-52,-73
33,2025-07-01 17:48:17.217,2025-07-01 17:48:16.817206,-5.20978307723999,-2.719813108444214,7.280767440795898,0.5009095072746277,-0.15515977144241333,0.31642818450927734,2025-07-01 17:48:16.825,1751372296825,-6773,-5167,1399,92,55,61
34,2025-07-01 17:48:17.298,2025-07-01 17:48:16.917070,-5.212177276611328,0.13407529890537262,8.389283180236816,2.122145891189575,-0.7550294399261475,0.9639453291893005,2025-07-01 17:48:16.904,1751372296904,-6396,-5002,1253,-4,50,-291
35,2025-07-01 17:48:17.377,2025-07-01 17:48:17.018193,-5.456385612487793,0.5889736413955688,9.311050415039062,-1.341460108757019,0.5913175344467163,-0.9089674949645996,2025-07-01 17:48:16.997,1751372296997,-6710,-5192,1244,321,-126,40
36,2025-07-01 17:48:17.682,2025-07-01 17:48:17.316978,-4.867412090301514,-2.094926595687866,8.944737434387207,-0.6817256212234497,0.5619960427284241,-0.6218608021736145,2025-07-01 17:48:17.296,1751372297296,-6365,-5457,1545,156,-312,-18
37,2025-07-01 17:48:17.786,2025-07-01 17:48:17.517146,-5.228936672210693,-2.2577321529388428,7.738059997558594,1.6273449659347534,-0.7391469478607178,1.2046263217926025,2025-07-01 17:48:17.556,1751372297556,-6670,-5001,1813,130,3,53
38,2025-07-01 17:48:17.883,2025-07-01 17:48:17.616357,-5.506663799285889,2.612074136734009,9.308655738830566,-0.4703662395477295,0.1869247704744339,-0.3604104816913605,2025-07-01 17:48:17.616,1751372297616,-6378,-5208,1792,184,20,69
39,2025-07-01 17:48:17.977,2025-07-01 17:48:17.717177,-4.077325344085693,-4.60165548324585,7.16584587097168,-2.3518311977386475,0.5937610268592834,-0.8478809595108032,2025-07-01 17:48:17.714,1751372297714,-6750,-5191,1811,-88,-284,81
40,2025-07-01 17:48:18.193,2025-07-01 17:48:17.817059,-5.200206279754639,-1.072602391242981,7.156269073486328,1.6126842498779297,-0.455705463886261,0.8503243923187256,2025-07-01 17:48:17.816,1751372297816,-6709,-5223,1888,7,56,-128
41,2025-07-01 17:48:18.288,2025-07-01 17:48:17.917181,-6.007051944732666,5.559336185455322,10.182539939880371,-0.35185837745666504,0.02321287989616394,-0.31520646810531616,2025-07-01 17:48:17.902,1751372297902,-6695,-5220,1869,-76,-68,56
42,2025-07-01 17:48:18.989,2025-07-01 17:48:18.716906,-4.422090530395508,-3.7445313930511475,5.341464042663574,1.0445796251296997,0.1270599663257599,-0.15027284622192383,2025-07-01 17:48:18.729,1751372298729,-6751,-5182,1661,322,-126,-361
43,2025-07-01 17:48:19.209,2025-07-01 17:48:18.917283,-6.01423454284668,-1.1444283723831177,8.288725852966309,-1.7348573207855225,0.5754350423812866,-0.9395107626914978,2025-07-01 17:48:18.880,1751372298880,-6385,-5214,1527,300,-85,-125
44,2025-07-01 17:48:19.581,2025-07-01 17:48:19.216845,-5.647922039031982,0.9720458984375,8.525752067565918,-1.557706356048584,0.42149701714515686,-1.0299187898635864,2025-07-01 17:48:19.209,1751372299209,-6580,-5159,1910,54,80,367
45,2025-07-01 17:48:19.677,2025-07-01 17:48:19.317678,-4.680664539337158,-5.427655220031738,5.884947776794434,-1.2608258724212646,0.7183775305747986,-0.8943067193031311,2025-07-01 17:48:19.344,1751372299344,-6655,-4967,1860,57,95,-85
46,2025-07-01 17:48:19.779,2025-07-01 17:48:19.416759,-5.434837818145752,-3.60566782951355,8.286332130432129,2.113593816757202,-0.6707300543785095,1.3439035415649414,2025-07-01 17:48:19.433,1751372299433,-6639,-4794,1763,-69,-266,-121
47,2025-07-01 17:48:19.875,2025-07-01 17:48:19.517182,-6.004657745361328,0.043095629662275314,8.480262756347656,-1.310916781425476,0.26633724570274353,-1.0519099235534668,2025-07-01 17:48:19.508,1751372299508,-6571,-4763,1760,296,-296,-123
48,2025-07-01 17:48:19.987,2025-07-01 17:48:19.716158,-4.975151062011719,-2.8347349166870117,7.309497833251953,2.353052854537964,-0.8112290501594543,0.960280179977417,2025-07-01 17:48:19.748,1751372299748,-6936,-4800,1769,-38,120,114
49,2025-07-01 17:48:21.387,2025-07-01 17:48:21.017190,-3.445256233215332,-2.9233202934265137,7.2568254470825195,1.9706512689590454,-0.6255260109901428,0.836885392665863,2025-07-01 17:48:20.983,1751372300983,-6350,-4919,2510,-337,-64,-481
50,2025-07-01 17:48:21.476,2025-07-01 17:48:21.117075,-5.250484466552734,0.10055647045373917,9.907206535339355,1.1606439352035522,-0.769690215587616,0.7134906053543091,2025-07-01 17:48:21.153,1751372301153,-6287,-4744,2621,-49,348,-528
51,2025-07-01 17:48:21.579,2025-07-01 17:48:21.216871,-4.357447147369385,-2.1739351749420166,8.556877136230469,-2.9272663593292236,0.5412266254425049,-1.291369080543518,2025-07-01 17:48:21.233,1751372301233,-6714,-4831,2637,-290,-48,14
52,2025-07-01 17:48:21.679,2025-07-01 17:48:21.317066,-2.233790159225464,-6.258443355560303,6.45476770401001,1.1594222784042358,-0.32009339332580566,0.46181413531303406,2025-07-01 17:48:21.358,1751372301358,-6714,-4835,2582,-190,264,-64
53,2025-07-01 17:48:21.774,2025-07-01 17:48:21.416689,-4.7189717292785645,1.5705963373184204,9.265560150146484,3.4929275512695312,-0.8002334833145142,1.1374311447143555,2025-07-01 17:48:21.422,1751372301422,-6358,-4793,2586,84,282,-22
54,2025-07-01 17:48:21.874,2025-07-01 17:48:21.516809,-4.587290287017822,-1.4293384552001953,9.394847869873047,-2.6340508460998535,0.43249258399009705,-1.1484266519546509,2025-07-01 17:48:21.495,1751372301495,-6305,-4822,2279,90,133,50
55,2025-07-01 17:48:21.988,2025-07-01 17:48:21.616999,-3.3949780464172363,-4.381389141082764,7.529764175415039,-0.4129449129104614,0.2076941877603531,-0.5717698931694031,2025-07-01 17:48:21.587,1751372301587,-6713,-4996,2356,129,425,-381
56,2025-07-01 17:48:22.074,2025-07-01 17:48:21.717020,-4.364629745483398,-3.138798475265503,7.927201747894287,1.5112806558609009,-0.2687807083129883,1.0653489828109741,2025-07-01 17:48:21.682,1751372301682,-6737,-5248,2408,355,375,-281
57,2025-07-01 17:48:22.374,2025-07-01 17:48:22.116764,-4.575319290161133,-1.1875240802764893,9.603142738342285,2.367713689804077,-0.39095374941825867,0.9663888216018677,2025-07-01 17:48:22.123,1751372302123,-6773,-4560,2352,-365,155,260
58,2025-07-01 17:48:22.574,2025-07-01 17:48:22.217027,-4.580107688903809,-2.4444799423217773,8.04930591583252,-1.6407840251922607,0.05497787147760391,-0.9566149711608887,2025-07-01 17:48:22.223,1751372302223,-6577,-4941,1999,-321,-81,-311
59,2025-07-01 17:48:22.674,2025-07-01 17:48:22.317142,-2.4444799423217773,-7.161057472229004,6.414066314697266,-2.6474900245666504,0.26633724570274353,-0.4080579876899719,2025-07-01 17:48:22.309,1751372302309,-6926,-4757,1969,-343,265,-91
60,2025-07-01 17:48:22.774,2025-07-01 17:48:22.417403,-4.137180328369141,-3.0621838569641113,8.971074104309082,2.5167648792266846,-0.513126790523529,1.0824532508850098,2025-07-01 17:48:22.393,1751372302393,-6538,-4891,2335,-270,-69,-67
61,2025-07-01 17:48:23.074,2025-07-01 17:48:22.816946,-5.509057998657227,-2.2601263523101807,8.683769226074219,1.0250319242477417,0.10262536257505417,-0.19303341209888458,2025-07-01 17:48:22.857,1751372302857,-6608,-4755,1726,-417,-303,832
62,2025-07-01 17:48:23.281,2025-07-01 17:48:23.016574,-3.9695863723754883,-4.225766181945801,8.35336971282959,1.82404363155365,-0.7269296646118164,0.9077457785606384,2025-07-01 17:48:23.022,1751372303022,-6818,-4578,1542,-473,428,323
63,2025-07-01 17:48:23.494,2025-07-01 17:48:23.116883,-5.899312973022461,0.45010992884635925,8.528146743774414,-1.1838568449020386,0.2321287989616394,-0.5558874011039734,2025-07-01 17:48:23.139,1751372303139,-6807,-4713,1234,-208,372,-33
64,2025-07-01 17:48:23.620,2025-07-01 17:48:23.216963,-4.4292731285095215,-8.307879447937012,4.752490520477295,-2.593733787536621,1.1142182350158691,-0.7159340381622314,2025-07-01 17:48:23.217,1751372303217,-6831,-4701,1333,-514,177,-551
65,2025-07-01 17:48:23.695,2025-07-01 17:48:23.316937,-3.890577793121338,-2.6168625354766846,8.197746276855469,1.9266690015792847,-0.5778785347938538,1.3353514671325684,2025-07-01 17:48:23.314,1751372303314,-6810,-4548,1008,-466,354,-542
66,2025-07-01 17:48:23.983,2025-07-01 17:48:23.616804,-4.790797710418701,-4.019864559173584,8.609549522399902,2.0818288326263428,-0.9150761365890503,1.7409659624099731,2025-07-01 17:48:23.656,1751372303656,-6933,-4758,1330,-378,8,13
67,2025-07-01 17:48:24.183,2025-07-01 17:48:23.816912,-4.5394062995910645,-6.399701118469238,6.1052141189575195,-1.1704177856445312,0.5253441333770752,-0.4190535545349121,2025-07-01 17:48:23.833,1751372303833,-6956,-4800,1004,-202,108,-270
68,2025-07-01 17:48:24.278,2025-07-01 17:48:23.916715,-5.341464042663574,-1.4245500564575195,8.018181800842285,2.85274076461792,-0.7281513810157776,1.7214182615280151,2025-07-01 17:48:23.933,1751372303933,-6913,-4761,1350,205,40,-277
69,2025-07-01 17:48:24.383,2025-07-01 17:48:24.016886,-4.843470096588135,5.322310447692871,8.169015884399414,-0.7281513810157776,0.059864792972803116,-0.7452555894851685,2025-07-01 17:48:24.016,1751372304016,-6625,-4959,1337,529,47,-277
70,2025-07-01 17:48:24.491,2025-07-01 17:48:24.116821,-4.376600742340088,-3.950432777404785,6.821080684661865,-2.2369885444641113,0.4105014503002167,-1.0531316995620728,2025-07-01 17:48:24.111,1751372304111,-6984,-4986,1316,-154,-80,285
71,2025-07-01 17:48:24.587,2025-07-01 17:48:24.216821,-5.506663799285889,-1.4987702369689941,9.485827445983887,2.353052854537964,-0.8063421249389648,1.5552629232406616,2025-07-01 17:48:24.233,1751372304233,-6978,-4754,985,-243,-29,299
72,2025-07-01 17:48:24.674,2025-07-01 17:48:24.316993,-5.1595048904418945,3.4787750244140625,7.2568254470825195,-0.8222246170043945,0.32131510972976685,-0.9004153609275818,2025-07-01 17:48:24.283,1751372304283,-6938,-4983,1007,-304,95,264
73,2025-07-01 17:48:24.783,2025-07-01 17:48:24.516941,-5.442020416259766,-2.0374655723571777,9.21288776397705,2.7818803787231445,-0.96883225440979,1.7556266784667969,2025-07-01 17:48:24.553,1751372304553,-6842,-4888,1108,-193,311,94
74,2025-07-01 17:48:24.986,2025-07-01 17:48:24.617264,-5.056553840637207,0.790086567401886,9.986215591430664,-1.616349458694458,0.28466320037841797,-0.8002334833145142,2025-07-01 17:48:24.649,1751372304649,-6977,-4689,1132,-60,-84,33
75,2025-07-01 17:48:25.180,2025-07-01 17:48:24.819998,-5.370194435119629,-1.8363527059555054,10.125079154968262,5.385387897491455,-1.2986994981765747,3.0384438037872314,2025-07-01 17:48:24.840,1751372304840,-6867,-5163,977,3,-120,9
76,2025-07-01 17:48:25.277,2025-07-01 17:48:24.917069,-3.620033025741577,5.918466567993164,6.754043102264404,-1.2522737979888916,0.06475171446800232,-0.646295428276062,2025-07-01 17:48:24.921,1751372304921,-6888,-4485,1100,859,88,-621
77,2025-07-01 17:48:25.378,2025-07-01 17:48:25.016560,-3.8379054069519043,-2.255337953567505,6.811503887176514,-1.4404202699661255,0.6108652353286743,-0.8967501521110535,2025-07-01 17:48:25.002,1751372305002,-6980,-4528,998,2,52,24
78,2025-07-01 17:48:25.491,2025-07-01 17:48:25.216784,-3.7684733867645264,8.53532886505127,8.355764389038086,-0.7476990818977356,0.0806342139840126,-0.7049384713172913,2025-07-01 17:48:25.231,1751372305231,-6994,-4946,1103,-157,-261,-108
79,2025-07-01 17:48:25.784,2025-07-01 17:48:25.417859,-4.730942726135254,-2.298433542251587,9.397241592407227,2.6902506351470947,-0.8772025108337402,1.9755382537841797,2025-07-01 17:48:25.377,1751372305377,-6977,-4990,928,203,382,-305
80,2025-07-01 17:48:26.074,2025-07-01 17:48:25.716919,-3.665522813796997,-0.7805097699165344,8.722076416015625,1.7654005289077759,-0.6243042945861816,1.2877039909362793,2025-07-01 17:48:25.723,1751372305723,-6898,-4599,1053,-246,-95,64
81,2025-07-01 17:48:26.284,2025-07-01 17:48:26.017959,-4.378994941711426,-0.5626373887062073,7.931990146636963,1.5540411472320557,-0.42760565876960754,1.0067058801651,2025-07-01 17:48:25.989,1751372305989,-6792,-4925,1024,-299,-101,3
82,2025-07-01 17:48:26.574,2025-07-01 17:48:26.316823,-4.867412090301514,0.751779317855835,8.374917984008789,2.356718063354492,-0.7660250067710876,1.4147639274597168,2025-07-01 17:48:26.284,1751372306284,-6841,-4910,1149,20,41,-141
83,2025-07-01 17:48:26.675,2025-07-01 17:48:26.417005,-3.509899616241455,8.882488250732422,9.627084732055664,-0.9737191796302795,0.0354301854968071,-0.1466076523065567,2025-07-01 17:48:26.447,1751372306447,-6955,-4961,1351,605,264,-281
84,2025-07-01 17:48:26.775,2025-07-01 17:48:26.417005,-3.509899616241455,8.882488250732422,9.627084732055664,-0.9737191796302795,0.0354301854968071,-0.1466076523065567,2025-07-01 17:48:26.447,1751372306447,-6955,-4961,1351,605,264,-281
85,2025-07-01 17:48:26.977,2025-07-01 17:48:26.616794,-3.756502389907837,2.652775526046753,7.977479934692383,0.921184778213501,-0.455705463886261,0.6157521605491638,2025-07-01 17:48:26.630,1751372306630,-6558,-4789,1660,337,-80,-513
86,2025-07-01 17:48:27.074,2025-07-01 17:48:26.717177,-4.338293552398682,8.916007041931152,8.073247909545898,1.901012659072876,-0.19792033731937408,0.7244861721992493,2025-07-01 17:48:26.710,1751372306710,-6715,-5193,1640,386,318,-197
87,2025-07-01 17:48:27.182,2025-07-01 17:48:26.816956,-4.728548526763916,2.494758129119873,9.229647636413574,-3.330437421798706,0.93095862865448,-1.987755537033081,2025-07-01 17:48:26.808,1751372306808,-6764,-5157,1345,903,-66,-833
88,2025-07-01 17:48:27.295,2025-07-01 17:48:26.916788,-4.941632270812988,-5.018246650695801,5.166687488555908,1.2046263217926025,-0.006108652334660292,-0.17837265133857727,2025-07-01 17:48:26.895,1751372306895,-6564,-5208,849,746,539,-479
89,2025-07-01 17:48:27.374,2025-07-01 17:48:27.016213,-4.896142482757568,2.248155355453491,8.856152534484863,2.867401361465454,-1.0421360731124878,1.3915510177612305,2025-07-01 17:48:27.002,1751372307002,-6624,-5229,632,237,496,9
90,2025-07-01 17:48:27.793,2025-07-01 17:48:27.518499,-4.367023944854736,-2.6408045291900635,7.965508937835693,1.8289304971694946,-0.6328563690185547,0.15027284622192383,2025-07-01 17:48:27.541,1751372307541,-7011,-4978,679,-263,-1151,-543
91,2025-07-01 17:48:27.974,2025-07-01 17:48:27.620330,-4.481945514678955,-0.38307225704193115,8.772355079650879,-0.4642575979232788,0.1771509200334549,-0.18936823308467865,2025-07-01 17:48:27.634,1751372307634,-6981,-4776,1361,28,-1218,-872
92,2025-07-01 17:48:28.075,2025-07-01 17:48:27.724117,-4.467580318450928,-4.094084739685059,8.030152320861816,-4.697553634643555,1.1447614431381226,-1.5906931161880493,2025-07-01 17:48:27.702,1751372307702,-6746,-4804,1445,45,-1854,-209
93,2025-07-01 17:48:28.185,2025-07-01 17:48:27.819372,-3.31118106842041,-4.699818134307861,7.0557122230529785,1.607797384262085,-0.6120869517326355,0.9370672702789307,2025-07-01 17:48:27.798,1751372307798,-6583,-4926,1676,25,-1548,-258
94,2025-07-01 17:48:28.587,2025-07-01 17:48:28.216706,-7.1251444816589355,0.9840168952941895,9.057265281677246,2.9969048500061035,-0.6902777552604675,0.979827880859375,2025-07-01 17:48:28.244,1751372308244,-6715,-4972,1929,565,101,-86
95,2025-07-01 17:48:28.789,2025-07-01 17:48:28.516796,-6.507440090179443,-0.849941611289978,9.375694274902344,2.8710665702819824,-0.8197811841964722,1.4013248682022095,2025-07-01 17:48:28.527,1751372308527,-6978,-4596,1976,188,309,-361
96,2025-07-01 17:48:29.393,2025-07-01 17:48:29.017813,-3.380612850189209,-7.65186882019043,2.2697031497955322,1.1191051006317139,-0.16371189057826996,0.13927727937698364,2025-07-01 17:48:29.057,1751372309057,-6555,-5244,1473,-478,145,-648
97,2025-07-01 17:48:29.483,2025-07-01 17:48:29.216563,-6.143521785736084,-4.975151062011719,9.35654067993164,-2.0280725955963135,0.37751471996307373,-1.1166616678237915,2025-07-01 17:48:29.242,1751372309242,-6285,-5116,1211,-216,309,-352
98,2025-07-01 17:48:29.801,2025-07-01 17:48:29.420209,-5.257667064666748,-5.25527286529541,7.307103633880615,3.0995302200317383,-1.1679743528366089,1.5332717895507812,2025-07-01 17:48:29.423,1751372309423,-6579,-5120,1597,39,312,120
99,2025-07-01 17:48:29.975,2025-07-01 17:48:29.618439,-3.7660791873931885,-6.354211330413818,4.216189384460449,-1.7348573207855225,0.9590584635734558,-1.1093312501907349,2025-07-01 17:48:29.614,1751372309614,-6339,-5218,1328,-619,334,-535
100,2025-07-01 17:48:30.275,2025-07-01 17:48:29.917329,-3.8977603912353516,-4.084507942199707,5.262455463409424,-3.3182199001312256,0.9590584635734558,-1.2095131874084473,2025-07-01 17:48:29.951,1751372309951,-6753,-5445,1386,-547,153,332
101,2025-07-01 17:48:30.476,2025-07-01 17:48:30.116527,-5.916072368621826,-0.5913678407669067,8.458714485168457,2.2321016788482666,-0.2675589919090271,0.18448130786418915,2025-07-01 17:48:30.129,1751372310129,-6274,-5348,1093,778,944,-326
102,2025-07-01 17:48:30.574,2025-07-01 17:48:30.216073,-4.2090067863464355,-2.7030537128448486,8.710105895996094,-4.257730960845947,0.6743952035903931,-1.7837265729904175,2025-07-01 17:48:30.216,1751372310216,-6384,-5491,702,661,1118,-319
103,2025-07-01 17:48:30.682,2025-07-01 17:48:30.316616,-3.555389642715454,-8.470685958862305,5.0900726318359375,0.9541715383529663,-0.4092797040939331,0.7012733221054077,2025-07-01 17:48:30.332,1751372310332,-6543,-5108,878,151,389,319
104,2025-07-01 17:48:30.788,2025-07-01 17:48:30.417188,-5.726930618286133,-3.1962592601776123,8.638279914855957,2.8942794799804688,-0.6829473376274109,1.0897835493087769,2025-07-01 17:48:30.401,1751372310401,-6741,-5102,908,1565,286,254
105,2025-07-01 17:48:30.889,2025-07-01 17:48:30.517054,-5.652710437774658,-4.7405195236206055,8.913613319396973,-1.5467108488082886,0.3640756905078888,-0.7183775305747986,2025-07-01 17:48:30.516,1751372310516,-6683,-4836,992,765,268,-176
106,2025-07-01 17:48:31.375,2025-07-01 17:48:31.017230,-4.2951979637146,-5.307945251464844,7.42681360244751,1.1288789510726929,-0.2932153046131134,0.9993755221366882,2025-07-01 17:48:31.035,1751372311035,-6639,-4960,1681,-92,-88,-24
107,2025-07-01 17:48:31.578,2025-07-01 17:48:31.316563,-3.4356794357299805,-2.3582887649536133,6.66785192489624,0.9737191796302795,-0.5082398653030396,0.6927211880683899,2025-07-01 17:48:31.324,1751372311324,-6978,-4746,1819,274,287,-25
108,2025-07-01 17:48:31.774,2025-07-01 17:48:31.416644,-6.7492547035217285,-1.2425906658172607,8.633491516113281,2.4300220012664795,-0.39584067463874817,0.8307767510414124,2025-07-01 17:48:31.408,1751372311408,-6580,-4781,1690,116,39,-265
109,2025-07-01 17:48:31.878,2025-07-01 17:48:31.518959,-4.486733913421631,-2.2194249629974365,8.760383605957031,-4.2479567527771,0.8332201838493347,-1.7763961553573608,2025-07-01 17:48:31.485,1751372311485,-6690,-4849,1795,43,-318,-152
110,2025-07-01 17:48:32.379,2025-07-01 17:48:32.017544,-4.663905143737793,-3.9384617805480957,8.341399192810059,3.316998243331909,-1.1508700847625732,1.5821410417556763,2025-07-01 17:48:32.023,1751372312023,-6575,-5085,1507,-373,-64,-226
111,2025-07-01 17:48:32.575,2025-07-01 17:48:32.317266,-3.840299606323242,-6.789956092834473,7.38132381439209,2.5949554443359375,-0.8808676600456238,1.205847978591919,2025-07-01 17:48:32.316,1751372312316,-6744,-5168,1447,-156,-82,-111
112,2025-07-01 17:48:32.779,2025-07-01 17:48:32.417855,-6.876147270202637,-0.9744400978088379,7.273584842681885,2.41413950920105,-0.05253441259264946,0.1722639948129654,2025-07-01 17:48:32.405,1751372312405,-6353,-5193,1515,66,-513,-335
113,2025-07-01 17:48:33.084,2025-07-01 17:48:32.716997,-6.095637321472168,-4.194641590118408,6.36378812789917,3.128851890563965,-0.5583308339118958,1.156978726387024,2025-07-01 17:48:32.743,1751372312743,-6753,-5205,1878,315,86,107
114,2025-07-01 17:48:33.277,2025-07-01 17:48:32.916492,-1.9967641830444336,-6.449979305267334,1.5418659448623657,1.7153096199035645,0.32009339332580566,-0.5302310585975647,2025-07-01 17:48:32.928,1751372312928,-6611,-4863,1481,322,271,327
115,2025-07-01 17:48:33.374,2025-07-01 17:48:33.018748,-4.668693542480469,-7.65186882019043,6.476315498352051,3.054326295852661,-0.38117989897727966,1.2315043210983276,2025-07-01 17:48:33.029,1751372313029,-6634,-4815,1478,329,-50,-22
116,2025-07-01 17:48:33.474,2025-07-01 17:48:33.119446,-6.607996463775635,0.363918662071228,8.796297073364258,0.35185837745666504,-0.03298672288656235,-0.646295428276062,2025-07-01 17:48:33.132,1751372313132,-6300,-5459,1834,110,-402,-418
117,2025-07-01 17:48:33.574,2025-07-01 17:48:33.317932,-3.2154128551483154,-6.600813865661621,5.17626428604126,1.7898352146148682,-0.7134906053543091,1.1337659358978271,2025-07-01 17:48:33.293,1751372313293,-6561,-4949,1988,146,-427,32
118,2025-07-01 17:48:33.874,2025-07-01 17:48:33.616173,-4.431667327880859,-8.473079681396484,5.652710437774658,2.057394027709961,-0.5595525503158569,1.2095131874084473,2025-07-01 17:48:33.644,1751372313644,-6510,-5221,2605,-143,-530,4
119,2025-07-01 17:48:33.978,2025-07-01 17:48:33.716225,-6.449979305267334,-3.023876667022705,8.44434928894043,1.2131783962249756,-0.35674530267715454,-0.21991148591041565,2025-07-01 17:48:33.750,1751372313750,-6306,-5393,2247,7,-306,-599
120,2025-07-01 17:48:34.187,2025-07-01 17:48:33.916472,-2.382230758666992,-5.552153587341309,4.496310710906982,1.5222761631011963,-0.8417723178863525,0.5436700582504272,2025-07-01 17:48:33.926,1751372313926,-6702,-4900,2655,-310,304,100
121,2025-07-01 17:48:34.574,2025-07-01 17:48:34.317756,-6.457161903381348,-6.959944248199463,4.575319290161133,2.0415115356445312,-0.30543261766433716,0.5852088928222656,2025-07-01 17:48:34.285,1751372314285,-6711,-5033,2357,-133,221,15
122,2025-07-01 17:48:35.076,2025-07-01 17:48:34.718356,-5.5329999923706055,-9.287108421325684,8.281543731689453,-4.456872940063477,0.0757472887635231,-1.7214182615280151,2025-07-01 17:48:34.721,1751372314721,-6471,-4856,2330,-189,-38,-157
123,2025-07-01 17:48:35.184,2025-07-01 17:48:34.817347,-3.090914487838745,-13.402741432189941,3.0095114707946777,0.8869763612747192,-0.18081611394882202,0.3286454975605011,2025-07-01 17:48:34.821,1751372314821,-6322,-5439,2139,-666,358,85
124,2025-07-01 17:48:35.274,2025-07-01 17:48:34.920721,-6.042964935302734,-5.169081687927246,6.885724067687988,2.987131118774414,-0.15271630883216858,1.009149432182312,2025-07-01 17:48:34.907,1751372314907,-6360,-4997,2315,-39,369,-99
125,2025-07-01 17:48:35.394,2025-07-01 17:48:35.018855,-4.987122058868408,-6.406883716583252,7.084442615509033,-6.504493236541748,0.3543018400669098,-1.5638149976730347,2025-07-01 17:48:35.052,1751372315052,-6340,-5008,2147,-47,282,-186
126,2025-07-01 17:48:35.485,2025-07-01 17:48:35.121290,-1.9560627937316895,-11.26950740814209,3.485957622528076,0.48747047781944275,-0.28588494658470154,0.3885102868080139,2025-07-01 17:48:35.114,1751372315114,-6534,-5141,1925,-268,372,172
127,2025-07-01 17:48:35.592,2025-07-01 17:48:35.221293,-6.011840343475342,-5.5976433753967285,7.000645637512207,3.132516860961914,-0.3384193480014801,1.0250319242477417,2025-07-01 17:48:35.190,1751372315190,-6379,-4831,2035,109,-25,283
128,2025-07-01 17:48:35.674,2025-07-01 17:48:35.321712,-4.994304656982422,-8.149862289428711,7.3693528175354,-6.471506595611572,0.6230825781822205,-1.2278391122817993,2025-07-01 17:48:35.355,1751372315355,-6958,-4795,1726,-706,320,413
129,2025-07-01 17:48:35.975,2025-07-01 17:48:35.717311,-6.598419666290283,-3.7708675861358643,8.20492935180664,1.7861700057983398,-1.5125023126602173,1.6297885179519653,2025-07-01 17:48:35.737,1751372315737,-6649,-4499,1351,-2970,-372,347
130,2025-07-01 17:48:36.188,2025-07-01 17:48:35.817500,-4.955997467041016,-0.30885201692581177,9.033323287963867,2.13314151763916,-1.3829989433288574,1.8692476749420166,2025-07-01 17:48:35.807,1751372315807,-7009,-4588,666,-3768,43,30
131,2025-07-01 17:48:36.274,2025-07-01 17:48:35.922070,-3.7277719974517822,3.2992098331451416,7.69735860824585,1.5344934463500977,-0.7452555894851685,0.8723155856132507,2025-07-01 17:48:35.907,1751372315907,-6886,-4756,877,-4193,-544,298
132,2025-07-01 17:48:36.581,2025-07-01 17:48:36.216187,-2.410961151123047,3.1459810733795166,9.727641105651855,-2.1673498153686523,0.7049384713172913,-1.205847978591919,2025-07-01 17:48:36.256,1751372316256,-6893,-4676,-107,-559,97,-267
133,2025-07-01 17:48:36.779,2025-07-01 17:48:36.516376,-3.246537446975708,0.8571242094039917,8.106766700744629,-2.0085248947143555,0.9395107626914978,-1.2669345140457153,2025-07-01 17:48:36.533,1751372316533,-6969,-4665,-78,274,-140,-239
134,2025-07-01 17:48:36.982,2025-07-01 17:48:36.616725,-2.762908697128296,3.450044631958008,7.766790390014648,0.3689626157283783,-0.6487388610839844,0.6316346526145935,2025-07-01 17:48:36.634,1751372316634,-6791,-4564,6,-353,301,-251
135,2025-07-01 17:48:37.075,2025-07-01 17:48:36.818856,-3.5936968326568604,1.6112977266311646,8.22887134552002,-3.417180299758911,1.253495454788208,-2.172236919403076,2025-07-01 17:48:36.799,1751372316799,-6993,-4522,69,265,260,-336
136,2025-07-01 17:48:37.290,2025-07-01 17:48:36.922502,-3.1723172664642334,-0.31603461503982544,7.297526836395264,1.205847978591919,-0.5534439086914062,0.7489207983016968,2025-07-01 17:48:36.886,1751372316886,-7009,-4602,-273,-545,-5,-373
137,2025-07-01 17:48:37.392,2025-07-01 17:48:37.024448,-3.0813376903533936,7.845798969268799,8.583212852478027,3.7555994987487793,-1.0054842233657837,1.8570303916931152,2025-07-01 17:48:36.988,1751372316988,-6869,-4978,-380,-408,257,-340
138,2025-07-01 17:48:37.578,2025-07-01 17:48:37.216167,-4.108449935913086,-3.5625722408294678,5.925649166107178,0.33597588539123535,-0.21135938167572021,0.39095374941825867,2025-07-01 17:48:37.213,1751372317213,-7031,-4604,9,-12,367,-210
139,2025-07-01 17:48:37.784,2025-07-01 17:48:37.418322,-3.4165258407592773,4.69024133682251,10.57040023803711,-2.9138271808624268,1.076344609260559,-2.2516493797302246,2025-07-01 17:48:37.423,1751372317423,-6554,-4598,-194,-81,280,-264
140,2025-07-01 17:48:37.880,2025-07-01 17:48:37.517425,-4.32871675491333,-3.1699230670928955,6.301538944244385,-0.9077457785606384,0.04764748737215996,-0.3176499307155609,2025-07-01 17:48:37.513,1751372317513,-6537,-4884,-188,-105,344,-336
141,2025-07-01 17:48:38.002,2025-07-01 17:48:37.620153,-3.9408559799194336,0.9768342971801758,9.313444137573242,3.5112533569335938,-0.9749409556388855,1.7373007535934448,2025-07-01 17:48:37.622,1751372317622,-6609,-4745,-621,-275,53,-289
142,2025-07-01 17:48:38.090,2025-07-01 17:48:37.723333,-3.804386615753174,3.179499864578247,9.028534889221191,-3.584557294845581,1.0885618925094604,-2.367713689804077,2025-07-01 17:48:37.700,1751372317700,-6971,-5124,-367,-58,-164,-113
143,2025-07-01 17:48:38.174,2025-07-01 17:48:37.824770,-4.153939723968506,-5.442020416259766,6.124367713928223,0.45326200127601624,-0.2577851414680481,0.12339477986097336,2025-07-01 17:48:37.792,1751372317792,-6612,-4816,-222,144,366,-368
144,2025-07-01 17:48:38.290,2025-07-01 17:48:37.917482,-4.422090530395508,2.607285737991333,8.753201484680176,3.489262342453003,-1.1496484279632568,1.7043139934539795,2025-07-01 17:48:37.958,1751372317958,-6554,-5142,-524,-33,364,-308
145,2025-07-01 17:48:38.588,2025-07-01 17:48:38.226973,-3.861847400665283,3.7445313930511475,9.428366661071777,3.461162567138672,-0.7953465580940247,1.1557570695877075,2025-07-01 17:48:38.239,1751372318239,-6588,-5128,-126,583,20,114
146,2025-07-01 17:48:38.675,2025-07-01 17:48:38.317662,-4.082113742828369,2.0398597717285156,9.59835433959961,-3.395189046859741,0.9187413454055786,-1.940108060836792,2025-07-01 17:48:38.330,1751372318330,-6390,-5124,-95,176,120,-333
147,2025-07-01 17:48:38.874,2025-07-01 17:48:38.616141,-4.541800498962402,2.0039467811584473,10.153809547424316,-1.5149458646774292,0.7391469478607178,-1.63467538356781,2025-07-01 17:48:38.592,1751372318592,-6318,-5244,3,371,216,-309
148,2025-07-01 17:48:39.094,2025-07-01 17:48:38.718814,-3.0119056701660156,-2.607285737991333,5.552153587341309,-0.8295549750328064,0.33475416898727417,-0.39095374941825867,2025-07-01 17:48:38.707,1751372318707,-6783,-4997,-189,-95,435,-141
149,2025-07-01 17:48:39.193,2025-07-01 17:48:38.816130,-4.079719543457031,1.2976573705673218,8.29830265045166,3.715282440185547,-0.9272934198379517,1.4282029867172241,2025-07-01 17:48:38.778,1751372318778,-6660,-5075,-146,-88,258,-330
150,2025-07-01 17:48:39.274,2025-07-01 17:48:38.925083,-4.211400985717773,1.0678139925003052,9.655815124511719,-3.5124752521514893,0.8735373020172119,-2.037846565246582,2025-07-01 17:48:38.961,1751372318961,-6756,-4857,-151,164,534,71
151,2025-07-01 17:48:39.375,2025-07-01 17:48:39.019846,-3.687070608139038,-6.624756336212158,5.7125654220581055,-0.24923302233219147,0.17470745742321014,-0.32986724376678467,2025-07-01 17:48:39.045,1751372319045,-6777,-5138,-518,-37,204,210
152,2025-07-01 17:48:39.474,2025-07-01 17:48:39.119971,-5.094861030578613,-0.363918662071228,8.528146743774414,3.137403964996338,-1.0934487581253052,1.4856243133544922,2025-07-01 17:48:39.160,1751372319160,-6950,-5192,-352,348,-114,376
153,2025-07-01 17:48:39.579,2025-07-01 17:48:39.228106,-3.6727054119110107,-1.6519991159439087,9.349357604980469,-2.266309976577759,0.4495968222618103,-1.2424999475479126,2025-07-01 17:48:39.267,1751372319267,-6379,-4801,-319,170,380,-273
154,2025-07-01 17:48:39.684,2025-07-01 17:48:39.317244,-3.7253777980804443,-4.991910457611084,5.355829238891602,-0.9993755221366882,0.6597344875335693,-0.9028588533401489,2025-07-01 17:48:39.334,1751372319334,-6588,-5212,-298,169,403,71
155,2025-07-01 17:48:39.776,2025-07-01 17:48:39.417973,-3.8738183975219727,-2.10210919380188,8.916007041931152,3.6248743534088135,-1.2657127380371094,1.6615535020828247,2025-07-01 17:48:39.409,1751372319409,-6738,-5144,-351,378,164,-190
156,2025-07-01 17:48:39.892,2025-07-01 17:48:39.520560,-4.168305397033691,-2.8802247047424316,9.227252960205078,-2.3151793479919434,0.5082398653030396,-1.0531316995620728,2025-07-01 17:48:39.504,1751372319504,-6336,-5196,40,515,-262,-318
157,2025-07-01 17:48:40.097,2025-07-01 17:48:39.825728,-3.5003228187561035,-0.2082955539226532,10.773907661437988,-2.3493876457214355,0.5742133259773254,-1.1288789510726929,2025-07-01 17:48:39.856,1751372319856,-6692,-4802,-317,364,330,-326
158,2025-07-01 17:48:40.481,2025-07-01 17:48:40.120085,-4.920084476470947,7.074865818023682,10.20887565612793,-1.0604621171951294,0.07452555745840073,-0.5791002511978149,2025-07-01 17:48:40.128,1751372320128,-6523,-5018,119,-104,-370,93
159,2025-07-01 17:48:40.591,2025-07-01 17:48:40.222645,-4.177882194519043,-4.776432514190674,7.29034423828125,-2.9382617473602295,1.2388347387313843,-1.635897159576416,2025-07-01 17:48:40.240,1751372320240,-6683,-5015,8,94,373,70
160,2025-07-01 17:48:40.675,2025-07-01 17:48:40.318982,-3.883395195007324,-4.824316501617432,8.834604263305664,3.106860637664795,-1.2034045457839966,1.9168951511383057,2025-07-01 17:48:40.302,1751372320302,-6368,-5387,-322,-307,-111,5
161,2025-07-01 17:48:40.974,2025-07-01 17:48:40.618640,-2.0159177780151367,-3.359065055847168,8.327033042907715,2.188119411468506,-1.274264931678772,1.2327260971069336,2025-07-01 17:48:40.658,1751372320658,-6325,-5038,-120,-263,32,362
162,2025-07-01 17:48:41.182,2025-07-01 17:48:40.825276,-4.352658748626709,-4.527435302734375,7.757213592529297,-4.726875305175781,1.1643091440200806,-2.0512855052948,2025-07-01 17:48:40.840,1751372320840,-6696,-4864,108,50,286,29
163,2025-07-01 17:48:41.276,2025-07-01 17:48:40.918837,-2.145204782485962,-1.479616641998291,7.0557122230529785,1.4404202699661255,-1.0506882667541504,1.0873401165008545,2025-07-01 17:48:40.939,1751372320939,-6727,-5082,-263,-324,229,-52
164,2025-07-01 17:48:41.383,2025-07-01 17:48:41.029366,-3.955221176147461,4.225766181945801,8.89685344696045,2.495995283126831,-0.5656611919403076,0.6206390857696533,2025-07-01 17:48:41.022,1751372321022,-6532,-5030,256,853,277,338
165,2025-07-01 17:48:41.486,2025-07-01 17:48:41.120761,-4.079719543457031,-1.6735470294952393,8.801085472106934,-4.265061378479004,1.205847978591919,-1.9938641786575317,2025-07-01 17:48:41.112,1751372321112,-6566,-4758,-106,1089,-3,-89
166,2025-07-01 17:48:41.775,2025-07-01 17:48:41.321969,-4.948814868927002,0.3208230137825012,8.738836288452148,3.9009854793548584,-0.5962044596672058,1.0958921909332275,2025-07-01 17:48:41.321,1751372321321,-6618,-5385,388,1027,99,-308
167,2025-07-01 17:48:42.281,2025-07-01 17:48:41.817410,-0.8667010068893433,-8.130708694458008,4.137180328369141,1.214400053024292,-0.26633724570274353,0.5338962078094482,2025-07-01 17:48:41.837,1751372321837,-7169,-4513,1381,-765,-872,534
168,2025-07-01 17:48:42.386,2025-07-01 17:48:42.018499,-4.048594951629639,-3.6822822093963623,10.560823440551758,-2.1783454418182373,0.5619960427284241,-0.9749409556388855,2025-07-01 17:48:42.015,1751372322015,-6940,-4570,1588,1270,1,287
169,2025-07-01 17:48:42.487,2025-07-01 17:48:42.120430,-1.5753847360610962,-4.778826713562012,5.056553840637207,-0.0354301854968071,0.47769662737846375,-0.598647952079773,2025-07-01 17:48:42.142,1751372322142,-7274,-4319,1586,493,-300,-271
170,2025-07-01 17:48:42.588,2025-07-01 17:48:42.222032,-4.838681697845459,-1.9129672050476074,8.159439086914062,3.246137857437134,-0.4153883755207062,1.1508700847625732,2025-07-01 17:48:42.202,1751372322202,-6803,-4658,1872,589,-599,4
171,2025-07-01 17:48:42.803,2025-07-01 17:48:42.428235,-0.3064578175544739,-8.731653213500977,4.321534156799316,1.1191051006317139,-0.3579670190811157,0.5473352670669556,2025-07-01 17:48:42.466,1751372322466,-7008,-4584,1937,-242,-388,-171
172,2025-07-01 17:48:42.974,2025-07-01 17:48:42.634267,-3.914519786834717,-2.099714994430542,10.831368446350098,-3.5136969089508057,0.8515461683273315,-1.7201964855194092,2025-07-01 17:48:42.652,1751372322652,-6955,-4608,1993,2,-439,-213
173,2025-07-01 17:48:43.077,2025-07-01 17:48:42.816151,-4.613626480102539,-6.598419666290283,8.710105895996094,3.032335042953491,-0.6841690540313721,1.6688838005065918,2025-07-01 17:48:42.849,1751372322849,-6628,-4725,2683,97,-437,342
174,2025-07-01 17:48:43.286,2025-07-01 17:48:42.924599,-5.961562156677246,-4.584896087646484,8.432378768920898,-1.9914207458496094,0.37140607833862305,-1.0751228332519531,2025-07-01 17:48:42.915,1751372322915,-6375,-4508,2487,593,17,113
175,2025-07-01 17:48:43.378,2025-07-01 17:48:43.016225,-0.6823474764823914,-6.777985095977783,3.0526070594787598,-0.8637634515762329,0.6914994716644287,-0.7330383062362671,2025-07-01 17:48:43.012,1751372323012,-6814,-4679,2220,263,254,47
176,2025-07-01 17:48:43.677,2025-07-01 17:48:43.416558,-2.6024973392486572,-5.0876784324646,6.701370716094971,1.5344934463500977,-0.6597344875335693,0.21624629199504852,2025-07-01 17:48:43.378,1751372323378,-6859,-4698,2197,233,554,-534
177,2025-07-01 17:48:43.774,2025-07-01 17:48:43.416558,-2.6024973392486572,-5.0876784324646,6.701370716094971,1.5344934463500977,-0.6597344875335693,0.21624629199504852,2025-07-01 17:48:43.446,1751372323446,-7006,-4629,2677,284,102,-128
178,2025-07-01 17:48:43.878,2025-07-01 17:48:43.526334,-5.6910176277160645,-0.2298433631658554,7.864952564239502,0.24923302233219147,-0.12339477986097336,-0.5668829679489136,2025-07-01 17:48:43.554,1751372323554,-6758,-4686,2628,319,48,-608
179,2025-07-01 17:48:44.075,2025-07-01 17:48:43.819883,-6.335057735443115,-4.252102375030518,5.940014362335205,3.5210273265838623,-0.31520646810531616,1.0348057746887207,2025-07-01 17:48:43.831,1751372323831,-6600,-4719,2595,-94,-37,118
180,2025-07-01 17:48:44.275,2025-07-01 17:48:43.916881,-2.5665841102600098,-7.383718013763428,6.560112476348877,-5.909510612487793,0.9382890462875366,-1.8961256742477417,2025-07-01 17:48:43.911,1751372323911,-6609,-4520,2393,77,-126,-175
181,2025-07-01 17:48:44.397,2025-07-01 17:48:44.029839,-1.015141487121582,-7.354987621307373,5.284003257751465,1.2046263217926025,-0.4251621961593628,0.5656611919403076,2025-07-01 17:48:43.997,1751372323997,-7015,-4706,2286,5,258,381
182,2025-07-01 17:48:44.680,2025-07-01 17:48:44.336924,-0.8834604024887085,-4.728548526763916,4.173093795776367,1.6139060258865356,-0.48747047781944275,0.49235737323760986,2025-07-01 17:48:44.362,1751372324362,-6944,-4332,2464,4,56,372
183,2025-07-01 17:48:44.784,2025-07-01 17:48:44.429397,-6.720524311065674,-2.3511061668395996,7.422025203704834,1.595579981803894,-0.3335324227809906,0.5180137157440186,2025-07-01 17:48:44.447,1751372324447,-6634,-4289,2575,-25,121,-158
184,2025-07-01 17:48:44.878,2025-07-01 17:48:44.535124,-1.8339585065841675,-8.106766700744629,5.714959621429443,-3.5075881481170654,1.2376129627227783,-1.8154915571212769,2025-07-01 17:48:44.545,1751372324545,-7028,-4640,2413,292,575,-568
185,2025-07-01 17:48:44.974,2025-07-01 17:48:44.637347,-2.5905263423919678,-8.856152534484863,4.975151062011719,2.476447820663452,-0.8185594081878662,1.3976596593856812,2025-07-01 17:48:44.623,1751372324623,-6810,-4624,2291,-365,274,280
186,2025-07-01 17:48:45.078,2025-07-01 17:48:44.730158,-6.447585105895996,-0.646434485912323,9.215282440185547,0.24678955972194672,-0.09285151958465576,-0.18936823308467865,2025-07-01 17:48:44.717,1751372324717,-6584,-4683,2202,-295,-114,-147
187,2025-07-01 17:48:45.174,2025-07-01 17:48:44.831088,-0.727837324142456,-7.7763671875,4.10366153717041,-2.144136905670166,1.0629055500030518,-1.3829989433288574,2025-07-01 17:48:44.815,1751372324815,-6820,-4707,1980,-335,199,-147
188,2025-07-01 17:48:45.316,2025-07-01 17:48:44.917659,-3.512293815612793,-10.139444351196289,4.165910720825195,1.7409659624099731,-0.636521577835083,1.4953981637954712,2025-07-01 17:48:44.896,1751372324896,-6997,-4714,2368,-261,131,-23
189,2025-07-01 17:48:45.400,2025-07-01 17:48:45.022554,-3.7636849880218506,-3.5889084339141846,9.062053680419922,-1.1557570695877075,0.16982053220272064,-0.5619960427284241,2025-07-01 17:48:44.991,1751372324991,-6633,-4546,2348,-105,-29,-529
190,2025-07-01 17:48:45.494,2025-07-01 17:48:45.135560,-1.3982137441635132,-6.854599475860596,2.499546527862549,-1.8252654075622559,0.8454375267028809,-0.6609562039375305,2025-07-01 17:48:45.174,1751372325174,-6982,-4568,2320,14,37,298
191,2025-07-01 17:48:45.574,2025-07-01 17:48:45.237490,-1.9488801956176758,-8.480262756347656,4.194641590118408,5.408600807189941,-1.6859880685806274,2.29440975189209,2025-07-01 17:48:45.258,1751372325258,-6938,-4672,2385,-87,-49,-67
192,2025-07-01 17:48:45.700,2025-07-01 17:48:45.333760,-6.167463779449463,4.0078935623168945,7.8960771560668945,3.1031954288482666,-0.7134906053543091,0.8723155856132507,2025-07-01 17:48:45.350,1751372325350,-6933,-4499,2163,111,-73,-183
193,2025-07-01 17:48:45.875,2025-07-01 17:48:45.536505,0.5339069962501526,-14.338873863220215,1.3024457693099976,0.8796459436416626,-0.4141666293144226,0.26022860407829285,2025-07-01 17:48:45.527,1751372325527,-7006,-4529,1967,-374,61,-109
194,2025-07-01 17:48:45.974,2025-07-01 17:48:45.636235,-7.16584587097168,-4.185064792633057,6.1985883712768555,3.056769609451294,-0.32498031854629517,0.8894197940826416,2025-07-01 17:48:45.620,1751372325620,-6942,-4905,2410,115,66,-349
195,2025-07-01 17:48:46.113,2025-07-01 17:48:45.735652,-2.0470423698425293,-9.751583099365234,5.377377033233643,-4.962669372558594,1.3622294664382935,-1.8582520484924316,2025-07-01 17:48:45.706,1751372325706,-6713,-4912,2111,-307,-64,-586
196,2025-07-01 17:48:46.189,2025-07-01 17:48:45.836574,-1.6639702320098877,-6.67982292175293,4.797980308532715,2.13314151763916,-0.8820894360542297,0.4703662395477295,2025-07-01 17:48:45.808,1751372325808,-6793,-4800,1940,-74,603,364
197,2025-07-01 17:48:46.475,2025-07-01 17:48:46.141942,0.07182604819536209,-7.793126583099365,3.2585084438323975,3.048217535018921,-1.3548991680145264,1.587027907371521,2025-07-01 17:48:46.157,1751372326157,-6818,-4578,2126,54,111,-50
198,2025-07-01 17:48:46.574,2025-07-01 17:48:46.239611,-3.2130186557769775,-8.085219383239746,3.5266590118408203,0.8930850028991699,-1.0042624473571777,2.434908866882324,2025-07-01 17:48:46.267,1751372326267,-6628,-4259,1965,-1057,105,56
199,2025-07-01 17:48:46.716,2025-07-01 17:48:46.335283,-5.95677375793457,-5.410895824432373,8.520963668823242,0.07696902006864548,-0.44715335965156555,1.3952162265777588,2025-07-01 17:48:46.341,1751372326341,-6826,-4173,1481,-2851,280,422
200,2025-07-01 17:48:46.783,2025-07-01 17:48:46.428623,-5.216965675354004,-4.90571928024292,7.951143741607666,-0.045204028487205505,-0.38728857040405273,1.2596040964126587,2025-07-01 17:48:46.445,1751372326445,-6892,-3973,1396,-4623,-37,1041
201,2025-07-01 17:48:46.884,2025-07-01 17:48:46.533218,-5.813121795654297,-2.6815059185028076,9.119514465332031,0.8405506014823914,-0.7672467231750488,1.1801916360855103,2025-07-01 17:48:46.515,1751372326515,-6878,-4036,1305,-5211,-59,1113
202,2025-07-01 17:48:47.076,2025-07-01 17:48:46.735604,-1.7956513166427612,-0.6847416758537292,9.545681953430176,-0.17837265133857727,-0.05497787147760391,-0.05497787147760391,2025-07-01 17:48:46.721,1751372326721,-7475,-4643,283,-2501,584,306
203,2025-07-01 17:48:47.193,2025-07-01 17:48:46.832432,-2.6575639247894287,-1.280897855758667,9.129091262817383,0.3176499307155609,-0.3628539443016052,0.01710422709584236,2025-07-01 17:48:46.873,1751372326873,-7080,-3995,-550,-1501,197,-114
204,2025-07-01 17:48:47.375,2025-07-01 17:48:47.116501,-2.097320795059204,2.4851813316345215,9.576807022094727,2.498438835144043,-0.9089674949645996,0.740368664264679,2025-07-01 17:48:47.076,1751372327076,-7044,-4275,-799,-440,-113,-498
205,2025-07-01 17:48:47.675,2025-07-01 17:48:47.231172,-2.403778553009033,2.5019407272338867,10.912771224975586,-2.5925121307373047,1.1520918607711792,-1.5222761631011963,2025-07-01 17:48:47.231,1751372327231,-7188,-4431,-673,1172,442,-532
206,2025-07-01 17:48:48.090,2025-07-01 17:48:47.516206,-2.2840683460235596,-1.7812861204147339,9.244012832641602,-1.4563027620315552,0.740368664264679,-0.8796459436416626,2025-07-01 17:48:47.504,1751372327504,-6633,-4277,-832,108,-273,162
207,2025-07-01 17:48:48.286,2025-07-01 17:48:47.926627,-3.7445313930511475,-2.5977089405059814,6.619967937469482,-2.2321016788482666,1.2021827697753906,-1.205847978591919,2025-07-01 17:48:47.892,1751372327892,-6795,-4229,-816,524,254,35
208,2025-07-01 17:48:48.389,2025-07-01 17:48:48.027259,-1.4245500564575195,-1.6208745241165161,8.429984092712402,3.306002616882324,-1.9449949264526367,1.852143406867981,2025-07-01 17:48:48.051,1751372328051,-6903,-4647,-817,-238,203,-118
209,2025-07-01 17:48:48.479,2025-07-01 17:48:48.119909,-2.786850690841675,6.6846113204956055,11.094730377197266,-0.8784242272377014,0.2834414839744568,-0.799011766910553,2025-07-01 17:48:48.139,1751372328139,-6796,-4243,-803,-45,-6,167
210,2025-07-01 17:48:48.578,2025-07-01 17:48:48.227626,-2.5761611461639404,-1.2210428714752197,7.625532627105713,-2.4691174030303955,1.1459832191467285,-1.567480206489563,2025-07-01 17:48:48.236,1751372328236,-6996,-4684,-1058,-370,131,-164
211,2025-07-01 17:48:48.682,2025-07-01 17:48:48.335475,-2.2816741466522217,-1.235408067703247,8.633491516113281,1.595579981803894,-1.284038782119751,1.2315043210983276,2025-07-01 17:48:48.343,1751372328343,-6978,-4497,-1134,-361,-84,16
212,2025-07-01 17:48:48.774,2025-07-01 17:48:48.429897,-2.3487119674682617,9.445125579833984,13.984532356262207,0.5375614166259766,-0.03787364438176155,-0.02076941914856434,2025-07-01 17:48:48.401,1751372328401,-7024,-4351,-764,307,74,162
213,2025-07-01 17:48:48.887,2025-07-01 17:48:48.528748,-2.382230758666992,-1.7549498081207275,7.496245384216309,-3.7274997234344482,1.6481144428253174,-2.012190103530884,2025-07-01 17:48:48.505,1751372328505,-7020,-4309,-1053,-22,299,-85
214,2025-07-01 17:48:49.198,2025-07-01 17:48:48.827031,-2.166752576828003,-0.3734954595565796,7.424419403076172,-3.682295799255371,1.6725490093231201,-2.1978931427001953,2025-07-01 17:48:48.865,1751372328865,-6931,-4629,-865,-87,105,-394
215,2025-07-01 17:48:49.375,2025-07-01 17:48:49.116335,-2.367865562438965,-0.05027823522686958,9.84495735168457,-4.701219081878662,1.6603317260742188,-2.129476308822632,2025-07-01 17:48:49.139,1751372329139,-6962,-4690,-854,524,271,-261
216,2025-07-01 17:48:49.574,2025-07-01 17:48:49.230753,-2.6240451335906982,-4.168305397033691,8.769960403442383,1.82404363155365,-0.7525860071182251,0.8148942589759827,2025-07-01 17:48:49.209,1751372329209,-6974,-4517,-768,-82,257,-309
217,2025-07-01 17:48:49.688,2025-07-01 17:48:49.338894,-2.190694570541382,5.959167957305908,10.78348445892334,3.4599406719207764,-1.0506882667541504,1.2021827697753906,2025-07-01 17:48:49.326,1751372329326,-6851,-4702,-893,330,323,-41
218,2025-07-01 17:48:49.780,2025-07-01 17:48:49.431529,-2.231395959854126,3.313575267791748,9.287108421325684,-5.1410417556762695,1.4025466442108154,-2.1478021144866943,2025-07-01 17:48:49.404,1751372329404,-6602,-4350,-808,475,306,122
219,2025-07-01 17:48:49.877,2025-07-01 17:48:49.529418,-3.07415509223938,-5.614402770996094,6.402095317840576,0.5021312236785889,-0.22968533635139465,0.1722639948129654,2025-07-01 17:48:49.525,1751372329525,-6806,-4685,-771,337,-118,-134
220,2025-07-01 17:48:50.001,2025-07-01 17:48:49.628699,-2.940079689025879,3.823540210723877,10.409989356994629,4.871039390563965,-1.7971655130386353,2.152689218521118,2025-07-01 17:48:49.662,1751372329662,-6810,-4699,-778,258,72,-363
221,2025-07-01 17:48:50.074,2025-07-01 17:48:49.728655,-2.5043349266052246,5.406107425689697,9.986215591430664,-2.6389379501342773,1.1007791757583618,-1.7140878438949585,2025-07-01 17:48:49.758,1751372329758,-6986,-4655,-820,116,-49,-353
222,2025-07-01 17:48:50.175,2025-07-01 17:48:49.833559,-2.4827871322631836,-4.170699596405029,5.518634796142578,-2.3432791233062744,0.9920451641082764,-1.226617455482483,2025-07-01 17:48:49.843,1751372329843,-6976,-4555,-835,-217,-380,28
223,2025-07-01 17:48:50.275,2025-07-01 17:48:49.929942,-2.3965959548950195,-1.5873557329177856,8.925583839416504,4.521624565124512,-2.001194477081299,1.9645426273345947,2025-07-01 17:48:49.961,1751372329961,-7014,-4680,-459,-363,282,582
224,2025-07-01 17:48:50.379,2025-07-01 17:48:50.024891,-0.9241618514060974,-0.7541735172271729,10.27591323852539,-1.8839083909988403,0.7428121566772461,-1.1081095933914185,2025-07-01 17:48:50.040,1751372330040,-6596,-4446,-853,330,-33,572
225,2025-07-01 17:48:50.475,2025-07-01 17:48:50.116037,-2.9089550971984863,-4.426878929138184,7.086836814880371,-3.8240163326263428,1.5906931161880493,-1.578475832939148,2025-07-01 17:48:50.111,1751372330111,-7229,-4278,-673,-124,522,225
226,2025-07-01 17:48:50.617,2025-07-01 17:48:50.232942,-2.1116859912872314,-4.041412353515625,8.29830265045166,3.369532585144043,-1.518610954284668,1.510058879852295,2025-07-01 17:48:50.210,1751372330210,-7195,-4286,-659,-61,120,-23
227,2025-07-01 17:48:50.683,2025-07-01 17:48:50.339220,-3.205836057662964,9.66299819946289,13.10107135772705,0.3530801236629486,-0.11850785464048386,-0.34697145223617554,2025-07-01 17:48:50.315,1751372330315,-7126,-4294,-602,582,33,137
228,2025-07-01 17:48:51.004,2025-07-01 17:48:50.632066,-2.719813108444214,5.355829238891602,8.413225173950195,4.866152763366699,-1.1582005023956299,1.3487904071807861,2025-07-01 17:48:50.617,1751372330617,-7277,-4075,-175,883,-477,-65
229,2025-07-01 17:48:51.090,2025-07-01 17:48:50.729807,-2.145204782485962,0.040701430290937424,9.80904483795166,-5.976705551147461,1.3365731239318848,-2.3457224369049072,2025-07-01 17:48:50.761,1751372330761,-7133,-4016,132,1371,48,-11
230,2025-07-01 17:48:51.174,2025-07-01 17:48:50.827251,-0.9433154463768005,-10.24239444732666,9.342175483703613,1.5968017578125,-0.34697145223617554,0.817337691783905,2025-07-01 17:48:50.844,1751372330844,-7109,-4177,152,896,-149,259
231,2025-07-01 17:48:51.290,2025-07-01 17:48:50.932366,-3.5410242080688477,3.648763418197632,9.342175483703613,5.265658378601074,-1.3903292417526245,1.6823228597640991,2025-07-01 17:48:50.949,1751372330949,-7543,-3992,483,452,-311,-104
232,2025-07-01 17:48:51.375,2025-07-01 17:48:51.032553,-2.6144683361053467,1.1013327836990356,10.702081680297852,-4.211305141448975,1.1374311447143555,-2.009746551513672,2025-07-01 17:48:51.025,1751372331025,-7360,-4054,879,494,-366,-32
233,2025-07-01 17:48:51.503,2025-07-01 17:48:51.125532,-1.8842366933822632,-7.311892032623291,3.7229835987091064,-0.9651671051979065,0.49846604466438293,-0.513126790523529,2025-07-01 17:48:51.114,1751372331114,-7153,-4210,810,470,266,-141
234,2025-07-01 17:48:51.585,2025-07-01 17:48:51.229740,-2.9065608978271484,-0.9552865028381348,9.57201862335205,5.440365791320801,-1.2986994981765747,1.9804251194000244,2025-07-01 17:48:51.204,1751372331204,-7103,-4457,875,602,16,-230
235,2025-07-01 17:48:51.674,2025-07-01 17:48:51.333001,-3.56017804145813,-0.6536170840263367,10.254365921020508,-2.509434461593628,0.6914994716644287,-1.2302825450897217,2025-07-01 17:48:51.372,1751372331372,-7220,-4052,954,1060,-272,-590
236,2025-07-01 17:48:51.875,2025-07-01 17:48:51.534468,-0.8188169598579407,-6.715735912322998,6.366182327270508,4.395786285400391,-2.0390682220458984,2.0256290435791016,2025-07-01 17:48:51.502,1751372331502,-7117,-4401,1281,458,-112,-208
237,2025-07-01 17:48:51.979,2025-07-01 17:48:51.638908,-3.1244332790374756,6.720524311065674,12.18648624420166,-1.4379768371582031,0.11362093687057495,-0.8686503767967224,2025-07-01 17:48:51.662,1751372331662,-7022,-4233,1579,615,-238,-412
238,2025-07-01 17:48:52.074,2025-07-01 17:48:51.734175,-0.9481038451194763,-7.790732383728027,7.565677165985107,-7.640702247619629,1.6969836950302124,-1.8057177066802979,2025-07-01 17:48:51.738,1751372331738,-7286,-4338,1279,156,-79,-637
239,2025-07-01 17:48:52.208,2025-07-01 17:48:51.832905,-0.3663128614425659,-8.537723541259766,6.052541732788086,2.8344147205352783,-1.3829989433288574,1.0238101482391357,2025-07-01 17:48:51.818,1751372331818,-7213,-4324,1266,267,85,-373
240,2025-07-01 17:48:52.274,2025-07-01 17:48:51.934948,-3.246537446975708,4.503493309020996,11.520898818969727,1.1948524713516235,-0.7012733221054077,0.42638394236564636,2025-07-01 17:48:51.942,1751372331942,-6905,-4706,1822,360,7,279
241,2025-07-01 17:48:52.398,2025-07-01 17:48:52.035228,-2.1284453868865967,-7.740454196929932,7.438784599304199,-7.539299011230469,1.8216001987457275,-1.7861700057983398,2025-07-01 17:48:52.007,1751372332007,-6853,-4238,1587,362,531,-270
242,2025-07-01 17:48:52.788,2025-07-01 17:48:52.435116,-0.6943184733390808,-9.299078941345215,5.781997203826904,2.246762275695801,-0.9627236127853394,1.1924089193344116,2025-07-01 17:48:52.458,1751372332458,-7120,-4339,1273,-195,339,-31
243,2025-07-01 17:48:52.986,2025-07-01 17:48:52.644315,-1.4508862495422363,-3.026270866394043,9.837775230407715,-2.6511552333831787,1.0054842233657837,-1.4966198205947876,2025-07-01 17:48:52.639,1751372332639,-6995,-4642,1583,198,67,-220
244,2025-07-01 17:48:53.081,2025-07-01 17:48:52.734110,0.090979665517807,-8.343792915344238,1.1779472827911377,1.06657075881958,0.33475416898727417,-0.18936823308467865,2025-07-01 17:48:52.729,1751372332729,-6882,-4668,1276,-346,-157,-76
245,2025-07-01 17:48:53.194,2025-07-01 17:48:52.836356,-3.181894063949585,-4.000710964202881,8.22887134552002,4.8282790184021,-1.500285029411316,2.032959461212158,2025-07-01 17:48:52.847,1751372332847,-7192,-4345,1565,-189,339,-35
246,2025-07-01 17:48:53.291,2025-07-01 17:48:52.935942,-2.8419175148010254,0.2561795711517334,8.987833023071289,-2.2284364700317383,0.8063421249389648,-1.5919147729873657,2025-07-01 17:48:52.937,1751372332937,-6795,-4653,1543,-1,-171,-123
247,2025-07-01 17:48:53.413,2025-07-01 17:48:53.034552,-0.8595184087753296,-7.2137298583984375,4.02465295791626,-4.135557651519775,1.5063936710357666,-1.568701982498169,2025-07-01 17:48:53.004,1751372333004,-7248,-4668,1235,-333,-13,18
248,2025-07-01 17:48:53.581,2025-07-01 17:48:53.229977,-3.0885202884674072,7.587224960327148,11.226411819458008,-1.0482447147369385,0.2883284091949463,-0.9395107626914978,2025-07-01 17:48:53.269,1751372333269,-6643,-4333,1662,312,-136,-221
249,2025-07-01 17:48:53.780,2025-07-01 17:48:53.434966,-0.8140285611152649,-8.844181060791016,6.256049156188965,4.513072490692139,-1.947438359260559,2.5314254760742188,2025-07-01 17:48:53.413,1751372333413,-7178,-4666,1652,-305,268,30
250,2025-07-01 17:48:53.882,2025-07-01 17:48:53.535428,-4.264073371887207,7.412448406219482,11.882423400878906,1.4269812107086182,-0.588874101638794,-0.07330382615327835,2025-07-01 17:48:53.538,1751372333538,-7292,-4622,1688,279,116,255
251,2025-07-01 17:48:53.977,2025-07-01 17:48:53.635122,-2.5043349266052246,-9.315838813781738,6.72531270980835,-10.186788558959961,2.2015583515167236,-3.023782968521118,2025-07-01 17:48:53.633,1751372333633,-7048,-4298,1570,0,629,118
252,2025-07-01 17:48:54.082,2025-07-01 17:48:53.743157,-2.628833532333374,-6.9695210456848145,7.216124057769775,3.332880735397339,-1.595579981803894,1.1105530261993408,2025-07-01 17:48:53.718,1751372333718,-7205,-4462,1267,-123,220,635
253,2025-07-01 17:48:54.205,2025-07-01 17:48:53.839559,-5.4444146156311035,4.015076160430908,8.959102630615234,4.029267311096191,-0.9248499870300293,0.901637077331543,2025-07-01 17:48:53.818,1751372333818,-7458,-4616,1884,281,-119,135
254,2025-07-01 17:48:54.284,2025-07-01 17:48:53.927092,-1.4963760375976562,-6.63433313369751,9.232041358947754,-6.856351375579834,1.4758504629135132,-2.141693592071533,2025-07-01 17:48:53.904,1751372333904,-6840,-4094,1598,544,300,-237
255,2025-07-01 17:48:54.375,2025-07-01 17:48:54.036890,0.7805097699165344,-8.530540466308594,7.24485445022583,1.7568484544754028,-0.31031954288482666,0.7232644557952881,2025-07-01 17:48:54.067,1751372334067,-7443,-4042,1160,1285,1059,-91
256,2025-07-01 17:48:54.474,2025-07-01 17:48:54.140426,-4.532223701477051,0.07422025501728058,10.254365921020508,3.5662312507629395,-0.6707300543785095,0.5338962078094482,2025-07-01 17:48:54.162,1751372334162,-7058,-4216,1822,206,-350,97
257,2025-07-01 17:48:54.874,2025-07-01 17:48:54.516740,-3.8570590019226074,-11.405977249145508,7.747636795043945,-1.8350391387939453,0.7024950385093689,-0.8112290501594543,2025-07-01 17:48:54.543,1751372334543,-7237,-4287,1184,-95,-46,-826
258,2025-07-01 17:48:54.986,2025-07-01 17:48:54.616352,-0.3423708379268646,-10.644620895385742,2.3726539611816406,-5.787337303161621,1.6102408170700073,-1.1191051006317139,2025-07-01 17:48:54.620,1751372334620,-7498,-4171,1254,-293,626,-5
259,2025-07-01 17:48:55.103,2025-07-01 17:48:54.737397,0.019153613597154617,-12.15296745300293,2.4157495498657227,3.3096678256988525,-1.0958921909332275,1.6395623683929443,2025-07-01 17:48:54.699,1751372334699,-7155,-4002,1214,-209,112,5
260,2025-07-01 17:48:55.289,2025-07-01 17:48:54.833156,-3.9049429893493652,2.233790159225464,9.337387084960938,3.7665951251983643,-0.5277875661849976,0.8869763612747192,2025-07-01 17:48:54.802,1751372334802,-7135,-4255,1417,-303,42,-352
261,2025-07-01 17:48:55.408,2025-07-01 17:48:55.039337,-0.7924807667732239,-7.386112213134766,2.889801502227783,1.0128145217895508,-0.5729916095733643,0.3323107063770294,2025-07-01 17:48:55.061,1751372335061,-6904,-4295,1479,-380,100,-547
262,2025-07-01 17:48:55.679,2025-07-01 17:48:55.345111,-1.2880805730819702,-9.476250648498535,2.032677173614502,-4.736649036407471,2.001194477081299,-1.529606580734253,2025-07-01 17:48:55.366,1751372335366,-6585,-4588,1413,336,357,-693
263,2025-07-01 17:48:56.000,2025-07-01 17:48:55.651307,-2.2146365642547607,-9.943120002746582,6.155492782592773,-5.53810453414917,1.5271631479263306,-2.155132532119751,2025-07-01 17:48:55.628,1751372335628,-6610,-4876,1548,268,144,-265
264,2025-07-01 17:48:56.188,2025-07-01 17:48:55.850043,-2.2601263523101807,-8.576030731201172,1.5873557329177856,3.6725218296051025,-1.8216001987457275,1.6676621437072754,2025-07-01 17:48:55.871,1751372335871,-6638,-4665,1596,132,301,-135
265,2025-07-01 17:48:56.676,2025-07-01 17:48:56.350022,0.4596867263317108,-11.39400577545166,-0.33039984107017517,-3.9193115234375,1.225395679473877,-0.7929030656814575,2025-07-01 17:48:56.328,1751372336328,-6582,-4802,1377,-636,13,-214
266,2025-07-01 17:48:56.774,2025-07-01 17:48:56.433702,-0.608127236366272,-11.386823654174805,-0.2106897532939911,2.945592164993286,-1.4184291362762451,1.5723671913146973,2025-07-01 17:48:56.409,1751372336409,-6829,-4927,1540,-336,312,517
267,2025-07-01 17:48:57.000,2025-07-01 17:48:56.645997,-1.6089035272598267,-10.261548042297363,-1.3311761617660522,-4.150218486785889,1.5613715648651123,-0.5766568183898926,2025-07-01 17:48:56.623,1751372336623,-6794,-4911,1324,-619,12,13
268,2025-07-01 17:48:57.083,2025-07-01 17:48:56.723313,-1.5825673341751099,-8.04930591583252,5.023035049438477,4.770857334136963,-2.196671485900879,1.8839083909988403,2025-07-01 17:48:56.702,1751372336702,-6649,-4978,1181,-824,-15,613
269,2025-07-01 17:48:57.174,2025-07-01 17:48:56.840011,-5.0014872550964355,-6.5265936851501465,5.078101634979248,-1.1704177856445312,0.31154128909111023,-0.475253164768219,2025-07-01 17:48:56.861,1751372336861,-7008,-4686,1245,-52,-334,305
270,2025-07-01 17:48:57.294,2025-07-01 17:48:56.942518,-2.341529369354248,-7.771578788757324,-3.0382418632507324,-1.8680258989334106,1.4526375532150269,-0.45814892649650574,2025-07-01 17:48:56.959,1751372336959,-6887,-4891,924,-887,301,284
271,2025-07-01 17:48:57.374,2025-07-01 17:48:57.018085,-1.8938134908676147,-8.4108304977417,2.43011474609375,4.203974723815918,-2.0671679973602295,1.4868459701538086,2025-07-01 17:48:57.059,1751372337059,-7192,-4562,1336,-305,309,135
272,2025-07-01 17:48:57.577,2025-07-01 17:48:57.218050,-3.2154128551483154,-7.65186882019043,2.140416383743286,-3.615100622177124,1.9804251194000244,-1.606575608253479,2025-07-01 17:48:57.233,1751372337233,-6903,-4622,1081,-130,337,-77
273,2025-07-01 17:48:57.675,2025-07-01 17:48:57.348087,-1.6759412288665771,-11.049241065979004,3.246537446975708,2.7708847522735596,-1.4648548364639282,1.598023533821106,2025-07-01 17:48:57.309,1751372337309,-7256,-4612,1133,-439,-75,175
274,2025-07-01 17:48:57.774,2025-07-01 17:48:57.416965,-5.987898349761963,-0.014365210197865963,10.6925048828125,3.1202995777130127,-0.769690215587616,0.7941248416900635,2025-07-01 17:48:57.412,1751372337412,-6809,-4562,1384,-344,-332,-378
275,2025-07-01 17:48:57.981,2025-07-01 17:48:57.530134,-3.184288263320923,-8.269572257995605,5.578489780426025,-5.693264007568359,1.8985692262649536,-1.977981686592102,2025-07-01 17:48:57.493,1751372337493,-6788,-4332,1065,261,307,-479
276,2025-07-01 17:48:58.174,2025-07-01 17:48:57.846778,-3.890577793121338,-6.708553314208984,7.4770917892456055,-3.6700782775878906,1.1899654865264893,-2.168571710586548,2025-07-01 17:48:57.859,1751372337859,-7012,-4701,937,631,-374,-290
277,2025-07-01 17:48:58.969,2025-07-01 17:48:57.917073,0.608127236366272,-13.448230743408203,-2.3487119674682617,-0.09896016865968704,-0.00855211354792118,0.2223549485206604,2025-07-01 17:48:57.956,1751372337956,-6878,-4976,1057,-427,-158,-104
278,2025-07-01 17:48:59.084,2025-07-01 17:48:58.126688,-3.555389642715454,-7.072471618652344,8.757989883422852,-3.1496212482452393,0.6255260109901428,-1.3231340646743774,2025-07-01 17:48:58.164,1751372338164,-6973,-4670,1059,460,-267,-180
279,2025-07-01 17:48:59.387,2025-07-01 17:48:59.116594,-2.255337953567505,-3.555389642715454,9.818621635437012,-3.1386256217956543,0.3885102868080139,0.06230825558304787,2025-07-01 17:48:59.111,1751372339111,-6839,-4298,1178,137,-23,-191
280,2025-07-01 17:48:59.491,2025-07-01 17:48:59.216759,-3.2537200450897217,-6.730101108551025,6.885724067687988,-1.2779301404953003,0.2687807083129883,-0.0659734457731247,2025-07-01 17:48:59.223,1751372339223,-7281,-4361,1613,-434,-128,658
281,2025-07-01 17:48:59.695,2025-07-01 17:48:59.346326,-4.745307922363281,-4.469974517822266,8.197746276855469,0.05253441259264946,-0.44104471802711487,0.37751471996307373,2025-07-01 17:48:59.314,1751372339314,-7060,-3934,1220,-1218,81,510
282,2025-07-01 17:48:59.799,2025-07-01 17:48:59.435093,-3.9815573692321777,-4.908113479614258,8.259995460510254,0.66584312915802,-0.6047565937042236,0.3225368559360504,2025-07-01 17:48:59.472,1751372339472,-7046,-4413,504,-5103,-731,314
283,2025-07-01 17:48:59.881,2025-07-01 17:48:59.530314,-2.7078421115875244,-3.3854012489318848,8.987833023071289,2.8551840782165527,-0.7929030656814575,0.7452555894851685,2025-07-01 17:48:59.571,1751372339571,-7048,-4465,-109,-4921,-262,605
284,2025-07-01 17:48:59.989,2025-07-01 17:48:59.633738,-2.056619167327881,0.31364041566848755,9.361329078674316,0.6243042945861816,-0.6108652353286743,0.384845107793808,2025-07-01 17:48:59.651,1751372339651,-7161,-4453,-262,-3928,-296,512
285,2025-07-01 17:49:00.310,2025-07-01 17:48:59.941811,-1.577778935432434,2.013523578643799,11.571176528930664,-1.966986060142517,1.1313223838806152,-1.0445796251296997,2025-07-01 17:48:59.963,1751372339963,-7536,-3934,-490,-348,315,-1
286,2025-07-01 17:49:00.374,2025-07-01 17:49:00.034321,-1.7621324062347412,-3.002328872680664,5.983109951019287,-1.0433578491210938,0.5668829679489136,-0.46547931432724,2025-07-01 17:49:00.022,1751372340022,-7523,-3928,-470,-269,266,-34
287,2025-07-01 17:49:00.485,2025-07-01 17:49:00.147527,-0.16759411990642548,0.6009446382522583,10.347740173339844,4.127005577087402,-2.105041742324829,1.6102408170700073,2025-07-01 17:49:00.110,1751372340110,-7339,-3582,-855,-320,166,-57
288,2025-07-01 17:49:00.594,2025-07-01 17:49:00.240263,-1.357512354850769,1.3623007535934448,9.222464561462402,-0.9126327037811279,0.9419541954994202,-0.8197811841964722,2025-07-01 17:49:00.200,1751372340200,-7343,-3519,-866,43,143,-28
289,2025-07-01 17:49:00.676,2025-07-01 17:49:00.340482,-1.7118542194366455,-2.03507137298584,6.852205276489258,-2.615725040435791,1.6212363243103027,-1.500285029411316,2025-07-01 17:49:00.373,1751372340373,-7430,-3727,-654,-590,379,-412
290,2025-07-01 17:49:00.896,2025-07-01 17:49:00.540017,0.19393034279346466,5.872976779937744,10.831368446350098,4.120896816253662,-0.9957103729248047,0.6743952035903931,2025-07-01 17:49:00.552,1751372340552,-7242,-3487,-743,151,-41,-290
291,2025-07-01 17:49:00.981,2025-07-01 17:49:00.636721,-1.4700398445129395,-0.4141969084739685,9.68933391571045,-5.11538553237915,1.7043139934539795,-1.6224581003189087,2025-07-01 17:49:00.652,1751372340652,-7062,-3995,-711,45,247,-444
292,2025-07-01 17:49:01.074,2025-07-01 17:49:00.742287,-1.482010841369629,-0.304063618183136,9.464279174804688,2.085494041442871,-0.2919935882091522,0.21624629199504852,2025-07-01 17:49:00.729,1751372340729,-7221,-4156,-922,-319,327,-414
293,2025-07-01 17:49:01.174,2025-07-01 17:49:00.844715,0.6009446382522583,2.427720546722412,10.259154319763184,6.137973785400391,-2.350609540939331,1.8887953758239746,2025-07-01 17:49:00.840,1751372340840,-7471,-3768,-959,-781,502,-347
294,2025-07-01 17:49:01.277,2025-07-01 17:49:00.945387,-1.1516109704971313,4.967968463897705,8.26478385925293,-1.470963478088379,0.960280179977417,-1.3084733486175537,2025-07-01 17:49:00.923,1751372340923,-7248,-3822,-1328,-323,-59,-334
295,2025-07-01 17:49:01.377,2025-07-01 17:49:01.044661,-2.4229321479797363,-3.73016619682312,6.900089263916016,-1.9950858354568481,0.7220427393913269,-0.6939429044723511,2025-07-01 17:49:01.010,1751372341010,-6858,-4175,-989,1,93,-178
296,2025-07-01 17:49:01.501,2025-07-01 17:49:01.144758,0.6153098344802856,1.0271124839782715,9.239224433898926,5.0714030265808105,-2.1697933673858643,1.920560359954834,2025-07-01 17:49:01.106,1751372341106,-7172,-4173,-1210,-843,266,-360
297,2025-07-01 17:49:01.574,2025-07-01 17:49:01.241044,0.08379705995321274,0.4405331015586853,8.372523307800293,-0.8405506014823914,0.7012733221054077,-0.6829473376274109,2025-07-01 17:49:01.226,1751372341226,-7126,-4151,-1221,-550,276,351
298,2025-07-01 17:49:01.677,2025-07-01 17:49:01.340853,-1.821987509727478,-3.7876269817352295,8.030152320861816,-4.235739707946777,0.8148942589759827,-0.66584312915802,2025-07-01 17:49:01.365,1751372341365,-7191,-4206,-1160,-555,48,-613
299,2025-07-01 17:49:01.974,2025-07-01 17:49:01.644338,-1.2210428714752197,-2.8993782997131348,8.042123794555664,-5.627290725708008,1.949881911277771,-1.8203784227371216,2025-07-01 17:49:01.630,1751372341630,-6881,-3821,-1332,-88,-59,-119
300,2025-07-01 17:49:02.075,2025-07-01 17:49:01.733469,-0.9552865028381348,-0.37828385829925537,9.696516990661621,0.9822713136672974,-1.086118459701538,0.42271876335144043,2025-07-01 17:49:01.730,1751372341730,-7252,-3822,-1397,-125,-5,100
301,2025-07-01 17:49:02.177,2025-07-01 17:49:01.843440,0.36152446269989014,7.161057472229004,9.998186111450195,3.6273179054260254,-0.6536257863044739,0.3225368559360504,2025-07-01 17:49:01.814,1751372341814,-7108,-3751,-1599,-38,86,227
302,2025-07-01 17:49:02.288,2025-07-01 17:49:01.942632,-0.5841852426528931,-1.9991583824157715,9.433155059814453,-5.396383762359619,1.508837103843689,-1.7837265729904175,2025-07-01 17:49:01.904,1751372341904,-6814,-4156,-937,1032,125,75
303,2025-07-01 17:49:02.574,2025-07-01 17:49:02.239961,-0.7422025203704834,3.4380736351013184,8.746018409729004,-1.5137240886688232,1.1081095933914185,-1.6322319507598877,2025-07-01 17:49:02.261,1751372342261,-7238,-4192,-756,396,-32,-284
304,2025-07-01 17:49:02.781,2025-07-01 17:49:02.445619,-1.158793568611145,1.3024457693099976,10.970232009887695,5.092172622680664,-2.1319196224212646,1.9657644033432007,2025-07-01 17:49:02.460,1751372342460,-6873,-3985,-716,555,58,-34
305,2025-07-01 17:49:02.881,2025-07-01 17:49:02.538548,-0.5793967843055725,2.051830768585205,8.87051773071289,-1.0971139669418335,0.7220427393913269,-1.0323622226715088,2025-07-01 17:49:02.574,1751372342574,-7161,-4180,-887,444,77,276
306,2025-07-01 17:49:03.077,2025-07-01 17:49:02.737383,-1.4413094520568848,-2.5929205417633057,9.641449928283691,4.9565606117248535,-1.99752938747406,1.7910568714141846,2025-07-01 17:49:02.756,1751372342756,-7221,-4072,-1065,-233,174,98
307,2025-07-01 17:49:03.201,2025-07-01 17:49:02.843622,-2.0685901641845703,7.180211067199707,9.837775230407715,0.9162978529930115,0.042760565876960754,-0.29077184200286865,2025-07-01 17:49:02.816,1751372342816,-7116,-4386,-868,-35,257,580
308,2025-07-01 17:49:03.592,2025-07-01 17:49:03.245743,-1.436521053314209,3.1747114658355713,9.229647636413574,-2.6511552333831787,1.0458012819290161,-1.585806131362915,2025-07-01 17:49:03.259,1751372343259,-6990,-4012,-1052,296,631,-198
309,2025-07-01 17:49:03.674,2025-07-01 17:49:03.345210,-1.577778935432434,-5.95677375793457,6.428431510925293,-3.514918565750122,1.0958921909332275,-1.3683381080627441,2025-07-01 17:49:03.340,1751372343340,-6892,-4400,-1095,-39,182,-445
310,2025-07-01 17:49:03.781,2025-07-01 17:49:03.516899,-2.63362193107605,8.185775756835938,13.081917762756348,0.769690215587616,-0.010995574295520782,-0.16004669666290283,2025-07-01 17:49:03.541,1751372343541,-6651,-4479,-1101,336,72,3
311,2025-07-01 17:49:03.974,2025-07-01 17:49:03.642262,-1.802833914756775,0.2513911724090576,8.911218643188477,-3.643200397491455,1.2034045457839966,-1.6627751588821411,2025-07-01 17:49:03.666,1751372343666,-6848,-4231,-927,-309,-40,-340
312,2025-07-01 17:49:04.177,2025-07-01 17:49:03.836334,-1.6855180263519287,2.0853497982025146,9.227252960205078,6.470284461975098,-2.3408355712890625,2.7769935131073,2025-07-01 17:49:03.824,1751372343824,-6847,-4405,-1031,-597,83,328
313,2025-07-01 17:49:04.288,2025-07-01 17:49:03.946677,1.678335428237915,-0.3256114423274994,9.591172218322754,-2.400700330734253,0.6340781450271606,-0.9676105380058289,2025-07-01 17:49:03.971,1751372343971,-6817,-4368,-1093,-58,78,367
314,2025-07-01 17:49:04.381,2025-07-01 17:49:04.042528,-2.6671407222747803,-4.050989151000977,6.215347766876221,-6.458067417144775,1.6016886234283447,-2.0085248947143555,2025-07-01 17:49:04.073,1751372344073,-6844,-4372,-1081,-254,-208,-337
315,2025-07-01 17:49:04.476,2025-07-01 17:49:04.145030,-1.3192051649093628,-5.142745018005371,8.868123054504395,4.123340606689453,-1.9120081663131714,2.177123785018921,2025-07-01 17:49:04.163,1751372344163,-6880,-4092,-957,-595,331,-107
316,2025-07-01 17:49:04.574,2025-07-01 17:49:04.217133,0.6344634294509888,10.251971244812012,8.413225173950195,3.3536500930786133,-0.7379252314567566,0.9578366875648499,2025-07-01 17:49:04.241,1751372344241,-6804,-4211,-1114,148,84,287
317,2025-07-01 17:49:04.713,2025-07-01 17:49:04.344812,-0.15562310814857483,1.680729627609253,9.346963882446289,-5.793446063995361,2.105041742324829,-2.1148154735565186,2025-07-01 17:49:04.339,1751372344339,-7176,-4363,-1026,20,329,-176
318,2025-07-01 17:49:04.775,2025-07-01 17:49:04.446655,-1.4748282432556152,-4.637568473815918,9.627084732055664,2.6230554580688477,-0.5693264007568359,1.1459832191467285,2025-07-01 17:49:04.437,1751372344437,-6849,-4430,-1104,-165,322,-178
319,2025-07-01 17:49:04.892,2025-07-01 17:49:04.542216,-1.1420341730117798,4.7189717292785645,8.942343711853027,6.125756740570068,-1.23394775390625,1.8949040174484253,2025-07-01 17:49:04.514,1751372344514,-6869,-4401,-1135,-193,338,-337
320,2025-07-01 17:49:05.010,2025-07-01 17:49:04.617156,-0.7230489253997803,3.3207578659057617,10.63504409790039,-4.26628303527832,1.510058879852295,-1.9608774185180664,2025-07-01 17:49:04.610,1751372344610,-6624,-4374,-920,-348,-811,-108
321,2025-07-01 17:49:05.092,2025-07-01 17:49:04.716616,-2.408566951751709,-2.7317841053009033,6.562506675720215,-1.4831807613372803,0.14782938361167908,-0.13561208546161652,2025-07-01 17:49:04.717,1751372344717,-6789,-4371,-1107,-577,100,-513
322,2025-07-01 17:49:05.293,2025-07-01 17:49:04.941687,1.173158884048462,-0.5386953949928284,9.016563415527344,-1.948660135269165,0.9053022861480713,-1.2034045457839966,2025-07-01 17:49:04.965,1751372344965,-6874,-3730,-992,378,332,24
323,2025-07-01 17:49:05.583,2025-07-01 17:49:05.240463,1.1516109704971313,8.17141056060791,10.014945983886719,5.508782863616943,-2.4385740756988525,2.1759018898010254,2025-07-01 17:49:05.243,1751372345243,-6814,-4389,-928,323,-241,135
324,2025-07-01 17:49:05.679,2025-07-01 17:49:05.334583,-1.7046716213226318,-1.4077905416488647,6.670246124267578,-6.4250807762146,1.986533761024475,-2.548529863357544,2025-07-01 17:49:05.327,1751372345327,-7213,-4056,-804,860,118,-342
325,2025-07-01 17:49:05.799,2025-07-01 17:49:05.443146,-0.38546648621559143,0.13407529890537262,11.23598861694336,2.5717427730560303,-1.313360333442688,0.7623597979545593,2025-07-01 17:49:05.436,1751372345436,-6815,-4394,-766,402,575,-411
326,2025-07-01 17:49:05.994,2025-07-01 17:49:05.652422,-1.314416766166687,-1.6735470294952393,9.950302124023438,-5.433035373687744,1.1716395616531372,-1.8692476749420166,2025-07-01 17:49:05.613,1751372345613,-6622,-4390,-1099,1552,174,240
327,2025-07-01 17:49:06.094,2025-07-01 17:49:05.718095,-2.4875755310058594,-5.999869346618652,8.743624687194824,-1.4831807613372803,-0.19547687470912933,0.12950342893600464,2025-07-01 17:49:05.702,1751372345702,-7189,-4184,-1087,699,837,-246
328,2025-07-01 17:49:06.180,2025-07-01 17:49:05.835134,-1.0247182846069336,-0.09816227108240128,11.15697956085205,4.517959117889404,-1.683544635772705,1.0812314748764038,2025-07-01 17:49:05.867,1751372345867,-7237,-4266,-900,258,212,174
329,2025-07-01 17:49:06.274,2025-07-01 17:49:05.924814,-0.8259995579719543,-1.1659762859344482,7.8960771560668945,-2.4837779998779297,0.5106833577156067,-1.1826350688934326,2025-07-01 17:49:05.962,1751372345962,-6981,-4094,-928,197,563,550
330,2025-07-01 17:49:06.381,2025-07-01 17:49:06.024531,-1.7597382068634033,-7.422025203704834,5.2480902671813965,-5.142263412475586,1.6029103994369507,-2.001194477081299,2025-07-01 17:49:06.050,1751372346050,-6877,-4424,-1012,-349,-43,304
331,2025-07-01 17:49:06.480,2025-07-01 17:49:06.125690,-1.237802267074585,-3.1052796840667725,9.861717224121094,4.6718974113464355,-1.6896532773971558,1.1936306953430176,2025-07-01 17:49:06.134,1751372346134,-6810,-4063,-1376,32,332,-89
332,2025-07-01 17:49:06.681,2025-07-01 17:49:06.317102,-0.507570743560791,-9.296685218811035,4.845864295959473,-6.410419940948486,1.2864822149276733,-1.1007791757583618,2025-07-01 17:49:06.330,1751372346330,-6792,-4020,-1135,-126,-281,-212
333,2025-07-01 17:49:06.806,2025-07-01 17:49:06.516722,-0.8044517636299133,1.1540051698684692,8.860940933227539,3.2400293350219727,-0.588874101638794,0.0,2025-07-01 17:49:06.501,1751372346501,-6909,-4416,-703,293,-279,313
334,2025-07-01 17:49:07.007,2025-07-01 17:49:06.616953,-1.1516109704971313,-9.188945770263672,8.066065788269043,-7.467216968536377,1.567480206489563,-1.4599679708480835,2025-07-01 17:49:06.621,1751372346621,-6553,-4220,-650,773,534,-273
335,2025-07-01 17:49:07.274,2025-07-01 17:49:06.917494,-1.3287819623947144,-4.929661273956299,9.014169692993164,-5.150815963745117,1.0995573997497559,-1.549154281616211,2025-07-01 17:49:06.886,1751372346886,-6843,-4420,-1288,-122,93,-86
336,2025-07-01 17:49:07.578,2025-07-01 17:49:07.217775,-2.784456491470337,-2.0614075660705566,8.983044624328613,-2.172236919403076,0.5155702829360962,-0.7941248416900635,2025-07-01 17:49:07.240,1751372347240,-6800,-4041,-1054,530,68,33
337,2025-07-01 17:49:07.688,2025-07-01 17:49:07.317757,0.20111294090747833,-10.893617630004883,3.7469255924224854,-8.063421249389648,1.33168625831604,-0.6438519954681396,2025-07-01 17:49:07.312,1751372347312,-6793,-4419,-1153,17,-91,-590
338,2025-07-01 17:49:07.775,2025-07-01 17:49:07.417555,1.4963760375976562,-9.971850395202637,2.3127987384796143,3.266907215118408,-1.197295904159546,0.8552113175392151,2025-07-01 17:49:07.399,1751372347399,-6847,-4304,-1297,11,-280,-22
339,2025-07-01 17:49:07.901,2025-07-01 17:49:07.617262,-1.8124107122421265,-7.484274387359619,8.195352554321289,-5.055520534515381,1.186300277709961,-1.4196507930755615,2025-07-01 17:49:07.580,1751372347580,-6806,-4212,-1040,577,-60,-17
340,2025-07-01 17:49:08.175,2025-07-01 17:49:07.817740,-0.9050082564353943,-5.801150798797607,9.026140213012695,3.762929916381836,-1.216843605041504,1.0286970138549805,2025-07-01 17:49:07.846,1751372347846,-6905,-4368,-676,331,42,-36
341,2025-07-01 17:49:08.274,2025-07-01 17:49:08.016473,2.164358377456665,-10.594342231750488,-0.1843535304069519,-1.0030407905578613,0.38240164518356323,0.05864306539297104,2025-07-01 17:49:08.023,1751372348023,-6904,-4042,-1104,-292,-2,81
342,2025-07-01 17:49:08.495,2025-07-01 17:49:08.118528,-0.16519992053508759,-7.01979923248291,5.552153587341309,5.3890533447265625,-1.635897159576416,1.3267992734909058,2025-07-01 17:49:08.116,1751372348116,-7195,-4023,-768,-346,-106,381
343,2025-07-01 17:49:08.583,2025-07-01 17:49:08.217460,-1.4748282432556152,-4.551377296447754,10.273519515991211,-3.210707664489746,0.6768386960029602,-0.7195992469787598,2025-07-01 17:49:08.206,1751372348206,-6871,-3989,-647,330,-27,-112
344,2025-07-01 17:49:08.708,2025-07-01 17:49:08.319307,0.6272808313369751,-6.720524311065674,3.1531636714935303,-0.21991148591041565,0.8307767510414124,-1.0726794004440308,2025-07-01 17:49:08.300,1751372348300,-7175,-4118,-1126,-286,131,-278
345,2025-07-01 17:49:08.774,2025-07-01 17:49:08.418971,-0.2322375625371933,-8.389283180236816,4.67827033996582,3.4574973583221436,-1.282817006111145,1.1911872625350952,2025-07-01 17:49:08.406,1751372348406,-6911,-4077,-1024,-829,-261,-169
346,2025-07-01 17:49:08.983,2025-07-01 17:49:08.619027,0.2298433631658554,-8.362946510314941,7.6782050132751465,-3.8643336296081543,1.5894713401794434,-1.1007791757583618,2025-07-01 17:49:08.583,1751372348583,-6969,-4152,-1044,605,307,-306
347,2025-07-01 17:49:09.077,2025-07-01 17:49:08.719415,1.6160861253738403,-9.804255485534668,5.858611583709717,2.4239132404327393,-0.9871582388877869,1.0348057746887207,2025-07-01 17:49:08.746,1751372348746,-7275,-4044,-939,-173,117,-73
348,2025-07-01 17:49:09.174,2025-07-01 17:49:08.818333,-0.9576807022094727,-0.6703764796257019,11.322179794311523,0.7965682744979858,-0.16249015927314758,0.0024434609804302454,2025-07-01 17:49:08.839,1751372348839,-7194,-4151,-1047,355,111,-73
349,2025-07-01 17:49:09.278,2025-07-01 17:49:09.015986,1.338358759880066,-10.407594680786133,5.310339450836182,1.9706512689590454,-0.960280179977417,0.9639453291893005,2025-07-01 17:49:09.014,1751372349014,-6863,-4121,-1022,-296,261,-343
350,2025-07-01 17:49:09.480,2025-07-01 17:49:09.118701,-0.7876923680305481,-1.7860745191574097,9.411606788635254,2.5815165042877197,-0.5216789245605469,0.6499606370925903,2025-07-01 17:49:09.108,1751372349108,-7230,-4073,-743,-19,-377,295
351,2025-07-01 17:49:09.602,2025-07-01 17:49:09.219058,0.5195417404174805,-4.824316501617432,10.378864288330078,-4.625471591949463,1.1716395616531372,-1.2473868131637573,2025-07-01 17:49:09.232,1751372349232,-6787,-4117,-1029,603,320,107
352,2025-07-01 17:49:10.199,2025-07-01 17:49:09.918634,-0.4884171485900879,-10.27591323852539,2.8562827110290527,0.08185594528913498,1.1068878173828125,0.3836233615875244,2025-07-01 17:49:09.955,1751372349955,-7047,-3921,719,4283,1049,739
353,2025-07-01 17:49:10.374,2025-07-01 17:49:10.018197,-1.534683346748352,-9.80904483795166,4.0078935623168945,0.08185594528913498,0.5595525503158569,0.6731734871864319,2025-07-01 17:49:10.009,1751372350009,-7386,-2948,-262,4181,2281,156
354,2025-07-01 17:49:10.507,2025-07-01 17:49:10.117787,-1.6879122257232666,-9.8784761428833,2.542642116546631,-0.9627236127853394,0.2431243658065796,0.8002334833145142,2025-07-01 17:49:10.114,1751372350114,-8211,-2991,-650,2007,2193,-32
355,2025-07-01 17:49:10.985,2025-07-01 17:49:10.619542,-0.40701428055763245,-9.581595420837402,2.513911724090576,0.32620203495025635,0.16982053220272064,0.19792033731937408,2025-07-01 17:49:10.657,1751372350657,-7699,-3101,2278,-1043,-1686,4
356,2025-07-01 17:49:11.084,2025-07-01 17:49:10.720115,-1.6615760326385498,-9.536105155944824,4.228160381317139,0.7452555894851685,0.0403171069920063,0.030543262138962746,2025-07-01 17:49:10.729,1751372350729,-7308,-2971,2717,-919,-1569,-141
357,2025-07-01 17:49:11.184,2025-07-01 17:49:10.918938,-1.8483237028121948,-9.600749015808105,2.5282769203186035,2.1087067127227783,-0.5192354321479797,0.8576548099517822,2025-07-01 17:49:10.934,1751372350934,-7754,-2758,2900,-438,-624,-326
358,2025-07-01 17:49:11.776,2025-07-01 17:49:11.418551,-2.3558945655822754,-7.879317760467529,3.5266590118408203,-4.052480220794678,1.0983357429504395,-1.6236798763275146,2025-07-01 17:49:11.459,1751372351459,-7505,-3281,2454,-1115,-851,1046
359,2025-07-01 17:49:11.885,2025-07-01 17:49:11.518595,-0.5051765441894531,-9.892841339111328,2.8203697204589844,1.9132299423217773,-0.9651671051979065,0.5766568183898926,2025-07-01 17:49:11.551,1751372351551,-7347,-3325,2721,78,-262,-330
360,2025-07-01 17:49:11.988,2025-07-01 17:49:11.619096,-4.0964789390563965,-4.742913722991943,8.56645393371582,1.1520918607711792,-0.01466076634824276,-0.05009094998240471,2025-07-01 17:49:11.619,1751372351619,-7447,-3210,2897,-23,-580,-626
361,2025-07-01 17:49:12.075,2025-07-01 17:49:11.718665,0.7086837291717529,-11.592724800109863,1.9081788063049316,-0.3591887652873993,0.5351179838180542,-0.2773328125476837,2025-07-01 17:49:11.741,1751372351741,-7333,-3291,2557,376,367,-309
362,2025-07-01 17:49:12.188,2025-07-01 17:49:11.817979,-3.0334534645080566,-7.0988078117370605,4.742913722991943,2.6230554580688477,-0.7733554244041443,1.027475357055664,2025-07-01 17:49:11.828,1751372351828,-7329,-3451,2691,242,88,-348
363,2025-07-01 17:49:12.277,2025-07-01 17:49:11.919030,-0.7445967197418213,-8.008605003356934,6.212953567504883,-3.782477617263794,0.8087855577468872,-1.380555510520935,2025-07-01 17:49:11.893,1751372351893,-7476,-3383,2824,366,-74,-151
364,2025-07-01 17:49:12.386,2025-07-01 17:49:12.018200,0.6584054827690125,-9.318233489990234,2.9233202934265137,0.07330382615327835,-0.5693264007568359,0.35063666105270386,2025-07-01 17:49:11.994,1751372351994,-7411,-3456,2837,-325,372,16
365,2025-07-01 17:49:12.674,2025-07-01 17:49:12.321596,-3.663128614425659,-9.696516990661621,7.513004779815674,-0.22602014243602753,-0.626747727394104,-0.2590068578720093,2025-07-01 17:49:12.348,1751372352348,-7424,-3379,2746,117,-82,-213
366,2025-07-01 17:49:12.794,2025-07-01 17:49:12.420669,-5.013458251953125,-10.431536674499512,9.162610054016113,-0.22602014243602753,-0.626747727394104,-0.2590068578720093,2025-07-01 17:49:12.434,1751372352434,-7276,-3279,2559,258,-299,-611
367,2025-07-01 17:49:12.877,2025-07-01 17:49:12.517113,-5.013458251953125,-10.431536674499512,9.162610054016113,0.05619960278272629,0.3579670190811157,0.15027284622192383,2025-07-01 17:49:12.531,1751372352531,-7389,-3893,2455,-298,299,-227
368,2025-07-01 17:49:13.074,2025-07-01 17:49:12.716771,0.5219359993934631,-5.808333396911621,0.9600749015808105,0.1014036312699318,-0.2382374405860901,-0.08429940044879913,2025-07-01 17:49:12.713,1751372352713,-7437,-3269,2760,88,102,-517
369,2025-07-01 17:49:13.193,2025-07-01 17:49:12.817405,-1.2880805730819702,-7.41484260559082,4.6950297355651855,0.3481931984424591,-1.1533136367797852,0.04642575979232788,2025-07-01 17:49:12.844,1751372352844,-7067,-3488,2902,-803,242,634
370,2025-07-01 17:49:13.299,2025-07-01 17:49:12.916514,-5.942408561706543,-10.141838073730469,14.135366439819336,0.0,-0.19303341209888458,-0.05375614017248154,2025-07-01 17:49:12.885,1751372352885,-7127,-3738,2495,-802,482,638
371,2025-07-01 17:49:13.483,2025-07-01 17:49:13.116928,1.8818424940109253,-6.179434776306152,-0.24420857429504395,0.5057964324951172,0.18570303916931152,-0.0012217304902151227,2025-07-01 17:49:13.153,1751372353153,-7714,-2963,2616,-309,283,-12
372,2025-07-01 17:49:13.576,2025-07-01 17:49:13.216857,-0.22505496442317963,-6.418854713439941,2.894589900970459,0.07330382615327835,-0.8222246170043945,0.015882495790719986,2025-07-01 17:49:13.247,1751372353247,-7353,-3345,2581,30,86,-307
373,2025-07-01 17:49:13.775,2025-07-01 17:49:13.419414,-1.6519991159439087,-8.688557624816895,8.118738174438477,0.34208452701568604,0.8393288254737854,0.0024434609804302454,2025-07-01 17:49:13.425,1751372353425,-7746,-3229,2560,-139,111,106
374,2025-07-01 17:49:13.876,2025-07-01 17:49:13.518366,2.360682964324951,-6.129156112670898,-1.113303780555725,0.37262779474258423,0.3066543638706207,-0.030543262138962746,2025-07-01 17:49:13.546,1751372353546,-7755,-3217,2584,-332,-117,67
375,2025-07-01 17:49:13.978,2025-07-01 17:49:13.618311,-0.9097966551780701,-6.555324077606201,2.829946517944336,0.5742133259773254,-0.9065240025520325,0.08429940044879913,2025-07-01 17:49:13.612,1751372353612,-7534,-3602,2273,-88,-67,-519
376,2025-07-01 17:49:14.081,2025-07-01 17:49:13.718232,-6.212953567504883,-10.0580415725708,13.903129577636719,-1.076344609260559,0.16371189057826996,-0.18570303916931152,2025-07-01 17:49:13.727,1751372353727,-7461,-3564,2190,278,-107,-530
377,2025-07-01 17:49:14.180,2025-07-01 17:49:13.817345,-1.9321208000183105,-8.492233276367188,5.578489780426025,-2.630385637283325,1.2486085891723633,-0.2565633952617645,2025-07-01 17:49:13.782,1751372353782,-7411,-3718,2271,-100,322,-375
378,2025-07-01 17:49:14.274,2025-07-01 17:49:14.017165,-2.070984363555908,-6.840234279632568,4.180276393890381,-0.11362093687057495,-0.8588765263557434,-0.0708603709936142,2025-07-01 17:49:14.057,1751372354057,-7456,-3254,2212,72,79,14
379,2025-07-01 17:49:14.674,2025-07-01 17:49:14.316543,3.49314022064209,-6.890512466430664,-1.2186486721038818,0.26633724570274353,0.0012217304902151227,0.039095375686883926,2025-07-01 17:49:14.325,1751372354325,-7688,-3043,2247,-342,50,424
380,2025-07-01 17:49:14.774,2025-07-01 17:49:14.419035,-0.790086567401886,-9.05247688293457,3.2752678394317627,0.43615779280662537,-1.2217304706573486,0.979827880859375,2025-07-01 17:49:14.413,1751372354413,-7686,-2796,2233,-590,-23,793
381,2025-07-01 17:49:14.874,2025-07-01 17:49:14.517412,-5.324704647064209,-9.315838813781738,15.059528350830078,0.48258355259895325,-0.11239920556545258,0.6035348773002625,2025-07-01 17:49:14.533,1751372354533,-7342,-3209,2016,-1261,-7,596
382,2025-07-01 17:49:15.004,2025-07-01 17:49:14.617304,-1.2641384601593018,-7.105990409851074,4.551377296447754,0.48869219422340393,0.9199630618095398,0.6951646208763123,2025-07-01 17:49:14.598,1751372354598,-7640,-3308,2400,-968,25,522
383,2025-07-01 17:49:15.286,2025-07-01 17:49:15.017368,-1.3048399686813354,-6.54574728012085,1.2234370708465576,-2.1343631744384766,1.1081095933914185,-0.6829473376274109,2025-07-01 17:49:15.056,1751372355056,-7746,-3071,1874,-1485,-285,-122
384,2025-07-01 17:49:15.474,2025-07-01 17:49:15.117629,-0.950498104095459,-6.567295074462891,3.993528366088867,3.89121150970459,-2.2186625003814697,1.6725490093231201,2025-07-01 17:49:15.141,1751372355141,-7706,-3420,1864,-1408,184,126
385,2025-07-01 17:49:15.574,2025-07-01 17:49:15.217247,-4.106055736541748,4.278438568115234,15.148114204406738,2.750115394592285,-0.7318165898323059,0.598647952079773,2025-07-01 17:49:15.228,1751372355228,-7793,-3351,953,-1152,1120,57
386,2025-07-01 17:49:15.679,2025-07-01 17:49:15.317466,-2.6599581241607666,-0.667982280254364,10.433931350708008,-5.325523376464844,1.927890658378601,-2.3127357959747314,2025-07-01 17:49:15.315,1751372355315,-7843,-2739,666,-2826,794,627
387,2025-07-01 17:49:15.792,2025-07-01 17:49:15.417257,0.26336219906806946,-8.705317497253418,0.9265560507774353,-0.5119050741195679,0.9615018963813782,-0.06108652427792549,2025-07-01 17:49:15.425,1751372355425,-7708,-3384,681,-4499,92,495
388,2025-07-01 17:49:15.883,2025-07-01 17:49:15.517367,-2.4660277366638184,-6.761225700378418,2.0877439975738525,0.7159340381622314,-1.55892813205719,1.2803735733032227,2025-07-01 17:49:15.498,1751372355498,-7386,-3407,479,-4359,581,147
389,2025-07-01 17:49:16.095,2025-07-01 17:49:15.717570,-1.702277421951294,-0.6153098344802856,13.412318229675293,1.5699236392974854,-1.351233959197998,0.7550294399261475,2025-07-01 17:49:15.677,1751372355677,-7320,-3383,598,-4006,492,-73
390,2025-07-01 17:49:16.174,2025-07-01 17:49:15.817308,0.28730419278144836,-0.7350199222564697,10.807426452636719,1.3952162265777588,-0.740368664264679,0.24068090319633484,2025-07-01 17:49:15.791,1751372355791,-7707,-3236,-888,-1969,1104,-1391
391,2025-07-01 17:49:16.385,2025-07-01 17:49:16.116052,1.4077905416488647,2.0925323963165283,10.860098838806152,0.41661009192466736,-0.04398229718208313,-0.15271630883216858,2025-07-01 17:49:16.135,1751372356135,-7336,-3039,-2066,-243,250,121
392,2025-07-01 17:49:16.674,2025-07-01 17:49:16.416158,1.5442601442337036,2.2242133617401123,14.43224811553955,-0.16737708449363708,0.010995574295520782,-0.2541199326515198,2025-07-01 17:49:16.391,1751372356391,-7702,-2706,-1879,-67,-122,441
393,2025-07-01 17:49:17.180,2025-07-01 17:49:16.816329,-0.05027823522686958,-0.9983820915222168,7.175422668457031,-2.2956316471099854,1.2791517972946167,-1.4636331796646118,2025-07-01 17:49:16.776,1751372356776,-7317,-2921,-1426,129,133,44
394,2025-07-01 17:49:17.284,2025-07-01 17:49:16.816329,-0.05027823522686958,-0.9983820915222168,7.175422668457031,-2.2956316471099854,1.2791517972946167,-1.4636331796646118,2025-07-01 17:49:16.855,1751372356855,-7685,-2933,-1901,67,325,-286
395,2025-07-01 17:49:17.387,2025-07-01 17:49:17.016659,1.680729627609253,3.6152446269989014,14.683638572692871,-0.513126790523529,0.18448130786418915,-0.4899139404296875,2025-07-01 17:49:16.981,1751372356981,-7790,-2821,-1681,294,-75,120
396,2025-07-01 17:49:17.482,2025-07-01 17:49:17.117457,0.47405192255973816,0.7182605266571045,7.929595947265625,-1.577254056930542,1.4098769426345825,-1.6273449659347534,2025-07-01 17:49:17.125,1751372357125,-7333,-3110,-1857,-263,101,-630
397,2025-07-01 17:49:17.585,2025-07-01 17:49:17.217168,-0.08619125932455063,1.0199298858642578,11.190498352050781,0.38117989897727966,-1.026253581047058,1.0690141916275024,2025-07-01 17:49:17.209,1751372357209,-7390,-2917,-1668,643,-699,-1132
398,2025-07-01 17:49:17.676,2025-07-01 17:49:17.416054,0.8858546018600464,0.33758243918418884,8.097189903259277,-2.9297096729278564,1.693318486213684,-1.8509217500686646,2025-07-01 17:49:17.390,1751372357390,-7119,-3685,-1301,228,-313,-636
399,2025-07-01 17:49:17.994,2025-07-01 17:49:17.616550,2.9951462745666504,4.216189384460449,12.801796913146973,1.6407840251922607,-0.5974262356758118,0.4948008358478546,2025-07-01 17:49:17.653,1751372357653,-7443,-3242,-1283,279,321,322
400,2025-07-01 17:49:18.080,2025-07-01 17:49:17.716112,-0.2801215946674347,-2.4420857429504395,9.607931137084961,-4.3786821365356445,1.8313740491867065,-1.4489723443984985,2025-07-01 17:49:17.748,1751372357748,-7492,-3617,-1185,-322,142,28
401,2025-07-01 17:49:18.174,2025-07-01 17:49:17.817129,-0.5051765441894531,-1.577778935432434,10.678139686584473,0.7611380815505981,-0.9456194043159485,0.9175195693969727,2025-07-01 17:49:17.834,1751372357834,-7493,-3298,-1597,46,134,-31
402,2025-07-01 17:49:18.274,2025-07-01 17:49:18.016216,-0.5219359993934631,-1.3239935636520386,7.99184513092041,-4.451985836029053,2.0818288326263428,-1.4624114036560059,2025-07-01 17:49:18.017,1751372358017,-7501,-3339,-1193,128,-9,-9
403,2025-07-01 17:49:18.389,2025-07-01 17:49:18.116920,0.8834604024887085,0.05027823522686958,8.559270858764648,1.9792033433914185,-1.33168625831604,1.0885618925094604,2025-07-01 17:49:18.126,1751372358126,-7487,-3451,-1664,-305,235,-76
404,2025-07-01 17:49:18.586,2025-07-01 17:49:18.217455,1.9752163887023926,2.3750481605529785,13.539210319519043,-0.7684684991836548,-0.15760323405265808,-0.6878342628479004,2025-07-01 17:49:18.212,1751372358212,-7439,-3003,-1195,232,122,134
405,2025-07-01 17:49:18.811,2025-07-01 17:49:18.416111,-0.3663128614425659,0.6775590777397156,10.438719749450684,3.316998243331909,-1.6798794269561768,1.7654005289077759,2025-07-01 17:49:18.388,1751372358388,-7506,-3267,-1581,-296,156,-183
406,2025-07-01 17:49:18.976,2025-07-01 17:49:18.717041,-0.19393034279346466,-0.047884032130241394,13.563152313232422,1.4037683010101318,-1.5222761631011963,1.263269305229187,2025-07-01 17:49:18.751,1751372358751,-7691,-2959,-1482,-84,328,578
407,2025-07-01 17:49:19.107,2025-07-01 17:49:18.817211,1.0869675874710083,3.7445313930511475,10.438719749450684,0.6145304441452026,0.07696902006864548,-0.19914206862449646,2025-07-01 17:49:18.841,1751372358841,-7799,-2988,-1164,307,-71,598
408,2025-07-01 17:49:19.935,2025-07-01 17:49:18.917256,0.40462008118629456,-1.699883222579956,6.797138690948486,-3.006678819656372,1.1618657112121582,-1.4013248682022095,2025-07-01 17:49:18.915,1751372358915,-7366,-3341,-1004,1128,324,785
409,2025-07-01 17:49:19.976,2025-07-01 17:49:19.016572,-0.13407529890537262,1.5394717454910278,12.99812126159668,-0.45692721009254456,-0.8381071090698242,0.6243042945861816,2025-07-01 17:49:19.015,1751372359015,-7433,-2726,-1591,1647,684,1558
410,2025-07-01 17:49:20.408,2025-07-01 17:49:20.017685,1.9297266006469727,7.711723804473877,8.681375503540039,3.039665460586548,-0.5681046843528748,0.4495968222618103,2025-07-01 17:49:20.015,1751372360015,-7712,-2494,-1253,-209,-54,-827
411,2025-07-01 17:49:20.474,2025-07-01 17:49:20.117358,0.706289529800415,1.1300631761550903,8.611943244934082,-3.877772569656372,1.226617455482483,-1.6725490093231201,2025-07-01 17:49:20.102,1751372360102,-7652,-2853,-1281,-562,370,-512
412,2025-07-01 17:49:20.874,2025-07-01 17:49:20.517283,-0.2082955539226532,2.454056739807129,9.854534149169922,0.2736676335334778,-0.6035348773002625,0.2919935882091522,2025-07-01 17:49:20.558,1751372360558,-7701,-3039,-1880,444,653,-693
413,2025-07-01 17:49:20.974,2025-07-01 17:49:20.716733,-0.26575639843940735,-0.14604631066322327,9.105149269104004,-4.403116703033447,1.2608258724212646,-1.6505578756332397,2025-07-01 17:49:20.706,1751372360706,-7137,-3496,-1581,-77,297,-586
414,2025-07-01 17:49:21.181,2025-07-01 17:49:20.816281,1.1348515748977661,-6.689399719238281,8.274360656738281,0.3384193480014801,-0.0024434609804302454,0.24434609711170197,2025-07-01 17:49:20.818,1751372360818,-7136,-3542,-1566,-89,-51,-609
415,2025-07-01 17:49:21.374,2025-07-01 17:49:21.016916,-0.2346317619085312,-0.7086837291717529,9.684545516967773,-3.9596285820007324,1.2681562900543213,-1.3622294664382935,2025-07-01 17:49:20.993,1751372360993,-7284,-3564,-1594,-7,-316,275
416,2025-07-01 17:49:21.574,2025-07-01 17:49:21.216820,-0.5219359993934631,-1.867477297782898,9.385271072387695,4.706105709075928,-1.8887953758239746,1.595579981803894,2025-07-01 17:49:21.184,1751372361184,-7168,-3612,-1707,-46,178,96
417,2025-07-01 17:49:22.074,2025-07-01 17:49:21.717086,0.22266076505184174,-9.35893440246582,6.143521785736084,-7.214318752288818,1.4098769426345825,-1.0971139669418335,2025-07-01 17:49:21.729,1751372361729,-7538,-3513,-1445,-287,36,310
418,2025-07-01 17:49:22.287,2025-07-01 17:49:21.916123,-0.6488286852836609,-1.745373010635376,9.636661529541016,2.5509731769561768,-0.48258355259895325,0.11484266817569733,2025-07-01 17:49:21.909,1751372361909,-7167,-3624,-1311,474,-271,367
419,2025-07-01 17:49:22.475,2025-07-01 17:49:22.116164,1.8387469053268433,-10.254365921020508,4.623203277587891,2.322509765625,-0.6670648455619812,0.93095862865448,2025-07-01 17:49:22.154,1751372362154,-7511,-3842,-1133,593,-245,181
420,2025-07-01 17:49:22.575,2025-07-01 17:49:22.316656,-0.1604115068912506,-9.181763648986816,7.510610580444336,-6.136752128601074,1.5601497888565063,-1.1826350688934326,2025-07-01 17:49:22.352,1751372362352,-7114,-3325,-1371,141,-36,-348
421,2025-07-01 17:49:22.796,2025-07-01 17:49:22.417178,0.14604631066322327,-2.513911724090576,5.803544998168945,2.172236919403076,-0.5717698931694031,0.1820378452539444,2025-07-01 17:49:22.426,1751372362426,-7535,-3535,-1400,-261,75,-332
422,2025-07-01 17:49:22.901,2025-07-01 17:49:22.516454,-2.3558945655822754,-2.671929121017456,9.813833236694336,5.876523494720459,-1.2889256477355957,1.4868459701538086,2025-07-01 17:49:22.507,1751372362507,-7507,-3531,-1376,9,12,26
423,2025-07-01 17:49:22.994,2025-07-01 17:49:22.716604,2.078166961669922,-7.654263019561768,2.300827741622925,0.3628539443016052,0.38728857040405273,-0.22602014243602753,2025-07-01 17:49:22.686,1751372362686,-7426,-3517,-750,519,-521,284
424,2025-07-01 17:49:23.793,2025-07-01 17:49:23.416569,2.4851813316345215,-13.26866626739502,2.5522189140319824,1.19607412815094,-0.5546656250953674,0.807563841342926,2025-07-01 17:49:23.434,1751372363434,-7099,-3982,109,42,-56,257
425,2025-07-01 17:49:23.874,2025-07-01 17:49:23.516764,-2.190694570541382,-3.555389642715454,7.886500358581543,3.749490976333618,-0.5338962078094482,0.618195652961731,2025-07-01 17:49:23.549,1751372363549,-7179,-4373,-314,348,302,-359
426,2025-07-01 17:49:23.992,2025-07-01 17:49:23.616257,-0.3663128614425659,-10.378864288330078,4.728548526763916,-5.985257625579834,1.4355332851409912,-1.1691961288452148,2025-07-01 17:49:23.622,1751372363622,-7110,-4008,-600,-370,255,-291
427,2025-07-01 17:49:24.180,2025-07-01 17:49:23.817310,-3.318363666534424,-3.9432501792907715,8.971074104309082,3.1923818588256836,-1.1056660413742065,1.186300277709961,2025-07-01 17:49:23.797,1751372363797,-7430,-4174,-162,88,-23,-324
428,2025-07-01 17:49:24.395,2025-07-01 17:49:24.017113,3.2609026432037354,-7.709329605102539,1.1971008777618408,1.5430456399917603,-0.12095131725072861,0.33597588539123535,2025-07-01 17:49:23.991,1751372363991,-7435,-4063,-451,-222,220,-124
429,2025-07-01 17:49:24.480,2025-07-01 17:49:24.120380,-3.2393548488616943,-6.452373504638672,7.060500621795654,4.265061378479004,-1.7873916625976562,1.4868459701538086,2025-07-01 17:49:24.136,1751372364136,-7064,-4114,-200,-602,-527,365
430,2025-07-01 17:49:24.575,2025-07-01 17:49:24.216899,-1.7357962131500244,-10.553641319274902,5.705382823944092,-5.286427974700928,0.807563841342926,-0.6976081132888794,2025-07-01 17:49:24.257,1751372364257,-7236,-3994,-632,-1151,72,596
431,2025-07-01 17:49:24.674,2025-07-01 17:49:24.416707,0.5506663918495178,6.174646377563477,9.526528358459473,7.3181657791137695,-0.9517280459403992,0.8344419002532959,2025-07-01 17:49:24.426,1751372364426,-7455,-3475,-521,374,1,362
432,2025-07-01 17:49:24.787,2025-07-01 17:49:24.416707,0.5506663918495178,6.174646377563477,9.526528358459473,7.3181657791137695,-0.9517280459403992,0.8344419002532959,2025-07-01 17:49:24.426,1751372364426,-7455,-3475,-521,374,1,362
433,2025-07-01 17:49:24.899,2025-07-01 17:49:24.616272,0.7589619159698486,-2.5067291259765625,6.696582317352295,2.7867672443389893,-1.3145819902420044,0.618195652961731,2025-07-01 17:49:24.601,1751372364601,-7435,-3500,-506,-411,-115,-154
434,2025-07-01 17:49:25.088,2025-07-01 17:49:24.816110,-1.2641384601593018,-6.914454460144043,8.882488250732422,-6.504493236541748,1.480737328529358,-1.470963478088379,2025-07-01 17:49:24.850,1751372364850,-7456,-4000,-701,-444,281,-523
435,2025-07-01 17:49:25.376,2025-07-01 17:49:25.017151,-1.2976573705673218,0.4644751250743866,9.667786598205566,4.0158281326293945,-0.685390830039978,0.8820894360542297,2025-07-01 17:49:25.047,1751372365047,-7161,-3541,-180,385,-246,47
436,2025-07-01 17:49:25.479,2025-07-01 17:49:25.116922,-1.5969325304031372,-5.858611583709717,8.446743965148926,-5.753129005432129,1.4062118530273438,-1.6603317260742188,2025-07-01 17:49:25.132,1751372365132,-7522,-3561,-169,-77,-48,189
437,2025-07-01 17:49:25.578,2025-07-01 17:49:25.216852,-0.22266076505184174,-7.692570209503174,9.390059471130371,2.1148154735565186,-0.8112290501594543,1.6139060258865356,2025-07-01 17:49:25.240,1751372365240,-7327,-3860,-248,-369,-87,171
438,2025-07-01 17:49:25.681,2025-07-01 17:49:25.317499,-0.7637503147125244,3.5913026332855225,9.373299598693848,3.3231070041656494,-0.251676470041275,0.7904596328735352,2025-07-01 17:49:25.339,1751372365339,-7357,-3508,-199,306,99,539
439,2025-07-01 17:49:25.774,2025-07-01 17:49:25.417337,-2.3535003662109375,-5.197812080383301,8.473079681396484,-5.068959712982178,1.4343116283416748,-1.19607412815094,2025-07-01 17:49:25.405,1751372365405,-7371,-3613,-223,-176,294,523
440,2025-07-01 17:49:26.076,2025-07-01 17:49:25.816077,-2.169146776199341,-2.674323320388794,8.585607528686523,1.3182471990585327,-0.50335294008255,0.2919935882091522,2025-07-01 17:49:25.841,1751372365841,-7553,-3254,-720,-621,78,-326
441,2025-07-01 17:49:26.274,2025-07-01 17:49:25.916098,-2.52109432220459,0.5961562395095825,9.402029991149902,6.194173812866211,-1.7886134386062622,1.9071213006973267,2025-07-01 17:49:25.947,1751372365947,-7524,-3393,-837,254,-88,-310
442,2025-07-01 17:49:26.378,2025-07-01 17:49:26.116447,-1.6831238269805908,-6.763619899749756,8.315062522888184,-5.931501388549805,1.3878858089447021,-2.1343631744384766,2025-07-01 17:49:26.133,1751372366133,-7315,-3399,-1075,-5,-28,-389
443,2025-07-01 17:49:26.681,2025-07-01 17:49:26.316111,0.2513911724090576,-7.675810813903809,-1.0031704902648926,-4.002388954162598,0.5632177591323853,0.1111774742603302,2025-07-01 17:49:26.316,1751372366316,-7345,-3449,-650,520,-204,-526
444,2025-07-01 17:49:27.188,2025-07-01 17:49:26.916330,-0.6607996821403503,-8.542511940002441,-2.5091233253479004,3.5161404609680176,-0.7415903806686401,0.23335053026676178,2025-07-01 17:49:26.923,1751372366923,-7398,-3284,775,2741,-1868,1454
445,2025-07-01 17:49:27.377,2025-07-01 17:49:27.116135,-2.3056161403656006,-8.791508674621582,6.081272125244141,0.3628539443016052,-0.045204028487205505,-0.2736676335334778,2025-07-01 17:49:27.100,1751372367100,-7418,-3400,1029,2860,-1470,1614
446,2025-07-01 17:49:27.574,2025-07-01 17:49:27.216064,-2.185906171798706,-9.32302188873291,6.414066314697266,-0.7660250067710876,0.15393804013729095,-0.12095131725072861,2025-07-01 17:49:27.234,1751372367234,-7939,-2472,1690,2003,-482,674