id,ActualTime,WatchTimeStamp,Ax watch,Ay watch,Az watch,Gx watch,Gy watch,Gz watch,Esense TimeStamp,Time in Epochs (ignore),Ax esense,Ay esense,Az esense,Gx esense,Gy esense,Gz esense
1,2025-07-01 17:12:18.153,2025-07-01 17:12:17.730316,-2.691082715988159,-7.690176010131836,4.855441093444824,0.14905111491680145,0.02687807008624077,0.06352998316287994,2025-07-01 17:12:17.718,1751370137718,-8517,-717,856,29,-57,48
2,2025-07-01 17:12:18.557,2025-07-01 17:12:18.230137,-4.587290287017822,-4.034229755401611,6.959944248199463,0.7525860071182251,-1.0885618925094604,2.0622811317443848,2025-07-01 17:12:18.254,1751370138254,-8503,-485,1062,-1045,-773,1005
3,2025-07-01 17:12:18.755,2025-07-01 17:12:18.432359,-1.292868971824646,-2.628833532333374,10.472238540649414,0.8234463334083557,-0.6780604124069214,0.5607742667198181,2025-07-01 17:12:18.435,1751370138435,-8498,-290,911,6,-629,467
4,2025-07-01 17:12:18.947,2025-07-01 17:12:18.629992,-2.070984363555908,-2.279279947280884,9.516951560974121,0.05619960278272629,0.13805554807186127,-0.14905111491680145,2025-07-01 17:12:18.636,1751370138636,-8545,-46,1101,-475,-104,592
5,2025-07-01 17:12:19.048,2025-07-01 17:12:18.730012,-2.212242364883423,-2.274491548538208,9.466673851013184,0.10018189996480942,-0.14905111491680145,-0.16737708449363708,2025-07-01 17:12:18.700,1751370138700,-8541,539,746,-1571,-374,800
6,2025-07-01 17:12:19.147,2025-07-01 17:12:18.830289,-2.2457611560821533,-2.6216509342193604,10.072406768798828,0.13805554807186127,0.18570303916931152,-0.006108652334660292,2025-07-01 17:12:18.822,1751370138822,-8187,326,923,-1321,-361,552
7,2025-07-01 17:12:19.249,2025-07-01 17:12:18.830289,-2.2457611560821533,-2.6216509342193604,10.072406768798828,0.13805554807186127,0.18570303916931152,-0.006108652334660292,2025-07-01 17:12:18.822,1751370138822,-8187,326,923,-1321,-361,552
8,2025-07-01 17:12:19.347,2025-07-01 17:12:19.030232,-3.136404275894165,-3.9049429893493652,8.592789649963379,-0.42760565876960754,0.4141666293144226,0.4129449129104614,2025-07-01 17:12:19.067,1751370139067,-8541,400,1116,50,-9,110
9,2025-07-01 17:12:19.449,2025-07-01 17:12:19.130447,-3.624821424484253,-2.0231003761291504,8.78193187713623,-0.13805554807186127,-0.3066543638706207,0.9248499870300293,2025-07-01 17:12:19.165,1751370139165,-8369,579,1026,151,117,-590
10,2025-07-01 17:12:19.652,2025-07-01 17:12:19.330044,-0.8523358106613159,-1.2066776752471924,9.07641887664795,0.5766568183898926,-0.23945917189121246,-0.012217304669320583,2025-07-01 17:12:19.335,1751370139335,-8411,598,1046,202,24,-532
11,2025-07-01 17:12:19.750,2025-07-01 17:12:19.430010,-1.6160861253738403,-0.36152446269989014,7.931990146636963,0.00855211354792118,0.07941248267889023,0.04153883829712868,2025-07-01 17:12:19.433,1751370139433,-8459,143,1162,-331,-191,-347
12,2025-07-01 17:12:20.147,2025-07-01 17:12:19.830188,-2.9735984802246094,-2.6216509342193604,9.193734169006348,0.28099802136421204,0.010995574295520782,0.1062905490398407,2025-07-01 17:12:19.796,1751370139796,-8094,93,980,1825,918,-446
13,2025-07-01 17:12:20.247,2025-07-01 17:12:19.929941,-2.3343467712402344,-1.889025092124939,8.018181800842285,0.21868975460529327,-0.13316862285137177,0.10384709388017654,2025-07-01 17:12:19.961,1751370139961,-8541,180,412,-104,-21,319
14,2025-07-01 17:12:20.448,2025-07-01 17:12:20.130158,-1.7764976024627686,0.0933738648891449,8.647856712341309,-1.5809192657470703,0.05375614017248154,0.1869247704744339,2025-07-01 17:12:20.144,1751370140144,-8504,181,425,-339,-75,-68
15,2025-07-01 17:12:20.547,2025-07-01 17:12:20.229568,-2.892195701599121,-2.1116859912872314,9.17936897277832,-0.35674530267715454,0.7611380815505981,-1.0751228332519531,2025-07-01 17:12:20.229,1751370140229,-8502,156,831,-134,124,356
16,2025-07-01 17:12:20.653,2025-07-01 17:12:20.330261,-2.7724854946136475,-4.754884719848633,7.570465564727783,0.32986724376678467,-0.2736676335334778,-0.059864792972803116,2025-07-01 17:12:20.322,1751370140322,-8508,188,828,-364,112,361
17,2025-07-01 17:12:20.761,2025-07-01 17:12:20.430064,-1.6208745241165161,-1.9488801956176758,8.576030731201172,-0.06230825558304787,-0.021991148591041565,0.2638937830924988,2025-07-01 17:12:20.405,1751370140405,-8484,552,774,-146,96,180
18,2025-07-01 17:12:20.859,2025-07-01 17:12:20.530214,-1.3239935636520386,-2.322375535964966,8.975862503051758,-0.010995574295520782,0.17348572611808777,-0.29565876722335815,2025-07-01 17:12:20.511,1751370140511,-8349,392,468,-665,-875,29
19,2025-07-01 17:12:20.953,2025-07-01 17:12:20.630242,-3.754108190536499,-3.4572272300720215,9.17697525024414,-0.02687807008624077,0.15027284622192383,-0.3274237811565399,2025-07-01 17:12:20.604,1751370140604,-8136,330,744,-190,-237,-227
20,2025-07-01 17:12:21.058,2025-07-01 17:12:20.729962,-2.959233283996582,-3.466804027557373,9.042900085449219,0.2174680233001709,-0.04886921867728233,0.18081611394882202,2025-07-01 17:12:20.694,1751370140694,-8161,170,744,613,288,50
21,2025-07-01 17:12:21.350,2025-07-01 17:12:21.030455,-4.089296340942383,-3.0358476638793945,8.51138687133789,-0.08796459436416626,-0.504574716091156,0.31031954288482666,2025-07-01 17:12:21.047,1751370141047,-8449,603,1136,-775,-550,150
22,2025-07-01 17:12:21.457,2025-07-01 17:12:21.130539,-4.20421838760376,-4.381389141082764,9.35893440246582,-0.8319984674453735,0.720820963382721,0.1966986060142517,2025-07-01 17:12:21.128,1751370141128,-8483,770,1034,-450,-325,232
23,2025-07-01 17:12:21.652,2025-07-01 17:12:21.330154,-2.3726539611816406,-2.801215887069702,9.081207275390625,-0.28466320037841797,-0.14905111491680145,0.0403171069920063,2025-07-01 17:12:21.331,1751370141331,-8393,468,923,-236,21,-147
24,2025-07-01 17:12:21.748,2025-07-01 17:12:21.430330,-2.5043349266052246,-2.7988216876983643,8.724471092224121,-1.3377948999404907,0.01710422709584236,0.04642575979232788,2025-07-01 17:12:21.405,1751370141405,-8472,235,1017,-298,26,-628
25,2025-07-01 17:12:21.848,2025-07-01 17:12:21.530755,-3.2632968425750732,-5.2672438621521,8.710105895996094,-0.8112290501594543,-0.17592918872833252,0.10384709388017654,2025-07-01 17:12:21.510,1751370141510,-8450,136,1283,-130,54,-587
26,2025-07-01 17:12:21.949,2025-07-01 17:12:21.630251,-1.5634137392044067,-5.784391403198242,8.022970199584961,-0.3188716471195221,-0.3066543638706207,0.09773843735456467,2025-07-01 17:12:21.602,1751370141602,-8503,238,1016,69,-85,-372
27,2025-07-01 17:12:22.247,2025-07-01 17:12:21.929486,-3.0119056701660156,-3.8953661918640137,8.87291145324707,0.4544837474822998,-0.051312681287527084,-0.09773843735456467,2025-07-01 17:12:21.947,1751370141947,-8086,-37,1373,-406,-104,11
28,2025-07-01 17:12:22.347,2025-07-01 17:12:22.031875,-2.3918075561523438,-3.1220390796661377,8.769960403442383,0.5803219676017761,-0.05253441259264946,0.03787364438176155,2025-07-01 17:12:22.040,1751370142040,-8566,575,1070,351,-14,101
29,2025-07-01 17:12:22.450,2025-07-01 17:12:22.130077,-2.52109432220459,-2.4660277366638184,8.664615631103516,1.0458012819290161,-0.3139847218990326,-0.26511552929878235,2025-07-01 17:12:22.134,1751370142134,-8513,210,1117,-117,267,-282
30,2025-07-01 17:12:22.547,2025-07-01 17:12:22.230317,-1.2234370708465576,-1.4389152526855469,7.398083209991455,-0.2932153046131134,0.921184778213501,0.006108652334660292,2025-07-01 17:12:22.219,1751370142219,-8574,225,974,-289,53,-88
31,2025-07-01 17:12:22.650,2025-07-01 17:12:22.329522,-4.963180065155029,-0.05267243832349777,7.383718013763428,0.6023131608963013,-0.15271630883216858,-0.5009095072746277,2025-07-01 17:12:22.312,1751370142312,-8547,149,1379,-275,-319,109
32,2025-07-01 17:12:22.764,2025-07-01 17:12:22.430449,-2.250549554824829,-1.5514427423477173,7.599195957183838,-0.4349360466003418,0.19058994948863983,0.0806342139840126,2025-07-01 17:12:22.391,1751370142391,-8509,130,1388,11,-362,67
33,2025-07-01 17:12:23.350,2025-07-01 17:12:23.030877,-1.3862427473068237,-2.1547815799713135,9.279925346374512,-0.20036379992961884,0.2687807083129883,-0.7122688889503479,2025-07-01 17:12:23.029,1751370143029,-8572,562,896,106,3,-10
34,2025-07-01 17:12:23.448,2025-07-01 17:12:23.130746,-3.380612850189209,-4.663905143737793,9.251194953918457,0.19425514340400696,0.24068090319633484,-1.0384708642959595,2025-07-01 17:12:23.134,1751370143134,-8518,139,975,782,141,-195
35,2025-07-01 17:12:23.548,2025-07-01 17:12:23.230834,-2.360682964324951,-4.8722004890441895,8.827422142028809,0.35063666105270386,0.02932153269648552,0.21502456068992615,2025-07-01 17:12:23.213,1751370143213,-8495,196,1102,593,-44,-535
36,2025-07-01 17:12:23.647,2025-07-01 17:12:23.329407,-1.7262194156646729,-3.160346269607544,8.494627952575684,-0.004886921960860491,-0.009773843921720982,0.09773843735456467,2025-07-01 17:12:23.296,1751370143296,-8522,210,1123,194,259,-294
37,2025-07-01 17:12:23.766,2025-07-01 17:12:23.429928,-2.1308395862579346,-2.9951462745666504,8.757989883422852,-0.00733038317412138,0.0659734457731247,-0.004886921960860491,2025-07-01 17:12:23.392,1751370143392,-8515,221,1095,11,270,-66
38,2025-07-01 17:12:23.847,2025-07-01 17:12:23.530711,-2.233790159225464,-3.0813376903533936,8.927978515625,0.10506882518529892,-0.13927727937698364,0.010995574295520782,2025-07-01 17:12:23.569,1751370143569,-8547,475,1058,-191,-294,201
39,2025-07-01 17:12:24.148,2025-07-01 17:12:23.730617,-3.531447410583496,-2.7700912952423096,7.038952827453613,0.3628539443016052,0.7379252314567566,0.18936823308467865,2025-07-01 17:12:23.749,1751370143749,-8504,560,899,-172,-91,-288
40,2025-07-01 17:12:24.248,2025-07-01 17:12:23.930598,-0.9145850539207458,-2.5737667083740234,9.861717224121094,0.6145304441452026,-0.9590584635734558,0.013439035043120384,2025-07-01 17:12:23.938,1751370143938,-8477,582,1000,-212,-271,-73
41,2025-07-01 17:12:24.347,2025-07-01 17:12:24.030245,-3.976768970489502,-1.522712230682373,7.845798969268799,0.20525072515010834,0.16493362188339233,0.26511552929878235,2025-07-01 17:12:24.009,1751370144009,-8495,599,1018,-180,28,-62
42,2025-07-01 17:12:24.447,2025-07-01 17:12:24.131022,-1.9991583824157715,-0.8810662031173706,7.819462776184082,0.2431243658065796,-0.6414085030555725,0.43737950921058655,2025-07-01 17:12:24.113,1751370144113,-8566,364,938,39,-96,3
43,2025-07-01 17:12:24.547,2025-07-01 17:12:24.230233,1.8602946996688843,-1.5945383310317993,9.605537414550781,-0.8210029006004333,0.646295428276062,0.38606682419776917,2025-07-01 17:12:24.210,1751370144210,-8311,-112,1246,1073,-100,64
44,2025-07-01 17:12:24.947,2025-07-01 17:12:24.630218,-3.308786630630493,-2.920926094055176,10.070012092590332,0.43249258399009705,-0.024434609338641167,-0.009773843921720982,2025-07-01 17:12:24.643,1751370144643,-8154,193,172,303,202,-253
45,2025-07-01 17:12:25.047,2025-07-01 17:12:24.729641,-1.6855180263519287,-2.011129379272461,10.316615104675293,0.31520646810531616,0.05742133408784866,0.35674530267715454,2025-07-01 17:12:24.747,1751370144747,-8478,-124,230,-130,423,-641
46,2025-07-01 17:12:25.148,2025-07-01 17:12:24.830176,-1.6304513216018677,-1.4987702369689941,9.191340446472168,0.05742133408784866,0.012217304669320583,0.14294247329235077,2025-07-01 17:12:24.832,1751370144832,-8511,94,355,-182,489,-1037
47,2025-07-01 17:12:25.258,2025-07-01 17:12:24.930569,-1.6112977266311646,-2.1475989818573,9.102754592895508,-0.0354301854968071,-0.12339477986097336,0.028099801391363144,2025-07-01 17:12:24.915,1751370144915,-8355,4,319,-420,622,-460
48,2025-07-01 17:12:25.347,2025-07-01 17:12:25.030036,-2.3295583724975586,0.35913026332855225,9.684545516967773,-0.3017674386501312,0.5351179838180542,-0.08674286305904388,2025-07-01 17:12:25.013,1751370145013,-8553,-97,224,-433,-152,217
49,2025-07-01 17:12:25.660,2025-07-01 17:12:25.330349,-2.4013843536376953,-3.670311212539673,9.169792175292969,-0.11484266817569733,-0.0354301854968071,-0.08185594528913498,2025-07-01 17:12:25.293,1751370145293,-8284,350,1076,-2392,-1371,1033
50,2025-07-01 17:12:25.758,2025-07-01 17:12:25.429542,-2.6886885166168213,-2.9161376953125,9.39245319366455,0.10018189996480942,-0.03787364438176155,0.17470745742321014,2025-07-01 17:12:25.445,1751370145445,-8225,300,1281,-334,-346,47
51,2025-07-01 17:12:25.953,2025-07-01 17:12:25.630260,0.5602431893348694,-2.760514497756958,11.975796699523926,0.8894197940826416,-0.25045475363731384,0.05375614017248154,2025-07-01 17:12:25.639,1751370145639,-8510,812,899,-885,-604,-123
52,2025-07-01 17:12:26.053,2025-07-01 17:12:25.730232,-0.7398083209991455,-3.1747114658355713,8.070854187011719,-0.6145304441452026,0.0012217304902151227,0.23579397797584534,2025-07-01 17:12:25.720,1751370145720,-8519,793,1283,-504,-591,84
53,2025-07-01 17:12:26.156,2025-07-01 17:12:25.830211,-3.2848446369171143,-1.6352397203445435,8.899248123168945,-0.10384709388017654,-0.1661553531885147,0.042760565876960754,2025-07-01 17:12:25.817,1751370145817,-8491,392,1316,-111,83,-203
54,2025-07-01 17:12:26.748,2025-07-01 17:12:26.430282,-2.1475989818573,-2.983175277709961,9.428366661071777,-0.04153883829712868,-0.07330382615327835,-0.15882496535778046,2025-07-01 17:12:26.443,1751370146443,-8540,499,937,-554,-255,-136
55,2025-07-01 17:12:26.848,2025-07-01 17:12:26.529264,-2.097320795059204,-2.9975404739379883,8.968679428100586,-0.059864792972803116,0.10506882518529892,-0.2932153046131134,2025-07-01 17:12:26.525,1751370146525,-8481,512,1203,268,104,121
56,2025-07-01 17:12:27.053,2025-07-01 17:12:26.730140,-2.3726539611816406,-3.3662476539611816,9.124302864074707,0.21868975460529327,0.0354301854968071,-0.02321287989616394,2025-07-01 17:12:26.717,1751370146717,-8138,520,1330,326,395,-105
57,2025-07-01 17:12:27.149,2025-07-01 17:12:26.830143,-1.3048399686813354,-3.045424461364746,12.066776275634766,0.9297369122505188,0.05619960278272629,0.012217304669320583,2025-07-01 17:12:26.821,1751370146821,-8391,779,1111,544,136,-38
58,2025-07-01 17:12:27.449,2025-07-01 17:12:27.129903,-2.7988216876983643,-1.0007762908935547,7.532158374786377,-0.24434609711170197,0.5241223573684692,-0.14538592100143433,2025-07-01 17:12:27.165,1751370147165,-8149,526,982,85,21,-354
59,2025-07-01 17:12:27.647,2025-07-01 17:12:27.330210,-3.0166940689086914,-2.5546131134033203,9.0859956741333,-0.40683624148368835,-0.2028072625398636,0.29077184200286865,2025-07-01 17:12:27.346,1751370147346,-8507,601,911,988,397,50
60,2025-07-01 17:12:27.750,2025-07-01 17:12:27.429932,-2.7006595134735107,-2.22660756111145,9.370905876159668,-0.2015855312347412,-0.2577851414680481,0.17592918872833252,2025-07-01 17:12:27.434,1751370147434,-8553,455,712,409,187,374
61,2025-07-01 17:12:27.850,2025-07-01 17:12:27.530286,-2.341529369354248,-2.561795711517334,10.14902114868164,0.18448130786418915,-0.16249015927314758,0.0659734457731247,2025-07-01 17:12:27.518,1751370147518,-8322,449,695,804,342,344
62,2025-07-01 17:12:27.950,2025-07-01 17:12:27.630778,-2.0685901641845703,-2.868253707885742,9.576807022094727,0.021991148591041565,0.10751228034496307,0.1111774742603302,2025-07-01 17:12:27.613,1751370147613,-8556,670,705,857,-114,292
63,2025-07-01 17:12:28.147,2025-07-01 17:12:27.830133,-2.1523873805999756,-2.7892448902130127,9.167398452758789,0.02932153269648552,-0.06108652427792549,0.021991148591041565,2025-07-01 17:12:27.794,1751370147794,-8482,730,743,559,126,311
64,2025-07-01 17:12:28.549,2025-07-01 17:12:28.231617,-3.598485231399536,-4.520252704620361,9.39245319366455,0.09040805697441101,0.10384709388017654,-0.2773328125476837,2025-07-01 17:12:28.241,1751370148241,-8180,645,1147,-1561,-136,327
65,2025-07-01 17:12:28.648,2025-07-01 17:12:28.330442,-2.3247697353363037,-2.1595699787139893,8.439560890197754,0.5338962078094482,-0.11728613078594208,-0.0659734457731247,2025-07-01 17:12:28.334,1751370148334,-8496,820,1106,-1304,-319,-343
66,2025-07-01 17:12:28.749,2025-07-01 17:12:28.432249,-3.869029998779297,-2.231395959854126,7.903259754180908,-1.2107349634170532,0.6646214127540588,0.05497787147760391,2025-07-01 17:12:28.418,1751370148418,-8499,790,1060,-1146,-372,-519
67,2025-07-01 17:12:29.054,2025-07-01 17:12:28.730210,-2.126051187515259,-3.1651346683502197,9.765948295593262,-0.19303341209888458,0.12461651116609573,0.19547687470912933,2025-07-01 17:12:28.698,1751370148698,-8451,473,1399,-360,67,-150
68,2025-07-01 17:12:29.247,2025-07-01 17:12:28.931825,-3.3518824577331543,-2.559401512145996,9.488221168518066,-0.14538592100143433,-0.1563815027475357,0.39095374941825867,2025-07-01 17:12:28.960,1751370148960,-8494,591,1400,-370,-98,-289
69,2025-07-01 17:12:29.447,2025-07-01 17:12:29.129599,-2.9161376953125,-3.4979286193847656,10.737994194030762,-0.9077457785606384,0.41661009192466736,0.41172316670417786,2025-07-01 17:12:29.145,1751370149145,-8485,561,1377,-336,-86,-291
70,2025-07-01 17:12:29.547,2025-07-01 17:12:29.230233,-3.801992416381836,-2.0374655723571777,7.891288757324219,0.1417207419872284,0.11728613078594208,0.294437050819397,2025-07-01 17:12:29.245,1751370149245,-8323,620,1006,-316,48,-230
71,2025-07-01 17:12:29.649,2025-07-01 17:12:29.330423,0.9481038451194763,-4.0749311447143555,9.229647636413574,0.7147123217582703,-1.1679743528366089,-0.14294247329235077,2025-07-01 17:12:29.315,1751370149315,-8521,637,1292,-321,-335,-358
72,2025-07-01 17:12:29.747,2025-07-01 17:12:29.430493,-2.691082715988159,-0.912190854549408,7.441178798675537,-0.46303585171699524,1.3634512424468994,0.021991148591041565,2025-07-01 17:12:29.430,1751370149430,-8474,616,1182,-242,-350,-288
73,2025-07-01 17:12:29.848,2025-07-01 17:12:29.530459,-5.097255229949951,-0.8954314589500427,9.363722801208496,0.08796459436416626,-0.49357911944389343,-0.7513642311096191,2025-07-01 17:12:29.529,1751370149529,-8569,209,1208,-229,373,-293
74,2025-07-01 17:12:30.153,2025-07-01 17:12:29.830255,-3.162740468978882,-1.2761094570159912,8.190564155578613,0.7525860071182251,-0.7183775305747986,-0.37140607833862305,2025-07-01 17:12:29.868,1751370149868,-8524,349,1362,51,347,-341
75,2025-07-01 17:12:30.354,2025-07-01 17:12:30.030103,-1.2234370708465576,-3.8067808151245117,13.06755256652832,-0.4495968222618103,-0.5937610268592834,-0.03176499158143997,2025-07-01 17:12:30.039,1751370150039,-8421,398,989,39,298,563
76,2025-07-01 17:12:30.452,2025-07-01 17:12:30.130218,-0.8475474119186401,-4.189853191375732,8.856152534484863,-1.49906325340271,0.3323107063770294,-0.0708603709936142,2025-07-01 17:12:30.137,1751370150137,-8421,387,1305,17,-54,596
77,2025-07-01 17:12:30.554,2025-07-01 17:12:30.230033,-3.6798880100250244,-4.094084739685059,9.282320022583008,0.3127630054950714,0.5277875661849976,-1.0311405658721924,2025-07-01 17:12:30.243,1751370150243,-8461,613,1544,59,-353,-320
78,2025-07-01 17:12:30.660,2025-07-01 17:12:30.330093,-3.24414324760437,-4.259284973144531,8.69334602355957,0.513126790523529,0.1820378452539444,0.024434609338641167,2025-07-01 17:12:30.310,1751370150310,-8466,606,1565,51,-304,-284
79,2025-07-01 17:12:30.748,2025-07-01 17:12:30.430318,-3.050212860107422,-3.3303346633911133,8.829815864562988,0.4495968222618103,-0.26022860407829285,-0.1014036312699318,2025-07-01 17:12:30.427,1751370150427,-8178,-29,1217,204,299,-877
80,2025-07-01 17:12:30.847,2025-07-01 17:12:30.530364,-4.697423934936523,-2.1380221843719482,7.060500621795654,-0.15271630883216858,1.340238332748413,-0.17348572611808777,2025-07-01 17:12:30.507,1751370150507,-8509,-92,1190,175,316,-677
81,2025-07-01 17:12:30.948,2025-07-01 17:12:30.630609,-5.91128396987915,-2.8850131034851074,9.011775016784668,-0.42760565876960754,-0.21991148591041565,0.5057964324951172,2025-07-01 17:12:30.602,1751370150602,-8562,316,1366,-563,101,-43
82,2025-07-01 17:12:31.049,2025-07-01 17:12:30.729689,-2.978386878967285,-3.3662476539611816,7.778761386871338,-1.3976596593856812,-1.0396926403045654,0.7134906053543091,2025-07-01 17:12:30.693,1751370150693,-8461,239,1470,-607,-159,-113
83,2025-07-01 17:12:31.247,2025-07-01 17:12:30.930129,-0.646434485912323,-4.5825018882751465,7.905653953552246,-0.09773843735456467,0.23090706765651703,-0.2590068578720093,2025-07-01 17:12:30.937,1751370150937,-8123,-152,1600,148,333,-584
84,2025-07-01 17:12:31.347,2025-07-01 17:12:31.030329,-1.1659762859344482,-6.742072105407715,7.046135425567627,0.22357667982578278,0.0354301854968071,-0.07941248267889023,2025-07-01 17:12:31.039,1751370151039,-8179,-170,1090,1113,1045,12
85,2025-07-01 17:12:31.447,2025-07-01 17:12:31.130149,0.6871358752250671,-5.978321552276611,9.311050415039062,8.163602828979492,0.05742133408784866,-0.6438519954681396,2025-07-01 17:12:31.138,1751370151138,-8357,-70,785,1677,1123,-112
86,2025-07-01 17:12:31.548,2025-07-01 17:12:31.230151,4.072536945343018,0.9409212470054626,8.250418663024902,0.23579397797584534,0.06475171446800232,0.7806857824325562,2025-07-01 17:12:31.218,1751370151218,-8385,157,590,1028,454,-16
87,2025-07-01 17:12:31.648,2025-07-01 17:12:31.330512,-2.2433669567108154,-1.2306196689605713,6.507440090179443,-1.2205088138580322,0.4495968222618103,0.09773843735456467,2025-07-01 17:12:31.306,1751370151306,-8515,-71,749,375,-260,75
88,2025-07-01 17:12:31.754,2025-07-01 17:12:31.430099,-4.836287498474121,0.35434186458587646,8.559270858764648,-0.6841690540313721,-0.45326200127601624,-0.5534439086914062,2025-07-01 17:12:31.391,1751370151391,-8148,70,425,-126,326,-213
89,2025-07-01 17:12:31.958,2025-07-01 17:12:31.630232,-1.5849615335464478,-1.0438719987869263,11.348516464233398,-0.4092797040939331,-0.09162978827953339,0.04642575979232788,2025-07-01 17:12:31.671,1751370151671,-8339,168,553,-1823,-364,864
90,2025-07-01 17:12:32.148,2025-07-01 17:12:31.830176,-2.676717519760132,-5.3797712326049805,8.667010307312012,0.3799581825733185,0.22479841113090515,-0.7648032903671265,2025-07-01 17:12:31.838,1751370151838,-8154,313,834,-782,-398,-312
91,2025-07-01 17:12:32.253,2025-07-01 17:12:31.930184,-1.4772224426269531,-3.2800562381744385,7.922413349151611,0.8124507665634155,-0.5791002511978149,-0.31031954288482666,2025-07-01 17:12:31.927,1751370151927,-8571,-60,1065,-1141,-505,290
92,2025-07-01 17:12:32.353,2025-07-01 17:12:32.030306,-2.4899697303771973,-0.9648633003234863,7.105990409851074,-0.22968533635139465,0.40683624148368835,0.059864792972803116,2025-07-01 17:12:32.037,1751370152037,-8110,-61,1335,-541,-468,-87
93,2025-07-01 17:12:32.550,2025-07-01 17:12:32.129989,-1.479616641998291,-4.022258758544922,8.705317497253418,-0.38117989897727966,-0.24556782841682434,0.5913175344467163,2025-07-01 17:12:32.119,1751370152119,-8081,-98,934,616,398,-137
94,2025-07-01 17:12:32.648,2025-07-01 17:12:32.230167,-3.00711727142334,-0.8164227604866028,9.672574996948242,0.09651670604944229,-0.5204572081565857,0.4239404797554016,2025-07-01 17:12:32.203,1751370152203,-8383,147,731,659,913,72
95,2025-07-01 17:12:32.747,2025-07-01 17:12:32.330322,-0.8954314589500427,-1.721431016921997,10.481815338134766,0.3982841372489929,-0.304210901260376,-0.1661553531885147,2025-07-01 17:12:32.295,1751370152295,-8555,559,413,543,522,197
96,2025-07-01 17:12:32.949,2025-07-01 17:12:32.630116,-1.256955862045288,0.5410895943641663,9.045293807983398,-0.3787364661693573,0.2565633952617645,0.028099801391363144,2025-07-01 17:12:32.651,1751370152651,-8534,433,769,-163,59,512
97,2025-07-01 17:12:33.147,2025-07-01 17:12:32.830443,-3.045424461364746,-6.011840343475342,8.1139497756958,0.47769662737846375,-0.2382374405860901,-0.4056145250797272,2025-07-01 17:12:32.837,1751370152837,-8533,430,810,-180,5,209
98,2025-07-01 17:12:33.348,2025-07-01 17:12:33.030403,-2.3726539611816406,-3.026270866394043,9.533711433410645,0.9370672702789307,0.018325956538319588,-0.3396410644054413,2025-07-01 17:12:33.011,1751370153011,-8178,579,508,-210,-271,-517
99,2025-07-01 17:12:33.647,2025-07-01 17:12:33.330224,-1.9584569931030273,-2.097320795059204,10.342951774597168,0.21991148591041565,-0.2028072625398636,-0.018325956538319588,2025-07-01 17:12:33.368,1751370153368,-8534,553,831,-141,92,-170
100,2025-07-01 17:12:33.747,2025-07-01 17:12:33.330224,-1.9584569931030273,-2.097320795059204,10.342951774597168,0.21991148591041565,-0.2028072625398636,-0.018325956538319588,2025-07-01 17:12:33.368,1751370153368,-8534,553,831,-141,92,-170
101,2025-07-01 17:12:33.947,2025-07-01 17:12:33.630523,-2.4468741416931152,-2.0901381969451904,8.978256225585938,-0.05619960278272629,-0.23457226157188416,0.5473352670669556,2025-07-01 17:12:33.646,1751370153646,-8335,577,895,56,-283,11
102,2025-07-01 17:12:34.247,2025-07-01 17:12:33.930106,-2.7988216876983643,-1.723825216293335,8.542511940002441,0.08674286305904388,-0.3384193480014801,-0.0012217304902151227,2025-07-01 17:12:33.915,1751370153915,-8515,428,690,-290,-302,120
103,2025-07-01 17:12:34.348,2025-07-01 17:12:34.030197,2.940079689025879,-2.3989901542663574,12.94305419921875,0.44104471802711487,-0.5900958180427551,-0.03787364438176155,2025-07-01 17:12:33.996,1751370153996,-8500,415,722,-346,-300,116
104,2025-07-01 17:12:34.447,2025-07-01 17:12:34.130125,0.1364694982767105,-3.023876667022705,7.716512203216553,-0.6120869517326355,0.10995574295520782,0.3237585723400116,2025-07-01 17:12:34.094,1751370154094,-8483,808,1287,-247,-161,6
105,2025-07-01 17:12:34.547,2025-07-01 17:12:34.130125,0.1364694982767105,-3.023876667022705,7.716512203216553,-0.6120869517326355,0.10995574295520782,0.3237585723400116,2025-07-01 17:12:34.094,1751370154094,-8483,808,1287,-247,-161,6
106,2025-07-01 17:12:35.159,2025-07-01 17:12:34.830067,-2.8155810832977295,-3.6343982219696045,8.592789649963379,0.5070181488990784,-0.01710422709584236,0.23579397797584534,2025-07-01 17:12:34.835,1751370154835,-8512,172,1023,2051,982,-157
107,2025-07-01 17:12:35.455,2025-07-01 17:12:35.130009,-2.432508945465088,-3.550601005554199,8.406042098999023,-0.2174680233001709,-0.17592918872833252,0.7672467231750488,2025-07-01 17:12:35.091,1751370155091,-8527,781,747,-470,-350,259
108,2025-07-01 17:12:35.650,2025-07-01 17:12:35.330077,-6.596025466918945,-4.501099109649658,8.439560890197754,-0.8478809595108032,1.0604621171951294,0.2687807083129883,2025-07-01 17:12:35.359,1751370155359,-8541,848,1139,-122,41,-359
109,2025-07-01 17:12:35.752,2025-07-01 17:12:35.430449,-2.9544448852539062,-2.22660756111145,7.082048416137695,0.23457226157188416,-0.18936823308467865,0.12217304855585098,2025-07-01 17:12:35.454,1751370155454,-8571,584,1083,-552,-160,-462
110,2025-07-01 17:12:35.957,2025-07-01 17:12:35.630248,-3.2632968425750732,-3.359065055847168,7.970297336578369,-0.20525072515010834,-0.8332201838493347,0.1417207419872284,2025-07-01 17:12:35.616,1751370155616,-8536,250,1348,-149,-521,-376
111,2025-07-01 17:12:36.056,2025-07-01 17:12:35.730282,-0.9744400978088379,-1.235408067703247,8.422801971435547,-0.08796459436416626,-1.1447614431381226,-0.07819075137376785,2025-07-01 17:12:35.705,1751370155705,-8531,552,1394,-133,-538,-346
112,2025-07-01 17:12:36.155,2025-07-01 17:12:35.730282,-0.9744400978088379,-1.235408067703247,8.422801971435547,-0.08796459436416626,-1.1447614431381226,-0.07819075137376785,2025-07-01 17:12:35.705,1751370155705,-8531,552,1394,-133,-538,-346
113,2025-07-01 17:12:36.351,2025-07-01 17:12:36.029236,-4.580107688903809,-0.44771572947502136,8.190564155578613,0.3066543638706207,-0.5876523852348328,-0.07696902006864548,2025-07-01 17:12:35.997,1751370155997,-8320,301,1449,-701,-411,-187
114,2025-07-01 17:12:36.649,2025-07-01 17:12:36.330497,0.2825157940387726,-5.959167957305908,13.218387603759766,0.19058994948863983,-0.8087855577468872,0.32498031854629517,2025-07-01 17:12:36.338,1751370156338,-8535,211,1130,49,61,121
115,2025-07-01 17:12:36.854,2025-07-01 17:12:36.529869,-2.8443117141723633,-2.889801502227783,9.14345645904541,-0.4251621961593628,0.2736676335334778,-0.09529497474431992,2025-07-01 17:12:36.523,1751370156523,-8451,271,1406,228,-342,-573
116,2025-07-01 17:12:37.049,2025-07-01 17:12:36.730154,-2.896984100341797,-2.0374655723571777,8.516175270080566,0.09651670604944229,0.01466076634824276,0.11728613078594208,2025-07-01 17:12:36.707,1751370156707,-8172,307,1384,569,-317,-564
117,2025-07-01 17:12:37.247,2025-07-01 17:12:36.930202,-2.2409727573394775,-2.7246015071868896,8.631096839904785,0.028099801391363144,0.02321287989616394,-0.036651913076639175,2025-07-01 17:12:36.900,1751370156900,-8482,567,1357,91,24,-23
118,2025-07-01 17:12:37.355,2025-07-01 17:12:36.930202,-2.2409727573394775,-2.7246015071868896,8.631096839904785,0.028099801391363144,0.02321287989616394,-0.036651913076639175,2025-07-01 17:12:36.900,1751370156900,-8482,567,1357,91,24,-23
119,2025-07-01 17:12:38.047,2025-07-01 17:12:37.729904,-1.7477672100067139,-4.043806552886963,8.62630844116211,-0.7916813492774963,0.17104226350784302,0.24190263450145721,2025-07-01 17:12:37.702,1751370157702,-8525,251,1285,-247,61,87
120,2025-07-01 17:12:38.248,2025-07-01 17:12:37.929815,-2.22660756111145,-2.5115175247192383,8.286332130432129,0.2919935882091522,-0.16982053220272064,0.11850785464048386,2025-07-01 17:12:37.963,1751370157963,-8514,167,1337,276,-116,-168
121,2025-07-01 17:12:38.547,2025-07-01 17:12:38.229853,-4.2975921630859375,-1.4245500564575195,8.01339340209961,0.20036379992961884,-0.43737950921058655,-0.7721336483955383,2025-07-01 17:12:38.233,1751370158233,-8138,-24,1167,-127,-95,62
122,2025-07-01 17:12:38.749,2025-07-01 17:12:38.429871,-1.7573440074920654,-3.4955344200134277,8.980650901794434,-0.7147123217582703,0.1014036312699318,-0.1319468915462494,2025-07-01 17:12:38.424,1751370158424,-8453,358,1341,-333,-27,-81
123,2025-07-01 17:12:38.952,2025-07-01 17:12:38.630202,-3.490746021270752,-2.4875755310058594,9.07641887664795,0.23457226157188416,0.08796459436416626,0.12339477986097336,2025-07-01 17:12:38.609,1751370158609,-8524,210,913,213,338,344
124,2025-07-01 17:12:39.149,2025-07-01 17:12:38.830140,-0.9313444495201111,-3.421314239501953,12.914323806762695,0.8100073337554932,-0.3933972120285034,0.10873401165008545,2025-07-01 17:12:38.864,1751370158864,-8572,518,954,69,-282,-109
125,2025-07-01 17:12:39.447,2025-07-01 17:12:39.129389,-0.5626373887062073,-1.6543933153152466,8.106766700744629,0.1417207419872284,2.0024163722991943,0.3836233615875244,2025-07-01 17:12:39.146,1751370159146,-8560,132,1283,-239,-309,-272
126,2025-07-01 17:12:39.656,2025-07-01 17:12:39.329883,-4.132391929626465,-2.073378562927246,9.117119789123535,-0.12950342893600464,-0.15027284622192383,-0.05864306539297104,2025-07-01 17:12:39.326,1751370159326,-8177,-110,1365,-2,417,103
127,2025-07-01 17:12:39.959,2025-07-01 17:12:39.630113,-1.6615760326385498,-2.7246015071868896,8.99740982055664,0.06108652427792549,-0.021991148591041565,-0.14905111491680145,2025-07-01 17:12:39.670,1751370159670,-8374,422,743,-152,325,321
128,2025-07-01 17:12:40.047,2025-07-01 17:12:39.729980,-1.4293384552001953,-2.7700912952423096,8.592789649963379,-0.02321287989616394,0.08307767659425735,0.00733038317412138,2025-07-01 17:12:39.759,1751370159759,-8523,626,910,-316,49,-33
129,2025-07-01 17:12:40.247,2025-07-01 17:12:39.929948,-1.5083470344543457,-2.691082715988159,9.658209800720215,0.036651913076639175,0.15027284622192383,-0.1319468915462494,2025-07-01 17:12:39.939,1751370159939,-8542,460,1146,35,56,124
130,2025-07-01 17:12:40.547,2025-07-01 17:12:40.230216,-2.1811177730560303,-2.4181437492370605,9.500192642211914,0.1111774742603302,-0.3396410644054413,-0.09773843735456467,2025-07-01 17:12:40.226,1751370160226,-8153,286,1360,301,-206,-228
131,2025-07-01 17:12:40.647,2025-07-01 17:12:40.330004,-3.1531636714935303,-3.201047658920288,9.232041358947754,-0.4141666293144226,0.8698720932006836,0.19547687470912933,2025-07-01 17:12:40.315,1751370160315,-8519,581,1288,-351,-21,-23
132,2025-07-01 17:12:40.755,2025-07-01 17:12:40.330004,-3.1531636714935303,-3.201047658920288,9.232041358947754,-0.4141666293144226,0.8698720932006836,0.19547687470912933,2025-07-01 17:12:40.315,1751370160315,-8519,581,1288,-351,-21,-23
133,2025-07-01 17:12:40.853,2025-07-01 17:12:40.330004,-3.1531636714935303,-3.201047658920288,9.232041358947754,-0.4141666293144226,0.8698720932006836,0.19547687470912933,2025-07-01 17:12:40.315,1751370160315,-8519,581,1288,-351,-21,-23
134,2025-07-01 17:12:40.950,2025-07-01 17:12:40.629947,0.1388636976480484,-4.261679172515869,9.883264541625977,-1.8741345405578613,1.4953981637954712,-0.12217304855585098,2025-07-01 17:12:40.655,1751370160655,-8542,568,1318,-384,-39,-65
135,2025-07-01 17:12:41.148,2025-07-01 17:12:40.829948,-1.3838485479354858,-4.003105163574219,9.251194953918457,0.7904596328735352,-0.856433093547821,-0.20891591906547546,2025-07-01 17:12:40.841,1751370160841,-8458,338,1614,142,-144,-441
136,2025-07-01 17:12:41.255,2025-07-01 17:12:40.930397,-2.5306711196899414,-2.406172752380371,8.38449478149414,-0.28588494658470154,-0.08307767659425735,0.5497786998748779,2025-07-01 17:12:40.924,1751370160924,-8568,592,1019,-291,376,282
137,2025-07-01 17:12:41.348,2025-07-01 17:12:41.029933,-1.9512743949890137,-2.7246015071868896,9.734824180603027,0.3604104816913605,-0.911410927772522,0.16493362188339233,2025-07-01 17:12:41.024,1751370161024,-8510,532,1289,-329,-49,-304
138,2025-07-01 17:12:41.449,2025-07-01 17:12:41.130837,-4.525041103363037,-2.1715409755706787,7.754819393157959,-0.06719517707824707,0.7428121566772461,0.46303585171699524,2025-07-01 17:12:41.118,1751370161118,-8504,513,921,-180,-59,-194
139,2025-07-01 17:12:41.747,2025-07-01 17:12:41.430942,-4.153939723968506,-2.6862943172454834,8.497021675109863,0.05375614017248154,0.251676470041275,0.23335053026676178,2025-07-01 17:12:41.468,1751370161468,-8539,248,1139,-515,-18,-181
140,2025-07-01 17:12:42.147,2025-07-01 17:12:41.829952,2.387019157409668,-4.778826713562012,10.821791648864746,0.5229006409645081,-0.36651915311813354,0.251676470041275,2025-07-01 17:12:41.834,1751370161834,-8575,194,947,-522,-74,-90
141,2025-07-01 17:12:42.249,2025-07-01 17:12:41.929749,-2.0638017654418945,-3.4404678344726562,8.396465301513672,-0.31520646810531616,0.2541199326515198,0.8356636762619019,2025-07-01 17:12:41.921,1751370161921,-8485,283,1016,-203,-291,-254
142,2025-07-01 17:12:42.349,2025-07-01 17:12:42.030352,-3.2752678394317627,-0.49320554733276367,9.715670585632324,0.2480112910270691,-0.8051204085350037,-0.03787364438176155,2025-07-01 17:12:42.014,1751370162014,-8474,-48,952,-349,304,-290
143,2025-07-01 17:12:42.447,2025-07-01 17:12:42.132496,-3.691859006881714,-3.1962592601776123,8.99740982055664,-0.4593706727027893,0.37262779474258423,0.1771509200334549,2025-07-01 17:12:42.098,1751370162098,-8370,-94,1149,-23,-111,-93
144,2025-07-01 17:12:42.553,2025-07-01 17:12:42.230092,-3.4620156288146973,-2.8227639198303223,8.56884765625,0.3078760802745819,0.05009094998240471,0.27488934993743896,2025-07-01 17:12:42.204,1751370162204,-8511,532,1377,-181,-124,10
145,2025-07-01 17:12:42.847,2025-07-01 17:12:42.530289,-1.2258312702178955,-3.0358476638793945,9.162610054016113,-0.3701843321323395,0.04398229718208313,0.4251621961593628,2025-07-01 17:12:42.552,1751370162552,-8498,-23,1349,-279,34,-473
146,2025-07-01 17:12:42.947,2025-07-01 17:12:42.629770,-0.7541735172271729,-2.537853717803955,9.138668060302734,-0.3335324227809906,0.21868975460529327,0.004886921960860491,2025-07-01 17:12:42.649,1751370162649,-8498,49,1192,-154,-117,-371
147,2025-07-01 17:12:43.347,2025-07-01 17:12:43.030177,1.7286136150360107,-0.031124621629714966,10.57040023803711,0.7953465580940247,-1.1178834438323975,-0.35063666105270386,2025-07-01 17:12:43.001,1751370163001,-8321,112,944,151,-86,78
148,2025-07-01 17:12:43.547,2025-07-01 17:12:43.230218,-3.3734302520751953,-4.393360137939453,7.793126583099365,0.921184778213501,-0.1368338167667389,-0.8185594081878662,2025-07-01 17:12:43.266,1751370163266,-8518,-79,945,256,122,-99
149,2025-07-01 17:12:44.148,2025-07-01 17:12:43.729881,-3.203441858291626,-2.140416383743286,9.564835548400879,0.7269296646118164,-0.7318165898323059,-0.23457226157188416,2025-07-01 17:12:43.728,1751370163728,-8138,-23,1539,-342,-595,-284
150,2025-07-01 17:12:44.248,2025-07-01 17:12:43.830014,-4.932055473327637,-2.5905263423919678,9.045293807983398,-0.2223549485206604,0.294437050819397,0.1918116807937622,2025-07-01 17:12:43.809,1751370163809,-8147,-67,1264,-366,-206,21
151,2025-07-01 17:12:45.455,2025-07-01 17:12:45.129848,-1.9345149993896484,-1.6974890232086182,10.714052200317383,0.5253441333770752,-0.19425514340400696,0.23579397797584534,2025-07-01 17:12:45.157,1751370165157,-8487,-629,243,-229,-262,121
152,2025-07-01 17:12:45.651,2025-07-01 17:12:45.329821,-1.137245774269104,0.49559974670410156,8.863334655761719,-1.5552629232406616,0.27488934993743896,-0.06475171446800232,2025-07-01 17:12:45.344,1751370165344,-8337,-169,155,-409,-293,316
153,2025-07-01 17:12:45.750,2025-07-01 17:12:45.431832,-4.869806289672852,-2.9951462745666504,7.785943984985352,-0.2785545587539673,0.9382890462875366,-0.9053022861480713,2025-07-01 17:12:45.435,1751370165435,-8454,-220,1043,-1350,-922,-274
154,2025-07-01 17:12:45.855,2025-07-01 17:12:45.532493,-1.6519991159439087,-3.5649664402008057,7.47230339050293,0.7305948138237,-0.31154128909111023,0.1368338167667389,2025-07-01 17:12:45.520,1751370165520,-8163,-204,743,-1055,-1133,-326
155,2025-07-01 17:12:46.054,2025-07-01 17:12:45.730149,-1.5538369417190552,-4.2544965744018555,7.797914981842041,-0.6719517707824707,0.0659734457731247,0.6120869517326355,2025-07-01 17:12:45.702,1751370165702,-8142,-165,699,-644,-1026,-362
156,2025-07-01 17:12:46.347,2025-07-01 17:12:46.032574,-2.2864625453948975,-2.8586769104003906,8.470685958862305,0.01710422709584236,-0.3066543638706207,0.375071257352829,2025-07-01 17:12:46.066,1751370166066,-8553,-30,1108,-304,97,-275
157,2025-07-01 17:12:46.547,2025-07-01 17:12:46.230502,-3.423708438873291,-4.721365928649902,8.774748802185059,-0.09529497474431992,0.4813618063926697,-1.2327260971069336,2025-07-01 17:12:46.241,1751370166241,-8548,-91,1125,-142,101,-276
158,2025-07-01 17:12:46.747,2025-07-01 17:12:46.429993,-1.4652514457702637,-3.627215623855591,8.094796180725098,0.3799581825733185,-0.6914994716644287,-0.17470745742321014,2025-07-01 17:12:46.422,1751370166422,-8499,74,1200,128,12,67
159,2025-07-01 17:12:46.847,2025-07-01 17:12:46.530314,-2.0446481704711914,-3.8283286094665527,8.367734909057617,-0.13805554807186127,-0.00733038317412138,0.8625417351722717,2025-07-01 17:12:46.514,1751370166514,-8474,319,981,-259,-31,175
160,2025-07-01 17:12:47.251,2025-07-01 17:12:46.930575,-2.365471363067627,-2.8658595085144043,8.765172004699707,-0.37140607833862305,0.18570303916931152,-0.3433062732219696,2025-07-01 17:12:46.964,1751370166964,-8182,62,1211,38,-321,-201
161,2025-07-01 17:12:47.447,2025-07-01 17:12:47.130894,-2.190694570541382,-3.406949043273926,9.636661529541016,-0.16249015927314758,0.0024434609804302454,-0.039095375686883926,2025-07-01 17:12:47.137,1751370167137,-8470,70,1188,313,54,-378
162,2025-07-01 17:12:47.547,2025-07-01 17:12:47.229739,-2.693476915359497,-2.63362193107605,9.081207275390625,0.09529497474431992,0.0806342139840126,-0.3494149148464203,2025-07-01 17:12:47.229,1751370167229,-8506,-42,1306,60,-280,37
163,2025-07-01 17:12:47.747,2025-07-01 17:12:47.430246,-2.27209734916687,-2.6192567348480225,9.279925346374512,0.2993239760398865,-0.018325956538319588,-0.15882496535778046,2025-07-01 17:12:47.412,1751370167412,-8565,136,1188,-42,14,54
164,2025-07-01 17:12:47.847,2025-07-01 17:12:47.529571,0.12449848651885986,-3.804386615753174,10.553641319274902,0.11239920556545258,0.28466320037841797,0.6866125464439392,2025-07-01 17:12:47.504,1751370167504,-8180,355,1156,-263,79,-298
165,2025-07-01 17:12:48.147,2025-07-01 17:12:47.829277,-2.535459518432617,-1.7717092037200928,8.884882926940918,-0.6805039048194885,1.2388347387313843,-0.028099801391363144,2025-07-01 17:12:47.863,1751370167863,-8479,-382,1435,296,9,-305
166,2025-07-01 17:12:48.347,2025-07-01 17:12:48.031632,-2.094926595687866,-3.627215623855591,9.011775016784668,0.3335324227809906,0.8185594081878662,-0.14049901068210602,2025-07-01 17:12:48.048,1751370168048,-8473,-108,1350,233,-366,320
167,2025-07-01 17:12:48.448,2025-07-01 17:12:48.130775,-1.778891921043396,-3.0861260890960693,8.7268648147583,0.09040805697441101,0.4043927788734436,0.3384193480014801,2025-07-01 17:12:48.131,1751370168131,-8524,-12,1556,39,-59,-94
168,2025-07-01 17:12:48.547,2025-07-01 17:12:48.229809,-2.585737943649292,-2.9903578758239746,9.083600997924805,-0.31520646810531616,-0.24068090319633484,0.3139847218990326,2025-07-01 17:12:48.246,1751370168246,-8484,61,1241,-355,-24,15
169,2025-07-01 17:12:48.647,2025-07-01 17:12:48.330823,-2.7317841053009033,-2.9544448852539062,9.332598686218262,-0.2028072625398636,-0.1368338167667389,0.1417207419872284,2025-07-01 17:12:48.310,1751370168310,-8493,48,1212,-117,-26,-21
170,2025-07-01 17:12:48.753,2025-07-01 17:12:48.429458,-3.3423056602478027,-3.0142998695373535,8.96389102935791,-0.06352998316287994,-0.1014036312699318,0.07452555745840073,2025-07-01 17:12:48.398,1751370168398,-8483,-17,1257,-68,-11,160
171,2025-07-01 17:12:48.847,2025-07-01 17:12:48.530038,-2.0925323963165283,-2.978386878967285,8.676587104797363,0.3543018400669098,-0.4337143301963806,0.10751228034496307,2025-07-01 17:12:48.491,1751370168491,-8574,368,1401,-83,605,593
172,2025-07-01 17:12:49.048,2025-07-01 17:12:48.734037,-2.9065608978271484,-3.464409828186035,9.41400146484375,-0.03787364438176155,0.2382374405860901,-1.0042624473571777,2025-07-01 17:12:48.761,1751370168761,-8504,371,1340,63,-120,-274
173,2025-07-01 17:12:49.347,2025-07-01 17:12:49.030163,-0.4620809257030487,-3.2776620388031006,8.101978302001953,-0.8161159753799438,0.14416420459747314,0.44715335965156555,2025-07-01 17:12:49.038,1751370169038,-8511,292,1371,-639,310,-85
174,2025-07-01 17:12:49.447,2025-07-01 17:12:49.129936,-2.564189910888672,-2.9041666984558105,8.38449478149414,-0.38240164518356323,0.31031954288482666,-0.14905111491680145,2025-07-01 17:12:49.130,1751370169130,-8493,305,1391,-410,-52,311
175,2025-07-01 17:12:49.547,2025-07-01 17:12:49.231115,-3.5170822143554688,-1.8339585065841675,9.421183586120605,0.07452555745840073,0.1722639948129654,-0.7061602473258972,2025-07-01 17:12:49.204,1751370169204,-8461,291,1152,-606,-61,309
176,2025-07-01 17:12:49.747,2025-07-01 17:12:49.431004,-2.1092917919158936,-2.5905263423919678,7.51779317855835,-0.1918116807937622,-0.7183775305747986,-0.3078760802745819,2025-07-01 17:12:49.394,1751370169394,-8543,211,933,472,394,-72
177,2025-07-01 17:12:49.847,2025-07-01 17:12:49.629262,-2.7054479122161865,-3.622427225112915,7.6997528076171875,-0.616973876953125,-0.3897320330142975,0.8319984674453735,2025-07-01 17:12:49.592,1751370169592,-8476,243,930,-534,-265,10
178,2025-07-01 17:12:50.051,2025-07-01 17:12:49.734599,-2.8107926845550537,-1.3455413579940796,9.30386734008789,-0.42271876335144043,-0.18570303916931152,0.23945917189121246,2025-07-01 17:12:49.747,1751370169747,-8190,262,1392,-720,-547,-121
179,2025-07-01 17:12:50.158,2025-07-01 17:12:49.830905,-2.2002713680267334,-2.719813108444214,9.593565940856934,0.12217304855585098,-0.17104226350784302,-0.14416420459747314,2025-07-01 17:12:49.840,1751370169840,-8482,198,1132,928,801,-241
180,2025-07-01 17:12:50.259,2025-07-01 17:12:49.930039,-1.9129672050476074,-2.1930887699127197,8.346187591552734,0.5815436840057373,-0.38240164518356323,-0.23457226157188416,2025-07-01 17:12:49.937,1751370169937,-8389,248,1146,775,38,-219
181,2025-07-01 17:12:50.358,2025-07-01 17:12:50.030378,-2.343923568725586,-2.4612393379211426,8.04930591583252,-0.12461651116609573,0.20525072515010834,0.17959438264369965,2025-07-01 17:12:50.023,1751370170023,-8155,363,1288,82,-292,-287
182,2025-07-01 17:12:50.461,2025-07-01 17:12:50.131122,0.3758896589279175,-3.8498764038085938,11.860875129699707,-0.30054569244384766,-0.019547687843441963,0.2883284091949463,2025-07-01 17:12:50.109,1751370170109,-8575,168,944,-627,76,96
183,2025-07-01 17:12:50.652,2025-07-01 17:12:50.330225,-0.7015010714530945,0.507570743560791,12.229581832885742,-0.1368338167667389,-0.4105014503002167,-0.3640756905078888,2025-07-01 17:12:50.291,1751370170291,-8492,-81,1314,-104,27,-384
184,2025-07-01 17:12:50.752,2025-07-01 17:12:50.430446,-3.5458126068115234,-0.17717093229293823,9.35654067993164,0.5338962078094482,0.42271876335144043,-0.5571091175079346,2025-07-01 17:12:50.391,1751370170391,-8488,382,1304,99,2,-271
185,2025-07-01 17:12:51.051,2025-07-01 17:12:50.729558,-3.869029998779297,-0.5746083855628967,8.576030731201172,-0.2687807083129883,-0.4789183437824249,1.2852604389190674,2025-07-01 17:12:50.740,1751370170740,-8513,-124,1298,-797,-49,-306
186,2025-07-01 17:12:51.155,2025-07-01 17:12:50.830609,0.7733271718025208,-1.9776105880737305,8.190564155578613,1.2278391122817993,-1.1313223838806152,-0.10506882518529892,2025-07-01 17:12:50.844,1751370170844,-8570,374,1163,22,-341,30
187,2025-07-01 17:12:51.254,2025-07-01 17:12:50.932225,-0.9385270476341248,-1.039083480834961,7.905653953552246,-0.5656611919403076,-0.14538592100143433,-0.07696902006864548,2025-07-01 17:12:50.921,1751370170921,-8169,-82,1659,220,-163,-448
188,2025-07-01 17:12:51.349,2025-07-01 17:12:51.030312,-2.650381326675415,-2.1308395862579346,8.863334655761719,-0.5229006409645081,0.28588494658470154,-0.3494149148464203,2025-07-01 17:12:51.011,1751370171011,-8136,-58,1562,613,-134,-531
189,2025-07-01 17:12:51.449,2025-07-01 17:12:51.129824,-3.35667085647583,-2.499546527862549,8.633491516113281,-0.04642575979232788,-0.14905111491680145,-0.12461651116609573,2025-07-01 17:12:51.110,1751370171110,-8174,-139,1652,212,27,-411
190,2025-07-01 17:12:51.549,2025-07-01 17:12:51.230068,-2.8658595085144043,-2.3965959548950195,9.306262016296387,-0.09040805697441101,-0.11728613078594208,-0.0024434609804302454,2025-07-01 17:12:51.192,1751370171192,-8152,-108,1229,531,-6,-373
191,2025-07-01 17:12:51.947,2025-07-01 17:12:51.629627,7.19936466217041,-4.019864559173584,10.223240852355957,-0.8038986921310425,0.8051204085350037,0.3445279896259308,2025-07-01 17:12:51.650,1751370171650,-8131,-521,1461,92,-235,-319
192,2025-07-01 17:12:52.047,2025-07-01 17:12:51.730226,-3.35667085647583,-2.2697031497955322,11.077971458435059,0.3225368559360504,0.6841690540313721,-0.39217549562454224,2025-07-01 17:12:51.735,1751370171735,-8080,-218,1760,113,-361,-374
193,2025-07-01 17:12:52.147,2025-07-01 17:12:51.829913,-2.0853497982025146,-4.345476150512695,11.496956825256348,0.32986724376678467,0.26633724570274353,0.07330382615327835,2025-07-01 17:12:51.831,1751370171831,-8160,-380,1554,-273,213,307
194,2025-07-01 17:12:52.252,2025-07-01 17:12:51.930036,-0.8930372595787048,-2.315192937850952,8.954314231872559,-0.31154128909111023,0.4715879559516907,0.5351179838180542,2025-07-01 17:12:51.911,1751370171911,-8563,57,1624,-877,47,142
195,2025-07-01 17:12:52.347,2025-07-01 17:12:52.030871,-3.203441858291626,-4.90571928024292,8.324639320373535,-0.8918632864952087,-0.6426302194595337,-0.4056145250797272,2025-07-01 17:12:52.014,1751370172014,-8066,-167,1813,-860,-4,-83
196,2025-07-01 17:12:52.453,2025-07-01 17:12:52.131154,-4.122815132141113,-2.535459518432617,7.2352776527404785,-0.7806857824325562,0.5363397002220154,0.11362093687057495,2025-07-01 17:12:52.099,1751370172099,-8478,-142,1558,-192,469,-76
197,2025-07-01 17:12:52.647,2025-07-01 17:12:52.332114,-2.808398485183716,-6.842628479003906,5.774814605712891,1.3781119585037231,-0.33475416898727417,-0.4043927788734436,2025-07-01 17:12:52.368,1751370172368,-8482,-260,1238,124,296,-52
198,2025-07-01 17:12:52.847,2025-07-01 17:12:52.531150,-0.8762778043746948,-0.9648633003234863,7.8098859786987305,-0.978606104850769,0.1722639948129654,0.6890559792518616,2025-07-01 17:12:52.540,1751370172540,-8155,20,1380,-770,67,45
199,2025-07-01 17:12:52.947,2025-07-01 17:12:52.630562,-2.9281086921691895,2.5905263423919678,9.074024200439453,0.039095375686883926,-0.8637634515762329,-0.5839871764183044,2025-07-01 17:12:52.639,1751370172639,-8459,-214,1232,-406,-120,80
200,2025-07-01 17:12:53.047,2025-07-01 17:12:52.735702,-2.1787235736846924,-0.363918662071228,7.6351094245910645,-2.6426031589508057,0.2076941877603531,-0.0659734457731247,2025-07-01 17:12:52.733,1751370172733,-8184,-22,1197,304,-53,-52
201,2025-07-01 17:12:53.147,2025-07-01 17:12:52.829723,-3.2321722507476807,-1.072602391242981,9.909601211547852,-0.05742133408784866,0.27611109614372253,-0.6096435189247131,2025-07-01 17:12:52.814,1751370172814,-8371,262,1349,258,565,-81
202,2025-07-01 17:12:53.247,2025-07-01 17:12:52.933108,-2.410961151123047,-2.1930887699127197,9.121908187866211,0.9236282706260681,-0.5216789245605469,-0.3530801236629486,2025-07-01 17:12:52.901,1751370172901,-8330,-111,937,316,-46,41
203,2025-07-01 17:12:53.347,2025-07-01 17:12:53.030036,-1.2018892765045166,-0.6512228846549988,7.134721279144287,-0.9993755221366882,1.1557570695877075,0.15027284622192383,2025-07-01 17:12:53.004,1751370173004,-8458,-39,1292,521,54,295
204,2025-07-01 17:12:53.447,2025-07-01 17:12:53.129951,-1.5658079385757446,-2.1499931812286377,9.004592895507812,-0.13439035415649414,0.29077184200286865,-0.32986724376678467,2025-07-01 17:12:53.095,1751370173095,-8173,-106,1269,634,-54,259
205,2025-07-01 17:12:53.647,2025-07-01 17:12:53.332257,-3.19865345954895,-1.534683346748352,9.457097053527832,0.4080579876899719,-0.2638937830924988,0.7354817390441895,2025-07-01 17:12:53.347,1751370173347,-8337,230,713,212,352,340
206,2025-07-01 17:12:53.747,2025-07-01 17:12:53.429832,-0.569819986820221,-0.912190854549408,8.851364135742188,0.5864306092262268,-0.5192354321479797,-0.1368338167667389,2025-07-01 17:12:53.442,1751370173442,-8539,247,1065,20,84,85
207,2025-07-01 17:12:53.848,2025-07-01 17:12:53.533582,-1.7717092037200928,-3.84269380569458,8.396465301513672,-1.3866641521453857,0.1014036312699318,0.13072516024112701,2025-07-01 17:12:53.526,1751370173526,-8566,180,1128,-204,27,51
208,2025-07-01 17:12:53.947,2025-07-01 17:12:53.631168,-2.6431987285614014,-3.469198226928711,8.951920509338379,0.02076941914856434,-0.00855211354792118,-0.35185837745666504,2025-07-01 17:12:53.644,1751370173644,-8458,340,1343,-257,-338,-29
209,2025-07-01 17:12:54.049,2025-07-01 17:12:53.729736,-2.2625205516815186,-3.7493197917938232,9.014169692993164,0.10873401165008545,-0.00366519158706069,0.24190263450145721,2025-07-01 17:12:53.711,1751370173711,-8485,191,1286,64,-113,-111
210,2025-07-01 17:12:54.147,2025-07-01 17:12:53.833698,-1.5514427423477173,-3.581725835800171,9.258378028869629,-0.1111774742603302,0.028099801391363144,0.4447098970413208,2025-07-01 17:12:53.799,1751370173799,-8504,206,940,17,-37,49
211,2025-07-01 17:12:54.547,2025-07-01 17:12:54.235421,-2.6168625354766846,-1.843535304069519,10.046070098876953,0.07819075137376785,-0.28466320037841797,0.33475416898727417,2025-07-01 17:12:54.247,1751370174247,-8511,372,1000,-486,-271,-832
212,2025-07-01 17:12:54.657,2025-07-01 17:12:54.335146,-2.9089550971984863,-2.671929121017456,10.994174003601074,-1.5540411472320557,0.5485569834709167,0.25534167885780334,2025-07-01 17:12:54.340,1751370174340,-8468,126,1287,-159,21,-876
213,2025-07-01 17:12:54.752,2025-07-01 17:12:54.432323,-3.5386300086975098,-3.0142998695373535,7.285555839538574,0.35674530267715454,0.32009339332580566,-0.19914206862449646,2025-07-01 17:12:54.426,1751370174426,-8489,95,1299,-379,20,-646
214,2025-07-01 17:12:54.947,2025-07-01 17:12:54.631981,-3.3901896476745605,-1.5849615335464478,7.996633529663086,-0.8234463334083557,1.281595230102539,-0.004886921960860491,2025-07-01 17:12:54.612,1751370174612,-8367,-333,1008,-547,-245,-577
215,2025-07-01 17:12:55.054,2025-07-01 17:12:54.731772,-0.42616790533065796,-5.609614372253418,12.725181579589844,-0.6475171446800232,-0.6817256212234497,0.3995058834552765,2025-07-01 17:12:54.722,1751370174722,-8299,-527,1833,5,-563,-744
216,2025-07-01 17:12:55.152,2025-07-01 17:12:54.830411,0.1867477297782898,-2.9281086921691895,7.829039573669434,-0.0659734457731247,0.01710422709584236,0.6499606370925903,2025-07-01 17:12:54.790,1751370174790,-8531,-297,1198,-268,248,-126
217,2025-07-01 17:12:55.357,2025-07-01 17:12:55.030793,-1.1468225717544556,-2.5522189140319824,9.074024200439453,-0.8943067193031311,0.04153883829712868,-0.24923302233219147,2025-07-01 17:12:54.992,1751370174992,-8110,-507,1183,-789,605,-289
218,2025-07-01 17:12:55.449,2025-07-01 17:12:55.132764,-3.0406360626220703,-2.1547815799713135,9.794678688049316,-0.9651671051979065,0.6633996367454529,-1.1606439352035522,2025-07-01 17:12:55.145,1751370175145,-8569,-233,1029,-358,423,282
219,2025-07-01 17:12:55.551,2025-07-01 17:12:55.230203,-3.287238836288452,-3.3446998596191406,7.63989782333374,0.6414085030555725,-0.26633724570274353,-0.2370157092809677,2025-07-01 17:12:55.254,1751370175254,-8473,-287,903,687,828,-5
220,2025-07-01 17:12:55.651,2025-07-01 17:12:55.332021,-1.7693150043487549,-3.2321722507476807,10.345345497131348,0.17104226350784302,0.66584312915802,0.18448130786418915,2025-07-01 17:12:55.336,1751370175336,-8571,-106,698,208,-126,373
221,2025-07-01 17:12:55.847,2025-07-01 17:12:55.534758,0.9624691009521484,-3.8067808151245117,9.406818389892578,-0.29565876722335815,0.5119050741195679,0.2638937830924988,2025-07-01 17:12:55.504,1751370175504,-8537,52,767,316,87,290
222,2025-07-01 17:12:55.947,2025-07-01 17:12:55.634042,-3.7828385829925537,-0.7182605266571045,9.042900085449219,-0.06841690838336945,0.15393804013729095,0.9492846131324768,2025-07-01 17:12:55.621,1751370175621,-8512,-85,983,-210,-205,215
223,2025-07-01 17:12:56.048,2025-07-01 17:12:55.731254,-1.0749965906143188,-0.5027823448181152,9.57441234588623,0.3078760802745819,-0.7831292152404785,-0.14294247329235077,2025-07-01 17:12:55.702,1751370175702,-8476,124,1361,-120,-271,283
224,2025-07-01 17:12:56.347,2025-07-01 17:12:56.029465,-1.6376339197158813,0.5913678407669067,7.16584587097168,-0.44104471802711487,0.40194934606552124,-0.04153883829712868,2025-07-01 17:12:56.046,1751370176046,-8513,-18,992,24,-15,-105
225,2025-07-01 17:12:56.550,2025-07-01 17:12:56.230859,-4.458003520965576,-5.070919036865234,9.39245319366455,-0.38117989897727966,0.31520646810531616,-1.2559388875961304,2025-07-01 17:12:56.235,1751370176235,-8291,-123,1404,485,677,334
226,2025-07-01 17:12:56.650,2025-07-01 17:12:56.330856,-3.28963303565979,-3.8522706031799316,9.737217903137207,0.656069278717041,-0.33108896017074585,0.17837265133857727,2025-07-01 17:12:56.321,1751370176321,-8818,513,491,647,730,78
227,2025-07-01 17:12:56.752,2025-07-01 17:12:56.436823,-1.4939818382263184,-3.8738183975219727,8.932766914367676,0.5265658497810364,-0.4703662395477295,0.17470745742321014,2025-07-01 17:12:56.422,1751370176422,-8323,149,500,551,-16,61
228,2025-07-01 17:12:56.853,2025-07-01 17:12:56.531886,-3.598485231399536,-2.3942017555236816,7.129932880401611,-0.19058994948863983,1.1362093687057495,0.21868975460529327,2025-07-01 17:12:56.501,1751370176501,-8512,621,486,-114,48,-324
229,2025-07-01 17:12:57.049,2025-07-01 17:12:56.733161,-0.42616790533065796,-5.094861030578613,9.852140426635742,-0.8906415104866028,0.5607742667198181,0.5461135506629944,2025-07-01 17:12:56.770,1751370176770,-8559,316,925,-137,-507,-17
230,2025-07-01 17:12:57.150,2025-07-01 17:12:56.832047,-3.6176388263702393,-5.011064052581787,9.009381294250488,-1.5992451906204224,0.11239920556545258,0.051312681287527084,2025-07-01 17:12:56.868,1751370176868,-8573,288,911,-220,-333,-546
231,2025-07-01 17:12:57.347,2025-07-01 17:12:57.029708,2.4636335372924805,-1.7956513166427612,8.686163902282715,4.631580352783203,-0.9224064946174622,-0.4300491213798523,2025-07-01 17:12:57.049,1751370177049,-8507,94,1384,252,-573,-212
232,2025-07-01 17:12:57.549,2025-07-01 17:12:57.231154,-4.438849925994873,0.2968810200691223,7.936778545379639,-0.40683624148368835,-0.6621779203414917,-0.6389650702476501,2025-07-01 17:12:57.232,1751370177232,-8146,83,1470,5,-488,-228
233,2025-07-01 17:12:57.649,2025-07-01 17:12:57.332361,-0.8451532125473022,-0.33997663855552673,7.8314337730407715,-0.7684684991836548,-0.02687807008624077,0.2015855312347412,2025-07-01 17:12:57.310,1751370177310,-8348,218,1394,-185,-345,-182
234,2025-07-01 17:12:57.747,2025-07-01 17:12:57.438330,-0.9169792532920837,-1.2066776752471924,8.686163902282715,-0.5766568183898926,0.22479841113090515,-0.04642575979232788,2025-07-01 17:12:57.408,1751370177408,-8500,75,1442,-1002,-223,-92
235,2025-07-01 17:12:58.049,2025-07-01 17:12:57.731972,-1.1348515748977661,-3.4596214294433594,9.002198219299316,0.10018189996480942,-0.15882496535778046,-0.019547687843441963,2025-07-01 17:12:57.764,1751370177764,-8532,186,1815,229,220,238
236,2025-07-01 17:12:58.247,2025-07-01 17:12:57.932131,-2.4396915435791016,-2.801215887069702,9.23443603515625,0.4605923891067505,-0.3836233615875244,-0.10384709388017654,2025-07-01 17:12:57.944,1751370177944,-8569,-291,1651,636,170,-524
237,2025-07-01 17:12:58.347,2025-07-01 17:12:58.029501,-2.7126305103302,-3.576937437057495,9.9000244140625,-2.140471935272217,1.0519099235534668,-0.2724458873271942,2025-07-01 17:12:58.044,1751370178044,-8495,-50,1646,175,72,47
238,2025-07-01 17:12:58.447,2025-07-01 17:12:58.136716,-2.535459518432617,-5.207388877868652,7.769184589385986,0.051312681287527084,0.37629300355911255,-0.7867944240570068,2025-07-01 17:12:58.118,1751370178118,-8472,296,1436,308,30,68
239,2025-07-01 17:12:58.554,2025-07-01 17:12:58.230405,-1.460463047027588,-4.4508209228515625,7.752425193786621,0.7428121566772461,-0.7073819637298584,-0.2834414839744568,2025-07-01 17:12:58.212,1751370178212,-8510,320,1247,-211,372,-60
240,2025-07-01 17:12:58.647,2025-07-01 17:12:58.330975,-1.802833914756775,-1.3192051649093628,8.166622161865234,-0.37751471996307373,0.10995574295520782,0.18081611394882202,2025-07-01 17:12:58.306,1751370178306,-8523,-53,1624,-278,71,-80
241,2025-07-01 17:12:59.047,2025-07-01 17:12:58.732593,-2.03507137298584,-1.9081788063049316,8.243236541748047,0.4948008358478546,-0.2370157092809677,-0.07696902006864548,2025-07-01 17:12:58.746,1751370178746,-8531,-37,1178,112,257,-343
242,2025-07-01 17:12:59.147,2025-07-01 17:12:58.832185,-1.482010841369629,-4.302380561828613,7.132327079772949,-1.0934487581253052,1.1704177856445312,-0.012217304669320583,2025-07-01 17:12:58.844,1751370178844,-8543,54,1615,-575,-5,333
243,2025-07-01 17:12:59.247,2025-07-01 17:12:58.930831,-0.3519476354122162,-6.4834980964660645,13.39555835723877,-0.33108896017074585,-1.0103710889816284,-0.3897320330142975,2025-07-01 17:12:58.929,1751370178929,-8170,-15,1600,-371,-274,-38
244,2025-07-01 17:12:59.347,2025-07-01 17:12:59.029441,0.019153613597154617,-4.086902141571045,6.780379295349121,-0.5583308339118958,-0.294437050819397,0.5277875661849976,2025-07-01 17:12:59.028,1751370179028,-8554,272,1188,-516,180,306
245,2025-07-01 17:12:59.452,2025-07-01 17:12:59.129296,-2.626439332962036,-1.8962076902389526,12.09311294555664,0.09407325088977814,-0.5974262356758118,-0.16249015927314758,2025-07-01 17:12:59.113,1751370179113,-8564,266,1543,-177,16,-102
246,2025-07-01 17:12:59.553,2025-07-01 17:12:59.229370,-1.0654197931289673,-4.357447147369385,8.595184326171875,0.02687807008624077,-0.10262536257505417,0.5607742667198181,2025-07-01 17:12:59.202,1751370179202,-8452,271,1169,-202,-108,-298
247,2025-07-01 17:12:59.663,2025-07-01 17:12:59.331628,-1.8195933103561401,-2.5282769203186035,7.615955829620361,-0.20891591906547546,-0.6572909951210022,1.1105530261993408,2025-07-01 17:12:59.299,1751370179299,-8467,256,1188,-214,-75,22
248,2025-07-01 17:12:59.757,2025-07-01 17:12:59.432315,0.4884171485900879,-0.5626373887062073,15.579070091247559,0.4801400899887085,-0.394618958234787,-0.1368338167667389,2025-07-01 17:12:59.395,1751370179395,-8565,-70,1238,41,0,-342
249,2025-07-01 17:13:00.052,2025-07-01 17:12:59.633966,-2.2888567447662354,-3.0119056701660156,9.232041358947754,-0.31031954288482666,0.17104226350784302,-0.2370157092809677,2025-07-01 17:12:59.647,1751370179647,-8567,-119,1660,18,-307,-359
250,2025-07-01 17:13:00.147,2025-07-01 17:12:59.833643,-1.6543933153152466,-3.4093432426452637,9.306262016296387,-0.13072516024112701,-0.05497787147760391,-0.05009094998240471,2025-07-01 17:12:59.827,1751370179827,-8503,-27,1609,-53,76,-194
251,2025-07-01 17:13:00.259,2025-07-01 17:12:59.930335,-1.7262194156646729,-3.1316158771514893,9.023746490478516,0.09651670604944229,0.04153883829712868,-0.07819075137376785,2025-07-01 17:12:59.923,1751370179923,-8174,-354,1636,282,88,-530
252,2025-07-01 17:13:00.351,2025-07-01 17:13:00.030799,-2.3271639347076416,-3.9624037742614746,8.841787338256836,0.07452555745840073,-0.024434609338641167,0.012217304669320583,2025-07-01 17:13:00.006,1751370180006,-8177,-148,1650,280,-98,-552
253,2025-07-01 17:13:00.452,2025-07-01 17:13:00.129297,-2.075772762298584,-3.423708438873291,8.609549522399902,0.04153883829712868,-0.019547687843441963,0.09407325088977814,2025-07-01 17:13:00.105,1751370180105,-8494,-257,1243,116,145,337
254,2025-07-01 17:13:00.650,2025-07-01 17:13:00.332801,-1.5897499322891235,-2.7485435009002686,10.11550235748291,0.6194173693656921,-0.48869219422340393,-0.18325957655906677,2025-07-01 17:13:00.300,1751370180300,-8178,-42,1180,-315,171,818
255,2025-07-01 17:13:00.948,2025-07-01 17:13:00.632365,-3.0119056701660156,-4.716577529907227,8.851364135742188,0.2785545587539673,-0.03298672288656235,-0.5803219676017761,2025-07-01 17:13:00.639,1751370180639,-8536,130,1326,-167,112,-524
256,2025-07-01 17:13:01.047,2025-07-01 17:13:00.734569,-3.646369218826294,-3.4596214294433594,9.131484985351562,0.13072516024112701,0.18570303916931152,0.40072759985923767,2025-07-01 17:13:00.736,1751370180736,-8517,292,978,-382,46,-418
257,2025-07-01 17:13:01.153,2025-07-01 17:13:00.834980,-1.4484920501708984,-2.609679937362671,8.676587104797363,0.02687807008624077,-0.06475171446800232,0.44715335965156555,2025-07-01 17:13:00.824,1751370180824,-8557,-26,1292,-155,-316,-627
258,2025-07-01 17:13:01.259,2025-07-01 17:13:00.932406,1.015141487121582,-1.9249382019042969,9.244012832641602,-0.2370157092809677,0.26511552929878235,-0.26633724570274353,2025-07-01 17:13:00.908,1751370180908,-8538,-51,1320,-331,-142,-529
259,2025-07-01 17:13:01.448,2025-07-01 17:13:01.035449,-2.1523873805999756,-4.223371982574463,8.643068313598633,-0.21868975460529327,0.26633724570274353,-0.7000515460968018,2025-07-01 17:13:01.014,1751370181014,-8535,289,1277,-474,22,145
260,2025-07-01 17:13:01.554,2025-07-01 17:13:01.231981,-1.0654197931289673,-0.9672574996948242,9.533711433410645,-0.1417207419872284,-0.37629300355911255,0.1918116807937622,2025-07-01 17:13:01.269,1751370181269,-8336,562,1279,4,-76,334
261,2025-07-01 17:13:01.647,2025-07-01 17:13:01.331620,-1.1252747774124146,-3.0861260890960693,9.059659004211426,-0.12950342893600464,0.21868975460529327,-0.23945917189121246,2025-07-01 17:13:01.371,1751370181371,-8346,567,1335,-781,-321,-289
262,2025-07-01 17:13:01.747,2025-07-01 17:13:01.433706,-2.3343467712402344,-3.667917013168335,8.578424453735352,-0.11484266817569733,-0.02321287989616394,-0.2272418737411499,2025-07-01 17:13:01.473,1751370181473,-8469,-20,1266,-480,-209,-364
263,2025-07-01 17:13:01.947,2025-07-01 17:13:01.634592,-3.0358476638793945,-3.643975019454956,8.947132110595703,0.18081611394882202,0.0659734457731247,0.07941248267889023,2025-07-01 17:13:01.629,1751370181629,-8511,141,1397,735,582,-139
264,2025-07-01 17:13:02.047,2025-07-01 17:13:01.735776,-1.764526605606079,-3.3662476539611816,9.083600997924805,0.34697145223617554,-0.018325956538319588,0.2638937830924988,2025-07-01 17:13:01.720,1751370181720,-8419,518,1001,-95,55,-288
265,2025-07-01 17:13:02.147,2025-07-01 17:13:01.834322,-2.123656988143921,-3.1435868740081787,8.767566680908203,0.10751228034496307,-0.06963863968849182,0.2834414839744568,2025-07-01 17:13:01.815,1751370181815,-8467,-78,1558,-356,-232,-220
266,2025-07-01 17:13:02.247,2025-07-01 17:13:01.936440,-2.190694570541382,-2.9735984802246094,9.6989107131958,0.3078760802745819,-0.11850785464048386,0.08185594528913498,2025-07-01 17:13:01.909,1751370181909,-8493,-58,1622,38,-204,-240
267,2025-07-01 17:13:02.347,2025-07-01 17:13:02.036034,3.3518824577331543,-0.040701430290937424,9.588777542114258,-0.5510004758834839,-0.1014036312699318,-0.1319468915462494,2025-07-01 17:13:02.019,1751370182019,-8156,-123,1431,86,-264,-129
268,2025-07-01 17:13:02.647,2025-07-01 17:13:02.330711,-1.0797849893569946,-2.978386878967285,8.195352554321289,0.05375614017248154,0.5338962078094482,0.47280970215797424,2025-07-01 17:13:02.347,1751370182347,-8119,-297,1622,-370,273,-129
269,2025-07-01 17:13:02.849,2025-07-01 17:13:02.541199,-3.220201253890991,-2.942473888397217,7.208941459655762,-0.4642575979232788,0.8185594081878662,0.012217304669320583,2025-07-01 17:13:02.532,1751370182532,-8167,-86,1189,109,2,348
270,2025-07-01 17:13:02.949,2025-07-01 17:13:02.638388,-1.644816517829895,-2.5713725090026855,9.097966194152832,0.042760565876960754,0.11850785464048386,0.3628539443016052,2025-07-01 17:13:02.633,1751370182633,-8575,338,1597,121,-277,-286
271,2025-07-01 17:13:03.049,2025-07-01 17:13:02.733700,-2.2026655673980713,-2.1140801906585693,9.895236015319824,0.5619960427284241,-0.9517280459403992,-0.2675589919090271,2025-07-01 17:13:02.706,1751370182706,-8518,294,1637,98,-340,-315
272,2025-07-01 17:13:03.147,2025-07-01 17:13:02.831745,-2.145204782485962,-2.7293899059295654,8.358158111572266,-0.3897320330142975,0.19425514340400696,-0.06108652427792549,2025-07-01 17:13:02.801,1751370182801,-8507,334,1206,19,280,80
273,2025-07-01 17:13:03.247,2025-07-01 17:13:02.932249,-2.7006595134735107,-3.995922565460205,8.638279914855957,0.23090706765651703,0.15515977144241333,-0.769690215587616,2025-07-01 17:13:02.894,1751370182894,-8545,-89,1587,-304,119,58
274,2025-07-01 17:13:03.647,2025-07-01 17:13:03.331282,-2.8850131034851074,-4.141968727111816,9.107542991638184,-0.05864306539297104,-0.07452555745840073,0.14538592100143433,2025-07-01 17:13:03.347,1751370183347,-8483,-67,1622,-260,-68,-119
275,2025-07-01 17:13:03.857,2025-07-01 17:13:03.536022,-1.9488801956176758,-4.094084739685059,9.131484985351562,-0.08307767659425735,-0.08796459436416626,0.09285151958465576,2025-07-01 17:13:03.546,1751370183546,-8485,136,1573,-366,-269,58
276,2025-07-01 17:13:03.947,2025-07-01 17:13:03.637464,-2.564189910888672,-2.9041666984558105,9.713275909423828,0.1270599663257599,0.0354301854968071,0.1771509200334549,2025-07-01 17:13:03.608,1751370183608,-8516,220,1560,-536,9,-65
277,2025-07-01 17:13:04.256,2025-07-01 17:13:03.836295,-0.5506663918495178,-2.205059766769409,8.085219383239746,-0.3689626157283783,-0.17348572611808777,0.37629300355911255,2025-07-01 17:13:03.876,1751370183876,-8460,145,1519,-104,-299,-327
278,2025-07-01 17:13:04.352,2025-07-01 17:13:04.040071,-3.270479440689087,-1.137245774269104,8.5903959274292,0.8161159753799438,-0.6108652353286743,-0.4129449129104614,2025-07-01 17:13:04.070,1751370184070,-8511,304,1275,274,38,-133
279,2025-07-01 17:13:04.556,2025-07-01 17:13:04.229327,-2.432508945465088,-2.738966703414917,8.815450668334961,0.09529497474431992,0.2919935882091522,-0.5387831330299377,2025-07-01 17:13:04.247,1751370184247,-8328,-101,1430,50,-265,-286
280,2025-07-01 17:13:04.653,2025-07-01 17:13:04.329505,-2.365471363067627,-3.098097085952759,9.114726066589355,0.12339477986097336,0.05375614017248154,-0.4789183437824249,2025-07-01 17:13:04.330,1751370184330,-8474,-15,1442,86,-375,63
281,2025-07-01 17:13:04.753,2025-07-01 17:13:04.438105,-2.937685489654541,-3.179499864578247,8.899248123168945,0.1563815027475357,-0.05864306539297104,-0.02076941914856434,2025-07-01 17:13:04.429,1751370184429,-8465,103,1532,312,308,-215
282,2025-07-01 17:13:04.947,2025-07-01 17:13:04.631064,-2.097320795059204,-3.5482068061828613,7.515398979187012,-0.33475416898727417,0.13561208546161652,0.807563841342926,2025-07-01 17:13:04.611,1751370184611,-8502,-296,1833,86,25,-43
283,2025-07-01 17:13:05.147,2025-07-01 17:13:04.838665,-2.7700912952423096,-2.322375535964966,9.837775230407715,1.0739010572433472,0.7147123217582703,-0.8038986921310425,2025-07-01 17:13:04.873,1751370184873,-8375,182,1568,68,291,-17
284,2025-07-01 17:13:05.250,2025-07-01 17:13:04.932498,-1.6280571222305298,-3.4763808250427246,7.271190643310547,1.2180652618408203,-0.6780604124069214,-0.5546656250953674,2025-07-01 17:13:04.958,1751370184958,-8492,-7,1547,-295,262,32
285,2025-07-01 17:13:05.447,2025-07-01 17:13:05.147846,0.047884032130241394,-2.5258827209472656,9.835380554199219,0.19547687470912933,-1.1093312501907349,0.1014036312699318,2025-07-01 17:13:05.140,1751370185140,-8460,-115,1267,-248,-30,-73
286,2025-07-01 17:13:05.548,2025-07-01 17:13:05.237151,-3.0789434909820557,-3.445256233215332,7.046135425567627,-0.2125810980796814,-0.27977627515792847,0.856433093547821,2025-07-01 17:13:05.242,1751370185242,-8499,-9,1438,72,85,165
287,2025-07-01 17:13:05.652,2025-07-01 17:13:05.330271,-2.6599581241607666,-0.5315127968788147,8.87051773071289,-0.05253441259264946,-0.7147123217582703,1.166752576828003,2025-07-01 17:13:05.320,1751370185320,-8472,319,1561,-189,-78,280
288,2025-07-01 17:13:05.756,2025-07-01 17:13:05.435506,2.5737667083740234,-2.233790159225464,12.15057373046875,0.7134906053543091,-0.43615779280662537,-0.3591887652873993,2025-07-01 17:13:05.418,1751370185418,-8333,529,1264,15,-37,-4
289,2025-07-01 17:13:05.856,2025-07-01 17:13:05.532528,0.2944868206977844,-3.31118106842041,8.374917984008789,-1.341460108757019,-0.0354301854968071,-0.16737708449363708,2025-07-01 17:13:05.503,1751370185503,-8480,188,1471,-361,-287,-361
290,2025-07-01 17:13:05.954,2025-07-01 17:13:05.638186,-1.9728221893310547,-3.509899616241455,9.220070838928223,-0.6841690540313721,0.41661009192466736,-0.5717698931694031,2025-07-01 17:13:05.608,1751370185608,-8485,304,1429,-235,81,-524
291,2025-07-01 17:13:06.058,2025-07-01 17:13:05.743340,-3.0142998695373535,-3.825934410095215,8.676587104797363,-0.1869247704744339,0.04886921867728233,-0.36529740691185,2025-07-01 17:13:05.773,1751370185773,-8464,-14,1587,257,-110,-352
292,2025-07-01 17:13:06.150,2025-07-01 17:13:05.838425,-2.52109432220459,-3.9671921730041504,8.7268648147583,-0.17592918872833252,0.06841690838336945,-0.22479841113090515,2025-07-01 17:13:05.859,1751370185859,-8489,301,1256,-68,273,-258
293,2025-07-01 17:13:06.347,2025-07-01 17:13:06.033732,-2.22660756111145,-3.56017804145813,8.911218643188477,0.06719517707824707,-0.08674286305904388,0.06963863968849182,2025-07-01 17:13:06.039,1751370186039,-8479,-26,1569,-85,-50,62
294,2025-07-01 17:13:06.447,2025-07-01 17:13:06.135387,-1.680729627609253,-3.3518824577331543,8.38449478149414,0.09285151958465576,0.11728613078594208,-0.07696902006864548,2025-07-01 17:13:06.133,1751370186133,-8502,-56,1583,138,264,14
295,2025-07-01 17:13:06.647,2025-07-01 17:13:06.330961,-1.9369091987609863,-3.6128504276275635,9.136273384094238,0.2431243658065796,0.1869247704744339,-0.6524040699005127,2025-07-01 17:13:06.314,1751370186314,-8454,81,1446,564,258,-293
296,2025-07-01 17:13:06.747,2025-07-01 17:13:06.433540,-2.6815059185028076,-4.541800498962402,8.398859977722168,0.42271876335144043,-0.2687807083129883,-0.013439035043120384,2025-07-01 17:13:06.399,1751370186399,-8477,-54,1643,394,303,1
297,2025-07-01 17:13:06.848,2025-07-01 17:13:06.534742,-2.6671407222747803,-2.698265314102173,9.351752281188965,0.7305948138237,-0.17104226350784302,0.3677408695220947,2025-07-01 17:13:06.512,1751370186512,-8520,-64,1258,440,593,36
298,2025-07-01 17:13:07.247,2025-07-01 17:13:06.935262,-0.6560112833976746,-1.3551181554794312,11.027692794799805,0.010995574295520782,-0.34574973583221436,-0.04764748737215996,2025-07-01 17:13:06.938,1751370186938,-8350,296,1059,607,299,283
299,2025-07-01 17:13:07.347,2025-07-01 17:13:07.038059,-2.279279947280884,-1.9345149993896484,9.643844604492188,-0.09162978827953339,0.0024434609804302454,0.0403171069920063,2025-07-01 17:13:07.030,1751370187030,-8564,344,1066,174,-102,105
300,2025-07-01 17:13:07.447,2025-07-01 17:13:07.135310,-1.6352397203445435,-2.408566951751709,8.880094528198242,-0.02687807008624077,-0.05619960278272629,0.07330382615327835,2025-07-01 17:13:07.143,1751370187143,-8520,-67,750,44,337,48
301,2025-07-01 17:13:07.547,2025-07-01 17:13:07.234677,-1.525106430053711,-2.580949544906616,11.5065336227417,-0.1918116807937622,-0.06230825558304787,-0.1966986060142517,2025-07-01 17:13:07.220,1751370187220,-8564,276,651,-317,367,290
302,2025-07-01 17:13:07.748,2025-07-01 17:13:07.429579,-2.583343744277954,-3.7876269817352295,9.119514465332031,-0.6621779203414917,-0.05497787147760391,0.21991148591041565,2025-07-01 17:13:07.412,1751370187412,-8563,329,1028,-2458,-459,624
303,2025-07-01 17:13:07.850,2025-07-01 17:13:07.537794,-1.8602946996688843,-3.361459255218506,8.695740699768066,-0.32986724376678467,-0.34697145223617554,0.2321287989616394,2025-07-01 17:13:07.567,1751370187567,-8463,-56,919,-1793,-431,-79
304,2025-07-01 17:13:08.047,2025-07-01 17:13:07.737682,-2.142810583114624,-4.953603267669678,7.996633529663086,-0.5852088928222656,-0.06719517707824707,-0.05497787147760391,2025-07-01 17:13:07.745,1751370187745,-8455,-54,939,-1578,-395,67
305,2025-07-01 17:13:08.147,2025-07-01 17:13:07.844663,-1.7860745191574097,-6.481103897094727,7.3885064125061035,1.794722080230713,-0.2223549485206604,-0.24923302233219147,2025-07-01 17:13:07.834,1751370187834,-8491,338,1323,-517,126,-204
306,2025-07-01 17:13:08.247,2025-07-01 17:13:07.939400,2.274491548538208,1.436521053314209,10.400412559509277,3.219259738922119,-0.02321287989616394,-0.0757472887635231,2025-07-01 17:13:07.929,1751370187929,-8520,297,1284,-223,71,-229
307,2025-07-01 17:13:08.347,2025-07-01 17:13:08.038021,-2.252943754196167,-1.0582371950149536,8.75080680847168,-0.0806342139840126,0.6768386960029602,-0.26022860407829285,2025-07-01 17:13:08.016,1751370188016,-8519,300,1020,-193,76,-211
308,2025-07-01 17:13:08.447,2025-07-01 17:13:08.135451,-1.7812861204147339,-2.719813108444214,13.797784805297852,-0.2480112910270691,-0.4349360466003418,0.0,2025-07-01 17:13:08.119,1751370188119,-8538,327,1018,-133,94,-374
309,2025-07-01 17:13:08.647,2025-07-01 17:13:08.245588,0.3878606855869293,-2.6240451335906982,8.456320762634277,-0.5302310585975647,0.18814650177955627,0.38117989897727966,2025-07-01 17:13:08.209,1751370188209,-8529,149,962,-302,-111,94
310,2025-07-01 17:13:08.747,2025-07-01 17:13:08.432171,-1.6496049165725708,-0.9241618514060974,13.441048622131348,0.006108652334660292,-0.5338962078094482,-0.09285151958465576,2025-07-01 17:13:08.472,1751370188472,-8415,278,1111,-342,-28,114
311,2025-07-01 17:13:09.058,2025-07-01 17:13:08.737580,-3.2776620388031006,-4.065354347229004,9.10993766784668,0.03420845419168472,-0.03176499158143997,-0.1368338167667389,2025-07-01 17:13:08.746,1751370188746,-8573,238,1206,141,-258,123
312,2025-07-01 17:13:09.158,2025-07-01 17:13:08.833281,-2.38462495803833,-2.6144683361053467,9.102754592895508,0.2064724564552307,-0.07941248267889023,0.3188716471195221,2025-07-01 17:13:08.828,1751370188828,-8372,358,899,215,-2,26
313,2025-07-01 17:13:09.253,2025-07-01 17:13:08.938803,-0.5315127968788147,-0.4812345504760742,10.773907661437988,0.6511823534965515,-0.6401867866516113,-0.2528982162475586,2025-07-01 17:13:08.916,1751370188916,-8563,332,912,128,-96,24
314,2025-07-01 17:13:09.353,2025-07-01 17:13:09.037074,-2.1954829692840576,-2.013523578643799,9.378087997436523,0.33108896017074585,0.30543261766433716,-0.4740314185619354,2025-07-01 17:13:09.006,1751370189006,-8533,312,923,355,-116,-270
315,2025-07-01 17:13:09.554,2025-07-01 17:13:09.240129,-1.965639591217041,-2.3487119674682617,6.904877662658691,-0.3481931984424591,0.09896016865968704,0.2382374405860901,2025-07-01 17:13:09.211,1751370189211,-8488,362,921,144,103,-130
316,2025-07-01 17:13:09.659,2025-07-01 17:13:09.343086,-2.9281086921691895,-2.27209734916687,8.712499618530273,-0.45326200127601624,-0.11484266817569733,0.36651915311813354,2025-07-01 17:13:09.375,1751370189375,-8495,263,1358,-201,-73,84
317,2025-07-01 17:13:09.861,2025-07-01 17:13:09.530821,-2.58813214302063,-2.0877439975738525,8.597578048706055,0.051312681287527084,-0.3225368559360504,0.4447098970413208,2025-07-01 17:13:09.544,1751370189544,-8575,282,984,-284,92,13
318,2025-07-01 17:13:09.950,2025-07-01 17:13:09.642715,-0.12689268589019775,-2.2433669567108154,9.11233139038086,0.5204572081565857,-0.9285151958465576,-0.03787364438176155,2025-07-01 17:13:09.639,1751370189639,-8531,290,1363,-381,-355,11
319,2025-07-01 17:13:10.050,2025-07-01 17:13:09.738669,-1.8794482946395874,-2.832340717315674,8.233659744262695,-0.19914206862449646,1.6102408170700073,0.4202753007411957,2025-07-01 17:13:09.736,1751370189736,-8483,-61,1270,-349,-131,-283
320,2025-07-01 17:13:10.150,2025-07-01 17:13:09.839129,-3.8331170082092285,-3.4141316413879395,9.773131370544434,-0.06719517707824707,0.31031954288482666,0.2076941877603531,2025-07-01 17:13:09.829,1751370189829,-8163,-31,1426,21,1,52
321,2025-07-01 17:13:10.252,2025-07-01 17:13:09.938835,-2.75812029838562,-1.3982137441635132,9.193734169006348,0.09040805697441101,-0.5766568183898926,0.3029891550540924,2025-07-01 17:13:09.909,1751370189909,-8154,-99,1633,-143,-127,-323
322,2025-07-01 17:13:10.354,2025-07-01 17:13:10.040218,-0.7110779285430908,-3.622427225112915,8.904036521911621,-1.4550809860229492,0.8943067193031311,0.1771509200334549,2025-07-01 17:13:10.007,1751370190007,-8161,124,1536,-530,-29,-293
323,2025-07-01 17:13:10.547,2025-07-01 17:13:10.237194,-1.4963760375976562,-3.318363666534424,8.245630264282227,0.8503243923187256,-0.9028588533401489,-0.5729916095733643,2025-07-01 17:13:10.270,1751370190270,-8498,-79,1317,-105,-9,-343
324,2025-07-01 17:13:10.649,2025-07-01 17:13:10.337664,-0.7709329724311829,-2.207453966140747,8.35097599029541,-0.3799581825733185,0.28466320037841797,0.5729916095733643,2025-07-01 17:13:10.359,1751370190359,-8451,90,1311,-103,-9,-331
325,2025-07-01 17:13:10.847,2025-07-01 17:13:10.548194,-2.43011474609375,-1.680729627609253,10.287884712219238,0.2590068578720093,-0.11362093687057495,-0.00366519158706069,2025-07-01 17:13:10.546,1751370190546,-8386,-195,-118,30,1136,-1681
326,2025-07-01 17:13:11.047,2025-07-01 17:13:10.740734,-2.1715409755706787,-2.030282974243164,9.016563415527344,-0.3066543638706207,0.06230825558304787,0.019547687843441963,2025-07-01 17:13:10.720,1751370190720,-8457,-901,18,-490,-42,-359
327,2025-07-01 17:13:11.453,2025-07-01 17:13:11.139691,-1.9704279899597168,-2.8850131034851074,9.239224433898926,-0.07330382615327835,0.019547687843441963,-0.07208210229873657,2025-07-01 17:13:11.172,1751370191172,-8452,-496,-48,43,-296,420
328,2025-07-01 17:13:11.647,2025-07-01 17:13:11.339392,-1.8195933103561401,-3.2537200450897217,9.27034854888916,0.0024434609804302454,-0.05497787147760391,-0.05864306539297104,2025-07-01 17:13:11.346,1751370191346,-8474,-622,-28,-291,-266,316
329,2025-07-01 17:13:11.747,2025-07-01 17:13:11.436540,-1.8124107122421265,-2.9328970909118652,10.216058731079102,-0.1563815027475357,0.20525072515010834,0.05253441259264946,2025-07-01 17:13:11.441,1751370191441,-8536,-168,-53,-288,-108,528
330,2025-07-01 17:13:11.848,2025-07-01 17:13:11.543873,-0.24899697303771973,-3.6535518169403076,9.639056205749512,-0.3836233615875244,1.1313223838806152,-0.6120869517326355,2025-07-01 17:13:11.535,1751370191535,-8569,-330,-44,-562,28,542
331,2025-07-01 17:13:12.147,2025-07-01 17:13:11.830030,-2.47560453414917,-4.175487995147705,8.729259490966797,-0.02076941914856434,-0.042760565876960754,0.32620203495025635,2025-07-01 17:13:11.810,1751370191810,-8507,54,541,-2138,-1239,837
332,2025-07-01 17:13:12.347,2025-07-01 17:13:12.039717,-2.209848165512085,-2.717418909072876,7.187393665313721,-0.08674286305904388,0.5424483418464661,0.5827654600143433,2025-07-01 17:13:12.073,1751370192073,-8511,276,993,92,-230,358
333,2025-07-01 17:13:12.447,2025-07-01 17:13:12.139569,-3.9695863723754883,-0.7038952708244324,7.841010570526123,0.16004669666290283,-0.970054030418396,0.33108896017074585,2025-07-01 17:13:12.168,1751370192168,-8172,357,928,56,-352,82
334,2025-07-01 17:13:12.647,2025-07-01 17:13:12.330435,-5.928043365478516,-0.5339069962501526,12.38759994506836,0.08307767659425735,-0.6792821288108826,0.36529740691185,2025-07-01 17:13:12.339,1751370192339,-8534,177,1007,-538,-311,-317
335,2025-07-01 17:13:12.747,2025-07-01 17:13:12.446949,-2.652775526046753,-5.418078422546387,5.7556610107421875,-1.3756685256958008,-0.10384709388017654,0.6939429044723511,2025-07-01 17:13:12.432,1751370192432,-8579,619,1020,-172,-83,-162
336,2025-07-01 17:13:12.847,2025-07-01 17:13:12.539337,-0.2106897532939911,-4.81473970413208,7.3885064125061035,0.27000242471694946,-1.5552629232406616,-1.0213667154312134,2025-07-01 17:13:12.527,1751370192527,-8365,235,1019,-379,-516,-1129
337,2025-07-01 17:13:12.947,2025-07-01 17:13:12.647323,4.659116744995117,-3.8977603912353516,8.463502883911133,-0.6621779203414917,0.5717698931694031,0.32009339332580566,2025-07-01 17:13:12.612,1751370192612,-8080,-312,988,-402,-148,-1366
338,2025-07-01 17:13:13.047,2025-07-01 17:13:12.730962,-4.7405195236206055,0.5554547905921936,10.551246643066406,0.9199630618095398,0.2064724564552307,-1.1313223838806152,2025-07-01 17:13:12.704,1751370192704,-8192,-805,1430,-569,-229,-874
339,2025-07-01 17:13:13.147,2025-07-01 17:13:12.842578,-1.6903064250946045,-1.4437036514282227,7.357381820678711,0.24678955972194672,0.6035348773002625,-0.2590068578720093,2025-07-01 17:13:12.880,1751370192880,-8544,-531,1378,-292,276,-70
340,2025-07-01 17:13:13.247,2025-07-01 17:13:12.941127,-1.577778935432434,-2.2888567447662354,8.595184326171875,-0.06352998316287994,0.6475171446800232,0.3188716471195221,2025-07-01 17:13:12.975,1751370192975,-8110,-567,1605,-64,-34,131
341,2025-07-01 17:13:13.658,2025-07-01 17:13:13.343606,-3.5697548389434814,-3.026270866394043,8.860940933227539,-0.8772025108337402,1.3072515726089478,-0.06230825558304787,2025-07-01 17:13:13.325,1751370193325,-8546,-94,1356,63,-125,-61
342,2025-07-01 17:13:13.752,2025-07-01 17:13:13.441200,-3.292027235031128,-3.3854012489318848,7.5848307609558105,0.23457226157188416,0.12828169763088226,-0.960280179977417,2025-07-01 17:13:13.414,1751370193414,-8493,-122,1341,-277,123,-66
343,2025-07-01 17:13:14.047,2025-07-01 17:13:13.729536,-2.849100112915039,-3.974374771118164,8.901641845703125,-0.9101892113685608,0.9724974632263184,-0.09407325088977814,2025-07-01 17:13:13.709,1751370193709,-8564,25,1279,-362,93,-106
344,2025-07-01 17:13:14.347,2025-07-01 17:13:14.049716,-1.644816517829895,-3.9695863723754883,9.607931137084961,-0.10506882518529892,-0.11362093687057495,-0.02321287989616394,2025-07-01 17:13:14.046,1751370194046,-8400,-127,955,87,-37,-70
345,2025-07-01 17:13:14.447,2025-07-01 17:13:14.139183,-1.7118542194366455,-3.5386300086975098,8.760383605957031,-0.07330382615327835,0.12339477986097336,-0.019547687843441963,2025-07-01 17:13:14.143,1751370194143,-8537,111,1298,-19,293,-31
346,2025-07-01 17:13:14.548,2025-07-01 17:13:14.239825,-2.875436305999756,-4.122815132141113,8.267178535461426,0.0012217304902151227,0.012217304669320583,0.004886921960860491,2025-07-01 17:13:14.226,1751370194226,-8506,-265,989,431,366,-279
347,2025-07-01 17:13:14.662,2025-07-01 17:13:14.339232,-2.006340980529785,-3.737348794937134,8.980650901794434,-0.09651670604944229,-0.08307767659425735,0.10384709388017654,2025-07-01 17:13:14.341,1751370194341,-7851,-136,1071,2527,1997,-849
348,2025-07-01 17:13:14.751,2025-07-01 17:13:14.439893,-2.0398597717285156,-3.3207578659057617,9.121908187866211,0.04764748737215996,0.03176499158143997,-0.019547687843441963,2025-07-01 17:13:14.404,1751370194404,-8248,-328,676,2763,2434,-855
349,2025-07-01 17:13:14.855,2025-07-01 17:13:14.542861,-2.518700122833252,-3.4739866256713867,8.554482460021973,0.21502456068992615,-0.05375614017248154,-0.015882495790719986,2025-07-01 17:13:14.505,1751370194505,-8366,-363,292,1101,579,-597
350,2025-07-01 17:13:14.957,2025-07-01 17:13:14.542861,-2.518700122833252,-3.4739866256713867,8.554482460021973,0.21502456068992615,-0.05375614017248154,-0.015882495790719986,2025-07-01 17:13:14.505,1751370194505,-8366,-363,292,1101,579,-597
351,2025-07-01 17:13:15.059,2025-07-01 17:13:14.745253,-1.845929503440857,-1.558625340461731,10.096348762512207,0.5754350423812866,0.17592918872833252,0.11972958594560623,2025-07-01 17:13:14.774,1751370194774,-8139,-625,279,85,626,-179
352,2025-07-01 17:13:15.149,2025-07-01 17:13:14.835924,-2.5258827209472656,-2.9472622871398926,9.531316757202148,-0.15393804013729095,0.13316862285137177,0.07696902006864548,2025-07-01 17:13:14.871,1751370194871,-8153,-804,0,-313,960,-381
353,2025-07-01 17:13:15.347,2025-07-01 17:13:15.044098,-1.4173674583435059,-2.03507137298584,8.279149055480957,0.10995574295520782,0.07819075137376785,-0.05742133408784866,2025-07-01 17:13:15.037,1751370195037,-8513,-229,-328,-231,72,137
354,2025-07-01 17:13:15.447,2025-07-01 17:13:15.145191,-1.824381709098816,-2.717418909072876,7.7428483963012695,-0.23579397797584534,-0.07208210229873657,-0.2125810980796814,2025-07-01 17:13:15.135,1751370195135,-8499,-226,-281,-192,65,-4
355,2025-07-01 17:13:15.547,2025-07-01 17:13:15.240019,-2.808398485183716,0.026336219161748886,12.1194486618042,0.9370672702789307,0.47280970215797424,-0.1466076523065567,2025-07-01 17:13:15.215,1751370195215,-8468,-531,-260,-152,20,-84
356,2025-07-01 17:13:15.952,2025-07-01 17:13:15.648459,-2.6168625354766846,-4.206612586975098,8.877699851989746,-0.2834414839744568,0.08185594528913498,-0.37262779474258423,2025-07-01 17:13:15.685,1751370195685,-8323,-230,65,-678,-528,128
357,2025-07-01 17:13:16.047,2025-07-01 17:13:15.741860,-3.9193081855773926,-3.512293815612793,9.516951560974121,-0.3323107063770294,0.0659734457731247,-0.07819075137376785,2025-07-01 17:13:15.770,1751370195770,-8575,364,204,-1844,-1426,1369
358,2025-07-01 17:13:16.148,2025-07-01 17:13:15.829930,-1.7405846118927002,-4.02465295791626,8.791508674621582,0.21624629199504852,-0.04153883829712868,0.3139847218990326,2025-07-01 17:13:15.850,1751370195850,-8095,311,770,-1510,-1172,810
359,2025-07-01 17:13:16.247,2025-07-01 17:13:15.829930,-1.7405846118927002,-4.02465295791626,8.791508674621582,0.21624629199504852,-0.04153883829712868,0.3139847218990326,2025-07-01 17:13:15.850,1751370195850,-8095,311,770,-1510,-1172,810
360,2025-07-01 17:13:16.447,2025-07-01 17:13:16.145889,-1.4867992401123047,-2.5330653190612793,9.641449928283691,-0.06352998316287994,0.0024434609804302454,-0.12095131725072861,2025-07-01 17:13:16.120,1751370196120,-8459,319,1030,-480,-773,-305
361,2025-07-01 17:13:16.548,2025-07-01 17:13:16.246240,-1.946485996246338,-3.095702886581421,9.14585018157959,-0.09896016865968704,0.19792033731937408,-0.3139847218990326,2025-07-01 17:13:16.213,1751370196213,-8500,553,980,-381,-585,-266
362,2025-07-01 17:13:17.047,2025-07-01 17:13:16.745646,-4.381389141082764,-3.9217023849487305,9.394847869873047,-0.28099802136421204,-0.21868975460529327,0.8491026759147644,2025-07-01 17:13:16.746,1751370196746,-8485,360,1160,-388,-549,98
363,2025-07-01 17:13:17.147,2025-07-01 17:13:16.840817,-2.183511972427368,-0.9481038451194763,7.5632829666137695,0.27977627515792847,-0.5387831330299377,0.3445279896259308,2025-07-01 17:13:16.844,1751370196844,-8114,323,1215,-83,60,-300
364,2025-07-01 17:13:17.248,2025-07-01 17:13:16.945448,5.102043628692627,-1.3718775510787964,11.889605522155762,0.3677408695220947,-0.3335324227809906,-0.0659734457731247,2025-07-01 17:13:16.934,1751370196934,-8482,157,1329,386,252,-352
365,2025-07-01 17:13:17.347,2025-07-01 17:13:17.047293,0.7733271718025208,-4.307168960571289,8.695740699768066,-0.5791002511978149,0.10751228034496307,0.4447098970413208,2025-07-01 17:13:17.028,1751370197028,-8551,206,989,571,524,-349
366,2025-07-01 17:13:17.448,2025-07-01 17:13:17.147287,-4.469974517822266,-2.408566951751709,9.205705642700195,-0.2076941877603531,-0.03298672288656235,0.0757472887635231,2025-07-01 17:13:17.112,1751370197112,-8530,137,1382,-20,-53,-159
367,2025-07-01 17:13:17.547,2025-07-01 17:13:17.245339,-2.8395233154296875,-3.8546648025512695,12.318167686462402,-0.5583308339118958,-0.25534167885780334,0.14294247329235077,2025-07-01 17:13:17.213,1751370197213,-8371,359,1379,164,-91,-541
368,2025-07-01 17:13:17.648,2025-07-01 17:13:17.345836,-2.0039467811584473,-3.8522706031799316,9.14345645904541,-0.32009339332580566,0.485027015209198,0.14294247329235077,2025-07-01 17:13:17.312,1751370197312,-8489,-78,1297,283,213,-27
369,2025-07-01 17:13:18.048,2025-07-01 17:13:17.746930,-2.9041666984558105,-3.4308910369873047,8.96389102935791,-0.2431243658065796,0.03298672288656235,-0.2968805134296417,2025-07-01 17:13:17.743,1751370197743,-8157,-51,1626,-309,-334,-375
370,2025-07-01 17:13:18.154,2025-07-01 17:13:17.841958,-2.1332337856292725,-4.05817174911499,9.370905876159668,-0.22968533635139465,-0.0354301854968071,-0.20891591906547546,2025-07-01 17:13:17.829,1751370197829,-8457,-6,1428,288,-329,-178
371,2025-07-01 17:13:18.253,2025-07-01 17:13:17.931818,-2.1356279850006104,-3.2776620388031006,8.616731643676758,-0.08307767659425735,0.12828169763088226,-0.019547687843441963,2025-07-01 17:13:17.918,1751370197918,-8474,322,1635,283,-297,-377
372,2025-07-01 17:13:18.354,2025-07-01 17:13:18.051884,-2.9472622871398926,-3.581725835800171,8.377311706542969,-0.021991148591041565,0.03420845419168472,0.07208210229873657,2025-07-01 17:13:18.013,1751370198013,-8485,366,1588,-10,1,-320
373,2025-07-01 17:13:18.653,2025-07-01 17:13:18.345688,-2.5115175247192383,-3.84269380569458,8.647856712341309,0.00366519158706069,-0.042760565876960754,-0.07696902006864548,2025-07-01 17:13:18.373,1751370198373,-8142,30,1884,15,-319,-529
374,2025-07-01 17:13:18.752,2025-07-01 17:13:18.446693,-2.1116859912872314,-4.280832767486572,8.83699893951416,-0.01466076634824276,-0.12828169763088226,0.012217304669320583,2025-07-01 17:13:18.465,1751370198465,-8184,-9,1489,269,-67,-191
375,2025-07-01 17:13:18.857,2025-07-01 17:13:18.545585,-1.9249382019042969,-3.3686418533325195,9.01895809173584,0.021991148591041565,0.06719517707824707,0.006108652334660292,2025-07-01 17:13:18.556,1751370198556,-8515,93,1440,13,277,4
376,2025-07-01 17:13:19.055,2025-07-01 17:13:18.746683,-2.47560453414917,-4.046200752258301,8.882488250732422,0.019547687843441963,-0.02321287989616394,0.051312681287527084,2025-07-01 17:13:18.739,1751370198739,-8474,-98,1470,351,122,-268
377,2025-07-01 17:13:19.249,2025-07-01 17:13:18.841638,-2.387019157409668,-3.4404678344726562,8.722076416015625,0.1612684279680252,-0.04153883829712868,0.11850785464048386,2025-07-01 17:13:18.844,1751370198844,-8487,329,1451,127,-8,300
378,2025-07-01 17:13:19.847,2025-07-01 17:13:19.544540,-2.3056161403656006,-3.3255462646484375,9.311050415039062,-0.08429940044879913,-0.05864306539297104,-0.024434609338641167,2025-07-01 17:13:19.538,1751370199538,-8476,-34,1622,-107,-69,-289
379,2025-07-01 17:13:19.948,2025-07-01 17:13:19.648158,-3.1196448802948,-3.7181951999664307,9.119514465332031,0.09285151958465576,0.006108652334660292,0.1062905490398407,2025-07-01 17:13:19.647,1751370199647,-8452,-77,1629,108,-15,102
380,2025-07-01 17:13:20.147,2025-07-01 17:13:19.848562,3.1723172664642334,-1.6328455209732056,11.398794174194336,0.009773843921720982,-0.3078760802745819,-0.14905111491680145,2025-07-01 17:13:19.809,1751370199809,-8177,-118,1617,-66,361,111
381,2025-07-01 17:13:20.347,2025-07-01 17:13:20.030963,-3.5482068061828613,-4.400542736053467,8.070854187011719,0.9871582388877869,-0.17959438264369965,-0.7684684991836548,2025-07-01 17:13:20.025,1751370200025,-8470,-101,1523,202,-274,-183
382,2025-07-01 17:13:20.447,2025-07-01 17:13:20.131935,-4.594472885131836,-1.45806884765625,7.424419403076172,0.4434881806373596,0.9773843884468079,0.23945917189121246,2025-07-01 17:13:20.172,1751370200172,-8502,108,1546,-279,279,-296
383,2025-07-01 17:13:20.653,2025-07-01 17:13:20.347825,0.629675030708313,-2.248155355453491,12.543222427368164,0.35552358627319336,-0.21624629199504852,0.04153883829712868,2025-07-01 17:13:20.346,1751370200346,-8433,9,1313,-143,223,-140
384,2025-07-01 17:13:20.747,2025-07-01 17:13:20.347825,0.629675030708313,-2.248155355453491,12.543222427368164,0.35552358627319336,-0.21624629199504852,0.04153883829712868,2025-07-01 17:13:20.348,1751370200348,-8390,7,1379,-207,-127,-318
385,2025-07-01 17:13:20.948,2025-07-01 17:13:20.658005,0.7374141216278076,-2.47560453414917,9.342175483703613,0.44715335965156555,-1.3829989433288574,-0.44837507605552673,2025-07-01 17:13:20.631,1751370200631,-8507,-148,1230,-638,-258,-192
386,2025-07-01 17:13:21.048,2025-07-01 17:13:20.744025,-0.38067805767059326,-1.8842366933822632,7.386112213134766,-0.5021312236785889,0.15882496535778046,0.5143485069274902,2025-07-01 17:13:20.716,1751370200716,-8487,-326,1573,-14,-76,70
387,2025-07-01 17:13:21.247,2025-07-01 17:13:20.949913,-4.24970817565918,-4.666299343109131,9.313444137573242,-1.1374311447143555,0.588874101638794,-0.00855211354792118,2025-07-01 17:13:20.917,1751370200917,-8189,-537,1612,-542,92,-249
388,2025-07-01 17:13:21.347,2025-07-01 17:13:21.037185,-3.5242648124694824,-2.408566951751709,7.433996200561523,0.2981022298336029,0.18936823308467865,-0.3445279896259308,2025-07-01 17:13:20.997,1751370200997,-8181,-555,1334,-306,310,-269
389,2025-07-01 17:13:21.448,2025-07-01 17:13:21.152212,3.514688014984131,-1.4437036514282227,7.718906402587891,0.8222246170043945,-1.3194689750671387,-0.588874101638794,2025-07-01 17:13:21.168,1751370201168,-8170,-472,1236,533,-73,4
390,2025-07-01 17:13:21.847,2025-07-01 17:13:21.553489,-0.08140286058187485,-1.656787633895874,6.766014099121094,-0.13316862285137177,0.05253441259264946,0.4862487316131592,2025-07-01 17:13:21.542,1751370201542,-8337,72,867,824,1004,-62
391,2025-07-01 17:13:22.347,2025-07-01 17:13:22.052792,-1.1180921792984009,-2.322375535964966,8.743624687194824,-0.08796459436416626,0.1111774742603302,-0.03787364438176155,2025-07-01 17:13:22.065,1751370202065,-8511,-348,506,633,917,-630
392,2025-07-01 17:13:22.447,2025-07-01 17:13:22.144082,-1.6687586307525635,-1.8052281141281128,9.155426979064941,-0.19303341209888458,-0.01710422709584236,0.0012217304902151227,2025-07-01 17:13:22.150,1751370202150,-8526,-366,485,531,1146,-497
393,2025-07-01 17:13:22.747,2025-07-01 17:13:22.453583,-1.381454348564148,-1.968033790588379,8.5903959274292,0.06108652427792549,-0.21135938167572021,0.22846360504627228,2025-07-01 17:13:22.440,1751370202440,-8462,-437,403,-312,889,-670
394,2025-07-01 17:13:23.149,2025-07-01 17:13:22.856084,-1.3527239561080933,-4.367023944854736,9.14345645904541,0.979827880859375,-0.3628539443016052,-0.1918116807937622,2025-07-01 17:13:22.896,1751370202896,-8731,-351,299,-1143,-632,600
395,2025-07-01 17:13:23.669,2025-07-01 17:13:23.352777,-4.639962673187256,-3.265691041946411,8.312667846679688,-0.38117989897727966,0.6450737118721008,0.08552113175392151,2025-07-01 17:13:23.320,1751370203320,-8555,57,645,515,-280,320
396,2025-07-01 17:13:23.755,2025-07-01 17:13:23.352777,-4.639962673187256,-3.265691041946411,8.312667846679688,-0.38117989897727966,0.6450737118721008,0.08552113175392151,2025-07-01 17:13:23.320,1751370203320,-8555,57,645,515,-280,320
397,2025-07-01 17:13:23.957,2025-07-01 17:13:23.653453,-3.60566782951355,-2.2912509441375732,9.097966194152832,0.012217304669320583,-0.24678955972194672,0.6230825781822205,2025-07-01 17:13:23.692,1751370203692,-8329,-176,929,-529,-373,-371
398,2025-07-01 17:13:24.350,2025-07-01 17:13:24.051939,-3.359065055847168,-2.9233202934265137,8.17141056060791,0.2834414839744568,-0.15271630883216858,0.2626720666885376,2025-07-01 17:13:24.052,1751370204052,-8199,-162,1865,-83,-568,89
399,2025-07-01 17:13:24.548,2025-07-01 17:13:24.243769,-2.9065608978271484,-5.169081687927246,7.1251444816589355,-0.7648032903671265,-0.15760323405265808,1.3475687503814697,2025-07-01 17:13:24.222,1751370204222,-8295,-142,1484,563,545,-363
400,2025-07-01 17:13:24.647,2025-07-01 17:13:24.354666,-1.9800047874450684,-1.4724340438842773,9.370905876159668,-0.2871066629886627,-0.9370672702789307,0.9065240025520325,2025-07-01 17:13:24.314,1751370204314,-8502,-294,963,-878,14,-118
401,2025-07-01 17:13:24.749,2025-07-01 17:13:24.354666,-1.9800047874450684,-1.4724340438842773,9.370905876159668,-0.2871066629886627,-0.9370672702789307,0.9065240025520325,2025-07-01 17:13:24.314,1751370204314,-8502,-294,963,-878,14,-118
402,2025-07-01 17:13:25.047,2025-07-01 17:13:24.757148,-2.829946517944336,-2.4420857429504395,8.686163902282715,0.7061602473258972,-0.24068090319633484,-0.5913175344467163,2025-07-01 17:13:24.770,1751370204770,-8170,86,1248,573,45,1
403,2025-07-01 17:13:25.349,2025-07-01 17:13:24.952856,-1.0103530883789062,-4.062960147857666,8.700529098510742,-0.5717698931694031,0.14782938361167908,0.4190535545349121,2025-07-01 17:13:24.943,1751370204943,-8411,-19,511,1137,1113,36
404,2025-07-01 17:13:25.847,2025-07-01 17:13:25.560317,-2.3511061668395996,-2.3702597618103027,11.17852783203125,-0.05375614017248154,-0.15393804013729095,0.09651670604944229,2025-07-01 17:13:25.585,1751370205585,-8553,29,224,627,-604,-120
405,2025-07-01 17:13:26.047,2025-07-01 17:13:25.754156,-1.6280571222305298,-3.4189200401306152,8.365341186523438,-0.0024434609804302454,0.02932153269648552,-0.3591887652873993,2025-07-01 17:13:25.744,1751370205744,-8336,309,195,-382,-449,227
406,2025-07-01 17:13:26.248,2025-07-01 17:13:25.956245,-2.3319525718688965,-3.4811692237854004,9.14345645904541,-0.0659734457731247,0.0354301854968071,-0.2590068578720093,2025-07-01 17:13:25.943,1751370205943,-8467,-41,991,-153,-269,-311
407,2025-07-01 17:13:26.347,2025-07-01 17:13:25.956245,-2.3319525718688965,-3.4811692237854004,9.14345645904541,-0.0659734457731247,0.0354301854968071,-0.2590068578720093,2025-07-01 17:13:25.943,1751370205943,-8467,-41,991,-153,-269,-311
408,2025-07-01 17:13:26.949,2025-07-01 17:13:26.655314,-2.8203697204589844,-3.737348794937134,10.105925559997559,-0.17470745742321014,0.4239404797554016,0.2223549485206604,2025-07-01 17:13:26.646,1751370206646,-8560,-8,1297,-865,-147,363
409,2025-07-01 17:13:27.059,2025-07-01 17:13:26.655314,-2.8203697204589844,-3.737348794937134,10.105925559997559,-0.17470745742321014,0.4239404797554016,0.2223549485206604,2025-07-01 17:13:26.667,1751370206667,-8155,118,1180,-788,-542,111
410,2025-07-01 17:13:27.254,2025-07-01 17:13:26.957571,-0.363918662071228,-1.7741034030914307,8.497021675109863,0.5632177591323853,-0.5778785347938538,0.19058994948863983,2025-07-01 17:13:26.929,1751370206929,-8380,-64,988,-276,-366,-169
411,2025-07-01 17:13:27.551,2025-07-01 17:13:27.257498,-3.7038300037384033,-1.8938134908676147,9.770736694335938,0.14782938361167908,-0.5448917746543884,0.37629300355911255,2025-07-01 17:13:27.290,1751370207290,-8378,-174,1237,331,528,-305
412,2025-07-01 17:13:27.955,2025-07-01 17:13:27.654515,0.026336219161748886,-3.890577793121338,8.14028549194336,-0.5705481171607971,0.3481931984424591,0.49846604466438293,2025-07-01 17:13:27.641,1751370207641,-8422,-200,1203,-578,249,514
413,2025-07-01 17:13:28.050,2025-07-01 17:13:27.735157,-4.90571928024292,-1.9057846069335938,8.449137687683105,-0.9834930300712585,-0.43249258399009705,-0.08429940044879913,2025-07-01 17:13:27.742,1751370207742,-8154,87,1215,314,-24,138
414,2025-07-01 17:13:28.151,2025-07-01 17:13:27.850178,-2.099714994430542,-2.6623523235321045,8.348581314086914,-0.43737950921058655,-0.004886921960860491,0.012217304669320583,2025-07-01 17:13:27.841,1751370207841,-8324,295,1052,-165,227,397
415,2025-07-01 17:13:28.448,2025-07-01 17:13:28.157987,-2.188300371170044,-0.4165911078453064,7.630321025848389,-0.08429940044879913,0.5534439086914062,0.01710422709584236,2025-07-01 17:13:28.185,1751370208185,-8519,517,1575,-46,-355,121
416,2025-07-01 17:13:28.551,2025-07-01 17:13:28.254793,-2.801215887069702,-2.315192937850952,8.540117263793945,-0.3139847218990326,0.03787364438176155,0.03420845419168472,2025-07-01 17:13:28.273,1751370208273,-8455,239,1568,-277,-572,54
417,2025-07-01 17:13:28.950,2025-07-01 17:13:28.659522,-2.118868589401245,-4.28322696685791,9.026140213012695,0.03787364438176155,0.018325956538319588,-0.4031710624694824,2025-07-01 17:13:28.643,1751370208643,-8174,363,1461,-72,14,-306
418,2025-07-01 17:13:29.049,2025-07-01 17:13:28.760040,-2.719813108444214,-3.265691041946411,9.334992408752441,-0.019547687843441963,-0.00733038317412138,-0.013439035043120384,2025-07-01 17:13:28.725,1751370208725,-8170,130,1453,-48,26,-286
419,2025-07-01 17:13:29.148,2025-07-01 17:13:28.855842,-2.3271639347076416,-3.0837318897247314,9.119514465332031,0.00855211354792118,0.22113321721553802,-0.1368338167667389,2025-07-01 17:13:28.829,1751370208829,-8561,230,1275,-119,348,107
420,2025-07-01 17:13:29.251,2025-07-01 17:13:28.957301,-2.0829553604125977,-3.758896589279175,8.858546257019043,-0.028099801391363144,0.0757472887635231,-0.006108652334660292,2025-07-01 17:13:28.989,1751370208989,-8476,197,1567,268,-55,-362
421,2025-07-01 17:13:29.347,2025-07-01 17:13:29.062097,-1.1971008777618408,-2.2888567447662354,7.582436561584473,0.28099802136421204,0.5338962078094482,-1.0005972385406494,2025-07-01 17:13:29.084,1751370209084,-8536,520,1218,319,314,-269
422,2025-07-01 17:13:29.452,2025-07-01 17:13:29.142202,-3.801992416381836,-3.5913026332855225,9.739612579345703,0.7550294399261475,0.2626720666885376,-0.7000515460968018,2025-07-01 17:13:29.180,1751370209180,-8462,340,1275,590,-69,-331
423,2025-07-01 17:13:29.548,2025-07-01 17:13:29.239030,-2.5737667083740234,-2.1571757793426514,8.87291145324707,0.5619960427284241,-0.5167919993400574,-0.2223549485206604,2025-07-01 17:13:29.278,1751370209278,-8521,171,1298,178,141,-344
424,2025-07-01 17:13:29.648,2025-07-01 17:13:29.239030,-2.5737667083740234,-2.1571757793426514,8.87291145324707,0.5619960427284241,-0.5167919993400574,-0.2223549485206604,2025-07-01 17:13:29.278,1751370209278,-8521,171,1298,178,141,-344
425,2025-07-01 17:13:29.847,2025-07-01 17:13:29.547935,-4.1180267333984375,-2.382230758666992,7.91283655166626,-0.6976081132888794,-0.08185594528913498,0.6524040699005127,2025-07-01 17:13:29.531,1751370209531,-8366,179,1341,279,-38,-75
426,2025-07-01 17:13:30.156,2025-07-01 17:13:29.869241,-2.5474305152893066,-3.203441858291626,7.326257228851318,0.6817256212234497,0.4642575979232788,-0.33597588539123535,2025-07-01 17:13:29.908,1751370209908,-8500,293,1602,-344,90,-102
427,2025-07-01 17:13:30.358,2025-07-01 17:13:29.955016,-3.5649664402008057,-2.1045033931732178,8.382100105285645,0.5681046843528748,-0.2174680233001709,-0.26511552929878235,2025-07-01 17:13:29.990,1751370209990,-8449,265,1623,67,97,68
428,2025-07-01 17:13:30.448,2025-07-01 17:13:30.064284,-4.086902141571045,-1.6400281190872192,8.60236644744873,-0.04642575979232788,0.6279694437980652,0.0757472887635231,2025-07-01 17:13:30.069,1751370210069,-8546,-32,1222,-205,-44,-287
429,2025-07-01 17:13:30.647,2025-07-01 17:13:30.330410,-1.414973258972168,-3.3279404640197754,8.683769226074219,0.15515977144241333,1.0103710889816284,0.13561208546161652,2025-07-01 17:13:30.357,1751370210357,-8535,-39,1218,59,82,-300
430,2025-07-01 17:13:30.848,2025-07-01 17:13:30.529653,-4.015076160430908,-1.2952631711959839,9.030928611755371,-0.2626720666885376,-0.4337143301963806,0.3995058834552765,2025-07-01 17:13:30.533,1751370210533,-8187,110,1490,45,-91,-312
431,2025-07-01 17:13:31.048,2025-07-01 17:13:30.757435,-0.933738648891449,-3.2824504375457764,8.001421928405762,-1.225395679473877,-0.10018189996480942,0.3286454975605011,2025-07-01 17:13:30.798,1751370210798,-8449,45,1564,-98,365,-332
432,2025-07-01 17:13:31.153,2025-07-01 17:13:30.859377,-2.2673089504241943,-2.5234885215759277,8.731653213500977,-0.1514945775270462,0.0708603709936142,-0.3176499307155609,2025-07-01 17:13:30.877,1751370210877,-8488,50,1253,-67,145,-180
433,2025-07-01 17:13:31.265,2025-07-01 17:13:30.963484,-2.2457611560821533,-2.4181437492370605,9.20091724395752,-0.09773843735456467,-0.06475171446800232,-0.3677408695220947,2025-07-01 17:13:30.970,1751370210970,-8339,279,1377,43,-90,105
434,2025-07-01 17:13:31.547,2025-07-01 17:13:31.260571,-2.5450363159179688,-3.7277719974517822,8.937555313110352,0.13561208546161652,-0.02687807008624077,0.26511552929878235,2025-07-01 17:13:31.245,1751370211245,-8498,-109,1415,-334,47,92
435,2025-07-01 17:13:31.647,2025-07-01 17:13:31.330070,-2.1739351749420166,-2.3127987384796143,9.452308654785156,0.3286454975605011,-0.08796459436416626,0.1612684279680252,2025-07-01 17:13:31.327,1751370211327,-8462,-283,1622,-84,-85,-352
436,2025-07-01 17:13:31.747,2025-07-01 17:13:31.429851,-2.205059766769409,-2.6144683361053467,8.932766914367676,0.17348572611808777,0.10751228034496307,-0.07208210229873657,2025-07-01 17:13:31.415,1751370211415,-8473,-313,1626,-44,-86,-130
437,2025-07-01 17:13:32.147,2025-07-01 17:13:31.857080,-3.3854012489318848,-2.2146365642547607,9.17936897277832,0.06352998316287994,-0.2223549485206604,0.23457226157188416,2025-07-01 17:13:31.864,1751370211864,-8190,45,1459,-438,-159,25
438,2025-07-01 17:13:32.356,2025-07-01 17:13:32.059206,-1.4077905416488647,-3.60566782951355,7.91283655166626,-0.8906415104866028,-0.06841690838336945,0.23945917189121246,2025-07-01 17:13:32.047,1751370212047,-8455,-321,1801,-144,-111,-316
439,2025-07-01 17:13:32.455,2025-07-01 17:13:32.157719,-1.98958158493042,-3.0621838569641113,8.87051773071289,-0.22602014243602753,0.0659734457731247,-0.19792033731937408,2025-07-01 17:13:32.143,1751370212143,-8508,66,1529,31,-135,-32
440,2025-07-01 17:13:32.659,2025-07-01 17:13:32.330073,-2.561795711517334,-3.162740468978882,8.99740982055664,0.09651670604944229,-0.01710422709584236,-0.05009094998240471,2025-07-01 17:13:32.344,1751370212344,-8191,-375,1491,70,104,5
441,2025-07-01 17:13:32.750,2025-07-01 17:13:32.436163,-1.8698714971542358,-3.2154128551483154,9.047688484191895,0.028099801391363144,-0.059864792972803116,0.08429940044879913,2025-07-01 17:13:32.406,1751370212406,-8454,-296,1452,316,-20,68
442,2025-07-01 17:13:32.863,2025-07-01 17:13:32.530243,-2.427720546722412,-2.6384103298187256,8.89685344696045,0.2968805134296417,-0.0659734457731247,0.04642575979232788,2025-07-01 17:13:32.508,1751370212508,-8459,17,1429,-56,258,-94
443,2025-07-01 17:13:33.053,2025-07-01 17:13:32.730612,-3.335123062133789,-2.652775526046753,8.480262756347656,0.4398229718208313,0.00366519158706069,0.18325957655906677,2025-07-01 17:13:32.718,1751370212718,-8527,-265,1647,-121,362,-57
444,2025-07-01 17:13:33.147,2025-07-01 17:13:32.830267,3.0166940689086914,-3.5649664402008057,9.639056205749512,0.9908234477043152,-1.33168625831604,0.2064724564552307,2025-07-01 17:13:32.867,1751370212867,-8390,48,1214,192,-121,200
445,2025-07-01 17:13:33.348,2025-07-01 17:13:33.030235,-3.8379054069519043,-3.2082302570343018,9.512163162231445,-0.22113321721553802,0.646295428276062,-1.1191051006317139,2025-07-01 17:13:33.038,1751370213038,-8222,37,2080,43,11,-195
446,2025-07-01 17:13:33.747,2025-07-01 17:13:33.430233,-1.5729905366897583,-0.33279404044151306,9.320627212524414,0.394618958234787,-1.1020009517669678,-0.0403171069920063,2025-07-01 17:13:33.404,1751370213404,-8473,-321,1572,-27,436,42
447,2025-07-01 17:13:33.847,2025-07-01 17:13:33.529943,-2.408566951751709,-1.9321208000183105,7.8745293617248535,-0.2687807083129883,0.2919935882091522,0.26145032048225403,2025-07-01 17:13:33.503,1751370213503,-8562,-34,1180,-133,120,8
448,2025-07-01 17:13:33.954,2025-07-01 17:13:33.630414,-2.5474305152893066,-2.33913516998291,8.188169479370117,0.11362093687057495,-0.40072759985923767,0.35063666105270386,2025-07-01 17:13:33.598,1751370213598,-8464,-88,1495,-277,-216,-274
449,2025-07-01 17:13:34.147,2025-07-01 17:13:33.830089,-2.5474305152893066,-0.933738648891449,7.558494567871094,-0.15271630883216858,0.21624629199504852,0.0659734457731247,2025-07-01 17:13:33.847,1751370213847,-8164,-291,1476,-237,62,3
450,2025-07-01 17:13:34.253,2025-07-01 17:13:33.930064,-2.408566951751709,-2.9448680877685547,9.248801231384277,-0.05375614017248154,0.030543262138962746,0.039095375686883926,2025-07-01 17:13:33.940,1751370213940,-8148,43,1481,120,262,-98
451,2025-07-01 17:13:34.352,2025-07-01 17:13:34.029992,-2.099714994430542,-1.6065093278884888,7.989450931549072,0.38117989897727966,-0.2480112910270691,-0.05253441259264946,2025-07-01 17:13:34.031,1751370214031,-8467,55,1639,-337,-285,-282
452,2025-07-01 17:13:34.448,2025-07-01 17:13:34.130120,-1.8914192914962769,-2.8107926845550537,8.71489429473877,-1.4367550611495972,1.321912407875061,-0.1368338167667389,2025-07-01 17:13:34.122,1751370214122,-8481,-82,1632,348,-89,-372
453,2025-07-01 17:13:34.547,2025-07-01 17:13:34.229805,-3.2585084438323975,-3.5697548389434814,9.41639518737793,0.2638937830924988,0.5290092825889587,-1.1264355182647705,2025-07-01 17:13:34.218,1751370214218,-8451,-320,1870,-303,13,-165
454,2025-07-01 17:13:34.650,2025-07-01 17:13:34.329848,0.0694318488240242,-5.829881191253662,11.1474027633667,0.04764748737215996,-0.36529740691185,0.31031954288482666,2025-07-01 17:13:34.301,1751370214301,-8477,38,1611,-192,321,63
455,2025-07-01 17:13:35.147,2025-07-01 17:13:34.830127,-0.8259995579719543,-2.4013843536376953,9.543288230895996,0.015882495790719986,1.8203784227371216,0.46670106053352356,2025-07-01 17:13:34.836,1751370214836,-8386,-416,1337,-609,99,-432
456,2025-07-01 17:13:35.447,2025-07-01 17:13:35.129892,-2.806004285812378,-0.9050082564353943,8.259995460510254,0.17348572611808777,0.7476990818977356,-0.9004153609275818,2025-07-01 17:13:35.111,1751370215111,-8270,-782,1634,28,-277,-309
457,2025-07-01 17:13:35.549,2025-07-01 17:13:35.230080,-1.0342950820922852,-6.19379997253418,10.953473091125488,-0.39706242084503174,-0.3237585723400116,0.2785545587539673,2025-07-01 17:13:35.198,1751370215198,-8521,-366,980,415,-40,-25
458,2025-07-01 17:13:35.647,2025-07-01 17:13:35.329584,-2.894589900970459,-3.8546648025512695,8.78193187713623,0.39095374941825867,0.4605923891067505,-0.37140607833862305,2025-07-01 17:13:35.293,1751370215293,-8551,-529,1126,560,187,60
459,2025-07-01 17:13:35.747,2025-07-01 17:13:35.450982,2.8419175148010254,-8.04930591583252,11.45146656036377,0.3066543638706207,-0.9053022861480713,-0.10873401165008545,2025-07-01 17:13:35.480,1751370215480,-8526,-292,900,-39,68,181
460,2025-07-01 17:13:35.858,2025-07-01 17:13:35.530569,-3.1938650608062744,-3.955221176147461,6.5696892738342285,-0.5644394755363464,-0.15271630883216858,0.9517280459403992,2025-07-01 17:13:35.561,1751370215561,-8511,-367,1397,55,-164,277
461,2025-07-01 17:13:35.947,2025-07-01 17:13:35.629736,0.4165911078453064,-2.8802247047424316,16.000450134277344,0.5754350423812866,-1.0934487581253052,-0.2272418737411499,2025-07-01 17:13:35.651,1751370215651,-8493,-275,1293,-207,79,247
462,2025-07-01 17:13:36.247,2025-07-01 17:13:35.930078,-0.8164227604866028,-1.5945383310317993,8.17380428314209,0.3494149148464203,-0.66584312915802,0.23335053026676178,2025-07-01 17:13:35.927,1751370215927,-8387,1,998,-84,-361,-342
463,2025-07-01 17:13:36.357,2025-07-01 17:13:36.030452,4.393360137939453,-2.298433542251587,8.303091049194336,-0.979827880859375,0.5082398653030396,0.375071257352829,2025-07-01 17:13:36.008,1751370216008,-8358,23,1019,-29,-198,-297
464,2025-07-01 17:13:36.447,2025-07-01 17:13:36.130181,-2.2194249629974365,-2.9544448852539062,9.904812812805176,-0.09896016865968704,0.7012733221054077,-0.5143485069274902,2025-07-01 17:13:36.131,1751370216131,-8462,-294,1822,-304,-535,2
465,2025-07-01 17:13:36.547,2025-07-01 17:13:36.230122,-5.588066577911377,-2.832340717315674,9.17697525024414,0.05009094998240471,0.10751228034496307,-0.1514945775270462,2025-07-01 17:13:36.210,1751370216210,-8208,-222,1838,816,-382,-495
466,2025-07-01 17:13:36.647,2025-07-01 17:13:36.330511,-1.5275006294250488,-1.845929503440857,9.10993766784668,0.856433093547821,-0.7586946487426758,-0.15393804013729095,2025-07-01 17:13:36.299,1751370216299,-8541,-337,1360,600,238,-238
467,2025-07-01 17:13:36.854,2025-07-01 17:13:36.529943,1.5394717454910278,-3.028665065765381,11.72201156616211,0.5668829679489136,-1.243721604347229,-0.28588494658470154,2025-07-01 17:13:36.546,1751370216546,-8531,-312,1161,-140,-154,-392
468,2025-07-01 17:13:36.959,2025-07-01 17:13:36.630608,-1.3718775510787964,-3.5027170181274414,7.493851184844971,-0.6719517707824707,0.5583308339118958,0.7806857824325562,2025-07-01 17:13:36.638,1751370216638,-8533,-182,1451,101,-280,312
469,2025-07-01 17:13:37.047,2025-07-01 17:13:36.730474,-6.828263282775879,-1.6376339197158813,8.224082946777344,-0.06230825558304787,-0.35063666105270386,-0.09529497474431992,2025-07-01 17:13:36.741,1751370216741,-8154,-557,1820,-87,-554,-359
470,2025-07-01 17:13:37.159,2025-07-01 17:13:36.829347,-5.2696380615234375,-4.527435302734375,8.291120529174805,-0.769690215587616,0.9285151958465576,0.25534167885780334,2025-07-01 17:13:36.828,1751370216828,-8461,-363,1259,180,84,33
471,2025-07-01 17:13:37.652,2025-07-01 17:13:37.330346,-3.028665065765381,-0.7326257228851318,7.094019412994385,0.1514945775270462,0.5522221922874451,0.05375614017248154,2025-07-01 17:13:37.360,1751370217360,-8348,-376,1606,-127,514,516
472,2025-07-01 17:13:37.848,2025-07-01 17:13:37.530162,-3.7253777980804443,-2.2577321529388428,8.291120529174805,-0.27122417092323303,-0.11362093687057495,-0.059864792972803116,2025-07-01 17:13:37.541,1751370217541,-8361,-312,1423,-105,314,516
473,2025-07-01 17:13:38.049,2025-07-01 17:13:37.730223,-1.4221558570861816,-1.5275006294250488,7.85537576675415,-0.5436700582504272,0.3029891550540924,0.09285151958465576,2025-07-01 17:13:37.743,1751370217743,-8186,-535,1655,-236,-63,54
474,2025-07-01 17:13:38.148,2025-07-01 17:13:37.830659,-3.8163576126098633,-3.998316764831543,8.65743350982666,-0.1918116807937622,0.11728613078594208,-0.6780604124069214,2025-07-01 17:13:37.814,1751370217814,-8542,114,1604,30,-1,-53
475,2025-07-01 17:13:38.249,2025-07-01 17:13:37.930784,-3.8115692138671875,-4.163516521453857,9.44991397857666,0.09040805697441101,0.030543262138962746,0.3445279896259308,2025-07-01 17:13:37.901,1751370217901,-8477,-173,1614,-561,-35,40
476,2025-07-01 17:13:38.351,2025-07-01 17:13:37.930784,-3.8115692138671875,-4.163516521453857,9.44991397857666,0.09040805697441101,0.030543262138962746,0.3445279896259308,2025-07-01 17:13:37.901,1751370217901,-8477,-173,1614,-561,-35,40
477,2025-07-01 17:13:38.450,2025-07-01 17:13:38.130088,-1.400607943534851,-3.1028854846954346,9.095572471618652,0.5656611919403076,-0.5717698931694031,0.1612684279680252,2025-07-01 17:13:38.170,1751370218170,-8481,-216,1643,-545,59,-159
478,2025-07-01 17:13:38.847,2025-07-01 17:13:38.529859,-2.1763293743133545,-5.609614372253418,7.814674377441406,-0.3384193480014801,0.05742133408784866,1.4660766124725342,2025-07-01 17:13:38.534,1751370218534,-8348,80,1170,-221,558,857
479,2025-07-01 17:13:38.952,2025-07-01 17:13:38.629712,-3.220201253890991,-0.6392518281936646,8.60236644744873,0.0708603709936142,-0.44837507605552673,1.0311405658721924,2025-07-01 17:13:38.639,1751370218639,-8527,74,1170,-568,295,521
480,2025-07-01 17:13:39.047,2025-07-01 17:13:38.629712,-3.220201253890991,-0.6392518281936646,8.60236644744873,0.0708603709936142,-0.44837507605552673,1.0311405658721924,2025-07-01 17:13:38.639,1751370218639,-8527,74,1170,-568,295,521
481,2025-07-01 17:13:39.252,2025-07-01 17:13:38.830771,-0.16519992053508759,-3.907337188720703,8.35097599029541,-2.0109684467315674,-0.03176499158143997,-0.039095375686883926,2025-07-01 17:13:38.818,1751370218818,-8547,-17,1160,62,5,-13
482,2025-07-01 17:13:39.447,2025-07-01 17:13:39.130497,-3.0190882682800293,-2.5713725090026855,8.956708908081055,0.2431243658065796,-0.10751228034496307,0.33475416898727417,2025-07-01 17:13:39.159,1751370219159,-8139,14,1226,230,447,332
483,2025-07-01 17:13:39.647,2025-07-01 17:13:39.330228,-2.4684219360351562,-2.5043349266052246,7.316680431365967,-0.6475171446800232,0.6511823534965515,-0.16737708449363708,2025-07-01 17:13:39.341,1751370219341,-8561,-35,1002,-94,-303,-269
484,2025-07-01 17:13:39.848,2025-07-01 17:13:39.530720,-1.8746598958969116,-3.952826976776123,8.312667846679688,-0.2272418737411499,0.09651670604944229,0.5534439086914062,2025-07-01 17:13:39.535,1751370219535,-8147,336,1161,-269,55,-17
485,2025-07-01 17:13:39.947,2025-07-01 17:13:39.629991,-2.6886885166168213,-1.9081788063049316,8.446743965148926,-0.09407325088977814,-0.14538592100143433,0.28955012559890747,2025-07-01 17:13:39.617,1751370219617,-8356,141,1347,317,372,214
486,2025-07-01 17:13:40.047,2025-07-01 17:13:39.731185,-2.322375535964966,-3.1531636714935303,8.573636054992676,0.00855211354792118,-0.09651670604944229,-0.00855211354792118,2025-07-01 17:13:39.701,1751370219701,-8531,314,1298,-18,-96,-20
487,2025-07-01 17:13:40.348,2025-07-01 17:13:40.030464,-3.090914487838745,-2.322375535964966,9.552865028381348,0.3836233615875244,-0.5143485069274902,-0.18570303916931152,2025-07-01 17:13:40.065,1751370220065,-8520,129,1357,-33,-377,-271
488,2025-07-01 17:13:40.647,2025-07-01 17:13:40.330801,3.3734302520751953,-4.299986362457275,10.517727851867676,0.4153883755207062,-0.5094616413116455,0.37140607833862305,2025-07-01 17:13:40.333,1751370220333,-8539,-128,1235,-354,-550,-379
489,2025-07-01 17:13:40.747,2025-07-01 17:13:40.430455,-2.075772762298584,-3.9169139862060547,8.42040729522705,-0.7782423496246338,0.14294247329235077,0.6976081132888794,2025-07-01 17:13:40.414,1751370220414,-8514,-47,1604,-265,-212,309
490,2025-07-01 17:13:41.047,2025-07-01 17:13:40.730305,-2.7676970958709717,-3.3710360527038574,8.406042098999023,0.19425514340400696,0.15271630883216858,0.46547931432724,2025-07-01 17:13:40.703,1751370220703,-8135,-81,1694,50,-141,54
491,2025-07-01 17:13:41.147,2025-07-01 17:13:40.830324,0.4692635238170624,-3.3877954483032227,8.801085472106934,0.5192354321479797,-1.1264355182647705,-0.2590068578720093,2025-07-01 17:13:40.791,1751370220791,-8361,-97,1382,-421,-274,-361
492,2025-07-01 17:13:41.354,2025-07-01 17:13:41.029923,-1.7621324062347412,-2.4181437492370605,8.911218643188477,-0.2834414839744568,0.12950342893600464,-0.5534439086914062,2025-07-01 17:13:41.046,1751370221046,-8155,48,1800,103,26,-525
493,2025-07-01 17:13:41.560,2025-07-01 17:13:41.230298,-3.114856481552124,-3.0095114707946777,9.490615844726562,0.31154128909111023,0.09773843735456467,0.08185594528913498,2025-07-01 17:13:41.247,1751370221247,-8184,77,1228,186,140,-318
494,2025-07-01 17:13:41.648,2025-07-01 17:13:41.330261,-2.233790159225464,-2.1595699787139893,8.245630264282227,0.4593706727027893,-0.27611109614372253,0.01710422709584236,2025-07-01 17:13:41.321,1751370221321,-8413,116,1305,90,298,-8
495,2025-07-01 17:13:41.747,2025-07-01 17:13:41.430121,2.6360161304473877,-2.0901381969451904,9.169792175292969,-0.43737950921058655,0.6536257863044739,0.042760565876960754,2025-07-01 17:13:41.432,1751370221432,-8404,92,1352,62,118,-56
496,2025-07-01 17:13:41.857,2025-07-01 17:13:41.530787,-2.33913516998291,-2.2242133617401123,8.10437297821045,-0.3481931984424591,0.5106833577156067,0.45814892649650574,2025-07-01 17:13:41.512,1751370221512,-8491,-373,1834,-281,-181,-270
497,2025-07-01 17:13:41.952,2025-07-01 17:13:41.629981,-4.446032524108887,-2.609679937362671,10.38844108581543,-0.1160643994808197,-0.394618958234787,-0.1771509200334549,2025-07-01 17:13:41.610,1751370221610,-8309,-277,1901,-304,-313,-278
498,2025-07-01 17:13:42.149,2025-07-01 17:13:41.830987,-2.248155355453491,-2.049436569213867,8.736441612243652,0.19425514340400696,0.2064724564552307,-0.04642575979232788,2025-07-01 17:13:41.871,1751370221871,-8222,-321,1161,-83,770,-570
499,2025-07-01 17:13:42.360,2025-07-01 17:13:42.030563,-2.1715409755706787,-1.5322890281677246,10.347740173339844,0.1368338167667389,-0.01466076634824276,0.05375614017248154,2025-07-01 17:13:42.040,1751370222040,-8577,-125,847,-672,780,-688
500,2025-07-01 17:13:42.448,2025-07-01 17:13:42.130263,-1.192312479019165,-1.5658079385757446,9.023746490478516,0.6206390857696533,-0.3995058834552765,0.40194934606552124,2025-07-01 17:13:42.125,1751370222125,-8766,-260,825,-731,534,-1073
501,2025-07-01 17:13:42.547,2025-07-01 17:13:42.230314,-1.6855180263519287,-2.6791117191314697,8.480262756347656,0.059864792972803116,-0.018325956538319588,0.04153883829712868,2025-07-01 17:13:42.238,1751370222238,-8191,-644,1126,-506,-659,290
502,2025-07-01 17:13:42.647,2025-07-01 17:13:42.330341,-1.6136919260025024,-1.7621324062347412,12.155362129211426,-0.08918632566928864,0.0806342139840126,0.004886921960860491,2025-07-01 17:13:42.327,1751370222327,-8160,-432,1151,-228,-475,601
503,2025-07-01 17:13:42.850,2025-07-01 17:13:42.530066,-2.631227731704712,-3.818751811981201,9.035717010498047,-0.04642575979232788,0.06841690838336945,-0.22602014243602753,2025-07-01 17:13:42.523,1751370222523,-8501,-204,1015,-293,-176,541
504,2025-07-01 17:13:42.950,2025-07-01 17:13:42.629924,-4.793191909790039,-3.9480385780334473,10.563218116760254,0.22479841113090515,-0.012217304669320583,0.07819075137376785,2025-07-01 17:13:42.621,1751370222621,-8456,-317,1392,-48,-135,234
505,2025-07-01 17:13:43.150,2025-07-01 17:13:42.829768,0.3878606855869293,-2.3558945655822754,8.087613105773926,0.8185594081878662,-0.6536257863044739,0.2125810980796814,2025-07-01 17:13:42.848,1751370222848,-8420,79,995,223,-118,-44
506,2025-07-01 17:13:43.551,2025-07-01 17:13:43.230287,-1.1180921792984009,-2.851494312286377,8.537723541259766,0.7733554244041443,-0.9566149711608887,-0.294437050819397,2025-07-01 17:13:43.221,1751370223221,-8100,-153,1685,-528,-211,-311
507,2025-07-01 17:13:43.865,2025-07-01 17:13:43.530194,-2.403778553009033,-2.0159177780151367,8.506598472595215,0.24556782841682434,-0.4105014503002167,0.1014036312699318,2025-07-01 17:13:43.493,1751370223493,-8575,-301,1211,-370,114,311
508,2025-07-01 17:13:44.147,2025-07-01 17:13:43.830179,-4.6471452713012695,0.667982280254364,10.72841739654541,0.4593706727027893,-1.0103710889816284,-0.4862487316131592,2025-07-01 17:13:43.851,1751370223851,-8112,-146,1411,76,-153,90
509,2025-07-01 17:13:44.248,2025-07-01 17:13:43.930178,-0.7422025203704834,-1.4389152526855469,9.334992408752441,-1.3732250928878784,0.17104226350784302,-0.25534167885780334,2025-07-01 17:13:43.937,1751370223937,-8117,-252,1831,-379,-308,99
510,2025-07-01 17:13:44.349,2025-07-01 17:13:44.032272,-3.160346269607544,-4.019864559173584,8.161833763122559,0.021991148591041565,0.09773843735456467,-0.8026769161224365,2025-07-01 17:13:44.035,1751370224035,-8716,295,1378,-291,403,-43
511,2025-07-01 17:13:44.447,2025-07-01 17:13:44.130759,-2.964021682739258,-3.7660791873931885,9.030928611755371,0.5375614166259766,-0.10873401165008545,0.010995574295520782,2025-07-01 17:13:44.116,1751370224116,-8490,77,1283,-424,-67,-345
512,2025-07-01 17:13:44.547,2025-07-01 17:13:44.230514,-4.216189384460449,-2.8634653091430664,6.933608055114746,-0.27977627515792847,0.970054030418396,0.12217304855585098,2025-07-01 17:13:44.211,1751370224211,-8328,62,1357,-280,110,1
513,2025-07-01 17:13:44.848,2025-07-01 17:13:44.529776,-2.6431987285614014,-1.8507179021835327,9.035717010498047,0.14049901068210602,-0.4386012554168701,0.2981022298336029,2025-07-01 17:13:44.568,1751370224568,-8456,-310,1564,-127,-238,-186
514,2025-07-01 17:13:44.948,2025-07-01 17:13:44.630237,4.953603267669678,-0.8882488012313843,10.60152530670166,-0.0806342139840126,-0.5693264007568359,0.12950342893600464,2025-07-01 17:13:44.650,1751370224650,-8492,-143,1565,106,-368,-349
515,2025-07-01 17:13:45.147,2025-07-01 17:13:44.830082,-5.6191911697387695,0.6105214357376099,9.701305389404297,0.5510004758834839,-1.0128145217895508,-0.5106833577156067,2025-07-01 17:13:44.847,1751370224847,-8451,-137,1847,-304,-520,105
516,2025-07-01 17:13:45.247,2025-07-01 17:13:44.930030,-1.2330138683319092,-3.155557870864868,9.780313491821289,-1.0323622226715088,0.66584312915802,-0.4178318381309509,2025-07-01 17:13:44.928,1751370224928,-8129,-360,1610,302,369,-156
517,2025-07-01 17:13:45.347,2025-07-01 17:13:45.033306,-2.734178304672241,-5.185841083526611,7.936778545379639,0.5119050741195679,0.0024434609804302454,-0.9517280459403992,2025-07-01 17:13:45.010,1751370225010,-8482,-325,1604,343,218,-129
518,2025-07-01 17:13:45.547,2025-07-01 17:13:45.229661,-2.7126305103302,-2.011129379272461,8.034940719604492,0.14049901068210602,-0.12217304855585098,0.18448130786418915,2025-07-01 17:13:45.214,1751370225214,-8451,-334,1440,-272,46,-282
519,2025-07-01 17:13:45.848,2025-07-01 17:13:45.530765,-3.2968156337738037,-3.066972494125366,12.806585311889648,0.5925393104553223,-0.2382374405860901,0.01466076634824276,2025-07-01 17:13:45.546,1751370225546,-8303,-229,1791,29,-118,-118
520,2025-07-01 17:13:45.949,2025-07-01 17:13:45.629974,-2.7772738933563232,-3.442862033843994,8.56645393371582,-0.24434609711170197,-0.09040805697441101,0.45814892649650574,2025-07-01 17:13:45.642,1751370225642,-8531,-276,1880,-10,211,268
521,2025-07-01 17:13:46.049,2025-07-01 17:13:45.730085,1.4413094520568848,-4.1874589920043945,10.47702693939209,0.48869219422340393,-1.529606580734253,-0.23945917189121246,2025-07-01 17:13:45.730,1751370225730,-8527,104,1792,-47,291,-24
522,2025-07-01 17:13:46.157,2025-07-01 17:13:45.829750,-1.7836803197860718,-1.6424223184585571,6.169857978820801,-0.10384709388017654,-0.06230825558304787,0.08185594528913498,2025-07-01 17:13:45.825,1751370225825,-8510,88,1489,109,-27,-100
523,2025-07-01 17:13:46.256,2025-07-01 17:13:45.929930,-2.2146365642547607,-2.96162748336792,13.800178527832031,0.251676470041275,-0.44226643443107605,-0.1014036312699318,2025-07-01 17:13:45.922,1751370225922,-8522,42,1878,-351,84,-4
524,2025-07-01 17:13:46.354,2025-07-01 17:13:46.029912,-1.1228805780410767,-2.0446481704711914,7.158663272857666,0.05864306539297104,-0.028099801391363144,0.4056145250797272,2025-07-01 17:13:46.021,1751370226021,-8179,-268,1514,-267,258,-80
525,2025-07-01 17:13:46.453,2025-07-01 17:13:46.135478,-3.0573954582214355,-2.322375535964966,8.485051155090332,-0.38117989897727966,-0.20036379992961884,0.750142514705658,2025-07-01 17:13:46.110,1751370226110,-8529,96,1522,104,283,136
526,2025-07-01 17:13:46.948,2025-07-01 17:13:46.630252,-2.6862943172454834,-2.3582887649536133,9.289502143859863,0.05497787147760391,0.028099801391363144,0.019547687843441963,2025-07-01 17:13:46.641,1751370226641,-8465,-57,1845,76,-283,318
527,2025-07-01 17:13:47.047,2025-07-01 17:13:46.730070,-1.4676456451416016,-2.427720546722412,8.702922821044922,0.26022860407829285,-0.16982053220272064,0.021991148591041565,2025-07-01 17:13:46.731,1751370226731,-8509,352,1807,-282,-90,-68
528,2025-07-01 17:13:47.156,2025-07-01 17:13:46.831981,-1.2976573705673218,-3.157952070236206,10.812214851379395,0.012217304669320583,-0.09529497474431992,-0.1466076523065567,2025-07-01 17:13:46.816,1751370226816,-8488,345,1534,18,-328,-114
529,2025-07-01 17:13:47.253,2025-07-01 17:13:46.929963,-1.4413094520568848,-1.800439715385437,8.71728801727295,-1.4062118530273438,0.21135938167572021,0.021991148591041565,2025-07-01 17:13:46.918,1751370226918,-8505,-32,1415,-145,546,-282
530,2025-07-01 17:13:47.353,2025-07-01 17:13:47.029928,-2.006340980529785,-3.0358476638793945,8.968679428100586,-0.04886921867728233,0.47280970215797424,-1.0213667154312134,2025-07-01 17:13:47.016,1751370227016,-8499,-107,1619,-561,-113,-316
531,2025-07-01 17:13:47.550,2025-07-01 17:13:47.231094,-3.3279404640197754,-4.048594951629639,7.6782050132751465,0.31154128909111023,-0.0757472887635231,0.10506882518529892,2025-07-01 17:13:47.194,1751370227194,-8501,-108,1466,-328,-344,91
532,2025-07-01 17:13:47.750,2025-07-01 17:13:47.430175,-2.006340980529785,-2.717418909072876,7.386112213134766,-0.39217549562454224,0.10018189996480942,0.251676470041275,2025-07-01 17:13:47.437,1751370227437,-8406,191,1397,597,346,117
533,2025-07-01 17:13:47.947,2025-07-01 17:13:47.630247,-1.359906554222107,-1.7549498081207275,9.488221168518066,0.485027015209198,-0.9456194043159485,-0.13805554807186127,2025-07-01 17:13:47.643,1751370227643,-8467,-95,1660,37,-270,-129
534,2025-07-01 17:13:48.154,2025-07-01 17:13:47.832006,-2.896984100341797,-3.227383852005005,8.42040729522705,-0.38117989897727966,0.06475171446800232,-0.02321287989616394,2025-07-01 17:13:47.812,1751370227812,-8515,-33,1642,-59,-260,10
535,2025-07-01 17:13:48.349,2025-07-01 17:13:48.032193,-3.5027170181274414,-2.6671407222747803,10.218452453613281,0.3225368559360504,-0.4740314185619354,-0.10018189996480942,2025-07-01 17:13:48.003,1751370228003,-8468,57,1469,-90,375,75
536,2025-07-01 17:13:48.648,2025-07-01 17:13:48.330282,-2.1547815799713135,-3.095702886581421,8.652645111083984,0.21624629199504852,-0.11728613078594208,-0.1258382350206375,2025-07-01 17:13:48.349,1751370228349,-8325,-127,1364,-366,117,-32
537,2025-07-01 17:13:48.748,2025-07-01 17:13:48.429872,-1.7381904125213623,-2.4396915435791016,7.443572998046875,0.8649851679801941,-0.7929030656814575,-0.3628539443016052,2025-07-01 17:13:48.430,1751370228430,-8535,153,1803,-311,-241,255
538,2025-07-01 17:13:48.847,2025-07-01 17:13:48.530686,-2.4444799423217773,-1.6280571222305298,8.276755332946777,-0.5155702829360962,-0.2687807083129883,0.23945917189121246,2025-07-01 17:13:48.543,1751370228543,-8191,-76,1842,51,81,-368
539,2025-07-01 17:13:48.947,2025-07-01 17:13:48.630732,-2.5474305152893066,-2.58813214302063,8.87051773071289,-0.27977627515792847,0.11239920556545258,0.02687807008624077,2025-07-01 17:13:48.610,1751370228610,-8214,-248,1765,544,12,-611
540,2025-07-01 17:13:49.048,2025-07-01 17:13:48.730608,-3.4380736351013184,-2.5713725090026855,9.287108421325684,0.009773843921720982,-0.02321287989616394,0.036651913076639175,2025-07-01 17:13:48.711,1751370228711,-8307,28,1184,3014,2017,-845
541,2025-07-01 17:13:49.151,2025-07-01 17:13:48.831187,-2.030282974243164,-3.485957622528076,9.014169692993164,0.18325957655906677,-0.039095375686883926,0.21868975460529327,2025-07-01 17:13:48.806,1751370228806,-8500,-26,1293,2983,2392,-838
542,2025-07-01 17:13:49.351,2025-07-01 17:13:49.032318,-2.183511972427368,-2.473210334777832,9.995792388916016,-0.09407325088977814,-0.08307767659425735,-0.15271630883216858,2025-07-01 17:13:49.071,1751370229071,-8728,-213,251,-341,737,-801
543,2025-07-01 17:13:49.456,2025-07-01 17:13:49.131095,-2.4181437492370605,-1.9536685943603516,9.888052940368652,0.5400048494338989,-0.07330382615327835,-0.2871066629886627,2025-07-01 17:13:49.155,1751370229155,-8478,-463,383,-290,264,-191
544,2025-07-01 17:13:49.648,2025-07-01 17:13:49.331825,-4.039018154144287,-3.2537200450897217,10.007762908935547,-0.1661553531885147,-0.1160643994808197,0.17470745742321014,2025-07-01 17:13:49.328,1751370229328,-8349,-351,-45,-1092,5,173
545,2025-07-01 17:13:49.747,2025-07-01 17:13:49.429438,-2.078166961669922,-2.647987127304077,8.995016098022461,0.3127630054950714,-0.31520646810531616,0.43249258399009705,2025-07-01 17:13:49.426,1751370229426,-8739,7,-33,-3406,-1233,896
546,2025-07-01 17:13:49.947,2025-07-01 17:13:49.631446,-2.0422539710998535,-1.4460978507995605,7.929595947265625,-0.6536257863044739,0.9517280459403992,0.09162978827953339,2025-07-01 17:13:49.600,1751370229600,-8335,-518,320,-3483,-1511,948
547,2025-07-01 17:13:50.048,2025-07-01 17:13:49.731093,-2.248155355453491,-2.1116859912872314,9.86650562286377,-0.04398229718208313,0.19303341209888458,-0.5229006409645081,2025-07-01 17:13:49.695,1751370229695,-8450,-769,569,-3335,-1678,845
548,2025-07-01 17:13:50.458,2025-07-01 17:13:50.131022,3.691859006881714,-2.7724854946136475,10.323798179626465,-0.08552113175392151,0.05009094998240471,0.34574973583221436,2025-07-01 17:13:50.146,1751370230146,-8402,97,1045,165,95,7
549,2025-07-01 17:13:50.547,2025-07-01 17:13:50.240483,-1.8100165128707886,-3.4620156288146973,7.577648162841797,-0.2064724564552307,0.24068090319633484,0.384845107793808,2025-07-01 17:13:50.228,1751370230228,-8514,-567,1277,-223,-515,-100
550,2025-07-01 17:13:50.647,2025-07-01 17:13:50.331268,-5.671864032745361,0.6440402865409851,9.313444137573242,0.49724429845809937,-0.7953465580940247,-0.375071257352829,2025-07-01 17:13:50.317,1751370230317,-8507,-615,1641,-133,-588,123
551,2025-07-01 17:13:50.747,2025-07-01 17:13:50.432115,-1.45806884765625,-3.157952070236206,8.98543930053711,-0.6157521605491638,0.4251621961593628,-0.23335053026676178,2025-07-01 17:13:50.421,1751370230421,-8482,-610,1455,2,-413,114
552,2025-07-01 17:13:50.853,2025-07-01 17:13:50.531562,-3.4308910369873047,-3.936067581176758,8.152256965637207,0.5338962078094482,-0.10506882518529892,-0.4300491213798523,2025-07-01 17:13:50.512,1751370230512,-8173,59,1280,171,868,57
553,2025-07-01 17:13:50.947,2025-07-01 17:13:50.631683,-4.129997730255127,-4.168305397033691,9.5624418258667,0.2932153046131134,0.8674286603927612,0.1062905490398407,2025-07-01 17:13:50.608,1751370230608,-8545,72,896,-166,-126,-286
554,2025-07-01 17:13:51.057,2025-07-01 17:13:50.731826,-3.8546648025512695,-1.4939818382263184,7.879317760467529,0.2981022298336029,-0.08307767659425735,0.14416420459747314,2025-07-01 17:13:50.704,1751370230704,-8529,-141,960,-60,-110,-344
555,2025-07-01 17:13:51.149,2025-07-01 17:13:50.833218,4.062960147857666,-2.849100112915039,10.685321807861328,0.2981022298336029,-0.08307767659425735,0.14416420459747314,2025-07-01 17:13:50.870,1751370230870,-8499,-302,975,221,-247,-304
556,2025-07-01 17:13:51.351,2025-07-01 17:13:51.032378,-4.216189384460449,-1.7070658206939697,9.050082206726074,-0.018325956538319588,-0.05009094998240471,0.27611109614372253,2025-07-01 17:13:51.045,1751370231045,-8465,15,1173,101,-315,377
557,2025-07-01 17:13:51.447,2025-07-01 17:13:51.132405,-4.216189384460449,-1.7070658206939697,9.050082206726074,-0.018325956538319588,-0.05009094998240471,0.27611109614372253,2025-07-01 17:13:51.148,1751370231148,-8080,-264,1413,342,-381,-318
558,2025-07-01 17:13:51.547,2025-07-01 17:13:51.230145,-2.0877439975738525,-3.426102638244629,7.996633529663086,-0.5412266254425049,0.18325957655906677,0.2822197377681732,2025-07-01 17:13:51.220,1751370231220,-8403,2,954,-74,371,315
559,2025-07-01 17:13:51.647,2025-07-01 17:13:51.331076,-3.292027235031128,-3.2297780513763428,9.938331604003906,-0.1869247704744339,-0.32009339332580566,0.08918632566928864,2025-07-01 17:13:51.308,1751370231308,-8447,36,975,-21,269,355
560,2025-07-01 17:13:51.748,2025-07-01 17:13:51.331076,-3.292027235031128,-3.2297780513763428,9.938331604003906,-0.1869247704744339,-0.32009339332580566,0.08918632566928864,2025-07-01 17:13:51.308,1751370231308,-8447,36,975,-21,269,355
561,2025-07-01 17:13:52.157,2025-07-01 17:13:51.830981,-3.7708675861358643,-3.754108190536499,9.205705642700195,0.294437050819397,0.33108896017074585,-1.1301007270812988,2025-07-01 17:13:51.846,1751370231846,-8540,366,1282,18,61,5
562,2025-07-01 17:13:52.259,2025-07-01 17:13:51.931381,-0.37828385829925537,-6.0190229415893555,10.69489860534668,0.44226643443107605,0.15027284622192383,0.5974262356758118,2025-07-01 17:13:51.947,1751370231947,-8512,-41,1318,-356,67,-280
563,2025-07-01 17:13:52.350,2025-07-01 17:13:52.033595,-2.782062292098999,-3.7876269817352295,8.892065048217773,-0.44715335965156555,0.01466076634824276,0.901637077331543,2025-07-01 17:13:52.033,1751370232033,-8322,15,1215,61,23,-182
564,2025-07-01 17:13:52.448,2025-07-01 17:13:52.141231,-2.760514497756958,-2.9712042808532715,9.861717224121094,-0.44715335965156555,0.01466076634824276,0.901637077331543,2025-07-01 17:13:52.134,1751370232134,-8532,19,1368,21,-317,-255
565,2025-07-01 17:13:52.549,2025-07-01 17:13:52.231873,-3.1962592601776123,-0.8140285611152649,6.485892295837402,-0.23457226157188416,0.0708603709936142,0.49235737323760986,2025-07-01 17:13:52.208,1751370232208,-8192,-201,1620,28,-169,-262
566,2025-07-01 17:13:52.648,2025-07-01 17:13:52.332080,-2.008735179901123,-0.3734954595565796,7.740454196929932,-0.3225368559360504,-0.5803219676017761,0.2382374405860901,2025-07-01 17:13:52.318,1751370232318,-8182,-197,1494,260,38,30
567,2025-07-01 17:13:53.048,2025-07-01 17:13:52.735496,-3.8546648025512695,-4.431667327880859,10.374075889587402,-0.7440338730812073,0.5571091175079346,-0.0659734457731247,2025-07-01 17:13:52.756,1751370232756,-8470,-127,909,785,982,-354
568,2025-07-01 17:13:53.247,2025-07-01 17:13:52.931874,-0.19153612852096558,-3.0837318897247314,9.543288230895996,0.38606682419776917,-0.7476990818977356,-0.5265658497810364,2025-07-01 17:13:52.947,1751370232947,-8352,-159,540,-314,-301,26
569,2025-07-01 17:13:53.348,2025-07-01 17:13:53.031834,-1.8818424940109253,-0.8427590131759644,8.571242332458496,-0.47769662737846375,0.5974262356758118,0.17470745742321014,2025-07-01 17:13:53.016,1751370233016,-8495,-222,407,50,-339,-381
570,2025-07-01 17:13:53.547,2025-07-01 17:13:53.232494,-1.8363527059555054,-2.655169725418091,10.448296546936035,0.2541199326515198,0.3787364661693573,-0.2028072625398636,2025-07-01 17:13:53.202,1751370233202,-8185,-172,753,-16,-332,25
571,2025-07-01 17:13:53.647,2025-07-01 17:13:53.332259,-1.2282254695892334,-2.6575639247894287,8.611943244934082,-0.0354301854968071,0.24678955972194672,0.22113321721553802,2025-07-01 17:13:53.309,1751370233309,-8535,-323,529,-65,189,-122
572,2025-07-01 17:13:53.949,2025-07-01 17:13:53.629594,-2.1284453868865967,-2.959233283996582,8.346187591552734,0.6695083379745483,-0.6450737118721008,-0.21991148591041565,2025-07-01 17:13:53.653,1751370233653,-8562,59,242,-32,-100,163
573,2025-07-01 17:13:54.047,2025-07-01 17:13:53.629594,-2.1284453868865967,-2.959233283996582,8.346187591552734,0.6695083379745483,-0.6450737118721008,-0.21991148591041565,2025-07-01 17:13:53.653,1751370233653,-8562,59,242,-32,-100,163
574,2025-07-01 17:13:54.248,2025-07-01 17:13:53.931794,-1.5849615335464478,-2.8826189041137695,9.454702377319336,-0.3029891550540924,0.7379252314567566,-1.2327260971069336,2025-07-01 17:13:53.932,1751370233932,-8512,-259,484,-630,-224,122
575,2025-07-01 17:13:54.348,2025-07-01 17:13:54.033103,-3.426102638244629,-4.577713489532471,7.9176249504089355,0.49235737323760986,0.0,-0.44837507605552673,2025-07-01 17:13:54.016,1751370234016,-8363,-49,1056,-2515,-1186,479
576,2025-07-01 17:13:54.547,2025-07-01 17:13:54.232706,-2.7461493015289307,-3.093308687210083,8.38688850402832,0.6218608021736145,-0.13805554807186127,-0.06230825558304787,2025-07-01 17:13:54.201,1751370234201,-8528,117,1103,-2523,-1268,463
577,2025-07-01 17:13:54.747,2025-07-01 17:13:54.432996,-3.426102638244629,-1.8794482946395874,7.738059997558594,0.06108652427792549,-0.5338962078094482,-0.21013765037059784,2025-07-01 17:13:54.466,1751370234466,-8478,-298,1171,-177,-449,-14
578,2025-07-01 17:13:54.947,2025-07-01 17:13:54.633128,-2.252943754196167,-3.6822822093963623,8.11634349822998,-0.5448917746543884,-0.1966986060142517,0.8979719281196594,2025-07-01 17:13:54.645,1751370234645,-8342,-127,1363,-336,260,-72
579,2025-07-01 17:13:55.155,2025-07-01 17:13:54.832051,-3.4524388313293457,-1.0678139925003052,10.041281700134277,0.16371189057826996,-0.8759807348251343,0.039095375686883926,2025-07-01 17:13:54.842,1751370234842,-8539,87,982,-317,-98,-308
580,2025-07-01 17:13:55.357,2025-07-01 17:13:54.932862,-3.397372245788574,-2.80361008644104,7.934384346008301,-0.13439035415649414,0.38606682419776917,-0.021991148591041565,2025-07-01 17:13:54.910,1751370234910,-8560,-42,898,-145,113,-85
581,2025-07-01 17:13:55.657,2025-07-01 17:13:55.332709,-3.4332852363586426,-3.751713991165161,9.004592895507812,0.06108652427792549,-0.015882495790719986,0.20891591906547546,2025-07-01 17:13:55.299,1751370235299,-8178,-129,1244,-118,81,57
582,2025-07-01 17:13:55.853,2025-07-01 17:13:55.531120,-1.4987702369689941,-2.0661959648132324,9.579200744628906,0.8038986921310425,-0.4349360466003418,-0.2028072625398636,2025-07-01 17:13:55.541,1751370235541,-8183,32,1181,-89,-383,-44
583,2025-07-01 17:13:55.948,2025-07-01 17:13:55.531120,-1.4987702369689941,-2.0661959648132324,9.579200744628906,0.8038986921310425,-0.4349360466003418,-0.2028072625398636,2025-07-01 17:13:55.541,1751370235541,-8183,32,1181,-89,-383,-44
584,2025-07-01 17:13:56.059,2025-07-01 17:13:55.730358,-2.6575639247894287,-1.920149803161621,9.627084732055664,-0.01710422709584236,0.26511552929878235,-0.3836233615875244,2025-07-01 17:13:55.752,1751370235752,-8469,-75,1255,77,-45,-108
585,2025-07-01 17:13:56.159,2025-07-01 17:13:55.834114,-2.6024973392486572,-3.2537200450897217,9.167398452758789,0.012217304669320583,-0.22113321721553802,0.27977627515792847,2025-07-01 17:13:55.810,1751370235810,-8511,-56,1338,41,208,-69
586,2025-07-01 17:13:56.252,2025-07-01 17:13:55.935641,-2.2242133617401123,-3.021482467651367,9.313444137573242,-0.11850785464048386,0.03787364438176155,0.059864792972803116,2025-07-01 17:13:55.902,1751370235902,-8335,131,1068,-145,178,295
587,2025-07-01 17:13:56.350,2025-07-01 17:13:55.935641,-2.2242133617401123,-3.021482467651367,9.313444137573242,-0.11850785464048386,0.03787364438176155,0.059864792972803116,2025-07-01 17:13:55.902,1751370235902,-8335,131,1068,-145,178,295
588,2025-07-01 17:13:56.749,2025-07-01 17:13:56.130255,-2.279279947280884,-3.004723072052002,9.064447402954102,0.0354301854968071,0.042760565876960754,0.00855211354792118,2025-07-01 17:13:56.095,1751370236095,-8342,342,1050,-520,158,281
589,2025-07-01 17:13:57.351,2025-07-01 17:13:56.932634,-2.097320795059204,-3.270479440689087,8.312667846679688,-0.17837265133857727,0.2675589919090271,0.6670648455619812,2025-07-01 17:13:56.901,1751370236901,-8523,111,1390,-285,75,121
590,2025-07-01 17:13:57.450,2025-07-01 17:13:57.129914,-0.47405192255973816,-2.0638017654418945,12.962207794189453,-0.6878342628479004,0.3591887652873993,0.13927727937698364,2025-07-01 17:13:57.156,1751370237156,-8524,262,1283,-104,89,-92
591,2025-07-01 17:13:57.547,2025-07-01 17:13:57.229895,-2.1715409755706787,-3.3279404640197754,8.827422142028809,0.4105014503002167,0.5155702829360962,0.04642575979232788,2025-07-01 17:13:57.255,1751370237255,-8498,-49,1282,16,102,-97
592,2025-07-01 17:13:57.647,2025-07-01 17:13:57.229895,-2.1715409755706787,-3.3279404640197754,8.827422142028809,0.4105014503002167,0.5155702829360962,0.04642575979232788,2025-07-01 17:13:57.255,1751370237255,-8498,-49,1282,16,102,-97
593,2025-07-01 17:13:57.947,2025-07-01 17:13:57.630062,-2.3295583724975586,-2.7102363109588623,9.627084732055664,0.2565633952617645,-0.2272418737411499,-0.019547687843441963,2025-07-01 17:13:57.606,1751370237606,-8492,51,1377,-258,61,33
594,2025-07-01 17:13:58.347,2025-07-01 17:13:58.030649,-0.9433154463768005,-2.5737667083740234,9.57441234588623,0.5057964324951172,-0.5681046843528748,-0.1612684279680252,2025-07-01 17:13:58.054,1751370238054,-8484,27,1164,69,39,-277
595,2025-07-01 17:13:58.449,2025-07-01 17:13:58.129933,4.37420654296875,0.16759411990642548,10.800244331359863,0.1869247704744339,-0.08552113175392151,-0.01466076634824276,2025-07-01 17:13:58.160,1751370238160,-8535,-220,1660,3,354,373
596,2025-07-01 17:13:58.651,2025-07-01 17:13:58.330831,-6.172252178192139,-3.4308910369873047,9.528923034667969,-0.3433062732219696,0.16371189057826996,-0.7281513810157776,2025-07-01 17:13:58.328,1751370238328,-8151,-175,1876,772,15,-351
597,2025-07-01 17:13:58.847,2025-07-01 17:13:58.530741,-0.4596867263317108,-2.9233202934265137,10.127472877502441,-0.11850785464048386,0.8258898258209229,0.2382374405860901,2025-07-01 17:13:58.526,1751370238526,-8353,-75,1288,182,823,274
598,2025-07-01 17:13:59.247,2025-07-01 17:13:58.930300,-1.3886369466781616,-1.0223240852355957,12.823344230651855,0.21013765037059784,-0.06719517707824707,0.06963863968849182,2025-07-01 17:13:58.962,1751370238962,-8329,-108,979,-218,-278,-43
599,2025-07-01 17:13:59.347,2025-07-01 17:13:59.029994,-2.3271639347076416,-2.868253707885742,8.537723541259766,0.021991148591041565,0.35552358627319336,0.03420845419168472,2025-07-01 17:13:59.067,1751370239067,-8566,-60,1159,-191,-219,279
600,2025-07-01 17:13:59.547,2025-07-01 17:13:59.229584,-2.786850690841675,-2.6024973392486572,8.355764389038086,0.32620203495025635,-0.3982841372489929,0.27611109614372253,2025-07-01 17:13:59.229,1751370239229,-8573,52,1177,112,-67,-264
601,2025-07-01 17:13:59.748,2025-07-01 17:13:59.330653,0.5003881454467773,-0.8403648138046265,8.669404029846191,-1.5833626985549927,0.6389650702476501,0.02076941914856434,2025-07-01 17:13:59.315,1751370239315,-8561,42,1178,63,-121,51
602,2025-07-01 17:13:59.847,2025-07-01 17:13:59.530188,-2.3535003662109375,-3.9025487899780273,8.705317497253418,0.66584312915802,-0.6524040699005127,-0.36651915311813354,2025-07-01 17:13:59.513,1751370239513,-8501,-274,1265,34,76,-278
603,2025-07-01 17:14:00.147,2025-07-01 17:13:59.829765,-4.663905143737793,-3.40216064453125,7.242460250854492,-0.0806342139840126,0.950506329536438,0.32986724376678467,2025-07-01 17:13:59.865,1751370239865,-8494,-204,1171,-338,-167,-378
604,2025-07-01 17:14:00.247,2025-07-01 17:13:59.930682,-1.3982137441635132,0.6272808313369751,7.7883381843566895,0.4508185386657715,-1.0482447147369385,0.4251621961593628,2025-07-01 17:13:59.964,1751370239964,-8157,-145,1211,208,-369,38
605,2025-07-01 17:14:00.447,2025-07-01 17:14:00.129545,-3.581725835800171,-2.3127987384796143,8.834604263305664,0.1417207419872284,0.31154128909111023,0.40683624148368835,2025-07-01 17:14:00.142,1751370240142,-8353,-311,1410,260,-326,82
606,2025-07-01 17:14:00.549,2025-07-01 17:14:00.229957,-1.9249382019042969,-1.8195933103561401,12.622231483459473,-0.5192354321479797,-0.27122417092323303,0.06108652427792549,2025-07-01 17:14:00.227,1751370240227,-8129,-534,1540,-186,442,145
607,2025-07-01 17:14:00.649,2025-07-01 17:14:00.330611,-2.6671407222747803,-2.1499931812286377,9.588777542114258,-0.36529740691185,0.93095862865448,-0.6548475623130798,2025-07-01 17:14:00.312,1751370240312,-8717,50,1284,140,629,152
608,2025-07-01 17:14:00.748,2025-07-01 17:14:00.330611,-2.6671407222747803,-2.1499931812286377,9.588777542114258,-0.36529740691185,0.93095862865448,-0.6548475623130798,2025-07-01 17:14:00.312,1751370240312,-8717,50,1284,140,629,152
609,2025-07-01 17:14:01.263,2025-07-01 17:14:00.930304,-3.9671921730041504,-2.52109432220459,10.146626472473145,0.04886921867728233,-0.22357667982578278,0.3677408695220947,2025-07-01 17:14:00.941,1751370240941,-8186,-518,1253,-75,259,122
610,2025-07-01 17:14:01.352,2025-07-01 17:14:01.030547,-4.180276393890381,-2.7030537128448486,8.130708694458008,0.46303585171699524,-0.11728613078594208,0.5619960427284241,2025-07-01 17:14:01.034,1751370241034,-8537,22,1258,196,71,293
611,2025-07-01 17:14:01.462,2025-07-01 17:14:01.129978,-1.3623007535934448,-0.9074024558067322,8.899248123168945,0.5400048494338989,-0.2773328125476837,0.06475171446800232,2025-07-01 17:14:01.125,1751370241125,-8540,-285,1566,40,71,-62
612,2025-07-01 17:14:01.651,2025-07-01 17:14:01.330474,-4.821922302246094,-1.5705963373184204,11.470620155334473,0.15882496535778046,0.8417723178863525,-0.2724458873271942,2025-07-01 17:14:01.302,1751370241302,-8545,-285,1616,103,29,-102
613,2025-07-01 17:14:01.752,2025-07-01 17:14:01.430919,-0.33039984107017517,-4.20421838760376,10.014945983886719,-0.30054569244384766,-0.3078760802745819,0.2541199326515198,2025-07-01 17:14:01.409,1751370241409,-8461,84,1851,317,-139,20
614,2025-07-01 17:14:01.848,2025-07-01 17:14:01.530942,-1.4437036514282227,-2.4684219360351562,8.190564155578613,0.030543262138962746,0.22113321721553802,0.3982841372489929,2025-07-01 17:14:01.496,1751370241496,-8181,-79,1677,-65,8,125
615,2025-07-01 17:14:01.950,2025-07-01 17:14:01.530942,-1.4437036514282227,-2.4684219360351562,8.190564155578613,0.030543262138962746,0.22113321721553802,0.3982841372489929,2025-07-01 17:14:01.496,1751370241496,-8181,-79,1677,-65,8,125
616,2025-07-01 17:14:02.051,2025-07-01 17:14:01.630132,-3.7205893993377686,0.06464344263076782,11.695674896240234,0.6035348773002625,-0.7269296646118164,-0.4031710624694824,2025-07-01 17:14:01.670,1751370241670,-8350,26,1579,-106,224,11
617,2025-07-01 17:14:02.147,2025-07-01 17:14:01.730408,-0.9217676520347595,-2.5737667083740234,9.813833236694336,-1.0848966836929321,0.11484266817569733,-0.11972958594560623,2025-07-01 17:14:01.757,1751370241757,-8531,40,1580,110,341,-363
618,2025-07-01 17:14:02.448,2025-07-01 17:14:02.129500,-3.0550012588500977,-3.5649664402008057,8.370129585266113,-0.5461135506629944,0.1966986060142517,-0.019547687843441963,2025-07-01 17:14:02.107,1751370242107,-8364,-321,1186,-278,125,-40
619,2025-07-01 17:14:02.548,2025-07-01 17:14:02.230489,-3.117250680923462,-4.666299343109131,8.121131896972656,-3.2278120517730713,0.02687807008624077,0.16249015927314758,2025-07-01 17:14:02.199,1751370242199,-8465,-331,1217,324,-119,86
620,2025-07-01 17:14:02.649,2025-07-01 17:14:02.330208,-3.026270866394043,-5.147533416748047,7.220912456512451,0.18570303916931152,-0.2174680233001709,0.05619960278272629,2025-07-01 17:14:02.308,1751370242308,-8462,-284,1183,203,-25,19
621,2025-07-01 17:14:02.748,2025-07-01 17:14:02.430194,-2.3104045391082764,-6.833051681518555,7.448361396789551,-0.5681046843528748,-0.0354301854968071,0.02687807008624077,2025-07-01 17:14:02.469,1751370242469,-8510,-306,1288,-51,-40,-181
622,2025-07-01 17:14:02.949,2025-07-01 17:14:02.630275,-4.5394062995910645,-2.3726539611816406,6.892906665802002,-1.5247195959091187,0.9676105380058289,-0.13439035415649414,2025-07-01 17:14:02.657,1751370242657,-8523,-342,1323,-75,-107,-339
623,2025-07-01 17:14:03.447,2025-07-01 17:14:03.130321,-2.8419175148010254,-2.6240451335906982,9.32541561126709,-0.1466076523065567,-0.1270599663257599,0.0403171069920063,2025-07-01 17:14:03.095,1751370243095,-8510,61,1635,-334,48,33
624,2025-07-01 17:14:03.548,2025-07-01 17:14:03.235901,-2.786850690841675,-3.4332852363586426,9.287108421325684,-0.32131510972976685,-0.1258382350206375,0.07208210229873657,2025-07-01 17:14:03.203,1751370243203,-8522,49,1636,-330,83,-296
625,2025-07-01 17:14:03.647,2025-07-01 17:14:03.330450,-2.3798365592956543,-3.7445313930511475,8.604761123657227,-0.12461651116609573,-0.06230825558304787,0.28588494658470154,2025-07-01 17:14:03.299,1751370243299,-8472,9,1445,11,41,-306
626,2025-07-01 17:14:03.747,2025-07-01 17:14:03.430541,-2.719813108444214,-3.1962592601776123,8.825027465820312,-0.15393804013729095,-0.10018189996480942,0.3396410644054413,2025-07-01 17:14:03.457,1751370243457,-8155,-359,1478,103,68,-150
627,2025-07-01 17:14:03.848,2025-07-01 17:14:03.530367,-2.0231003761291504,-2.8826189041137695,8.975862503051758,0.17104226350784302,-0.021991148591041565,0.10384709388017654,2025-07-01 17:14:03.562,1751370243562,-8166,-376,1449,-75,99,-513
628,2025-07-01 17:14:04.248,2025-07-01 17:14:03.931403,-4.441244125366211,-10.1753568649292,9.107542991638184,-1.8399261236190796,1.6200146675109863,1.5833626985549927,2025-07-01 17:14:03.909,1751370243909,-8514,-306,1544,45,-88,-112
629,2025-07-01 17:14:04.372,2025-07-01 17:14:03.931403,-4.441244125366211,-10.1753568649292,9.107542991638184,-1.8399261236190796,1.6200146675109863,1.5833626985549927,2025-07-01 17:14:03.909,1751370243909,-8514,-306,1544,45,-88,-112
630,2025-07-01 17:14:04.449,2025-07-01 17:14:04.129892,-5.480327606201172,-1.9584569931030273,3.5242648124694824,0.7440338730812073,0.2822197377681732,1.595579981803894,2025-07-01 17:14:04.112,1751370244112,-8377,10,1578,-349,-18,61
631,2025-07-01 17:14:05.052,2025-07-01 17:14:04.730021,-2.4013843536376953,-5.623979568481445,11.628637313842773,1.1398745775222778,-0.4899139404296875,-0.8319984674453735,2025-07-01 17:14:04.743,1751370244743,-8525,2054,-298,-959,-1086,-1641
632,2025-07-01 17:14:05.249,2025-07-01 17:14:04.930539,-0.8164227604866028,-3.663128614425659,10.83855152130127,-0.24556782841682434,-0.07208210229873657,0.16982053220272064,2025-07-01 17:14:04.938,1751370244938,-8098,1514,-294,-1158,-1285,-2122
633,2025-07-01 17:14:05.373,2025-07-01 17:14:05.030411,-2.4827871322631836,-2.738966703414917,9.272743225097656,0.10506882518529892,0.12950342893600464,-0.0012217304902151227,2025-07-01 17:14:04.990,1751370244990,-8084,1367,62,-1358,-921,-2376
634,2025-07-01 17:14:05.647,2025-07-01 17:14:05.330242,-2.920926094055176,-3.7684733867645264,7.304709434509277,-0.5900958180427551,-0.5742133259773254,0.9957103729248047,2025-07-01 17:14:05.361,1751370245361,-8478,594,250,-903,-1390,-1427
635,2025-07-01 17:14:05.750,2025-07-01 17:14:05.430192,-4.055777549743652,-1.192312479019165,10.994174003601074,-0.2736676335334778,-0.6157521605491638,0.8148942589759827,2025-07-01 17:14:05.438,1751370245438,-8535,638,250,-984,-1388,-1273
636,2025-07-01 17:14:05.852,2025-07-01 17:14:05.530585,-2.4205379486083984,-3.0597896575927734,9.691728591918945,-0.19792033731937408,-0.08796459436416626,0.2125810980796814,2025-07-01 17:14:05.537,1751370245537,-8393,504,541,-1585,-1547,-1135
637,2025-07-01 17:14:05.952,2025-07-01 17:14:05.630499,-1.1492167711257935,-4.199429988861084,7.534552574157715,0.08796459436416626,-0.08674286305904388,0.12339477986097336,2025-07-01 17:14:05.626,1751370245626,-8522,337,1514,-1512,-1203,-2922
638,2025-07-01 17:14:06.051,2025-07-01 17:14:05.730642,-2.274491548538208,-2.8778305053710938,8.35336971282959,-1.086118459701538,-0.37262779474258423,0.13072516024112701,2025-07-01 17:14:05.726,1751370245726,-7903,-1760,2355,326,427,1189
639,2025-07-01 17:14:06.253,2025-07-01 17:14:05.930449,-2.1164743900299072,-6.200982570648193,7.544129371643066,0.1771509200334549,-0.11484266817569733,0.021991148591041565,2025-07-01 17:14:05.890,1751370245890,-7873,-1598,1949,862,1389,2643
640,2025-07-01 17:14:06.351,2025-07-01 17:14:05.930449,-2.1164743900299072,-6.200982570648193,7.544129371643066,0.1771509200334549,-0.11484266817569733,0.021991148591041565,2025-07-01 17:14:05.890,1751370245890,-7873,-1598,1949,862,1389,2643
641,2025-07-01 17:14:06.447,2025-07-01 17:14:06.130416,-0.26815059781074524,0.6057330369949341,9.770736694335938,0.23335053026676178,0.41172316670417786,0.24068090319633484,2025-07-01 17:14:06.109,1751370246109,-8441,-18,1301,431,1147,748
642,2025-07-01 17:14:06.547,2025-07-01 17:14:06.230553,-3.335123062133789,-4.120420932769775,9.318233489990234,-1.7482963800430298,0.7574729323387146,-0.5204572081565857,2025-07-01 17:14:06.256,1751370246256,-8530,51,942,-312,86,-577
643,2025-07-01 17:14:06.848,2025-07-01 17:14:06.530188,-4.51067590713501,-3.339911460876465,9.48343276977539,-0.3677408695220947,0.17348572611808777,0.4911356568336487,2025-07-01 17:14:06.523,1751370246523,-8570,56,968,-312,71,-566
644,2025-07-01 17:14:07.048,2025-07-01 17:14:06.730374,-0.6775590777397156,-2.7533318996429443,10.347740173339844,0.4349360466003418,-0.7586946487426758,-0.02321287989616394,2025-07-01 17:14:06.697,1751370246697,-8352,4,1299,-267,-298,-514
645,2025-07-01 17:14:07.551,2025-07-01 17:14:07.231273,-2.5713725090026855,-2.1380221843719482,8.169015884399414,-0.5656611919403076,-0.05009094998240471,0.08307767659425735,2025-07-01 17:14:07.238,1751370247238,-8060,-2108,2358,-641,-888,-2233
646,2025-07-01 17:14:07.654,2025-07-01 17:14:07.330598,-3.8786067962646484,-3.248931646347046,9.418789863586426,-1.244943380355835,-0.10018189996480942,-0.14782938361167908,2025-07-01 17:14:07.327,1751370247327,-7642,-2655,2312,-98,35,-543
647,2025-07-01 17:14:07.755,2025-07-01 17:14:07.430101,-2.1332337856292725,-4.019864559173584,8.573636054992676,-0.02932153269648552,-0.31154128909111023,-0.07452555745840073,2025-07-01 17:14:07.429,1751370247429,-7882,-2001,2010,1020,1506,3129
648,2025-07-01 17:14:07.848,2025-07-01 17:14:07.531073,-2.3319525718688965,-2.980781078338623,9.224859237670898,3.0714304447174072,-0.2480112910270691,-0.23090706765651703,2025-07-01 17:14:07.514,1751370247514,-7813,-1829,2108,998,1948,4032
649,2025-07-01 17:14:07.957,2025-07-01 17:14:07.630109,-2.27209734916687,0.8954314589500427,7.8960771560668945,-1.1459832191467285,0.18448130786418915,0.01466076634824276,2025-07-01 17:14:07.598,1751370247598,-8256,-1162,1710,905,2023,4059
650,2025-07-01 17:14:08.148,2025-07-01 17:14:07.830431,-2.6862943172454834,-5.274426460266113,8.157045364379883,-0.4642575979232788,0.13927727937698364,-0.3384193480014801,2025-07-01 17:14:07.801,1751370247801,-8400,-550,1183,-55,859,717
651,2025-07-01 17:14:08.447,2025-07-01 17:14:08.130428,-2.779668092727661,-2.9712042808532715,10.65898609161377,-0.7672467231750488,0.4349360466003418,-0.22968533635139465,2025-07-01 17:14:08.148,1751370248148,-8552,-348,1287,102,272,-62
652,2025-07-01 17:14:08.547,2025-07-01 17:14:08.230086,0.26336219906806946,-4.405331134796143,12.715604782104492,0.13805554807186127,-0.33719760179519653,0.2174680233001709,2025-07-01 17:14:08.244,1751370248244,-8534,-372,1564,-557,-532,-88
653,2025-07-01 17:14:08.648,2025-07-01 17:14:08.330624,-0.9409212470054626,-2.557007312774658,8.437167167663574,-0.6548475623130798,0.05619960278272629,0.21135938167572021,2025-07-01 17:14:08.345,1751370248345,-8494,-135,1604,-378,-330,60
654,2025-07-01 17:14:08.847,2025-07-01 17:14:08.531235,-2.9041666984558105,-2.7533318996429443,9.265560150146484,-0.38117989897727966,-0.030543262138962746,0.13316862285137177,2025-07-01 17:14:08.512,1751370248512,-8498,-133,1417,-341,-318,76
655,2025-07-01 17:14:08.952,2025-07-01 17:14:08.630216,-3.0382418632507324,-3.28963303565979,8.860940933227539,-0.3738495409488678,0.0403171069920063,0.03298672288656235,2025-07-01 17:14:08.612,1751370248612,-8491,-597,1492,-344,-227,-288
656,2025-07-01 17:14:09.047,2025-07-01 17:14:08.730286,-2.518700122833252,-3.552995204925537,8.71489429473877,-0.16004669666290283,-0.13927727937698364,0.09773843735456467,2025-07-01 17:14:08.700,1751370248700,-8462,-310,1807,-292,63,173
657,2025-07-01 17:14:09.147,2025-07-01 17:14:08.830183,-2.7006595134735107,-3.6750996112823486,8.583212852478027,-0.24556782841682434,-0.13072516024112701,0.19547687470912933,2025-07-01 17:14:08.862,1751370248862,-8492,-375,1816,-328,24,-86
658,2025-07-01 17:14:09.347,2025-07-01 17:14:09.030170,-2.190694570541382,-3.957615375518799,8.813055992126465,0.16371189057826996,-0.13316862285137177,0.09285151958465576,2025-07-01 17:14:09.047,1751370249047,-8125,-134,1735,82,-340,79
659,2025-07-01 17:14:09.448,2025-07-01 17:14:09.130425,-2.2146365642547607,-2.4468741416931152,8.576030731201172,0.43737950921058655,-0.32498031854629517,0.38240164518356323,2025-07-01 17:14:09.131,1751370249131,-8554,-278,1599,133,143,44
660,2025-07-01 17:14:09.547,2025-07-01 17:14:09.230285,-1.3431471586227417,-1.0797849893569946,9.41400146484375,0.47280970215797424,-0.38117989897727966,-0.251676470041275,2025-07-01 17:14:09.237,1751370249237,-8462,-343,1639,140,-3,-296
661,2025-07-01 17:14:09.647,2025-07-01 17:14:09.330324,-1.7597382068634033,-1.920149803161621,9.121908187866211,-0.17837265133857727,-0.09529497474431992,0.059864792972803116,2025-07-01 17:14:09.344,1751370249344,-8540,-258,1183,57,160,-535
662,2025-07-01 17:14:09.748,2025-07-01 17:14:09.430117,-1.9273324012756348,-2.5522189140319824,9.296685218811035,-0.07941248267889023,0.07696902006864548,0.0012217304902151227,2025-07-01 17:14:09.410,1751370249410,-8544,1,1389,119,315,-857
663,2025-07-01 17:14:09.848,2025-07-01 17:14:09.530085,-1.6831238269805908,-2.604891538619995,9.188945770263672,-0.06108652427792549,-0.04764748737215996,0.012217304669320583,2025-07-01 17:14:09.498,1751370249498,-8458,-459,1444,332,-847,-2781
664,2025-07-01 17:14:10.047,2025-07-01 17:14:09.730219,-1.434126853942871,-1.3024457693099976,9.354146003723145,0.06841690838336945,0.051312681287527084,-0.1319468915462494,2025-07-01 17:14:09.702,1751370249702,-8234,-1436,1893,373,-338,-1467
665,2025-07-01 17:14:10.155,2025-07-01 17:14:09.830368,-2.03507137298584,-0.181959331035614,9.849745750427246,-0.7171558141708374,1.0299187898635864,-1.4025466442108154,2025-07-01 17:14:09.847,1751370249847,-8310,-1403,1471,215,1778,2443
666,2025-07-01 17:14:10.369,2025-07-01 17:14:10.030354,-2.7964274883270264,-3.691859006881714,7.704541206359863,-0.013439035043120384,-0.1918116807937622,0.4801400899887085,2025-07-01 17:14:10.025,1751370250025,-8392,-201,685,-261,769,152
667,2025-07-01 17:14:10.463,2025-07-01 17:14:10.130794,-1.4532804489135742,-4.7405195236206055,10.077195167541504,0.3494149148464203,-0.32986724376678467,0.20036379992961884,2025-07-01 17:14:10.137,1751370250137,-8537,-139,720,-353,-281,44
668,2025-07-01 17:14:10.754,2025-07-01 17:14:10.429989,-5.801150798797607,-4.577713489532471,8.154650688171387,-0.7134906053543091,0.8527678847312927,0.3139847218990326,2025-07-01 17:14:10.401,1751370250401,-8382,-178,899,-915,-861,-24
669,2025-07-01 17:14:10.855,2025-07-01 17:14:10.529573,-3.4380736351013184,-1.7764976024627686,7.869740962982178,-0.06230825558304787,0.04886921867728233,0.2773328125476837,2025-07-01 17:14:10.524,1751370250524,-8324,-166,1306,-572,-214,-224
670,2025-07-01 17:14:10.947,2025-07-01 17:14:10.633536,1.1803414821624756,-1.6424223184585571,9.751583099365234,0.5962044596672058,-0.7232644557952881,-0.46303585171699524,2025-07-01 17:14:10.670,1751370250670,-8456,-541,1491,-29,-215,-556
671,2025-07-01 17:14:11.148,2025-07-01 17:14:10.829353,-4.888959884643555,-1.3215993642807007,7.096413612365723,0.40072759985923767,-0.5717698931694031,-0.513126790523529,2025-07-01 17:14:10.836,1751370250836,-8128,-596,1795,-72,-178,-451
672,2025-07-01 17:14:11.247,2025-07-01 17:14:10.929717,-2.049436569213867,-0.7422025203704834,6.710947513580322,-0.3225368559360504,0.13316862285137177,0.25045475363731384,2025-07-01 17:14:10.946,1751370250946,-8471,-420,1262,127,-19,51
673,2025-07-01 17:14:11.349,2025-07-01 17:14:11.030135,-1.644816517829895,-2.52109432220459,8.674192428588867,-0.33597588539123535,0.11362093687057495,0.15027284622192383,2025-07-01 17:14:11.026,1751370251026,-7869,-915,2127,-1123,-1298,-1352
674,2025-07-01 17:14:11.448,2025-07-01 17:14:11.130446,-3.6152446269989014,-2.0159177780151367,9.0859956741333,-0.2822197377681732,-0.1820378452539444,-0.05864306539297104,2025-07-01 17:14:11.116,1751370251116,-8277,-1228,2074,361,172,-1582
675,2025-07-01 17:14:11.551,2025-07-01 17:14:11.230058,-2.229001760482788,-1.9823989868164062,9.277531623840332,0.17959438264369965,-0.21135938167572021,-0.09651670604944229,2025-07-01 17:14:11.212,1751370251212,-8160,-1200,1791,532,209,-1630
676,2025-07-01 17:14:11.655,2025-07-01 17:14:11.330328,-1.8794482946395874,-2.9664158821105957,9.411606788635254,-0.08918632566928864,-0.21013765037059784,-0.04764748737215996,2025-07-01 17:14:11.315,1751370251315,-8085,-1476,2076,2097,325,-1827
677,2025-07-01 17:14:11.948,2025-07-01 17:14:11.634903,-1.8100165128707886,-2.406172752380371,9.48343276977539,-0.04764748737215996,-0.00366519158706069,-0.01466076634824276,2025-07-01 17:14:11.673,1751370251673,-8284,-1591,2065,-836,155,1766
678,2025-07-01 17:14:12.252,2025-07-01 17:14:11.930380,-2.4396915435791016,-2.389413356781006,9.346963882446289,0.22846360504627228,-0.13805554807186127,0.375071257352829,2025-07-01 17:14:11.939,1751370251939,-8154,-397,1814,-1300,-18,1076
679,2025-07-01 17:14:12.349,2025-07-01 17:14:12.030426,-1.1899182796478271,-2.126051187515259,8.975862503051758,0.27611109614372253,-0.19303341209888458,0.27122417092323303,2025-07-01 17:14:12.021,1751370252021,-8167,-621,1505,-1033,-295,-56
680,2025-07-01 17:14:12.549,2025-07-01 17:14:12.230140,-1.968033790588379,-1.7812861204147339,9.725247383117676,-0.045204028487205505,0.009773843921720982,0.03787364438176155,2025-07-01 17:14:12.199,1751370252199,-8483,-396,1869,-389,-197,34
681,2025-07-01 17:14:13.148,2025-07-01 17:14:12.830411,-2.875436305999756,-3.2848446369171143,9.883264541625977,0.21868975460529327,-0.0659734457731247,-0.09162978827953339,2025-07-01 17:14:12.834,1751370252834,-8513,-361,1851,276,343,92
682,2025-07-01 17:14:13.249,2025-07-01 17:14:12.929273,-1.2976573705673218,-2.853888511657715,8.516175270080566,0.2541199326515198,0.12217304855585098,-0.2321287989616394,2025-07-01 17:14:12.927,1751370252927,-8560,-339,1623,-22,-98,-85
683,2025-07-01 17:14:13.357,2025-07-01 17:14:13.029522,-2.1332337856292725,-3.794809579849243,8.190564155578613,-0.31154128909111023,0.08674286305904388,-0.16737708449363708,2025-07-01 17:14:13.003,1751370253003,-8528,-356,1645,-63,-119,-99
684,2025-07-01 17:14:13.453,2025-07-01 17:14:13.129673,-2.782062292098999,-3.6798880100250244,9.222464561462402,-0.2370157092809677,-0.13805554807186127,0.19303341209888458,2025-07-01 17:14:13.098,1751370253098,-8179,-349,1616,71,214,358
685,2025-07-01 17:14:14.011,2025-07-01 17:14:13.530177,2.5689783096313477,0.6105214357376099,9.411606788635254,-0.7342600226402283,0.15760323405265808,-0.019547687843441963,2025-07-01 17:14:13.548,1751370253548,-8513,8,1554,-5,-314,-168
686,2025-07-01 17:14:14.050,2025-07-01 17:14:13.629723,-3.8115692138671875,-1.6831238269805908,10.307038307189941,-0.28588494658470154,0.7916813492774963,-1.0384708642959595,2025-07-01 17:14:13.630,1751370253630,-8185,18,1477,119,-372,-383
687,2025-07-01 17:14:14.149,2025-07-01 17:14:13.829375,-4.060565948486328,-2.8419175148010254,7.943961143493652,0.7550294399261475,0.8295549750328064,-0.07819075137376785,2025-07-01 17:14:13.807,1751370253807,-8516,-46,1276,-198,-24,530
688,2025-07-01 17:14:14.355,2025-07-01 17:14:14.030006,-0.950498104095459,-1.0103530883789062,10.15141487121582,0.5925393104553223,-0.7098253965377808,0.0,2025-07-01 17:14:14.032,1751370254032,-8561,-274,1349,-890,-303,-329
689,2025-07-01 17:14:14.447,2025-07-01 17:14:14.129978,-2.408566951751709,-0.8523358106613159,6.993463039398193,-0.4190535545349121,0.2993239760398865,0.006108652334660292,2025-07-01 17:14:14.101,1751370254101,-8464,-115,1887,-299,-801,-67
690,2025-07-01 17:14:14.547,2025-07-01 17:14:14.230082,-0.8188169598579407,-2.3032219409942627,8.710105895996094,-0.31520646810531616,0.12339477986097336,-0.5839871764183044,2025-07-01 17:14:14.198,1751370254198,-8120,-82,2089,97,-211,-117
691,2025-07-01 17:14:14.752,2025-07-01 17:14:14.430155,-3.7924153804779053,-3.8738183975219727,9.478644371032715,0.05253441259264946,-0.0354301854968071,0.14294247329235077,2025-07-01 17:14:14.444,1751370254444,-8373,267,1251,519,830,267
692,2025-07-01 17:14:14.851,2025-07-01 17:14:14.530166,-2.5737667083740234,-2.9041666984558105,9.042900085449219,0.5302310585975647,-0.11728613078594208,0.3933972120285034,2025-07-01 17:14:14.539,1751370254539,-8375,258,1252,-68,316,289
693,2025-07-01 17:14:14.954,2025-07-01 17:14:14.629973,2.070984363555908,-2.255337953567505,10.809821128845215,-0.2675589919090271,-0.4153883755207062,0.2064724564552307,2025-07-01 17:14:14.627,1751370254627,-8370,275,1547,276,117,-54
694,2025-07-01 17:14:15.047,2025-07-01 17:14:14.629973,2.070984363555908,-2.255337953567505,10.809821128845215,-0.2675589919090271,-0.4153883755207062,0.2064724564552307,2025-07-01 17:14:14.627,1751370254627,-8370,275,1547,276,117,-54
695,2025-07-01 17:14:15.254,2025-07-01 17:14:14.930182,-2.6216509342193604,-2.5498247146606445,8.877699851989746,0.3530801236629486,0.1111774742603302,0.31154128909111023,2025-07-01 17:14:14.903,1751370254903,-8465,-44,1795,-272,-216,15
696,2025-07-01 17:14:15.647,2025-07-01 17:14:15.330178,-3.4811692237854004,-2.537853717803955,9.284713745117188,0.08552113175392151,-0.294437050819397,0.05375614017248154,2025-07-01 17:14:15.343,1751370255343,-8461,81,1437,-64,303,-135
697,2025-07-01 17:14:15.747,2025-07-01 17:14:15.430091,-2.0207061767578125,-2.6791117191314697,9.670180320739746,-0.5277875661849976,0.50335294008255,0.1966986060142517,2025-07-01 17:14:15.443,1751370255443,-8555,68,1543,-269,298,-89
698,2025-07-01 17:14:15.847,2025-07-01 17:14:15.530156,-3.0119056701660156,-2.1164743900299072,9.366117477416992,0.23457226157188416,0.3628539443016052,-0.22846360504627228,2025-07-01 17:14:15.521,1751370255521,-8531,284,1659,-201,51,170
699,2025-07-01 17:14:15.953,2025-07-01 17:14:15.630181,-1.5729905366897583,-3.4763808250427246,9.437943458557129,-0.039095375686883926,-0.0708603709936142,-0.3335324227809906,2025-07-01 17:14:15.618,1751370255618,-8499,178,1517,-156,64,200
700,2025-07-01 17:14:16.047,2025-07-01 17:14:15.730135,-3.4596214294433594,-2.1715409755706787,9.452308654785156,0.12828169763088226,0.48258355259895325,-0.9871582388877869,2025-07-01 17:14:15.712,1751370255712,-8508,176,1521,-231,63,141
701,2025-07-01 17:14:16.148,2025-07-01 17:14:15.830174,-2.96162748336792,-4.479551315307617,8.200140953063965,0.5644394755363464,0.05864306539297104,0.35674530267715454,2025-07-01 17:14:15.825,1751370255825,-8156,-275,1645,598,597,-201
702,2025-07-01 17:14:16.553,2025-07-01 17:14:16.230077,-0.6775590777397156,-1.0438719987869263,14.779407501220703,-0.2993239760398865,-0.5839871764183044,0.00855211354792118,2025-07-01 17:14:16.246,1751370256246,-8512,-47,1409,-254,92,-71
703,2025-07-01 17:14:16.669,2025-07-01 17:14:16.330309,-2.209848165512085,-3.7445313930511475,9.320627212524414,-0.607200026512146,0.29565876722335815,0.48869219422340393,2025-07-01 17:14:16.325,1751370256325,-8182,551,1562,56,-51,-128
704,2025-07-01 17:14:16.750,2025-07-01 17:14:16.430222,-1.1468225717544556,-2.0254945755004883,7.994239330291748,-0.10262536257505417,0.16493362188339233,0.12217304855585098,2025-07-01 17:14:16.444,1751370256444,-8351,329,1557,-420,-320,-282
705,2025-07-01 17:14:16.851,2025-07-01 17:14:16.530270,-0.5722141861915588,-1.4772224426269531,8.858546257019043,-0.1869247704744339,0.039095375686883926,-0.5729916095733643,2025-07-01 17:14:16.512,1751370256512,-8568,266,1619,-435,-153,-153
706,2025-07-01 17:14:16.951,2025-07-01 17:14:16.630154,-4.402936935424805,-2.4588451385498047,10.690110206604004,0.18814650177955627,0.7354817390441895,-1.9840903282165527,2025-07-01 17:14:16.604,1751370256604,-8491,120,1531,-411,-548,-238
707,2025-07-01 17:14:17.049,2025-07-01 17:14:16.730140,-3.383007049560547,-5.3127336502075195,8.128314971923828,1.3732250928878784,0.015882495790719986,-0.24434609711170197,2025-07-01 17:14:16.701,1751370256701,-8452,122,1862,-185,-543,-239
708,2025-07-01 17:14:17.448,2025-07-01 17:14:17.130241,-3.2369606494903564,-3.064578056335449,9.095572471618652,-0.4190535545349121,-0.26633724570274353,0.42760565876960754,2025-07-01 17:14:17.152,1751370257152,-8502,-539,1803,-187,-189,-563
709,2025-07-01 17:14:17.549,2025-07-01 17:14:17.230203,-3.7158010005950928,-2.7700912952423096,9.548076629638672,-0.051312681287527084,-0.31520646810531616,0.5461135506629944,2025-07-01 17:14:17.235,1751370257235,-8190,-186,1503,375,133,-63
710,2025-07-01 17:14:17.647,2025-07-01 17:14:17.330389,-3.4189200401306152,-2.8610711097717285,9.342175483703613,-0.06230825558304787,-0.21624629199504852,0.817337691783905,2025-07-01 17:14:17.329,1751370257329,-8568,-379,1481,257,-11,261
711,2025-07-01 17:14:17.848,2025-07-01 17:14:17.530156,0.27054479718208313,-2.03507137298584,7.232883453369141,-0.3640756905078888,1.2315043210983276,0.17104226350784302,2025-07-01 17:14:17.509,1751370257509,-8562,-314,1474,309,-87,328
712,2025-07-01 17:14:17.947,2025-07-01 17:14:17.530156,0.27054479718208313,-2.03507137298584,7.232883453369141,-0.3640756905078888,1.2315043210983276,0.17104226350784302,2025-07-01 17:14:17.509,1751370257509,-8562,-314,1474,309,-87,328
713,2025-07-01 17:14:18.048,2025-07-01 17:14:17.730376,-3.138798475265503,-3.514688014984131,11.616666793823242,0.1258382350206375,-0.11728613078594208,0.40683624148368835,2025-07-01 17:14:17.707,1751370257707,-8312,-317,2106,28,-384,-142
714,2025-07-01 17:14:18.252,2025-07-01 17:14:17.930079,-3.4404678344726562,-3.974374771118164,8.04930591583252,0.5681046843528748,0.009773843921720982,-0.5607742667198181,2025-07-01 17:14:17.947,1751370257947,-8317,-581,1467,372,461,-189
715,2025-07-01 17:14:18.347,2025-07-01 17:14:18.030135,3.799597978591919,-4.707000732421875,11.446678161621094,1.1997393369674683,-0.7623597979545593,0.4789183437824249,2025-07-01 17:14:18.048,1751370258048,-8441,-296,1260,479,406,-314
716,2025-07-01 17:14:18.447,2025-07-01 17:14:18.130080,-1.5753847360610962,-4.774038314819336,7.86734676361084,-0.8845328688621521,-0.04642575979232788,0.9443976879119873,2025-07-01 17:14:18.133,1751370258133,-8068,36,1908,-184,-390,261
717,2025-07-01 17:14:18.548,2025-07-01 17:14:18.230214,-3.7014358043670654,-1.5418659448623657,9.404424667358398,0.12828169763088226,-0.4960225820541382,0.5681046843528748,2025-07-01 17:14:18.227,1751370258227,-8111,76,1708,-523,53,364
718,2025-07-01 17:14:18.649,2025-07-01 17:14:18.330145,-4.910507678985596,-3.35667085647583,7.939172744750977,-0.7929030656814575,0.8662069439888,-0.00366519158706069,2025-07-01 17:14:18.314,1751370258314,-8451,265,1888,-169,-38,223
719,2025-07-01 17:14:19.052,2025-07-01 17:14:18.730129,-3.579331636428833,-2.5713725090026855,9.670180320739746,-0.42149701714515686,-0.015882495790719986,0.4349360466003418,2025-07-01 17:14:18.696,1751370258696,-8452,-266,1838,-172,-340,10
720,2025-07-01 17:14:19.147,2025-07-01 17:14:18.829996,-2.96162748336792,-1.8315643072128296,9.066842079162598,-0.03787364438176155,-0.039095375686883926,-0.0012217304902151227,2025-07-01 17:14:18.846,1751370258846,-8456,-321,1902,-222,-314,-281
721,2025-07-01 17:14:19.249,2025-07-01 17:14:18.930085,2.652775526046753,0.6536170840263367,11.714828491210938,0.608421802520752,-0.7953465580940247,-0.23090706765651703,2025-07-01 17:14:18.946,1751370258946,-8066,-539,2061,100,-338,-620
722,2025-07-01 17:14:19.348,2025-07-01 17:14:19.030195,-1.3024457693099976,-3.6990416049957275,10.156203269958496,-0.4960225820541382,1.0690141916275024,-0.33719760179519653,2025-07-01 17:14:19.029,1751370259029,-8466,-366,1892,9,-9,-66
723,2025-07-01 17:14:19.659,2025-07-01 17:14:19.330310,-1.1300631761550903,-3.5003228187561035,7.709329605102539,-0.8784242272377014,0.06230825558304787,0.49235737323760986,2025-07-01 17:14:19.309,1751370259309,-8480,-347,1709,-324,-49,-7
724,2025-07-01 17:14:19.753,2025-07-01 17:14:19.430310,-5.07570743560791,-2.293645143508911,8.183381080627441,-0.41661009192466736,-0.028099801391363144,0.4813618063926697,2025-07-01 17:14:19.394,1751370259394,-8476,-341,1760,-131,-94,278
725,2025-07-01 17:14:19.866,2025-07-01 17:14:19.530059,-3.1220390796661377,-2.2625205516815186,7.960720539093018,0.2626720666885376,-0.6230825781822205,0.24068090319633484,2025-07-01 17:14:19.493,1751370259493,-8553,-173,1248,-372,314,-334
726,2025-07-01 17:14:19.952,2025-07-01 17:14:19.530059,-3.1220390796661377,-2.2625205516815186,7.960720539093018,0.2626720666885376,-0.6230825781822205,0.24068090319633484,2025-07-01 17:14:19.571,1751370259571,-8573,-240,1270,54,-86,-282
727,2025-07-01 17:14:20.056,2025-07-01 17:14:19.729955,-3.0406360626220703,-3.3039982318878174,8.379706382751465,-0.39584067463874817,0.4605923891067505,0.3995058834552765,2025-07-01 17:14:19.753,1751370259753,-8334,-306,1567,312,-220,18
728,2025-07-01 17:14:20.152,2025-07-01 17:14:19.830193,-3.1052796840667725,-2.054224967956543,12.916718482971191,-0.2638937830924988,-0.5094616413116455,-0.17592918872833252,2025-07-01 17:14:19.865,1751370259865,-8552,-334,1636,-30,-559,26
729,2025-07-01 17:14:20.251,2025-07-01 17:14:19.929610,-0.6751648783683777,-4.132391929626465,9.133879661560059,-1.4550809860229492,0.3885102868080139,0.2590068578720093,2025-07-01 17:14:19.926,1751370259926,-8548,-367,1437,-89,476,226
730,2025-07-01 17:14:20.353,2025-07-01 17:14:20.029953,-2.82515811920166,-4.199429988861084,8.425195693969727,-0.455705463886261,0.22846360504627228,-0.44226643443107605,2025-07-01 17:14:20.022,1751370260022,-8425,-81,1624,-65,174,163
731,2025-07-01 17:14:20.651,2025-07-01 17:14:20.130121,-2.518700122833252,-4.122815132141113,8.640673637390137,0.07330382615327835,-0.22113321721553802,0.042760565876960754,2025-07-01 17:14:20.117,1751370260117,-8192,24,1411,-231,-124,19
732,2025-07-01 17:14:20.762,2025-07-01 17:14:20.230225,-2.1763293743133545,-3.270479440689087,9.169792175292969,0.10506882518529892,-0.0757472887635231,0.09285151958465576,2025-07-01 17:14:20.207,1751370260207,-8465,-357,1440,-612,-75,-339
733,2025-07-01 17:14:21.451,2025-07-01 17:14:21.029464,-2.3104045391082764,-3.227383852005005,9.14345645904541,0.02321287989616394,-0.06963863968849182,0.1722639948129654,2025-07-01 17:14:21.021,1751370261021,-8514,-299,1275,116,282,-12
734,2025-07-01 17:14:21.848,2025-07-01 17:14:21.530073,-3.6774938106536865,-0.44771572947502136,10.345345497131348,0.7929030656814575,0.9957103729248047,-1.3732250928878784,2025-07-01 17:14:21.556,1751370261556,-8485,-658,1208,-276,406,-146
735,2025-07-01 17:14:22.047,2025-07-01 17:14:21.729804,-3.028665065765381,-3.576937437057495,8.145073890686035,-0.05619960278272629,0.46547931432724,0.7049384713172913,2025-07-01 17:14:21.739,1751370261739,-8132,-413,1601,-364,-372,319
736,2025-07-01 17:14:22.147,2025-07-01 17:14:21.829807,-2.7078421115875244,-1.3000515699386597,8.796297073364258,-0.37751471996307373,-0.7073819637298584,1.1154398918151855,2025-07-01 17:14:21.830,1751370261830,-8487,-458,1186,-583,-99,171
737,2025-07-01 17:14:22.247,2025-07-01 17:14:21.929984,0.18914192914962769,-2.7246015071868896,10.54406452178955,-0.7024950385093689,0.5070181488990784,0.051312681287527084,2025-07-01 17:14:21.911,1751370261911,-8541,-616,1169,-377,-97,639
738,2025-07-01 17:14:22.348,2025-07-01 17:14:22.029761,-2.0614075660705566,-2.7054479122161865,9.334992408752441,-0.12217304855585098,0.4948008358478546,-0.20891591906547546,2025-07-01 17:14:22.020,1751370262020,-8376,-136,1242,29,111,516
739,2025-07-01 17:14:22.547,2025-07-01 17:14:22.229803,-2.5306711196899414,-4.048594951629639,8.741230010986328,-0.11728613078594208,-0.08307767659425735,-0.06352998316287994,2025-07-01 17:14:22.201,1751370262201,-8452,-129,1425,-350,-169,-4
740,2025-07-01 17:14:22.954,2025-07-01 17:14:22.629916,-2.406172752380371,-4.129997730255127,8.662221908569336,-0.0659734457731247,0.013439035043120384,0.018325956538319588,2025-07-01 17:14:22.649,1751370262649,-8184,-320,1481,27,10,-60
741,2025-07-01 17:14:23.347,2025-07-01 17:14:23.030583,-2.4157495498657227,-3.5889084339141846,8.755595207214355,0.44715335965156555,-0.0708603709936142,0.05375614017248154,2025-07-01 17:14:22.993,1751370262993,-8488,-110,1532,-19,-67,-311
742,2025-07-01 17:14:23.747,2025-07-01 17:14:23.430211,0.586579442024231,-3.818751811981201,10.529699325561523,-1.2131783962249756,-0.1466076523065567,0.384845107793808,2025-07-01 17:14:23.448,1751370263448,-8522,10,1657,-162,30,-337
743,2025-07-01 17:14:24.255,2025-07-01 17:14:23.929485,-3.9647979736328125,-1.723825216293335,9.318233489990234,0.4031710624694824,0.1514945775270462,-0.2528982162475586,2025-07-01 17:14:23.914,1751370263914,-8554,-151,1462,58,-317,-707
744,2025-07-01 17:14:24.360,2025-07-01 17:14:24.030889,1.8938134908676147,-2.4588451385498047,8.9064302444458,1.2131783962249756,-1.2009611129760742,-0.5265658497810364,2025-07-01 17:14:24.002,1751370264002,-8365,-785,1491,0,-233,-268
745,2025-07-01 17:14:24.647,2025-07-01 17:14:24.330801,1.0319008827209473,-1.98958158493042,7.443572998046875,-0.7709119319915771,-0.44837507605552673,0.685390830039978,2025-07-01 17:14:24.343,1751370264343,-8333,-392,2084,-935,-349,565
746,2025-07-01 17:14:24.747,2025-07-01 17:14:24.330801,1.0319008827209473,-1.98958158493042,7.443572998046875,-0.7709119319915771,-0.44837507605552673,0.685390830039978,2025-07-01 17:14:24.343,1751370264343,-8333,-392,2084,-935,-349,565
747,2025-07-01 17:14:24.851,2025-07-01 17:14:24.330801,1.0319008827209473,-1.98958158493042,7.443572998046875,-0.7709119319915771,-0.44837507605552673,0.685390830039978,2025-07-01 17:14:24.343,1751370264343,-8333,-392,2084,-935,-349,565
748,2025-07-01 17:14:25.047,2025-07-01 17:14:24.730847,-3.0837318897247314,-0.8475474119186401,6.9240312576293945,-1.6517796516418457,0.4703662395477295,0.024434609338641167,2025-07-01 17:14:24.705,1751370264705,-7973,-1078,2430,-1102,-249,356
749,2025-07-01 17:14:25.147,2025-07-01 17:14:24.830900,-2.0039467811584473,-4.108449935913086,9.066842079162598,-0.039095375686883926,-0.05009094998240471,-0.3188716471195221,2025-07-01 17:14:24.794,1751370264794,-7958,-938,2353,-461,185,144
750,2025-07-01 17:14:25.248,2025-07-01 17:14:24.930415,-2.300827741622925,-3.780444383621216,9.265560150146484,0.0354301854968071,-0.2125810980796814,0.14538592100143433,2025-07-01 17:14:24.906,1751370264906,-8460,-351,1879,-421,-798,636
751,2025-07-01 17:14:25.368,2025-07-01 17:14:25.030229,-1.6352397203445435,-2.7748796939849854,8.628703117370605,-0.10995574295520782,0.09162978827953339,-0.01466076634824276,2025-07-01 17:14:25.058,1751370265058,-8489,52,1678,14,-64,75
752,2025-07-01 17:14:25.561,2025-07-01 17:14:25.229457,-3.3949780464172363,-4.046200752258301,8.719682693481445,0.3237585723400116,0.0354301854968071,-0.1258382350206375,2025-07-01 17:14:25.242,1751370265242,-8183,43,1670,286,-60,-290
753,2025-07-01 17:14:25.661,2025-07-01 17:14:25.330234,-2.3343467712402344,-1.9512743949890137,9.452308654785156,0.970054030418396,-0.5766568183898926,-0.31154128909111023,2025-07-01 17:14:25.331,1751370265331,-8148,-342,1881,724,619,-156
754,2025-07-01 17:14:25.749,2025-07-01 17:14:25.430424,-2.801215887069702,-1.6855180263519287,7.328651428222656,-0.025656340643763542,0.8906415104866028,0.045204028487205505,2025-07-01 17:14:25.423,1751370265423,-8174,-55,1801,-143,-77,-35
755,2025-07-01 17:14:25.848,2025-07-01 17:14:25.530654,-2.499546527862549,-4.19224739074707,8.236053466796875,-0.16371189057826996,-0.08307767659425735,0.22357667982578278,2025-07-01 17:14:25.509,1751370265509,-8122,34,1869,112,356,-306
756,2025-07-01 17:14:25.948,2025-07-01 17:14:25.630441,-3.7397429943084717,-2.0183119773864746,9.495404243469238,0.05253441259264946,-0.3689626157283783,0.15515977144241333,2025-07-01 17:14:25.604,1751370265604,-8188,48,1524,370,244,-379
757,2025-07-01 17:14:26.051,2025-07-01 17:14:25.730074,-1.194706678390503,-2.2912509441375732,9.397241592407227,0.030543262138962746,0.44715335965156555,-0.5448917746543884,2025-07-01 17:14:25.695,1751370265695,-8532,124,1427,182,594,-264